"replication","data_seed","forest_seed","scenario","method","n_train","n_test","raw_dimension","fitted_dimension","semantic_dimension","mtry","budget_share","maximum_absolute_prediction_difference","cate_rmse","cate_correlation","cate_rank_correlation","representation_cate_correlation","representation_rank_correlation","assignment_switching","top_set_overlap","policy_value","policy_regret","policy_value_difference","regret_difference","share_group_a_treated","share_group_b_treated"
1,20270809,20280809,"canonical","ordinary",3000,30000,20,20,20,6,0.2,0,0.391199338881512,0.799120465350648,0.679231037899146,1,1,0,1,0.276156940801015,0.0133894509877442,0,0,0.901333333333333,0.0653333333333333
1,20270809,20280809,"canonical","exact_deduplication",3000,30000,20,20,20,6,0.2,0,0.391199338881512,0.799120465350648,0.679231037899146,1,1,0,1,0.276156940801015,0.0133894509877442,0,0,0.901333333333333,0.0653333333333333
1,20270809,20280809,"canonical","dimension_adjusted_mtry",3000,30000,20,20,20,6,0.2,0,0.391199338881512,0.799120465350648,0.679231037899146,1,1,0,1,0.276156940801015,0.0133894509877442,0,0,0.901333333333333,0.0653333333333333
1,20270809,20280809,"canonical","class_sampled",3000,30000,20,20,20,6,0.2,0,0.386055701810736,0.80634957426466,0.697062791378514,1,1,0,1,0.278897205456255,0.0106491863325046,0,0,0.915166666666667,0.0605
1,20270809,20280809,"administrative_aliases","ordinary",3000,30000,23,23,20,6,0.2,0.226439157790988,0.379315313364929,0.796880489302721,0.682751327669724,0.996038308702283,0.963722938346359,0.0151333333333333,0.927091697446603,0.279556704993279,0.00998968679548057,0.00339976419226368,-0.00339976419226368,0.928166666666667,0.0458333333333333
1,20270809,20280809,"administrative_aliases","exact_deduplication",3000,30000,23,20,20,6,0.2,0,0.391199338881512,0.799120465350648,0.679231037899146,1,1,0,1,0.276156940801015,0.0133894509877442,0,0,0.901333333333333,0.0653333333333333
1,20270809,20280809,"administrative_aliases","dimension_adjusted_mtry",3000,30000,23,23,20,7,0.2,0.254064438985812,0.376561913851767,0.79857797718935,0.674199082278888,0.995540878705871,0.962990839006879,0.0212666666666667,0.899034657382497,0.282013305758325,0.00753308603043457,0.00585636495730968,-0.00585636495730968,0.95,0.0283333333333333
1,20270809,20280809,"administrative_aliases","class_sampled",3000,30000,23,20,20,6,0.2,0,0.386055701810736,0.80634957426466,0.697062791378514,1,1,0,1,0.278897205456255,0.0106491863325046,0,0,0.915166666666667,0.0605
1,20270809,20280809,"unit_recodings","ordinary",3000,30000,23,23,20,6,0.2,0.16398742694803,0.394736122844764,0.805330087512404,0.677583907294649,0.994668164448341,0.963830425026923,0.02,0.904761904761905,0.274723694726551,0.0148226970622082,-0.00143324607446393,0.00143324607446393,0.876166666666667,0.0913333333333333
1,20270809,20280809,"unit_recodings","exact_deduplication",3000,30000,23,23,20,6,0.2,0.16398742694803,0.394736122844764,0.805330087512404,0.677583907294649,0.994668164448341,0.963830425026923,0.02,0.904761904761905,0.274723694726551,0.0148226970622082,-0.00143324607446393,0.00143324607446393,0.876166666666667,0.0913333333333333
1,20270809,20280809,"unit_recodings","dimension_adjusted_mtry",3000,30000,23,23,20,7,0.2,0.140523567111327,0.387600042905378,0.80683871108455,0.688832802968481,0.995490867095546,0.964156879457508,0.0151333333333333,0.927091697446603,0.277218902120499,0.0123274896682609,0.00106196131948333,-0.00106196131948333,0.895,0.0781666666666667
1,20270809,20280809,"unit_recodings","class_sampled",3000,30000,23,20,20,6,0.2,0,0.386055701810736,0.80634957426466,0.697062791378514,1,1,0,1,0.278897205456255,0.0106491863325046,0,0,0.915166666666667,0.0605
1,20270809,20280809,"complements","ordinary",3000,30000,23,23,20,6,0.2,0.210752014955358,0.386150197285021,0.822569810560445,0.695180507507978,0.995062753508388,0.96605776453562,0.0153333333333333,0.926163723916533,0.281376496957663,0.00816989483109626,0.00521955615664799,-0.00521955615664799,0.930833333333333,0.051
1,20270809,20280809,"complements","exact_deduplication",3000,30000,23,23,20,6,0.2,0.210752014955358,0.386150197285021,0.822569810560445,0.695180507507978,0.995062753508388,0.96605776453562,0.0153333333333333,0.926163723916533,0.281376496957663,0.00816989483109626,0.00521955615664799,-0.00521955615664799,0.930833333333333,0.051
1,20270809,20280809,"complements","dimension_adjusted_mtry",3000,30000,23,23,20,7,0.2,0.170302400627153,0.377609467289759,0.823198170361596,0.680893568513437,0.994497898101023,0.966537916562376,0.02,0.904761904761905,0.282997125919622,0.00654926586913807,0.00684018511860618,-0.00684018511860618,0.949,0.0343333333333333
1,20270809,20280809,"complements","class_sampled",3000,30000,23,20,20,6,0.2,0,0.386055701810736,0.80634957426466,0.697062791378514,1,1,0,1,0.278897205456255,0.0106491863325046,0,0,0.915166666666667,0.0605
1,20270809,20280809,"raw_log_rank","ordinary",3000,30000,26,26,20,6,0.2,0.375786751715008,0.32970759112278,0.856211008553641,0.699083828726982,0.98921072819905,0.959617395437797,0.0238666666666667,0.887385970430953,0.284820485321766,0.00472590646699322,0.00866354452075102,-0.00866354452075102,0.958833333333333,0.0301666666666667
1,20270809,20280809,"raw_log_rank","exact_deduplication",3000,30000,26,26,20,6,0.2,0.375786751715008,0.32970759112278,0.856211008553641,0.699083828726982,0.98921072819905,0.959617395437797,0.0238666666666667,0.887385970430953,0.284820485321766,0.00472590646699322,0.00866354452075102,-0.00866354452075102,0.958833333333333,0.0301666666666667
1,20270809,20280809,"raw_log_rank","dimension_adjusted_mtry",3000,30000,26,26,20,8,0.2,0.368321099807887,0.318407477095254,0.86630523070611,0.703309542966788,0.985431373289263,0.9552703283743,0.0273333333333333,0.87207488299532,0.285321845796249,0.0042245459925106,0.00916490499523365,-0.00916490499523365,0.9675,0.0211666666666667
1,20270809,20280809,"raw_log_rank","class_sampled",3000,30000,26,20,20,6,0.2,0,0.386055701810736,0.80634957426466,0.697062791378514,1,1,0,1,0.278897205456255,0.0106491863325046,0,0,0.915166666666667,0.0605
1,20270809,20280809,"routine_bundle","ordinary",3000,30000,35,35,20,6,0.2,0.351967862467363,0.324835812365538,0.860795088596939,0.67519146044799,0.986943399226184,0.950496511341441,0.0267333333333333,0.874707077019216,0.285086609329643,0.00445978245911627,0.00892966852862798,-0.00892966852862798,0.966166666666667,0.0216666666666667
1,20270809,20280809,"routine_bundle","exact_deduplication",3000,30000,35,32,20,6,0.2,0.289149526880279,0.326457421118012,0.865522990241818,0.678253868798504,0.986333352686421,0.956057777993398,0.0224,0.893939393939394,0.284637483054375,0.00490890873438432,0.00848054225335992,-0.00848054225335992,0.954333333333333,0.0356666666666667
1,20270809,20280809,"routine_bundle","dimension_adjusted_mtry",3000,30000,35,35,20,11,0.2,0.429307046038069,0.317418333458789,0.865926098656861,0.698428196847143,0.984007088401831,0.95351203365368,0.0290666666666667,0.864512119328776,0.285683465518851,0.00386292626990808,0.00952652471783616,-0.00952652471783616,0.972166666666667,0.0166666666666667
1,20270809,20280809,"routine_bundle","class_sampled",3000,30000,35,20,20,6,0.2,0,0.386055701810736,0.80634957426466,0.697062791378514,1,1,0,1,0.278897205456255,0.0106491863325046,0,0,0.915166666666667,0.0605
2,20270810,20280810,"canonical","ordinary",3000,30000,20,20,20,6,0.2,0,0.35921204325012,0.863784132086621,0.62619916994718,1,1,0,1,0.277266929137756,0.0106842418012827,0,0,0.914833333333333,0.0525
2,20270810,20280810,"canonical","exact_deduplication",3000,30000,20,20,20,6,0.2,0,0.35921204325012,0.863784132086621,0.62619916994718,1,1,0,1,0.277266929137756,0.0106842418012827,0,0,0.914833333333333,0.0525
2,20270810,20280810,"canonical","dimension_adjusted_mtry",3000,30000,20,20,20,6,0.2,0,0.35921204325012,0.863784132086621,0.62619916994718,1,1,0,1,0.277266929137756,0.0106842418012827,0,0,0.914833333333333,0.0525
2,20270810,20280810,"canonical","class_sampled",3000,30000,20,20,20,6,0.2,0,0.362180772280729,0.862053264832999,0.630531079991771,1,1,0,1,0.27738389487206,0.0105672760669785,0,0,0.917833333333333,0.049
2,20270810,20280810,"administrative_aliases","ordinary",3000,30000,23,23,20,6,0.2,0.179860494308201,0.34781732603213,0.85135832998805,0.627033249928107,0.99470656151779,0.959155282126172,0.00806666666666667,0.960463976474432,0.27649904148951,0.0114521294495282,-0.00076788764824548,0.00076788764824548,0.924,0.0366666666666667
2,20270810,20280810,"administrative_aliases","exact_deduplication",3000,30000,23,20,20,6,0.2,0,0.35921204325012,0.863784132086621,0.62619916994718,1,1,0,1,0.277266929137756,0.0106842418012827,0,0,0.914833333333333,0.0525
2,20270810,20280810,"administrative_aliases","dimension_adjusted_mtry",3000,30000,23,23,20,7,0.2,0.213781631717615,0.33430880699768,0.860314365810864,0.641403341960519,0.99489699202203,0.955990534316878,0.00853333333333333,0.95822454308094,0.277870535067335,0.0100806358717037,0.000603605929579087,-0.000603605929579087,0.928833333333333,0.0368333333333333
2,20270810,20280810,"administrative_aliases","class_sampled",3000,30000,23,20,20,6,0.2,0,0.362180772280729,0.862053264832999,0.630531079991771,1,1,0,1,0.27738389487206,0.0105672760669785,0,0,0.917833333333333,0.049
2,20270810,20280810,"unit_recodings","ordinary",3000,30000,23,23,20,6,0.2,0.163764795986838,0.366447041980752,0.873074697943691,0.627719712655536,0.992886841666504,0.960766757703519,0.0110666666666667,0.946156341226079,0.279162355251771,0.00878881568726719,0.00189542611401555,-0.00189542611401555,0.906666666666667,0.0725
2,20270810,20280810,"unit_recodings","exact_deduplication",3000,30000,23,23,20,6,0.2,0.163764795986838,0.366447041980752,0.873074697943691,0.627719712655536,0.992886841666504,0.960766757703519,0.0110666666666667,0.946156341226079,0.279162355251771,0.00878881568726719,0.00189542611401555,-0.00189542611401555,0.906666666666667,0.0725
2,20270810,20280810,"unit_recodings","dimension_adjusted_mtry",3000,30000,23,23,20,7,0.2,0.138843141563562,0.352595692510718,0.876864695064293,0.628165794006476,0.994524553573468,0.963718600362798,0.00973333333333333,0.95248942401562,0.280323625813337,0.00762754512570107,0.00305669667558167,-0.00305669667558167,0.915833333333333,0.0658333333333333
2,20270810,20280810,"unit_recodings","class_sampled",3000,30000,23,20,20,6,0.2,0,0.362180772280729,0.862053264832999,0.630531079991771,1,1,0,1,0.27738389487206,0.0105672760669785,0,0,0.917833333333333,0.049
2,20270810,20280810,"complements","ordinary",3000,30000,23,23,20,6,0.2,0.195955845747802,0.35617774929081,0.878768878518787,0.650130546146662,0.992400397951648,0.95896288024507,0.00913333333333333,0.955352778230406,0.279351506689561,0.00859966424947706,0.00208457755180569,-0.00208457755180569,0.931166666666667,0.0406666666666667
2,20270810,20280810,"complements","exact_deduplication",3000,30000,23,23,20,6,0.2,0.195955845747802,0.35617774929081,0.878768878518787,0.650130546146662,0.992400397951648,0.95896288024507,0.00913333333333333,0.955352778230406,0.279351506689561,0.00859966424947706,0.00208457755180569,-0.00208457755180569,0.931166666666667,0.0406666666666667
2,20270810,20280810,"complements","dimension_adjusted_mtry",3000,30000,23,23,20,7,0.2,0.211128357754691,0.33747561684951,0.886913983885346,0.654421288212318,0.99083539372865,0.957454785958061,0.0108,0.947419668938656,0.280388566920604,0.0075626040184345,0.00312163778284824,-0.00312163778284824,0.9375,0.0375
2,20270810,20280810,"complements","class_sampled",3000,30000,23,20,20,6,0.2,0,0.362180772280729,0.862053264832999,0.630531079991771,1,1,0,1,0.27738389487206,0.0105672760669785,0,0,0.917833333333333,0.049
2,20270810,20280810,"raw_log_rank","ordinary",3000,30000,26,26,20,6,0.2,0.335338350413196,0.289175792449072,0.898990440318544,0.650558806523582,0.985445758839637,0.941396511489552,0.011,0.94647201946472,0.280522539987543,0.00742863095149504,0.0032556108497877,-0.0032556108497877,0.933333333333333,0.0435
2,20270810,20280810,"raw_log_rank","exact_deduplication",3000,30000,26,26,20,6,0.2,0.335338350413196,0.289175792449072,0.898990440318544,0.650558806523582,0.985445758839637,0.941396511489552,0.011,0.94647201946472,0.280522539987543,0.00742863095149504,0.0032556108497877,-0.0032556108497877,0.933333333333333,0.0435
2,20270810,20280810,"raw_log_rank","dimension_adjusted_mtry",3000,30000,26,26,20,8,0.2,0.375102136664452,0.278372214657454,0.903177160247596,0.672747245062683,0.982503935626748,0.932628418973587,0.0118666666666667,0.942376173518938,0.281441151466638,0.00651001947240049,0.00417422232888226,-0.00417422232888226,0.939166666666667,0.0403333333333333
2,20270810,20280810,"raw_log_rank","class_sampled",3000,30000,26,20,20,6,0.2,0,0.362180772280729,0.862053264832999,0.630531079991771,1,1,0,1,0.27738389487206,0.0105672760669785,0,0,0.917833333333333,0.049
2,20270810,20280810,"routine_bundle","ordinary",3000,30000,35,35,20,6,0.2,0.347505194524574,0.289960010303423,0.898815211930396,0.636597217106512,0.985864648677477,0.943225207031139,0.0116,0.943634596695821,0.281680105842282,0.00627106509675684,0.0044131767045259,-0.0044131767045259,0.938,0.043
2,20270810,20280810,"routine_bundle","exact_deduplication",3000,30000,35,32,20,6,0.2,0.331490452821196,0.287784180007311,0.908193689739641,0.64673872673067,0.982614180233965,0.934567224482408,0.013,0.937046004842615,0.282507310678854,0.0054438602601844,0.00524038154109835,-0.00524038154109835,0.939333333333333,0.0453333333333333
2,20270810,20280810,"routine_bundle","dimension_adjusted_mtry",3000,30000,35,35,20,11,0.2,0.419334492739745,0.275743853391724,0.900517237431647,0.654075758651935,0.97872839654058,0.91132540473925,0.0134,0.935171746492501,0.282032409397386,0.00591876154165216,0.00476548025963058,-0.00476548025963058,0.945166666666667,0.0353333333333333
2,20270810,20280810,"routine_bundle","class_sampled",3000,30000,35,20,20,6,0.2,0,0.362180772280729,0.862053264832999,0.630531079991771,1,1,0,1,0.27738389487206,0.0105672760669785,0,0,0.917833333333333,0.049
3,20270811,20280811,"canonical","ordinary",3000,30000,20,20,20,6,0.2,0,0.390722442641636,0.866593660842831,0.736231737251813,1,1,0,1,0.285935375405671,0.00340068713906794,0,0,0.9715,0.0163333333333333
3,20270811,20280811,"canonical","exact_deduplication",3000,30000,20,20,20,6,0.2,0,0.390722442641636,0.866593660842831,0.736231737251813,1,1,0,1,0.285935375405671,0.00340068713906794,0,0,0.9715,0.0163333333333333
3,20270811,20280811,"canonical","dimension_adjusted_mtry",3000,30000,20,20,20,6,0.2,0,0.390722442641636,0.866593660842831,0.736231737251813,1,1,0,1,0.285935375405671,0.00340068713906794,0,0,0.9715,0.0163333333333333
3,20270811,20280811,"canonical","class_sampled",3000,30000,20,20,20,6,0.2,0,0.386435580583988,0.869791013121531,0.742251665141613,1,1,0,1,0.285716295762037,0.00361976678270137,0,0,0.966833333333333,0.021
3,20270811,20280811,"administrative_aliases","ordinary",3000,30000,23,23,20,6,0.2,0.212375654703683,0.365250088528471,0.858183674528141,0.719564369117738,0.991852762556216,0.979235584650262,0.0044,0.978239366963403,0.285892983662806,0.00344307888193329,-4.23917428653553e-05,4.23917428653553e-05,0.976833333333333,0.0101666666666667
3,20270811,20280811,"administrative_aliases","exact_deduplication",3000,30000,23,20,20,6,0.2,0,0.390722442641636,0.866593660842831,0.736231737251813,1,1,0,1,0.285935375405671,0.00340068713906794,0,0,0.9715,0.0163333333333333
3,20270811,20280811,"administrative_aliases","dimension_adjusted_mtry",3000,30000,23,23,20,7,0.2,0.239596342046417,0.354864759851498,0.866426764648113,0.717170934179523,0.992292088554169,0.981288200381876,0.005,0.975308641975309,0.28614316559419,0.00319289695054914,0.000207790188518797,-0.000207790188518797,0.978666666666667,0.009
3,20270811,20280811,"administrative_aliases","class_sampled",3000,30000,23,20,20,6,0.2,0,0.386435580583988,0.869791013121531,0.742251665141613,1,1,0,1,0.285716295762037,0.00361976678270137,0,0,0.966833333333333,0.021
3,20270811,20280811,"unit_recodings","ordinary",3000,30000,23,23,20,6,0.2,0.161189253376421,0.401482647937876,0.86412232934117,0.723747694180609,0.989587081157843,0.978393787237771,0.00806666666666667,0.960463976474432,0.285761771994671,0.00357429055006747,-0.000173603410999534,0.000173603410999534,0.958,0.0325
3,20270811,20280811,"unit_recodings","exact_deduplication",3000,30000,23,23,20,6,0.2,0.161189253376421,0.401482647937876,0.86412232934117,0.723747694180609,0.989587081157843,0.978393787237771,0.00806666666666667,0.960463976474432,0.285761771994671,0.00357429055006747,-0.000173603410999534,0.000173603410999534,0.958,0.0325
3,20270811,20280811,"unit_recodings","dimension_adjusted_mtry",3000,30000,23,23,20,7,0.2,0.142348463801805,0.386112423991796,0.873676181794719,0.72117582714264,0.991977452214401,0.979303648565893,0.00566666666666667,0.972062448644207,0.286061287350548,0.0032747751941905,0.000125911944877433,-0.000125911944877433,0.965833333333333,0.024
3,20270811,20280811,"unit_recodings","class_sampled",3000,30000,23,20,20,6,0.2,0,0.386435580583988,0.869791013121531,0.742251665141613,1,1,0,1,0.285716295762037,0.00361976678270137,0,0,0.966833333333333,0.021
3,20270811,20280811,"complements","ordinary",3000,30000,23,23,20,6,0.2,0.159117693921344,0.391297211524149,0.878983893136038,0.738179434056199,0.990337821608993,0.979363554896182,0.00486666666666667,0.975959163510621,0.28607436928648,0.00326169325825865,0.000138993880809291,-0.000138993880809291,0.976,0.0116666666666667
3,20270811,20280811,"complements","exact_deduplication",3000,30000,23,23,20,6,0.2,0.159117693921344,0.391297211524149,0.878983893136038,0.738179434056199,0.990337821608993,0.979363554896182,0.00486666666666667,0.975959163510621,0.28607436928648,0.00326169325825865,0.000138993880809291,-0.000138993880809291,0.976,0.0116666666666667
3,20270811,20280811,"complements","dimension_adjusted_mtry",3000,30000,23,23,20,7,0.2,0.177416302048523,0.372433347509417,0.886619704802727,0.740231709279813,0.987907845088675,0.978856736192952,0.00533333333333333,0.973684210526316,0.286057795421647,0.00327826712309137,0.000122420015976565,-0.000122420015976565,0.977833333333333,0.00933333333333333
3,20270811,20280811,"complements","class_sampled",3000,30000,23,20,20,6,0.2,0,0.386435580583988,0.869791013121531,0.742251665141613,1,1,0,1,0.285716295762037,0.00361976678270137,0,0,0.966833333333333,0.021
3,20270811,20280811,"raw_log_rank","ordinary",3000,30000,26,26,20,6,0.2,0.369930480972022,0.305119991339314,0.903254679946381,0.724473376244082,0.979137131920074,0.96669394184566,0.00766666666666667,0.96238757154538,0.286963688219506,0.0023723743252328,0.00102831281383514,-0.00102831281383514,0.980833333333333,0.01
3,20270811,20280811,"raw_log_rank","exact_deduplication",3000,30000,26,26,20,6,0.2,0.369930480972022,0.305119991339314,0.903254679946381,0.724473376244082,0.979137131920074,0.96669394184566,0.00766666666666667,0.96238757154538,0.286963688219506,0.0023723743252328,0.00102831281383514,-0.00102831281383514,0.980833333333333,0.01
3,20270811,20280811,"raw_log_rank","dimension_adjusted_mtry",3000,30000,26,26,20,8,0.2,0.437692334900431,0.293522418000537,0.902492146613329,0.72234439374616,0.97614055723954,0.966089963852544,0.00646666666666667,0.968181072658685,0.286871035423001,0.00246502712173741,0.000935660017330531,-0.000935660017330531,0.981833333333333,0.0085
3,20270811,20280811,"raw_log_rank","class_sampled",3000,30000,26,20,20,6,0.2,0,0.386435580583988,0.869791013121531,0.742251665141613,1,1,0,1,0.285716295762037,0.00361976678270137,0,0,0.966833333333333,0.021
3,20270811,20280811,"routine_bundle","ordinary",3000,30000,35,35,20,6,0.2,0.398478161518664,0.30284620225024,0.903569169948931,0.705257884666286,0.978440759735653,0.96163912277471,0.0074,0.96367206676485,0.287051713342157,0.00228434920258191,0.00111633793648602,-0.00111633793648602,0.98,0.0116666666666667
3,20270811,20280811,"routine_bundle","exact_deduplication",3000,30000,35,32,20,6,0.2,0.338218579078911,0.314399395105208,0.902504678941948,0.70879165177688,0.979026223942359,0.963385368368206,0.0074,0.96367206676485,0.287188123215343,0.00214793932939622,0.00125274780967172,-0.00125274780967172,0.979333333333333,0.013
3,20270811,20280811,"routine_bundle","dimension_adjusted_mtry",3000,30000,35,35,20,11,0.2,0.468608985799762,0.284595015142376,0.90612662514357,0.727591673589769,0.970515696208829,0.963567862751964,0.00793333333333333,0.961104755679033,0.286744811174335,0.00259125137040417,0.000809435768663769,-0.000809435768663769,0.9815,0.00833333333333333
3,20270811,20280811,"routine_bundle","class_sampled",3000,30000,35,20,20,6,0.2,0,0.386435580583988,0.869791013121531,0.742251665141613,1,1,0,1,0.285716295762037,0.00361976678270137,0,0,0.966833333333333,0.021
4,20270812,20280812,"canonical","ordinary",3000,30000,20,20,20,6,0.2,0,0.376921497636317,0.843975461621991,0.586460208766289,1,1,0,1,0.280397387254156,0.00767289290439793,0,0,0.934333333333333,0.04
4,20270812,20280812,"canonical","exact_deduplication",3000,30000,20,20,20,6,0.2,0,0.376921497636317,0.843975461621991,0.586460208766289,1,1,0,1,0.280397387254156,0.00767289290439793,0,0,0.934333333333333,0.04
4,20270812,20280812,"canonical","dimension_adjusted_mtry",3000,30000,20,20,20,6,0.2,0,0.376921497636317,0.843975461621991,0.586460208766289,1,1,0,1,0.280397387254156,0.00767289290439793,0,0,0.934333333333333,0.04
4,20270812,20280812,"canonical","class_sampled",3000,30000,20,20,20,6,0.2,0,0.374535557376795,0.848482197856633,0.603704303853449,1,1,0,1,0.279628416394239,0.00844186376431522,0,0,0.930833333333333,0.0416666666666667
4,20270812,20280812,"administrative_aliases","ordinary",3000,30000,23,23,20,6,0.2,0.17773638749642,0.361274051292854,0.836533237588753,0.59204909369961,0.994835210557429,0.975720229324133,0.0076,0.962708537782139,0.280499067082142,0.00757121307641206,0.000101679827985868,-0.000101679827985868,0.9405,0.0326666666666667
4,20270812,20280812,"administrative_aliases","exact_deduplication",3000,30000,23,20,20,6,0.2,0,0.376921497636317,0.843975461621991,0.586460208766289,1,1,0,1,0.280397387254156,0.00767289290439793,0,0,0.934333333333333,0.04
4,20270812,20280812,"administrative_aliases","dimension_adjusted_mtry",3000,30000,23,23,20,7,0.2,0.245701771117953,0.346381959749039,0.849084841631254,0.596841508361824,0.994569369027666,0.974012718992459,0.0092,0.955034213098729,0.281554339927083,0.00651594023147117,0.00115695267292676,-0.00115695267292676,0.948,0.0271666666666667
4,20270812,20280812,"administrative_aliases","class_sampled",3000,30000,23,20,20,6,0.2,0,0.374535557376795,0.848482197856633,0.603704303853449,1,1,0,1,0.279628416394239,0.00844186376431522,0,0,0.930833333333333,0.0416666666666667
4,20270812,20280812,"unit_recodings","ordinary",3000,30000,23,23,20,6,0.2,0.209840825731757,0.392111387418119,0.844936573516135,0.600239758650489,0.989341340297784,0.960325597685251,0.0218,0.896633475580844,0.27711300796689,0.0109572721916636,-0.00328437928726566,0.00328437928726566,0.888166666666667,0.086
4,20270812,20280812,"unit_recodings","exact_deduplication",3000,30000,23,23,20,6,0.2,0.209840825731757,0.392111387418119,0.844936573516135,0.600239758650489,0.989341340297784,0.960325597685251,0.0218,0.896633475580844,0.27711300796689,0.0109572721916636,-0.00328437928726566,0.00328437928726566,0.888166666666667,0.086
4,20270812,20280812,"unit_recodings","dimension_adjusted_mtry",3000,30000,23,23,20,7,0.2,0.19587313257541,0.374204320070255,0.853418643653254,0.599397266985108,0.99260864565197,0.971123864971471,0.0125333333333333,0.93923723335488,0.27978936558852,0.00828091457003416,-0.000608021665636227,0.000608021665636227,0.913666666666667,0.0655
4,20270812,20280812,"unit_recodings","class_sampled",3000,30000,23,20,20,6,0.2,0,0.374535557376795,0.848482197856633,0.603704303853449,1,1,0,1,0.279628416394239,0.00844186376431522,0,0,0.930833333333333,0.0416666666666667
4,20270812,20280812,"complements","ordinary",3000,30000,23,23,20,6,0.2,0.185928497854248,0.371579537601768,0.865764368496046,0.603301101742335,0.99190353878022,0.975291295675657,0.008,0.96078431372549,0.281210407601711,0.00685987255684295,0.000813020347554982,-0.000813020347554982,0.945166666666667,0.0298333333333333
4,20270812,20280812,"complements","exact_deduplication",3000,30000,23,23,20,6,0.2,0.185928497854248,0.371579537601768,0.865764368496046,0.603301101742335,0.99190353878022,0.975291295675657,0.008,0.96078431372549,0.281210407601711,0.00685987255684295,0.000813020347554982,-0.000813020347554982,0.945166666666667,0.0298333333333333
4,20270812,20280812,"complements","dimension_adjusted_mtry",3000,30000,23,23,20,7,0.2,0.195499636627278,0.358531694833419,0.869521160190982,0.61547955170031,0.990241423445182,0.970897311824997,0.0086,0.957905041605482,0.281387302414699,0.00668297774385518,0.000989915160542754,-0.000989915160542754,0.947666666666667,0.0271666666666667
4,20270812,20280812,"complements","class_sampled",3000,30000,23,20,20,6,0.2,0,0.374535557376795,0.848482197856633,0.603704303853449,1,1,0,1,0.279628416394239,0.00844186376431522,0,0,0.930833333333333,0.0416666666666667
4,20270812,20280812,"raw_log_rank","ordinary",3000,30000,26,26,20,6,0.2,0.320604726429152,0.294564317303973,0.898264448977205,0.636463170732959,0.980409886325673,0.962748737493721,0.01,0.951219512195122,0.282763783254235,0.00530649690431839,0.00236639600007954,-0.00236639600007954,0.95,0.0306666666666667
4,20270812,20280812,"raw_log_rank","exact_deduplication",3000,30000,26,26,20,6,0.2,0.320604726429152,0.294564317303973,0.898264448977205,0.636463170732959,0.980409886325673,0.962748737493721,0.01,0.951219512195122,0.282763783254235,0.00530649690431839,0.00236639600007954,-0.00236639600007954,0.95,0.0306666666666667
4,20270812,20280812,"raw_log_rank","dimension_adjusted_mtry",3000,30000,26,26,20,8,0.2,0.343506968314021,0.285614456790735,0.899518924718071,0.62528431503876,0.975963125750678,0.955065353107406,0.0118,0.942690626517727,0.281932710145051,0.00613757001350296,0.00153532289089497,-0.00153532289089497,0.951833333333333,0.0243333333333333
4,20270812,20280812,"raw_log_rank","class_sampled",3000,30000,26,20,20,6,0.2,0,0.374535557376795,0.848482197856633,0.603704303853449,1,1,0,1,0.279628416394239,0.00844186376431522,0,0,0.930833333333333,0.0416666666666667
4,20270812,20280812,"routine_bundle","ordinary",3000,30000,35,35,20,6,0.2,0.341861107923466,0.290962951908383,0.901811485462071,0.628345282950606,0.979962999698279,0.966276468562085,0.01,0.951219512195122,0.282609411925632,0.00546086823292147,0.00221202467147646,-0.00221202467147646,0.95,0.03
4,20270812,20280812,"routine_bundle","exact_deduplication",3000,30000,35,32,20,6,0.2,0.331416340446374,0.300324309914638,0.900587276164026,0.623778214227754,0.979282217727691,0.964502866280559,0.00893333333333333,0.9563090968373,0.282844080152235,0.00522620000631896,0.00244669289807897,-0.00244669289807897,0.9465,0.0355
4,20270812,20280812,"routine_bundle","dimension_adjusted_mtry",3000,30000,35,35,20,11,0.2,0.417964172392402,0.274543678118741,0.904512571619404,0.632147144919275,0.969235337892781,0.949906854003008,0.0137333333333333,0.933612632935868,0.281680772885028,0.00638950727352527,0.00128338563087266,-0.00128338563087266,0.952666666666667,0.0221666666666667
4,20270812,20280812,"routine_bundle","class_sampled",3000,30000,35,20,20,6,0.2,0,0.374535557376795,0.848482197856633,0.603704303853449,1,1,0,1,0.279628416394239,0.00844186376431522,0,0,0.930833333333333,0.0416666666666667
5,20270813,20280813,"canonical","ordinary",3000,30000,20,20,20,6,0.2,0,0.373430024293885,0.874690758536732,0.708480139962756,1,1,0,1,0.284041965509019,0.00532315344687834,0,0,0.922,0.0746666666666667
5,20270813,20280813,"canonical","exact_deduplication",3000,30000,20,20,20,6,0.2,0,0.373430024293885,0.874690758536732,0.708480139962756,1,1,0,1,0.284041965509019,0.00532315344687834,0,0,0.922,0.0746666666666667
5,20270813,20280813,"canonical","dimension_adjusted_mtry",3000,30000,20,20,20,6,0.2,0,0.373430024293885,0.874690758536732,0.708480139962756,1,1,0,1,0.284041965509019,0.00532315344687834,0,0,0.922,0.0746666666666667
5,20270813,20280813,"canonical","class_sampled",3000,30000,20,20,20,6,0.2,0,0.376067134338063,0.867022512066085,0.703346389025052,1,1,0,1,0.283727660172364,0.00563745878353356,0,0,0.913333333333333,0.085
5,20270813,20280813,"administrative_aliases","ordinary",3000,30000,23,23,20,6,0.2,0.195651155967939,0.35918433887329,0.855982930992418,0.710408955661788,0.992655579167526,0.973413891736238,0.0116,0.943634596695821,0.285294875271669,0.00407024368422837,0.00125290976264997,-0.00125290976264997,0.9405,0.056
5,20270813,20280813,"administrative_aliases","exact_deduplication",3000,30000,23,20,20,6,0.2,0,0.373430024293885,0.874690758536732,0.708480139962756,1,1,0,1,0.284041965509019,0.00532315344687834,0,0,0.922,0.0746666666666667
5,20270813,20280813,"administrative_aliases","dimension_adjusted_mtry",3000,30000,23,23,20,7,0.2,0.224670981703502,0.347132402872767,0.861974386656223,0.710274065984305,0.99255821233396,0.974835296740928,0.0161333333333333,0.922460749759692,0.286030055305265,0.00333506365063246,0.00198808979624587,-0.00198808979624587,0.955166666666667,0.0401666666666667
5,20270813,20280813,"administrative_aliases","class_sampled",3000,30000,23,20,20,6,0.2,0,0.376067134338063,0.867022512066085,0.703346389025052,1,1,0,1,0.283727660172364,0.00563745878353356,0,0,0.913333333333333,0.085
5,20270813,20280813,"unit_recodings","ordinary",3000,30000,23,23,20,6,0.2,0.15480875359047,0.384031245583315,0.872703067243198,0.697384816937983,0.992004508858661,0.97500884887001,0.0178666666666667,0.914486279514997,0.281544961433648,0.0078201575222494,-0.00249700407537107,0.00249700407537107,0.881666666666667,0.116666666666667
5,20270813,20280813,"unit_recodings","exact_deduplication",3000,30000,23,23,20,6,0.2,0.15480875359047,0.384031245583315,0.872703067243198,0.697384816937983,0.992004508858661,0.97500884887001,0.0178666666666667,0.914486279514997,0.281544961433648,0.0078201575222494,-0.00249700407537107,0.00249700407537107,0.881666666666667,0.116666666666667
5,20270813,20280813,"unit_recodings","dimension_adjusted_mtry",3000,30000,23,23,20,7,0.2,0.156575056855713,0.365761941808568,0.882745246284369,0.689539066033266,0.993192607007839,0.974288091989209,0.0152,0.926782273603083,0.282697106610877,0.00666801234502074,-0.0013448588981424,0.0013448588981424,0.893666666666667,0.1055
5,20270813,20280813,"unit_recodings","class_sampled",3000,30000,23,20,20,6,0.2,0,0.376067134338063,0.867022512066085,0.703346389025052,1,1,0,1,0.283727660172364,0.00563745878353356,0,0,0.913333333333333,0.085
5,20270813,20280813,"complements","ordinary",3000,30000,23,23,20,6,0.2,0.153536649357284,0.376096434058684,0.891115656155616,0.719877413429197,0.992112497492512,0.971320551601023,0.0112,0.945525291828794,0.285330328231306,0.0040347907245919,0.00128836272228644,-0.00128836272228644,0.937166666666667,0.0603333333333333
5,20270813,20280813,"complements","exact_deduplication",3000,30000,23,23,20,6,0.2,0.153536649357284,0.376096434058684,0.891115656155616,0.719877413429197,0.992112497492512,0.971320551601023,0.0112,0.945525291828794,0.285330328231306,0.0040347907245919,0.00128836272228644,-0.00128836272228644,0.937166666666667,0.0603333333333333
5,20270813,20280813,"complements","dimension_adjusted_mtry",3000,30000,23,23,20,7,0.2,0.183064384276521,0.354789741463689,0.893890162229274,0.7156699526063,0.991445002640582,0.974628816636699,0.0126666666666667,0.938610662358643,0.286266990607648,0.00309812834824907,0.00222502509862926,-0.00222502509862926,0.945,0.054
5,20270813,20280813,"complements","class_sampled",3000,30000,23,20,20,6,0.2,0,0.376067134338063,0.867022512066085,0.703346389025052,1,1,0,1,0.283727660172364,0.00563745878353356,0,0,0.913333333333333,0.085
5,20270813,20280813,"raw_log_rank","ordinary",3000,30000,26,26,20,6,0.2,0.316761774421524,0.293997871895888,0.914995450468994,0.709232989464926,0.985739173790645,0.967353500087726,0.0126666666666667,0.938610662358643,0.2856974393999,0.00366767955599806,0.00165547389088028,-0.00165547389088028,0.938166666666667,0.0613333333333333
5,20270813,20280813,"raw_log_rank","exact_deduplication",3000,30000,26,26,20,6,0.2,0.316761774421524,0.293997871895888,0.914995450468994,0.709232989464926,0.985739173790645,0.967353500087726,0.0126666666666667,0.938610662358643,0.2856974393999,0.00366767955599806,0.00165547389088028,-0.00165547389088028,0.938166666666667,0.0613333333333333
5,20270813,20280813,"raw_log_rank","dimension_adjusted_mtry",3000,30000,26,26,20,8,0.2,0.388596699866473,0.278866087477276,0.916735547622674,0.727513695140348,0.981518086370744,0.963224341350694,0.0136666666666667,0.93392425463336,0.285779701065564,0.0035854178903334,0.00173773555654494,-0.00173773555654494,0.94,0.059
5,20270813,20280813,"raw_log_rank","class_sampled",3000,30000,26,20,20,6,0.2,0,0.376067134338063,0.867022512066085,0.703346389025052,1,1,0,1,0.283727660172364,0.00563745878353356,0,0,0.913333333333333,0.085
5,20270813,20280813,"routine_bundle","ordinary",3000,30000,35,35,20,6,0.2,0.332964569286505,0.291980763698064,0.913506775805821,0.707473070593637,0.986344546094367,0.96820279998467,0.013,0.937046004842615,0.285879059771931,0.00348605918396638,0.00183709426291195,-0.00183709426291195,0.939333333333333,0.06
5,20270813,20280813,"routine_bundle","exact_deduplication",3000,30000,35,32,20,6,0.2,0.343841672297026,0.290317100651181,0.924600472277364,0.714993561901993,0.978921859422854,0.956530506689478,0.0116666666666667,0.94331983805668,0.284926155665437,0.00443896329046084,0.000884190156417497,-0.000884190156417497,0.924166666666667,0.0758333333333333
5,20270813,20280813,"routine_bundle","dimension_adjusted_mtry",3000,30000,35,35,20,11,0.2,0.440086029719385,0.271417340601947,0.917441963225436,0.722676698519419,0.978551291246231,0.956493724050771,0.0162666666666667,0.921844971172325,0.286681641549603,0.00268347740629482,0.00263967604058352,-0.00263967604058352,0.954666666666667,0.044
5,20270813,20280813,"routine_bundle","class_sampled",3000,30000,35,20,20,6,0.2,0,0.376067134338063,0.867022512066085,0.703346389025052,1,1,0,1,0.283727660172364,0.00563745878353356,0,0,0.913333333333333,0.085
6,20270814,20280814,"canonical","ordinary",3000,30000,20,20,20,6,0.2,0,0.386680431401979,0.814433084400255,0.654153409854393,1,1,0,1,0.27524549752725,0.0135534288027478,0,0,0.926166666666667,0.0286666666666667
6,20270814,20280814,"canonical","exact_deduplication",3000,30000,20,20,20,6,0.2,0,0.386680431401979,0.814433084400255,0.654153409854393,1,1,0,1,0.27524549752725,0.0135534288027478,0,0,0.926166666666667,0.0286666666666667
6,20270814,20280814,"canonical","dimension_adjusted_mtry",3000,30000,20,20,20,6,0.2,0,0.386680431401979,0.814433084400255,0.654153409854393,1,1,0,1,0.27524549752725,0.0135534288027478,0,0,0.926166666666667,0.0286666666666667
6,20270814,20280814,"canonical","class_sampled",3000,30000,20,20,20,6,0.2,0,0.390744072255807,0.811593135540554,0.658625421464695,1,1,0,1,0.274170864723151,0.0146280616068469,0,0,0.914,0.0396666666666667
6,20270814,20280814,"administrative_aliases","ordinary",3000,30000,23,23,20,6,0.2,0.197218338701295,0.37872156238193,0.798148533637768,0.623655751950284,0.994746671237961,0.967097532935886,0.00913333333333333,0.955352778230406,0.27283212539196,0.0159668009380382,-0.0024133721352903,0.0024133721352903,0.9145,0.0325
6,20270814,20280814,"administrative_aliases","exact_deduplication",3000,30000,23,20,20,6,0.2,0,0.386680431401979,0.814433084400255,0.654153409854393,1,1,0,1,0.27524549752725,0.0135534288027478,0,0,0.926166666666667,0.0286666666666667
6,20270814,20280814,"administrative_aliases","dimension_adjusted_mtry",3000,30000,23,23,20,7,0.2,0.237652535995326,0.367086386739873,0.808866147466543,0.62997586551464,0.995533655900189,0.97000389225556,0.0076,0.962708537782139,0.274898797039424,0.0139001292905733,-0.000346700487825424,0.000346700487825424,0.927333333333333,0.0258333333333333
6,20270814,20280814,"administrative_aliases","class_sampled",3000,30000,23,20,20,6,0.2,0,0.390744072255807,0.811593135540554,0.658625421464695,1,1,0,1,0.274170864723151,0.0146280616068469,0,0,0.914,0.0396666666666667
6,20270814,20280814,"unit_recodings","ordinary",3000,30000,23,23,20,6,0.2,0.161386713803093,0.394885494401195,0.815004856449025,0.648525749318806,0.992894485123261,0.969720932577912,0.0116666666666667,0.94331983805668,0.274346633820084,0.0144522925099133,-0.000898863707165409,0.000898863707165409,0.907166666666667,0.0485
6,20270814,20280814,"unit_recodings","exact_deduplication",3000,30000,23,23,20,6,0.2,0.161386713803093,0.394885494401195,0.815004856449025,0.648525749318806,0.992894485123261,0.969720932577912,0.0116666666666667,0.94331983805668,0.274346633820084,0.0144522925099133,-0.000898863707165409,0.000898863707165409,0.907166666666667,0.0485
6,20270814,20280814,"unit_recodings","dimension_adjusted_mtry",3000,30000,23,23,20,7,0.2,0.147458259526187,0.384290093005427,0.82001251749556,0.646038119507598,0.993878014341888,0.971662878352514,0.0101333333333333,0.950585175552666,0.274858360572104,0.0139405657578935,-0.000387136955145639,0.000387136955145639,0.915166666666667,0.0415
6,20270814,20280814,"unit_recodings","class_sampled",3000,30000,23,20,20,6,0.2,0,0.390744072255807,0.811593135540554,0.658625421464695,1,1,0,1,0.274170864723151,0.0146280616068469,0,0,0.914,0.0396666666666667
6,20270814,20280814,"complements","ordinary",3000,30000,23,23,20,6,0.2,0.169388567518463,0.389796045733938,0.830181719807405,0.656621186906024,0.99408841890838,0.969239271538266,0.00646666666666667,0.968181072658685,0.275647989030442,0.013150937299556,0.000402491503191882,-0.000402491503191882,0.925166666666667,0.0323333333333333
6,20270814,20280814,"complements","exact_deduplication",3000,30000,23,23,20,6,0.2,0.169388567518463,0.389796045733938,0.830181719807405,0.656621186906024,0.99408841890838,0.969239271538266,0.00646666666666667,0.968181072658685,0.275647989030442,0.013150937299556,0.000402491503191882,-0.000402491503191882,0.925166666666667,0.0323333333333333
6,20270814,20280814,"complements","dimension_adjusted_mtry",3000,30000,23,23,20,7,0.2,0.174427943636333,0.372086822804635,0.841680830058057,0.657417366149575,0.99244161666634,0.968937356420153,0.00853333333333333,0.95822454308094,0.277198799715493,0.0116001266145042,0.00195330218824369,-0.00195330218824369,0.935833333333333,0.0255
6,20270814,20280814,"complements","class_sampled",3000,30000,23,20,20,6,0.2,0,0.390744072255807,0.811593135540554,0.658625421464695,1,1,0,1,0.274170864723151,0.0146280616068469,0,0,0.914,0.0396666666666667
6,20270814,20280814,"raw_log_rank","ordinary",3000,30000,26,26,20,6,0.2,0.348281701896034,0.3195978114811,0.867977298373346,0.666077733752086,0.986090952893607,0.957131044296812,0.0096,0.953125,0.277844769940132,0.0109541563898654,0.00259927241288249,-0.00259927241288249,0.940166666666667,0.0231666666666667
6,20270814,20280814,"raw_log_rank","exact_deduplication",3000,30000,26,26,20,6,0.2,0.348281701896034,0.3195978114811,0.867977298373346,0.666077733752086,0.986090952893607,0.957131044296812,0.0096,0.953125,0.277844769940132,0.0109541563898654,0.00259927241288249,-0.00259927241288249,0.940166666666667,0.0231666666666667
6,20270814,20280814,"raw_log_rank","dimension_adjusted_mtry",3000,30000,26,26,20,8,0.2,0.383572492060135,0.314140314976997,0.867513551150063,0.658463660751182,0.984578814155653,0.95584861472161,0.0102,0.950268161872257,0.277721478306533,0.0110774480234649,0.00247598077928296,-0.00247598077928296,0.941166666666667,0.0213333333333333
6,20270814,20280814,"raw_log_rank","class_sampled",3000,30000,26,20,20,6,0.2,0,0.390744072255807,0.811593135540554,0.658625421464695,1,1,0,1,0.274170864723151,0.0146280616068469,0,0,0.914,0.0396666666666667
6,20270814,20280814,"routine_bundle","ordinary",3000,30000,35,35,20,6,0.2,0.349657685570034,0.323496635629424,0.862793904618048,0.641488389063432,0.987246746976764,0.961209942459567,0.00953333333333333,0.953442943187368,0.277969577268348,0.0108293490616501,0.00272407974109778,-0.00272407974109778,0.940666666666667,0.023
6,20270814,20280814,"routine_bundle","exact_deduplication",3000,30000,35,32,20,6,0.2,0.321789147049751,0.323764280583845,0.869218119834978,0.654008555181787,0.984684840456748,0.950638718250488,0.00953333333333333,0.953442943187368,0.278517212372374,0.0102817139576234,0.00327171484512445,-0.00327171484512445,0.940833333333333,0.0253333333333333
6,20270814,20280814,"routine_bundle","dimension_adjusted_mtry",3000,30000,35,35,20,11,0.2,0.411156030992789,0.307749172408177,0.870031221814033,0.657379046912643,0.983101932970784,0.95586555766474,0.0109333333333333,0.946787800129786,0.27825242563335,0.0105465006966479,0.00300692810609998,-0.00300692810609998,0.9435,0.0206666666666667
6,20270814,20280814,"routine_bundle","class_sampled",3000,30000,35,20,20,6,0.2,0,0.390744072255807,0.811593135540554,0.658625421464695,1,1,0,1,0.274170864723151,0.0146280616068469,0,0,0.914,0.0396666666666667
7,20270815,20280815,"canonical","ordinary",3000,30000,20,20,20,6,0.2,0,0.374443838666526,0.869456467688461,0.678180935921979,1,1,0,1,0.286777755148241,0.00300358355128316,0,0,0.972,0.0206666666666667
7,20270815,20280815,"canonical","exact_deduplication",3000,30000,20,20,20,6,0.2,0,0.374443838666526,0.869456467688461,0.678180935921979,1,1,0,1,0.286777755148241,0.00300358355128316,0,0,0.972,0.0206666666666667
7,20270815,20280815,"canonical","dimension_adjusted_mtry",3000,30000,20,20,20,6,0.2,0,0.374443838666526,0.869456467688461,0.678180935921979,1,1,0,1,0.286777755148241,0.00300358355128316,0,0,0.972,0.0206666666666667
7,20270815,20280815,"canonical","class_sampled",3000,30000,20,20,20,6,0.2,0,0.372692323830653,0.868427312602681,0.661285876159207,1,1,0,1,0.286041303619161,0.00374003508036352,0,0,0.970166666666667,0.0196666666666667
7,20270815,20280815,"administrative_aliases","ordinary",3000,30000,23,23,20,6,0.2,0.191935393619292,0.353780615124224,0.862337618425705,0.651134589736816,0.992779362414725,0.976898772848999,0.00493333333333333,0.975633849193283,0.285801652080969,0.00397968661855552,-0.00097610306727236,0.00097610306727236,0.974166666666667,0.0133333333333333
7,20270815,20280815,"administrative_aliases","exact_deduplication",3000,30000,23,20,20,6,0.2,0,0.374443838666526,0.869456467688461,0.678180935921979,1,1,0,1,0.286777755148241,0.00300358355128316,0,0,0.972,0.0206666666666667
7,20270815,20280815,"administrative_aliases","dimension_adjusted_mtry",3000,30000,23,23,20,7,0.2,0.235647024527445,0.342472152934005,0.868070823612816,0.659581831106646,0.993605076427374,0.977394141696216,0.00506666666666667,0.974983541803818,0.285888976716871,0.0038923619826533,-0.000888778431370141,0.000888778431370141,0.976,0.0113333333333333
7,20270815,20280815,"administrative_aliases","class_sampled",3000,30000,23,20,20,6,0.2,0,0.372692323830653,0.868427312602681,0.661285876159207,1,1,0,1,0.286041303619161,0.00374003508036352,0,0,0.970166666666667,0.0196666666666667
7,20270815,20280815,"unit_recodings","ordinary",3000,30000,23,23,20,6,0.2,0.186842686370033,0.384998275633002,0.863034151116501,0.657961528535957,0.986601598512274,0.974296978494108,0.0145333333333333,0.929880990672242,0.286094442174814,0.00368689652471083,-0.000683312973427663,0.000683312973427663,0.945833333333333,0.052
7,20270815,20280815,"unit_recodings","exact_deduplication",3000,30000,23,23,20,6,0.2,0.186842686370033,0.384998275633002,0.863034151116501,0.657961528535957,0.986601598512274,0.974296978494108,0.0145333333333333,0.929880990672242,0.286094442174814,0.00368689652471083,-0.000683312973427663,0.000683312973427663,0.945833333333333,0.052
7,20270815,20280815,"unit_recodings","dimension_adjusted_mtry",3000,30000,23,23,20,7,0.2,0.155712842656963,0.367282327565657,0.873169326762211,0.671429493463366,0.990032639480275,0.974781973011091,0.00646666666666667,0.968181072658685,0.287117892068381,0.00266344663114382,0.000340136920139344,-0.000340136920139344,0.967166666666667,0.0288333333333333
7,20270815,20280815,"unit_recodings","class_sampled",3000,30000,23,20,20,6,0.2,0,0.372692323830653,0.868427312602681,0.661285876159207,1,1,0,1,0.286041303619161,0.00374003508036352,0,0,0.970166666666667,0.0196666666666667
7,20270815,20280815,"complements","ordinary",3000,30000,23,23,20,6,0.2,0.151262537430805,0.371690991175321,0.88115018219323,0.67603189961648,0.991242848392349,0.973605461359117,0.00513333333333333,0.974658548625967,0.287192457462402,0.00258888123712264,0.00041470231416052,-0.00041470231416052,0.978166666666667,0.0143333333333333
7,20270815,20280815,"complements","exact_deduplication",3000,30000,23,23,20,6,0.2,0.151262537430805,0.371690991175321,0.88115018219323,0.67603189961648,0.991242848392349,0.973605461359117,0.00513333333333333,0.974658548625967,0.287192457462402,0.00258888123712264,0.00041470231416052,-0.00041470231416052,0.978166666666667,0.0143333333333333
7,20270815,20280815,"complements","dimension_adjusted_mtry",3000,30000,23,23,20,7,0.2,0.175790236223955,0.35540347429336,0.884607328423579,0.677255422045839,0.990166836667938,0.970689177371432,0.00626666666666667,0.969149983590417,0.287472218344167,0.00230912035535713,0.000694463195926032,-0.000694463195926032,0.981166666666667,0.0118333333333333
7,20270815,20280815,"complements","class_sampled",3000,30000,23,20,20,6,0.2,0,0.372692323830653,0.868427312602681,0.661285876159207,1,1,0,1,0.286041303619161,0.00374003508036352,0,0,0.970166666666667,0.0196666666666667
7,20270815,20280815,"raw_log_rank","ordinary",3000,30000,26,26,20,6,0.2,0.344374775050726,0.301635794018135,0.895268967175587,0.677214944522683,0.987568153609785,0.965257925794731,0.00626666666666667,0.969149983590417,0.28794999767488,0.00183134102464466,0.0011722425266385,-0.0011722425266385,0.982666666666667,0.0121666666666667
7,20270815,20280815,"raw_log_rank","exact_deduplication",3000,30000,26,26,20,6,0.2,0.344374775050726,0.301635794018135,0.895268967175587,0.677214944522683,0.987568153609785,0.965257925794731,0.00626666666666667,0.969149983590417,0.28794999767488,0.00183134102464466,0.0011722425266385,-0.0011722425266385,0.982666666666667,0.0121666666666667
7,20270815,20280815,"raw_log_rank","dimension_adjusted_mtry",3000,30000,26,26,20,8,0.2,0.420460183955716,0.294378405797289,0.892158928069838,0.678683064080315,0.983850276345762,0.961937677299931,0.00646666666666667,0.968181072658685,0.287543619832238,0.00223771886728669,0.000765864683996476,-0.000765864683996476,0.982666666666667,0.0103333333333333
7,20270815,20280815,"raw_log_rank","class_sampled",3000,30000,26,20,20,6,0.2,0,0.372692323830653,0.868427312602681,0.661285876159207,1,1,0,1,0.286041303619161,0.00374003508036352,0,0,0.970166666666667,0.0196666666666667
7,20270815,20280815,"routine_bundle","ordinary",3000,30000,35,35,20,6,0.2,0.35360532468121,0.30303177689439,0.894646919783033,0.674401983203558,0.98783987944243,0.963642840464936,0.00553333333333333,0.972710833470327,0.287822985887903,0.00195835281162177,0.0010452307396614,-0.0010452307396614,0.982,0.0125
7,20270815,20280815,"routine_bundle","exact_deduplication",3000,30000,35,32,20,6,0.2,0.339296783486788,0.304849840089409,0.896776023664931,0.67668288199587,0.98695993861454,0.961295014095217,0.006,0.970443349753695,0.28797669739341,0.00180464130611491,0.00119894224516826,-0.00119894224516826,0.98,0.0158333333333333
7,20270815,20280815,"routine_bundle","dimension_adjusted_mtry",3000,30000,35,35,20,11,0.2,0.453679707449019,0.289825006591171,0.891436850573408,0.670658093247842,0.981267453648308,0.955865639055406,0.0066,0.967535661583866,0.287727020606295,0.0020543180932297,0.000949265458053461,-0.000949265458053461,0.985333333333333,0.00766666666666667
7,20270815,20280815,"routine_bundle","class_sampled",3000,30000,35,20,20,6,0.2,0,0.372692323830653,0.868427312602681,0.661285876159207,1,1,0,1,0.286041303619161,0.00374003508036352,0,0,0.970166666666667,0.0196666666666667
8,20270816,20280816,"canonical","ordinary",3000,30000,20,20,20,6,0.2,0,0.393200834167343,0.85904822072481,0.685351051011723,1,1,0,1,0.279772340135464,0.00970210373165309,0,0,0.8735,0.118666666666667
8,20270816,20280816,"canonical","exact_deduplication",3000,30000,20,20,20,6,0.2,0,0.393200834167343,0.85904822072481,0.685351051011723,1,1,0,1,0.279772340135464,0.00970210373165309,0,0,0.8735,0.118666666666667
8,20270816,20280816,"canonical","dimension_adjusted_mtry",3000,30000,20,20,20,6,0.2,0,0.393200834167343,0.85904822072481,0.685351051011723,1,1,0,1,0.279772340135464,0.00970210373165309,0,0,0.8735,0.118666666666667
8,20270816,20280816,"canonical","class_sampled",3000,30000,20,20,20,6,0.2,0,0.393742707631183,0.863828837988473,0.690336259303485,1,1,0,1,0.279890244108025,0.00958419975909147,0,0,0.8685,0.125666666666667
8,20270816,20280816,"administrative_aliases","ordinary",3000,30000,23,23,20,6,0.2,0.199768358730205,0.374281591431418,0.852532357614745,0.680659004319399,0.991120866851192,0.981130339037256,0.00833333333333333,0.959183673469388,0.280356621281171,0.00911782258594629,0.0005842811457068,-0.0005842811457068,0.884833333333333,0.106666666666667
8,20270816,20280816,"administrative_aliases","exact_deduplication",3000,30000,23,20,20,6,0.2,0,0.393200834167343,0.85904822072481,0.685351051011723,1,1,0,1,0.279772340135464,0.00970210373165309,0,0,0.8735,0.118666666666667
8,20270816,20280816,"administrative_aliases","dimension_adjusted_mtry",3000,30000,23,23,20,7,0.2,0.258404471221133,0.356113993378442,0.864859467993796,0.688035690157817,0.988530761353623,0.978579976798867,0.0113333333333333,0.944894651539708,0.282141344606338,0.00733309926077896,0.00236900447087413,-0.00236900447087413,0.896333333333333,0.1
8,20270816,20280816,"administrative_aliases","class_sampled",3000,30000,23,20,20,6,0.2,0,0.393742707631183,0.863828837988473,0.690336259303485,1,1,0,1,0.279890244108025,0.00958419975909147,0,0,0.8685,0.125666666666667
8,20270816,20280816,"unit_recodings","ordinary",3000,30000,23,23,20,6,0.2,0.174857107791376,0.398294519289508,0.856399223350843,0.683062125622514,0.984007042199582,0.972846610119163,0.014,0.932367149758454,0.277471165744599,0.012003278122518,-0.00230117439086491,0.00230117439086491,0.848833333333333,0.141
8,20270816,20280816,"unit_recodings","exact_deduplication",3000,30000,23,23,20,6,0.2,0.174857107791376,0.398294519289508,0.856399223350843,0.683062125622514,0.984007042199582,0.972846610119163,0.014,0.932367149758454,0.277471165744599,0.012003278122518,-0.00230117439086491,0.00230117439086491,0.848833333333333,0.141
8,20270816,20280816,"unit_recodings","dimension_adjusted_mtry",3000,30000,23,23,20,7,0.2,0.173823248460523,0.384053853005268,0.863862591715299,0.682445023286717,0.985875549299596,0.97412507977125,0.0108666666666667,0.947103683271134,0.278740265644628,0.0107341782224893,-0.00103207449083625,0.00103207449083625,0.855666666666667,0.1385
8,20270816,20280816,"unit_recodings","class_sampled",3000,30000,23,20,20,6,0.2,0,0.393742707631183,0.863828837988473,0.690336259303485,1,1,0,1,0.279890244108025,0.00958419975909147,0,0,0.8685,0.125666666666667
8,20270816,20280816,"complements","ordinary",3000,30000,23,23,20,6,0.2,0.211294147451325,0.391528230858907,0.87447213987804,0.693932187000369,0.989088101426725,0.979206666574674,0.0104666666666667,0.94900113691733,0.28118211684896,0.00829232701815663,0.00140977671349646,-0.00140977671349646,0.8865,0.108
8,20270816,20280816,"complements","exact_deduplication",3000,30000,23,23,20,6,0.2,0.211294147451325,0.391528230858907,0.87447213987804,0.693932187000369,0.989088101426725,0.979206666574674,0.0104666666666667,0.94900113691733,0.28118211684896,0.00829232701815663,0.00140977671349646,-0.00140977671349646,0.8865,0.108
8,20270816,20280816,"complements","dimension_adjusted_mtry",3000,30000,23,23,20,7,0.2,0.214169412304786,0.371958565853043,0.886182200978757,0.69727882888631,0.986363616611077,0.976836479624929,0.0135333333333333,0.934547799451878,0.282564318966488,0.00691012490062909,0.002791978831024,-0.002791978831024,0.900166666666667,0.0971666666666667
8,20270816,20280816,"complements","class_sampled",3000,30000,23,20,20,6,0.2,0,0.393742707631183,0.863828837988473,0.690336259303485,1,1,0,1,0.279890244108025,0.00958419975909147,0,0,0.8685,0.125666666666667
8,20270816,20280816,"raw_log_rank","ordinary",3000,30000,26,26,20,6,0.2,0.369475063372967,0.313556812489866,0.900545301287222,0.698542302901047,0.975864440133773,0.952925579729917,0.0098,0.952171791117618,0.281791567541621,0.00768287632549608,0.00201922740615701,-0.00201922740615701,0.8835,0.116166666666667
8,20270816,20280816,"raw_log_rank","exact_deduplication",3000,30000,26,26,20,6,0.2,0.369475063372967,0.313556812489866,0.900545301287222,0.698542302901047,0.975864440133773,0.952925579729917,0.0098,0.952171791117618,0.281791567541621,0.00768287632549608,0.00201922740615701,-0.00201922740615701,0.8835,0.116166666666667
8,20270816,20280816,"raw_log_rank","dimension_adjusted_mtry",3000,30000,26,26,20,8,0.2,0.432671781087912,0.300591846369103,0.902757252560086,0.697767670483297,0.971790862906979,0.94350925640701,0.0125333333333333,0.93923723335488,0.282311365012196,0.00716307885492057,0.00253902487673252,-0.00253902487673252,0.892,0.1075
8,20270816,20280816,"raw_log_rank","class_sampled",3000,30000,26,20,20,6,0.2,0,0.393742707631183,0.863828837988473,0.690336259303485,1,1,0,1,0.279890244108025,0.00958419975909147,0,0,0.8685,0.125666666666667
8,20270816,20280816,"routine_bundle","ordinary",3000,30000,35,35,20,6,0.2,0.363229906106717,0.315185192234789,0.898508498293047,0.683208051767564,0.97697572241574,0.952905217146339,0.00946666666666667,0.953760989905568,0.281435831552452,0.00803861231466441,0.00166349141698868,-0.00166349141698868,0.879666666666667,0.119833333333333
8,20270816,20280816,"routine_bundle","exact_deduplication",3000,30000,35,32,20,6,0.2,0.362795436637072,0.319081258435176,0.897989420299105,0.684079473982755,0.973572901244664,0.947907836841231,0.0102,0.950268161872257,0.281001570849548,0.00847287301756933,0.00122923071408376,-0.00122923071408376,0.874833333333333,0.1245
8,20270816,20280816,"routine_bundle","dimension_adjusted_mtry",3000,30000,35,35,20,11,0.2,0.480867870744452,0.293444788176625,0.905277874176017,0.686969154512188,0.96417729853478,0.918778585984421,0.0123333333333333,0.940177849636217,0.282161826026955,0.00731261784016168,0.00238948589149141,-0.00238948589149141,0.889166666666667,0.110833333333333
8,20270816,20280816,"routine_bundle","class_sampled",3000,30000,35,20,20,6,0.2,0,0.393742707631183,0.863828837988473,0.690336259303485,1,1,0,1,0.279890244108025,0.00958419975909147,0,0,0.8685,0.125666666666667
9,20270817,20280817,"canonical","ordinary",3000,30000,20,20,20,6,0.2,0,0.380441145256153,0.827990108031983,0.638081418610757,1,1,0,1,0.276728471648616,0.0123637300314819,0,0,0.902333333333333,0.067
9,20270817,20280817,"canonical","exact_deduplication",3000,30000,20,20,20,6,0.2,0,0.380441145256153,0.827990108031983,0.638081418610757,1,1,0,1,0.276728471648616,0.0123637300314819,0,0,0.902333333333333,0.067
9,20270817,20280817,"canonical","dimension_adjusted_mtry",3000,30000,20,20,20,6,0.2,0,0.380441145256153,0.827990108031983,0.638081418610757,1,1,0,1,0.276728471648616,0.0123637300314819,0,0,0.902333333333333,0.067
9,20270817,20280817,"canonical","class_sampled",3000,30000,20,20,20,6,0.2,0,0.385793030551605,0.820595625829063,0.628115815497018,1,1,0,1,0.275141795431218,0.0139504062488799,0,0,0.8945,0.0696666666666667
9,20270817,20280817,"administrative_aliases","ordinary",3000,30000,23,23,20,6,0.2,0.183912676744265,0.368533939676049,0.813449673233595,0.628255933970507,0.994451433697391,0.976781046654645,0.00953333333333333,0.953442943187368,0.273885519466901,0.015206682213197,-0.0028429521817151,0.0028429521817151,0.896833333333333,0.0608333333333333
9,20270817,20280817,"administrative_aliases","exact_deduplication",3000,30000,23,20,20,6,0.2,0,0.380441145256153,0.827990108031983,0.638081418610757,1,1,0,1,0.276728471648616,0.0123637300314819,0,0,0.902333333333333,0.067
9,20270817,20280817,"administrative_aliases","dimension_adjusted_mtry",3000,30000,23,23,20,7,0.2,0.21411900397585,0.361966607378157,0.819622470254509,0.635760967584623,0.994498726489483,0.976868327343187,0.0098,0.952171791117618,0.274647948524786,0.0144442531553113,-0.00208052312382945,0.00208052312382945,0.905666666666667,0.0523333333333333
9,20270817,20280817,"administrative_aliases","class_sampled",3000,30000,23,20,20,6,0.2,0,0.385793030551605,0.820595625829063,0.628115815497018,1,1,0,1,0.275141795431218,0.0139504062488799,0,0,0.8945,0.0696666666666667
9,20270817,20280817,"unit_recodings","ordinary",3000,30000,23,23,20,6,0.2,0.165373719862152,0.388082335040941,0.829234708268575,0.630004136310671,0.989963071905981,0.974760225271956,0.0151333333333333,0.927091697446603,0.277130966383298,0.0119612352967993,0.000402494734682624,-0.000402494734682624,0.879333333333333,0.0988333333333333
9,20270817,20280817,"unit_recodings","exact_deduplication",3000,30000,23,23,20,6,0.2,0.165373719862152,0.388082335040941,0.829234708268575,0.630004136310671,0.989963071905981,0.974760225271956,0.0151333333333333,0.927091697446603,0.277130966383298,0.0119612352967993,0.000402494734682624,-0.000402494734682624,0.879333333333333,0.0988333333333333
9,20270817,20280817,"unit_recodings","dimension_adjusted_mtry",3000,30000,23,23,20,7,0.2,0.168053805491584,0.375131419999791,0.835562504964858,0.63543083116959,0.992210977634705,0.974654861724283,0.0127333333333333,0.938297528670651,0.27731553055918,0.0117766711209177,0.000587058910564153,-0.000587058910564153,0.8845,0.0925
9,20270817,20280817,"unit_recodings","class_sampled",3000,30000,23,20,20,6,0.2,0,0.385793030551605,0.820595625829063,0.628115815497018,1,1,0,1,0.275141795431218,0.0139504062488799,0,0,0.8945,0.0696666666666667
9,20270817,20280817,"complements","ordinary",3000,30000,23,23,20,6,0.2,0.176836760930012,0.374739152119559,0.851964796489782,0.643000695337112,0.992995200138047,0.976210115505122,0.00826666666666667,0.959503592423253,0.27808290465458,0.011009297025518,0.00135443300596394,-0.00135443300596394,0.907666666666667,0.0661666666666667
9,20270817,20280817,"complements","exact_deduplication",3000,30000,23,23,20,6,0.2,0.176836760930012,0.374739152119559,0.851964796489782,0.643000695337112,0.992995200138047,0.976210115505122,0.00826666666666667,0.959503592423253,0.27808290465458,0.011009297025518,0.00135443300596394,-0.00135443300596394,0.907666666666667,0.0661666666666667
9,20270817,20280817,"complements","dimension_adjusted_mtry",3000,30000,23,23,20,7,0.2,0.15956368761701,0.365677441992217,0.851884735389089,0.642329423999922,0.993354224331494,0.974789209063544,0.00786666666666667,0.961425302386401,0.278046053453846,0.0110461482262514,0.00131758180523051,-0.00131758180523051,0.909333333333333,0.0638333333333333
9,20270817,20280817,"complements","class_sampled",3000,30000,23,20,20,6,0.2,0,0.385793030551605,0.820595625829063,0.628115815497018,1,1,0,1,0.275141795431218,0.0139504062488799,0,0,0.8945,0.0696666666666667
9,20270817,20280817,"raw_log_rank","ordinary",3000,30000,26,26,20,6,0.2,0.329123042406149,0.306277079202367,0.882972334953139,0.649897496148775,0.983770215642671,0.969818752339354,0.0105333333333333,0.948684637869438,0.278873329957237,0.0102188717228612,0.00214485830862071,-0.00214485830862071,0.918833333333333,0.0553333333333333
9,20270817,20280817,"raw_log_rank","exact_deduplication",3000,30000,26,26,20,6,0.2,0.329123042406149,0.306277079202367,0.882972334953139,0.649897496148775,0.983770215642671,0.969818752339354,0.0105333333333333,0.948684637869438,0.278873329957237,0.0102188717228612,0.00214485830862071,-0.00214485830862071,0.918833333333333,0.0553333333333333
9,20270817,20280817,"raw_log_rank","dimension_adjusted_mtry",3000,30000,26,26,20,8,0.2,0.365549849725488,0.296154022225437,0.88778476217977,0.655206766672896,0.980745366562342,0.966694784881216,0.0126,0.938923897237033,0.279195040094222,0.00989716158587595,0.00246656844560594,-0.00246656844560594,0.923833333333333,0.0503333333333333
9,20270817,20280817,"raw_log_rank","class_sampled",3000,30000,26,20,20,6,0.2,0,0.385793030551605,0.820595625829063,0.628115815497018,1,1,0,1,0.275141795431218,0.0139504062488799,0,0,0.8945,0.0696666666666667
9,20270817,20280817,"routine_bundle","ordinary",3000,30000,35,35,20,6,0.2,0.349760117240555,0.301391028419413,0.887002455881818,0.64564115282049,0.981740735284119,0.964382348320425,0.0115333333333333,0.94394945731411,0.280018457099,0.00907374458109733,0.00328998545038456,-0.00328998545038456,0.920333333333333,0.0588333333333333
9,20270817,20280817,"routine_bundle","exact_deduplication",3000,30000,35,32,20,6,0.2,0.330572726403805,0.309530331212238,0.888219405391929,0.646711612175013,0.981037126408911,0.969040295480711,0.00973333333333333,0.95248942401562,0.280362973840971,0.00872922783912689,0.003634502192355,-0.003634502192355,0.914166666666667,0.0685
9,20270817,20280817,"routine_bundle","dimension_adjusted_mtry",3000,30000,35,35,20,11,0.2,0.415374181435818,0.2861408469993,0.894826388199442,0.655349382761944,0.97664942566507,0.959798267869554,0.0135333333333333,0.934547799451878,0.279296379049511,0.00979582263058693,0.00256790740089496,-0.00256790740089496,0.924166666666667,0.0501666666666667
9,20270817,20280817,"routine_bundle","class_sampled",3000,30000,35,20,20,6,0.2,0,0.385793030551605,0.820595625829063,0.628115815497018,1,1,0,1,0.275141795431218,0.0139504062488799,0,0,0.8945,0.0696666666666667
10,20270818,20280818,"canonical","ordinary",3000,30000,20,20,20,6,0.2,0,0.365675610206011,0.862601985630998,0.632427674202253,1,1,0,1,0.280868700023961,0.00771674300121694,0,0,0.9105,0.074
10,20270818,20280818,"canonical","exact_deduplication",3000,30000,20,20,20,6,0.2,0,0.365675610206011,0.862601985630998,0.632427674202253,1,1,0,1,0.280868700023961,0.00771674300121694,0,0,0.9105,0.074
10,20270818,20280818,"canonical","dimension_adjusted_mtry",3000,30000,20,20,20,6,0.2,0,0.365675610206011,0.862601985630998,0.632427674202253,1,1,0,1,0.280868700023961,0.00771674300121694,0,0,0.9105,0.074
10,20270818,20280818,"canonical","class_sampled",3000,30000,20,20,20,6,0.2,0,0.360935807579493,0.866610389481862,0.63536803784552,1,1,0,1,0.281181798918219,0.00740364410695904,0,0,0.905166666666667,0.0833333333333333
10,20270818,20280818,"administrative_aliases","ordinary",3000,30000,23,23,20,6,0.2,0.212579163873675,0.345337665085807,0.853996683595455,0.627460961951846,0.993721362010008,0.981093603614104,0.0104,0.949317738791423,0.278681248626453,0.0099041943987252,-0.00218745139750826,0.00218745139750826,0.914833333333333,0.0583333333333333
10,20270818,20280818,"administrative_aliases","exact_deduplication",3000,30000,23,20,20,6,0.2,0,0.365675610206011,0.862601985630998,0.632427674202253,1,1,0,1,0.280868700023961,0.00771674300121694,0,0,0.9105,0.074
10,20270818,20280818,"administrative_aliases","dimension_adjusted_mtry",3000,30000,23,23,20,7,0.2,0.291725213205889,0.326490319930422,0.868851667896449,0.632935575924151,0.993326481569596,0.980442769884936,0.0096,0.953125,0.279998896153313,0.00858654687186455,-0.000869803870647612,0.000869803870647612,0.918166666666667,0.0605
10,20270818,20280818,"administrative_aliases","class_sampled",3000,30000,23,20,20,6,0.2,0,0.360935807579493,0.866610389481862,0.63536803784552,1,1,0,1,0.281181798918219,0.00740364410695904,0,0,0.905166666666667,0.0833333333333333
10,20270818,20280818,"unit_recodings","ordinary",3000,30000,23,23,20,6,0.2,0.184870256057064,0.372512488983865,0.86079630201274,0.642208809368677,0.987513553378144,0.97853668426193,0.0170666666666667,0.918158567774936,0.279846473613585,0.00873896941159324,-0.0010222264103763,0.0010222264103763,0.877333333333333,0.113
10,20270818,20280818,"unit_recodings","exact_deduplication",3000,30000,23,23,20,6,0.2,0.184870256057064,0.372512488983865,0.86079630201274,0.642208809368677,0.987513553378144,0.97853668426193,0.0170666666666667,0.918158567774936,0.279846473613585,0.00873896941159324,-0.0010222264103763,0.0010222264103763,0.877333333333333,0.113
10,20270818,20280818,"unit_recodings","dimension_adjusted_mtry",3000,30000,23,23,20,7,0.2,0.187721588159926,0.352179796313089,0.870047185727402,0.638897344767219,0.990449302348622,0.980412066316013,0.0138,0.933301111648139,0.280509402301751,0.00807604072342721,-0.000359297722210272,0.000359297722210272,0.886,0.105166666666667
10,20270818,20280818,"unit_recodings","class_sampled",3000,30000,23,20,20,6,0.2,0,0.360935807579493,0.866610389481862,0.63536803784552,1,1,0,1,0.281181798918219,0.00740364410695904,0,0,0.905166666666667,0.0833333333333333
10,20270818,20280818,"complements","ordinary",3000,30000,23,23,20,6,0.2,0.178050256209525,0.35556376275871,0.891802515391799,0.654187843539764,0.991595149650715,0.978671545006968,0.0107333333333333,0.947735757182276,0.283958520061395,0.00462692296378248,0.00308982003743447,-0.00308982003743447,0.932166666666667,0.0605
10,20270818,20280818,"complements","exact_deduplication",3000,30000,23,23,20,6,0.2,0.178050256209525,0.35556376275871,0.891802515391799,0.654187843539764,0.991595149650715,0.978671545006968,0.0107333333333333,0.947735757182276,0.283958520061395,0.00462692296378248,0.00308982003743447,-0.00308982003743447,0.932166666666667,0.0605
10,20270818,20280818,"complements","dimension_adjusted_mtry",3000,30000,23,23,20,7,0.2,0.205749121794518,0.337692639128661,0.893179920629323,0.642787236007986,0.989645647929945,0.977701190181001,0.0106,0.948368241597662,0.283068727873003,0.00551671515217478,0.00220002784904216,-0.00220002784904216,0.929,0.061
10,20270818,20280818,"complements","class_sampled",3000,30000,23,20,20,6,0.2,0,0.360935807579493,0.866610389481862,0.63536803784552,1,1,0,1,0.281181798918219,0.00740364410695904,0,0,0.905166666666667,0.0833333333333333
10,20270818,20280818,"raw_log_rank","ordinary",3000,30000,26,26,20,6,0.2,0.366673159146366,0.268207906630497,0.922275977745064,0.654026014611584,0.979615381859013,0.973107053511008,0.0188,0.910219675262655,0.285226983091382,0.00335845993379608,0.00435828306742087,-0.00435828306742087,0.9495,0.0443333333333333
10,20270818,20280818,"raw_log_rank","exact_deduplication",3000,30000,26,26,20,6,0.2,0.366673159146366,0.268207906630497,0.922275977745064,0.654026014611584,0.979615381859013,0.973107053511008,0.0188,0.910219675262655,0.285226983091382,0.00335845993379608,0.00435828306742087,-0.00435828306742087,0.9495,0.0443333333333333
10,20270818,20280818,"raw_log_rank","dimension_adjusted_mtry",3000,30000,26,26,20,8,0.2,0.409953488609748,0.256247552000357,0.925163692185033,0.654072431340525,0.975895616422171,0.971957206249286,0.0234666666666667,0.889168765743073,0.2859858837801,0.00259955924507765,0.00511718375613929,-0.00511718375613929,0.9545,0.0411666666666667
10,20270818,20280818,"raw_log_rank","class_sampled",3000,30000,26,20,20,6,0.2,0,0.360935807579493,0.866610389481862,0.63536803784552,1,1,0,1,0.281181798918219,0.00740364410695904,0,0,0.905166666666667,0.0833333333333333
10,20270818,20280818,"routine_bundle","ordinary",3000,30000,35,35,20,6,0.2,0.375753664994708,0.268273606351885,0.92010381006832,0.65268468443765,0.979825750782303,0.970110631048123,0.0172,0.917545541706616,0.285303223937104,0.00328221908807347,0.00443452391314347,-0.00443452391314347,0.94,0.0571666666666667
10,20270818,20280818,"routine_bundle","exact_deduplication",3000,30000,35,32,20,6,0.2,0.320391295594385,0.270968357614446,0.924894429481809,0.651954478422616,0.977204605352468,0.970735775127929,0.0145333333333333,0.929880990672242,0.285027235548986,0.0035582074761919,0.00415853552502504,-0.00415853552502504,0.9305,0.0685
10,20270818,20280818,"routine_bundle","dimension_adjusted_mtry",3000,30000,35,35,20,11,0.2,0.489290791913531,0.242843038307941,0.928826689858214,0.64408706175743,0.969810752776764,0.965904367971894,0.0274,0.87178287318671,0.286447763882489,0.00213767914268881,0.00557906385852813,-0.00557906385852813,0.96,0.0361666666666667
10,20270818,20280818,"routine_bundle","class_sampled",3000,30000,35,20,20,6,0.2,0,0.360935807579493,0.866610389481862,0.63536803784552,1,1,0,1,0.281181798918219,0.00740364410695904,0,0,0.905166666666667,0.0833333333333333
11,20270819,20280819,"canonical","ordinary",3000,30000,20,20,20,6,0.2,0,0.41974891721266,0.794370157296594,0.67543219323048,1,1,0,1,0.283644241371003,0.00548274720329706,0,0,0.930333333333333,0.0591666666666667
11,20270819,20280819,"canonical","exact_deduplication",3000,30000,20,20,20,6,0.2,0,0.41974891721266,0.794370157296594,0.67543219323048,1,1,0,1,0.283644241371003,0.00548274720329706,0,0,0.930333333333333,0.0591666666666667
11,20270819,20280819,"canonical","dimension_adjusted_mtry",3000,30000,20,20,20,6,0.2,0,0.41974891721266,0.794370157296594,0.67543219323048,1,1,0,1,0.283644241371003,0.00548274720329706,0,0,0.930333333333333,0.0591666666666667
11,20270819,20280819,"canonical","class_sampled",3000,30000,20,20,20,6,0.2,0,0.419101512971712,0.802906240062955,0.677849512203388,1,1,0,1,0.284768862713487,0.0043581258608128,0,0,0.938666666666667,0.0545
11,20270819,20280819,"administrative_aliases","ordinary",3000,30000,23,23,20,6,0.2,0.215559432440133,0.398468389912416,0.796336084215608,0.659241707852491,0.994240776409613,0.947607883354675,0.0136,0.934235976789168,0.285597199406206,0.00352978916809338,0.00195295803520368,-0.00195295803520368,0.955,0.0371666666666667
11,20270819,20280819,"administrative_aliases","exact_deduplication",3000,30000,23,20,20,6,0.2,0,0.41974891721266,0.794370157296594,0.67543219323048,1,1,0,1,0.283644241371003,0.00548274720329706,0,0,0.930333333333333,0.0591666666666667
11,20270819,20280819,"administrative_aliases","dimension_adjusted_mtry",3000,30000,23,23,20,7,0.2,0.273613343954606,0.388002737680164,0.803345650865526,0.666524544827694,0.993372085508754,0.945229197358699,0.0150666666666667,0.92740122068744,0.286288514542831,0.00283847403146914,0.00264427317182792,-0.00264427317182792,0.9615,0.0321666666666667
11,20270819,20280819,"administrative_aliases","class_sampled",3000,30000,23,20,20,6,0.2,0,0.419101512971712,0.802906240062955,0.677849512203388,1,1,0,1,0.284768862713487,0.0043581258608128,0,0,0.938666666666667,0.0545
11,20270819,20280819,"unit_recodings","ordinary",3000,30000,23,23,20,6,0.2,0.155870873610132,0.425004166698791,0.808618365966308,0.680379171861755,0.993136340984737,0.947226503776474,0.0129333333333333,0.93735873425896,0.283320004291312,0.0058069842829877,-0.000324237079690648,0.000324237079690648,0.920166666666667,0.0711666666666667
11,20270819,20280819,"unit_recodings","exact_deduplication",3000,30000,23,23,20,6,0.2,0.155870873610132,0.425004166698791,0.808618365966308,0.680379171861755,0.993136340984737,0.947226503776474,0.0129333333333333,0.93735873425896,0.283320004291312,0.0058069842829877,-0.000324237079690648,0.000324237079690648,0.920166666666667,0.0711666666666667
11,20270819,20280819,"unit_recodings","dimension_adjusted_mtry",3000,30000,23,23,20,7,0.2,0.154179642617408,0.412543277988242,0.813782326215253,0.667862207244736,0.99241667695001,0.946411737534235,0.0155333333333333,0.925236643670785,0.283837367459765,0.00528962111453513,0.00019312608876193,-0.00019312608876193,0.917166666666667,0.0781666666666667
11,20270819,20280819,"unit_recodings","class_sampled",3000,30000,23,20,20,6,0.2,0,0.419101512971712,0.802906240062955,0.677849512203388,1,1,0,1,0.284768862713487,0.0043581258608128,0,0,0.938666666666667,0.0545
11,20270819,20280819,"complements","ordinary",3000,30000,23,23,20,6,0.2,0.196235858678484,0.414167229941948,0.825944813813332,0.677438379106043,0.990533109111707,0.948330949187034,0.0139333333333333,0.932678370107908,0.286616332552541,0.00251065602175826,0.00297209118153879,-0.00297209118153879,0.959166666666667,0.036
11,20270819,20280819,"complements","exact_deduplication",3000,30000,23,23,20,6,0.2,0.196235858678484,0.414167229941948,0.825944813813332,0.677438379106043,0.990533109111707,0.948330949187034,0.0139333333333333,0.932678370107908,0.286616332552541,0.00251065602175826,0.00297209118153879,-0.00297209118153879,0.959166666666667,0.036
11,20270819,20280819,"complements","dimension_adjusted_mtry",3000,30000,23,23,20,7,0.2,0.180638903449577,0.396579240353888,0.833576571696364,0.681245044067161,0.988877180104772,0.948389178915988,0.0161333333333333,0.922460749759692,0.287519329938639,0.0016076586356607,0.00387508856763635,-0.00387508856763635,0.9675,0.0298333333333333
11,20270819,20280819,"complements","class_sampled",3000,30000,23,20,20,6,0.2,0,0.419101512971712,0.802906240062955,0.677849512203388,1,1,0,1,0.284768862713487,0.0043581258608128,0,0,0.938666666666667,0.0545
11,20270819,20280819,"raw_log_rank","ordinary",3000,30000,26,26,20,6,0.2,0.32780315183329,0.342245461557568,0.869373418293936,0.675761984240624,0.973858425287507,0.923492478362103,0.0166666666666667,0.92,0.287892809277768,0.00123417929653213,0.00424856790676492,-0.00424856790676492,0.967833333333333,0.0316666666666667
11,20270819,20280819,"raw_log_rank","exact_deduplication",3000,30000,26,26,20,6,0.2,0.32780315183329,0.342245461557568,0.869373418293936,0.675761984240624,0.973858425287507,0.923492478362103,0.0166666666666667,0.92,0.287892809277768,0.00123417929653213,0.00424856790676492,-0.00424856790676492,0.967833333333333,0.0316666666666667
11,20270819,20280819,"raw_log_rank","dimension_adjusted_mtry",3000,30000,26,26,20,8,0.2,0.37364884666916,0.335577995688898,0.868635838474611,0.671033013216703,0.971426745543471,0.923163705417293,0.0171333333333333,0.917852005753556,0.287771386574304,0.00135560199999568,0.00412714520330137,-0.00412714520330137,0.965,0.0348333333333333
11,20270819,20280819,"raw_log_rank","class_sampled",3000,30000,26,20,20,6,0.2,0,0.419101512971712,0.802906240062955,0.677849512203388,1,1,0,1,0.284768862713487,0.0043581258608128,0,0,0.938666666666667,0.0545
11,20270819,20280819,"routine_bundle","ordinary",3000,30000,35,35,20,6,0.2,0.344612331815282,0.34751075764724,0.863590803167975,0.673165372499962,0.976947402874027,0.923446419870052,0.0169333333333333,0.918771985929005,0.287494913309968,0.00163207526433157,0.00385067193896549,-0.00385067193896549,0.9625,0.037
11,20270819,20280819,"routine_bundle","exact_deduplication",3000,30000,35,32,20,6,0.2,0.30434475980537,0.347880664123509,0.875388990898249,0.675101668386113,0.972055402990123,0.922727948439475,0.0160666666666667,0.922768787053357,0.287278274439448,0.0018487141348516,0.00363403306844545,-0.00363403306844545,0.957333333333333,0.0425
11,20270819,20280819,"routine_bundle","dimension_adjusted_mtry",3000,30000,35,35,20,11,0.2,0.400405093658299,0.330910745158892,0.870480498485074,0.666499089786777,0.965223980437627,0.930663914608293,0.0174,0.91662673694298,0.287739033610737,0.0013879549635622,0.00409479223973486,-0.00409479223973486,0.965166666666667,0.0348333333333333
11,20270819,20280819,"routine_bundle","class_sampled",3000,30000,35,20,20,6,0.2,0,0.419101512971712,0.802906240062955,0.677849512203388,1,1,0,1,0.284768862713487,0.0043581258608128,0,0,0.938666666666667,0.0545
12,20270820,20280820,"canonical","ordinary",3000,30000,20,20,20,6,0.2,0,0.444781016375261,0.81616315385451,0.67493079912059,1,1,0,1,0.273533782778197,0.0159417407037812,0,0,0.875666666666667,0.0853333333333333
12,20270820,20280820,"canonical","exact_deduplication",3000,30000,20,20,20,6,0.2,0,0.444781016375261,0.81616315385451,0.67493079912059,1,1,0,1,0.273533782778197,0.0159417407037812,0,0,0.875666666666667,0.0853333333333333
12,20270820,20280820,"canonical","dimension_adjusted_mtry",3000,30000,20,20,20,6,0.2,0,0.444781016375261,0.81616315385451,0.67493079912059,1,1,0,1,0.273533782778197,0.0159417407037812,0,0,0.875666666666667,0.0853333333333333
12,20270820,20280820,"canonical","class_sampled",3000,30000,20,20,20,6,0.2,0,0.442842250685516,0.819613818651831,0.671442527350492,1,1,0,1,0.275502431815707,0.0139730916662708,0,0,0.876,0.0935
12,20270820,20280820,"administrative_aliases","ordinary",3000,30000,23,23,20,6,0.2,0.193026766046747,0.421068526483787,0.814754520922212,0.676570438833523,0.988590040743992,0.978328086707031,0.0205333333333333,0.902346227013316,0.276001422861184,0.0134741006207937,0.00246764008298744,-0.00246764008298744,0.8955,0.0705
12,20270820,20280820,"administrative_aliases","exact_deduplication",3000,30000,23,20,20,6,0.2,0,0.444781016375261,0.81616315385451,0.67493079912059,1,1,0,1,0.273533782778197,0.0159417407037812,0,0,0.875666666666667,0.0853333333333333
12,20270820,20280820,"administrative_aliases","dimension_adjusted_mtry",3000,30000,23,23,20,7,0.2,0.214085553029702,0.41181176868918,0.822138897712378,0.675459250072733,0.988702596095855,0.97891242107568,0.0236,0.888574126534466,0.278337513149503,0.011138010332475,0.00480373037130621,-0.00480373037130621,0.9125,0.0601666666666667
12,20270820,20280820,"administrative_aliases","class_sampled",3000,30000,23,20,20,6,0.2,0,0.442842250685516,0.819613818651831,0.671442527350492,1,1,0,1,0.275502431815707,0.0139730916662708,0,0,0.876,0.0935
12,20270820,20280820,"unit_recodings","ordinary",3000,30000,23,23,20,6,0.2,0.164609820103741,0.453484352258907,0.814168122883333,0.661539616355489,0.981773072777243,0.977113678928349,0.0304666666666667,0.858448195756543,0.270254995610693,0.0192205278712846,-0.0032787871675034,0.0032787871675034,0.830333333333333,0.128333333333333
12,20270820,20280820,"unit_recodings","exact_deduplication",3000,30000,23,23,20,6,0.2,0.164609820103741,0.453484352258907,0.814168122883333,0.661539616355489,0.981773072777243,0.977113678928349,0.0304666666666667,0.858448195756543,0.270254995610693,0.0192205278712846,-0.0032787871675034,0.0032787871675034,0.830333333333333,0.128333333333333
12,20270820,20280820,"unit_recodings","dimension_adjusted_mtry",3000,30000,23,23,20,7,0.2,0.138232181605087,0.440815666205635,0.820019302836756,0.668214354848683,0.987548917776942,0.979768460254854,0.0234666666666667,0.889168765743073,0.272392458255024,0.0170830652269534,-0.00114132452317223,0.00114132452317223,0.851333333333333,0.1125
12,20270820,20280820,"unit_recodings","class_sampled",3000,30000,23,20,20,6,0.2,0,0.442842250685516,0.819613818651831,0.671442527350492,1,1,0,1,0.275502431815707,0.0139730916662708,0,0,0.876,0.0935
12,20270820,20280820,"complements","ordinary",3000,30000,23,23,20,6,0.2,0.157791685616225,0.446731601398262,0.837883351299075,0.674130449580589,0.988522303870225,0.980397814405331,0.021,0.900237529691211,0.280447305529126,0.00902821795285175,0.00691352275092944,-0.00691352275092944,0.901333333333333,0.0841666666666667
12,20270820,20280820,"complements","exact_deduplication",3000,30000,23,23,20,6,0.2,0.157791685616225,0.446731601398262,0.837883351299075,0.674130449580589,0.988522303870225,0.980397814405331,0.021,0.900237529691211,0.280447305529126,0.00902821795285175,0.00691352275092944,-0.00691352275092944,0.901333333333333,0.0841666666666667
12,20270820,20280820,"complements","dimension_adjusted_mtry",3000,30000,23,23,20,7,0.2,0.149779850666363,0.430104397542495,0.843648666707132,0.683475136194084,0.988215393400227,0.979641608279602,0.0220666666666667,0.895435160322224,0.280520253005495,0.00895527047648287,0.00698647022729831,-0.00698647022729831,0.911833333333333,0.0706666666666667
12,20270820,20280820,"complements","class_sampled",3000,30000,23,20,20,6,0.2,0,0.442842250685516,0.819613818651831,0.671442527350492,1,1,0,1,0.275502431815707,0.0139730916662708,0,0,0.876,0.0935
12,20270820,20280820,"raw_log_rank","ordinary",3000,30000,26,26,20,6,0.2,0.291859267250564,0.378383180895228,0.868051480581145,0.677230946345368,0.982318671784879,0.975944632593272,0.0279333333333333,0.869450070104378,0.284222488378744,0.00525303510323344,0.0106887056005477,-0.0106887056005477,0.932833333333333,0.0615
12,20270820,20280820,"raw_log_rank","exact_deduplication",3000,30000,26,26,20,6,0.2,0.291859267250564,0.378383180895228,0.868051480581145,0.677230946345368,0.982318671784879,0.975944632593272,0.0279333333333333,0.869450070104378,0.284222488378744,0.00525303510323344,0.0106887056005477,-0.0106887056005477,0.932833333333333,0.0615
12,20270820,20280820,"raw_log_rank","dimension_adjusted_mtry",3000,30000,26,26,20,8,0.2,0.348699448589143,0.365094968625449,0.87246152086749,0.676237820051375,0.978867552100593,0.975573500939082,0.0319333333333333,0.852137675567217,0.284811364171643,0.00466415931033454,0.0112775813934466,-0.0112775813934466,0.945666666666667,0.0475
12,20270820,20280820,"raw_log_rank","class_sampled",3000,30000,26,20,20,6,0.2,0,0.442842250685516,0.819613818651831,0.671442527350492,1,1,0,1,0.275502431815707,0.0139730916662708,0,0,0.876,0.0935
12,20270820,20280820,"routine_bundle","ordinary",3000,30000,35,35,20,6,0.2,0.313369998944839,0.376925542351465,0.86684349595558,0.670388427170209,0.981652379301925,0.972632217099369,0.0276666666666667,0.870615744349182,0.283927334014215,0.00554818946776259,0.0103935512360186,-0.0103935512360186,0.931833333333333,0.0611666666666667
12,20270820,20280820,"routine_bundle","exact_deduplication",3000,30000,35,32,20,6,0.2,0.28571439286922,0.380048573050108,0.872013478688421,0.676894892726772,0.979200449653325,0.971142695790603,0.0282,0.868285847734703,0.283915857921848,0.00555966556012938,0.0103820751436518,-0.0103820751436518,0.933166666666667,0.0595
12,20270820,20280820,"routine_bundle","dimension_adjusted_mtry",3000,30000,35,35,20,11,0.2,0.371378531930886,0.36297380520138,0.876296757837435,0.672215794000684,0.975599558679764,0.972790472563989,0.0348666666666667,0.839644335428484,0.285667994738444,0.00380752874353357,0.0121342119602476,-0.0121342119602476,0.9565,0.0373333333333333
12,20270820,20280820,"routine_bundle","class_sampled",3000,30000,35,20,20,6,0.2,0,0.442842250685516,0.819613818651831,0.671442527350492,1,1,0,1,0.275502431815707,0.0139730916662708,0,0,0.876,0.0935
13,20270821,20280821,"canonical","ordinary",3000,30000,20,20,20,6,0.2,0,0.374024197909478,0.867775271878954,0.675151656627502,1,1,0,1,0.286479052909745,0.00235871820065153,0,0,0.959333333333333,0.0351666666666667
13,20270821,20280821,"canonical","exact_deduplication",3000,30000,20,20,20,6,0.2,0,0.374024197909478,0.867775271878954,0.675151656627502,1,1,0,1,0.286479052909745,0.00235871820065153,0,0,0.959333333333333,0.0351666666666667
13,20270821,20280821,"canonical","dimension_adjusted_mtry",3000,30000,20,20,20,6,0.2,0,0.374024197909478,0.867775271878954,0.675151656627502,1,1,0,1,0.286479052909745,0.00235871820065153,0,0,0.959333333333333,0.0351666666666667
13,20270821,20280821,"canonical","class_sampled",3000,30000,20,20,20,6,0.2,0,0.376081593776568,0.864314550381308,0.684868288850743,1,1,0,1,0.285862339088684,0.00297543202171235,0,0,0.951333333333333,0.0426666666666667
13,20270821,20280821,"administrative_aliases","ordinary",3000,30000,23,23,20,6,0.2,0.20322197171781,0.357920841000691,0.851947937840162,0.656982214457536,0.993664993951113,0.959402175574891,0.0058,0.971414489896501,0.286260702420321,0.00257706869007529,-0.000218350489423758,0.000218350489423758,0.957,0.0375
13,20270821,20280821,"administrative_aliases","exact_deduplication",3000,30000,23,20,20,6,0.2,0,0.374024197909478,0.867775271878954,0.675151656627502,1,1,0,1,0.286479052909745,0.00235871820065153,0,0,0.959333333333333,0.0351666666666667
13,20270821,20280821,"administrative_aliases","dimension_adjusted_mtry",3000,30000,23,23,20,7,0.2,0.263050132789885,0.345562790761514,0.859063752333118,0.659759127201066,0.994214998127162,0.9607505333995,0.00553333333333333,0.972710833470327,0.286155428439643,0.00268234267075329,-0.000323624470101758,0.000323624470101758,0.960333333333333,0.0325
13,20270821,20280821,"administrative_aliases","class_sampled",3000,30000,23,20,20,6,0.2,0,0.376081593776568,0.864314550381308,0.684868288850743,1,1,0,1,0.285862339088684,0.00297543202171235,0,0,0.951333333333333,0.0426666666666667
13,20270821,20280821,"unit_recodings","ordinary",3000,30000,23,23,20,6,0.2,0.164514806909485,0.376967957525273,0.877361305713712,0.660464569331627,0.990958236993324,0.969033497381593,0.0102666666666667,0.94995125121872,0.285884552059702,0.00295321905069462,-0.000594500850043089,0.000594500850043089,0.942666666666667,0.054
13,20270821,20280821,"unit_recodings","exact_deduplication",3000,30000,23,23,20,6,0.2,0.164514806909485,0.376967957525273,0.877361305713712,0.660464569331627,0.990958236993324,0.969033497381593,0.0102666666666667,0.94995125121872,0.285884552059702,0.00295321905069462,-0.000594500850043089,0.000594500850043089,0.942666666666667,0.054
13,20270821,20280821,"unit_recodings","dimension_adjusted_mtry",3000,30000,23,23,20,7,0.2,0.15401857254728,0.361369120399146,0.886155367604577,0.668951187513057,0.992546555562853,0.969271139861857,0.008,0.96078431372549,0.286196735922929,0.00264103518746694,-0.000282316986815412,0.000282316986815412,0.949666666666667,0.0465
13,20270821,20280821,"unit_recodings","class_sampled",3000,30000,23,20,20,6,0.2,0,0.376081593776568,0.864314550381308,0.684868288850743,1,1,0,1,0.285862339088684,0.00297543202171235,0,0,0.951333333333333,0.0426666666666667
13,20270821,20280821,"complements","ordinary",3000,30000,23,23,20,6,0.2,0.198987214433549,0.367288202332555,0.884037018476268,0.682603429866893,0.992029209702246,0.963811981786458,0.0064,0.968503937007874,0.286571779050913,0.00226599205948302,9.27261411685087e-05,-9.27261411685087e-05,0.962166666666667,0.032
13,20270821,20280821,"complements","exact_deduplication",3000,30000,23,23,20,6,0.2,0.198987214433549,0.367288202332555,0.884037018476268,0.682603429866893,0.992029209702246,0.963811981786458,0.0064,0.968503937007874,0.286571779050913,0.00226599205948302,9.27261411685087e-05,-9.27261411685087e-05,0.962166666666667,0.032
13,20270821,20280821,"complements","dimension_adjusted_mtry",3000,30000,23,23,20,7,0.2,0.207952144566591,0.347139679632302,0.891829854560571,0.680596706737996,0.990509854113812,0.961533450023926,0.0064,0.968503937007874,0.28689138981743,0.00194638129296565,0.000412336907685884,-0.000412336907685884,0.962833333333333,0.0325
13,20270821,20280821,"complements","class_sampled",3000,30000,23,20,20,6,0.2,0,0.376081593776568,0.864314550381308,0.684868288850743,1,1,0,1,0.285862339088684,0.00297543202171235,0,0,0.951333333333333,0.0426666666666667
13,20270821,20280821,"raw_log_rank","ordinary",3000,30000,26,26,20,6,0.2,0.349698817201947,0.286028660157466,0.912386207215217,0.676819292887133,0.980433256346357,0.954121948471247,0.00726666666666667,0.964314945162874,0.28678741057414,0.00205036053625612,0.000308357664395409,-0.000308357664395409,0.963,0.0323333333333333
13,20270821,20280821,"raw_log_rank","exact_deduplication",3000,30000,26,26,20,6,0.2,0.349698817201947,0.286028660157466,0.912386207215217,0.676819292887133,0.980433256346357,0.954121948471247,0.00726666666666667,0.964314945162874,0.28678741057414,0.00205036053625612,0.000308357664395409,-0.000308357664395409,0.963,0.0323333333333333
13,20270821,20280821,"raw_log_rank","dimension_adjusted_mtry",3000,30000,26,26,20,8,0.2,0.392969117390427,0.279712867504366,0.91083155306191,0.6798502889425,0.975206156570723,0.94251086709079,0.00726666666666667,0.964314945162874,0.286884174121011,0.00195359698938535,0.00040512121126618,-0.00040512121126618,0.963666666666667,0.0316666666666667
13,20270821,20280821,"raw_log_rank","class_sampled",3000,30000,26,20,20,6,0.2,0,0.376081593776568,0.864314550381308,0.684868288850743,1,1,0,1,0.285862339088684,0.00297543202171235,0,0,0.951333333333333,0.0426666666666667
13,20270821,20280821,"routine_bundle","ordinary",3000,30000,35,35,20,6,0.2,0.378017294972413,0.287040695059281,0.91466412659465,0.667774990557528,0.979790335729891,0.950016762771574,0.00666666666666667,0.967213114754098,0.286867804597393,0.00196996651300341,0.000388751687648126,-0.000388751687648126,0.961333333333333,0.0348333333333333
13,20270821,20280821,"routine_bundle","exact_deduplication",3000,30000,35,32,20,6,0.2,0.332117699942142,0.286771192729222,0.921923198433687,0.673455765577173,0.975484445052804,0.946703293872781,0.0086,0.957905041605482,0.287123343240605,0.00171442786979142,0.000644290330860109,-0.000644290330860109,0.961,0.0365
13,20270821,20280821,"routine_bundle","dimension_adjusted_mtry",3000,30000,35,35,20,11,0.2,0.471423003464933,0.272016946063511,0.911741387358388,0.676911600037013,0.971528732529142,0.934905716515229,0.0076,0.962708537782139,0.286863173167587,0.00197459794280885,0.000384120257842679,-0.000384120257842679,0.964,0.0311666666666667
13,20270821,20280821,"routine_bundle","class_sampled",3000,30000,35,20,20,6,0.2,0,0.376081593776568,0.864314550381308,0.684868288850743,1,1,0,1,0.285862339088684,0.00297543202171235,0,0,0.951333333333333,0.0426666666666667
14,20270822,20280822,"canonical","ordinary",3000,30000,20,20,20,6,0.2,0,0.385638063488373,0.85101115345391,0.604546374845051,1,1,0,1,0.284094045474877,0.00433531949170562,0,0,0.928,0.0676666666666667
14,20270822,20280822,"canonical","exact_deduplication",3000,30000,20,20,20,6,0.2,0,0.385638063488373,0.85101115345391,0.604546374845051,1,1,0,1,0.284094045474877,0.00433531949170562,0,0,0.928,0.0676666666666667
14,20270822,20280822,"canonical","dimension_adjusted_mtry",3000,30000,20,20,20,6,0.2,0,0.385638063488373,0.85101115345391,0.604546374845051,1,1,0,1,0.284094045474877,0.00433531949170562,0,0,0.928,0.0676666666666667
14,20270822,20280822,"canonical","class_sampled",3000,30000,20,20,20,6,0.2,0,0.379621725521934,0.854355984389366,0.60914279827327,1,1,0,1,0.284168712733214,0.00426065223336941,0,0,0.926666666666667,0.0696666666666667
14,20270822,20280822,"administrative_aliases","ordinary",3000,30000,23,23,20,6,0.2,0.200152088263955,0.365275895281251,0.841110486430277,0.606809949136011,0.99392114679471,0.975526886681696,0.0123333333333333,0.940177849636217,0.284905651317903,0.00352371364867982,0.000811605843025809,-0.000811605843025809,0.949833333333333,0.0426666666666667
14,20270822,20280822,"administrative_aliases","exact_deduplication",3000,30000,23,20,20,6,0.2,0,0.385638063488373,0.85101115345391,0.604546374845051,1,1,0,1,0.284094045474877,0.00433531949170562,0,0,0.928,0.0676666666666667
14,20270822,20280822,"administrative_aliases","dimension_adjusted_mtry",3000,30000,23,23,20,7,0.2,0.237010582591789,0.353582426790008,0.850980699435819,0.59981318633357,0.992886909772877,0.973291456559657,0.0121333333333333,0.941119378841799,0.28475753156119,0.00367183340539312,0.000663486086312504,-0.000663486086312504,0.95,0.0416666666666667
14,20270822,20280822,"administrative_aliases","class_sampled",3000,30000,23,20,20,6,0.2,0,0.379621725521934,0.854355984389366,0.60914279827327,1,1,0,1,0.284168712733214,0.00426065223336941,0,0,0.926666666666667,0.0696666666666667
14,20270822,20280822,"unit_recodings","ordinary",3000,30000,23,23,20,6,0.2,0.171613963728986,0.391605902194733,0.85476086643382,0.615067390440742,0.987005589999626,0.975923089112359,0.0175333333333333,0.916014689445952,0.282008715359322,0.0064206496072613,-0.00208533011555567,0.00208533011555567,0.890333333333333,0.107833333333333
14,20270822,20280822,"unit_recodings","exact_deduplication",3000,30000,23,23,20,6,0.2,0.171613963728986,0.391605902194733,0.85476086643382,0.615067390440742,0.987005589999626,0.975923089112359,0.0175333333333333,0.916014689445952,0.282008715359322,0.0064206496072613,-0.00208533011555567,0.00208533011555567,0.890333333333333,0.107833333333333
14,20270822,20280822,"unit_recodings","dimension_adjusted_mtry",3000,30000,23,23,20,7,0.2,0.172265389568591,0.37380122813535,0.863872951503553,0.62114940813461,0.98978054036022,0.977314731833016,0.0123333333333333,0.940177849636217,0.283439627871737,0.0049897370948464,-0.000654417603140778,0.000654417603140778,0.909166666666667,0.0893333333333333
14,20270822,20280822,"unit_recodings","class_sampled",3000,30000,23,20,20,6,0.2,0,0.379621725521934,0.854355984389366,0.60914279827327,1,1,0,1,0.284168712733214,0.00426065223336941,0,0,0.926666666666667,0.0696666666666667
14,20270822,20280822,"complements","ordinary",3000,30000,23,23,20,6,0.2,0.180412737113239,0.37762633727194,0.875904449929279,0.613219010678688,0.989726327583333,0.973395440738439,0.0132,0.936108422071636,0.285324662731561,0.00310470223502202,0.00123061725668361,-0.00123061725668361,0.951,0.0431666666666667
14,20270822,20280822,"complements","exact_deduplication",3000,30000,23,23,20,6,0.2,0.180412737113239,0.37762633727194,0.875904449929279,0.613219010678688,0.989726327583333,0.973395440738439,0.0132,0.936108422071636,0.285324662731561,0.00310470223502202,0.00123061725668361,-0.00123061725668361,0.951,0.0431666666666667
14,20270822,20280822,"complements","dimension_adjusted_mtry",3000,30000,23,23,20,7,0.2,0.173356658726628,0.362453307942406,0.879783627529406,0.614334366691927,0.989315305975232,0.972840669816045,0.0132,0.936108422071636,0.285423235343969,0.0030061296226141,0.00132918986909153,-0.00132918986909153,0.953333333333333,0.041
14,20270822,20280822,"complements","class_sampled",3000,30000,23,20,20,6,0.2,0,0.379621725521934,0.854355984389366,0.60914279827327,1,1,0,1,0.284168712733214,0.00426065223336941,0,0,0.926666666666667,0.0696666666666667
14,20270822,20280822,"raw_log_rank","ordinary",3000,30000,26,26,20,6,0.2,0.349192165017947,0.301134780050458,0.90536656587112,0.62811082527479,0.983440646105133,0.967995317591106,0.0131333333333333,0.936420848797805,0.286086748375928,0.00234261659065466,0.00199270290105097,-0.00199270290105097,0.9545,0.042
14,20270822,20280822,"raw_log_rank","exact_deduplication",3000,30000,26,26,20,6,0.2,0.349192165017947,0.301134780050458,0.90536656587112,0.62811082527479,0.983440646105133,0.967995317591106,0.0131333333333333,0.936420848797805,0.286086748375928,0.00234261659065466,0.00199270290105097,-0.00199270290105097,0.9545,0.042
14,20270822,20280822,"raw_log_rank","dimension_adjusted_mtry",3000,30000,26,26,20,8,0.2,0.379580551901708,0.293380046156007,0.903466391734459,0.635533580891926,0.979135171405371,0.969064642060739,0.0175333333333333,0.916014689445952,0.285746023661427,0.00268334130515574,0.00165197818654989,-0.00165197818654989,0.965166666666667,0.0268333333333333
14,20270822,20280822,"raw_log_rank","class_sampled",3000,30000,26,20,20,6,0.2,0,0.379621725521934,0.854355984389366,0.60914279827327,1,1,0,1,0.284168712733214,0.00426065223336941,0,0,0.926666666666667,0.0696666666666667
14,20270822,20280822,"routine_bundle","ordinary",3000,30000,35,35,20,6,0.2,0.331143797377032,0.304324873769799,0.901008163573348,0.631310793441456,0.98239856860936,0.968901158617446,0.0160666666666667,0.922768787053357,0.286151731688456,0.00227763327812747,0.00205768621357816,-0.00205768621357816,0.9615,0.0331666666666667
14,20270822,20280822,"routine_bundle","exact_deduplication",3000,30000,35,32,20,6,0.2,0.292991671225156,0.304865462054214,0.909582430599011,0.640206345222451,0.979097435043207,0.967310942428123,0.0151333333333333,0.927091697446603,0.286379944562964,0.00204942040361883,0.0022858990880868,-0.0022858990880868,0.956833333333333,0.0401666666666667
14,20270822,20280822,"routine_bundle","dimension_adjusted_mtry",3000,30000,35,35,20,11,0.2,0.424749042244346,0.2865015070738,0.904970774011218,0.637884664125205,0.973409343442745,0.9653500759695,0.0205333333333333,0.902346227013316,0.284910793652251,0.00351857131433192,0.000816748177373705,-0.000816748177373705,0.968333333333333,0.0185
14,20270822,20280822,"routine_bundle","class_sampled",3000,30000,35,20,20,6,0.2,0,0.379621725521934,0.854355984389366,0.60914279827327,1,1,0,1,0.284168712733214,0.00426065223336941,0,0,0.926666666666667,0.0696666666666667
15,20270823,20280823,"canonical","ordinary",3000,30000,20,20,20,6,0.2,0,0.401711604622099,0.846151338092818,0.728209011982899,1,1,0,1,0.2776234847588,0.011035992170266,0,0,0.935833333333333,0.027
15,20270823,20280823,"canonical","exact_deduplication",3000,30000,20,20,20,6,0.2,0,0.401711604622099,0.846151338092818,0.728209011982899,1,1,0,1,0.2776234847588,0.011035992170266,0,0,0.935833333333333,0.027
15,20270823,20280823,"canonical","dimension_adjusted_mtry",3000,30000,20,20,20,6,0.2,0,0.401711604622099,0.846151338092818,0.728209011982899,1,1,0,1,0.2776234847588,0.011035992170266,0,0,0.935833333333333,0.027
15,20270823,20280823,"canonical","class_sampled",3000,30000,20,20,20,6,0.2,0,0.399315973823777,0.844068054694356,0.715279052902755,1,1,0,1,0.276164159736017,0.0124953171930485,0,0,0.925166666666667,0.0343333333333333
15,20270823,20280823,"administrative_aliases","ordinary",3000,30000,23,23,20,6,0.2,0.196048379505312,0.382943883203423,0.836695114397538,0.715869204929632,0.993931858100013,0.968397057275108,0.00786666666666667,0.961425302386401,0.279174521827119,0.0094849551019463,0.00155103706831972,-0.00155103706831972,0.944833333333333,0.0231666666666667
15,20270823,20280823,"administrative_aliases","exact_deduplication",3000,30000,23,20,20,6,0.2,0,0.401711604622099,0.846151338092818,0.728209011982899,1,1,0,1,0.2776234847588,0.011035992170266,0,0,0.935833333333333,0.027
15,20270823,20280823,"administrative_aliases","dimension_adjusted_mtry",3000,30000,23,23,20,7,0.2,0.234788049920721,0.373168529096735,0.841792823011361,0.730727395234586,0.993934777753526,0.967696429762329,0.00733333333333333,0.963993453355156,0.278530060341275,0.0101294165877902,0.00090657558247581,-0.00090657558247581,0.943,0.0225
15,20270823,20280823,"administrative_aliases","class_sampled",3000,30000,23,20,20,6,0.2,0,0.399315973823777,0.844068054694356,0.715279052902755,1,1,0,1,0.276164159736017,0.0124953171930485,0,0,0.925166666666667,0.0343333333333333
15,20270823,20280823,"unit_recodings","ordinary",3000,30000,23,23,20,6,0.2,0.187853669102168,0.416113314540363,0.848036517495441,0.695639125216488,0.990385858053281,0.964985103833539,0.0106666666666667,0.948051948051948,0.27661993040691,0.0120395465221554,-0.00100355435188942,0.00100355435188942,0.923833333333333,0.0383333333333333
15,20270823,20280823,"unit_recodings","exact_deduplication",3000,30000,23,23,20,6,0.2,0.187853669102168,0.416113314540363,0.848036517495441,0.695639125216488,0.990385858053281,0.964985103833539,0.0106666666666667,0.948051948051948,0.27661993040691,0.0120395465221554,-0.00100355435188942,0.00100355435188942,0.923833333333333,0.0383333333333333
15,20270823,20280823,"unit_recodings","dimension_adjusted_mtry",3000,30000,23,23,20,7,0.2,0.153654364954965,0.399129117649181,0.851446277864567,0.719129661735922,0.992974133679577,0.967967786587075,0.00886666666666667,0.956628077612914,0.276489420830782,0.0121700560982833,-0.00113406392801724,0.00113406392801724,0.925666666666667,0.0355
15,20270823,20280823,"unit_recodings","class_sampled",3000,30000,23,20,20,6,0.2,0,0.399315973823777,0.844068054694356,0.715279052902755,1,1,0,1,0.276164159736017,0.0124953171930485,0,0,0.925166666666667,0.0343333333333333
15,20270823,20280823,"complements","ordinary",3000,30000,23,23,20,6,0.2,0.173831308683656,0.399792030161608,0.854396942672101,0.707886727127874,0.990850457787408,0.965485988187873,0.00946666666666667,0.953760989905568,0.281734864444159,0.00692461248490644,0.00411137968535957,-0.00411137968535957,0.955833333333333,0.0206666666666667
15,20270823,20280823,"complements","exact_deduplication",3000,30000,23,23,20,6,0.2,0.173831308683656,0.399792030161608,0.854396942672101,0.707886727127874,0.990850457787408,0.965485988187873,0.00946666666666667,0.953760989905568,0.281734864444159,0.00692461248490644,0.00411137968535957,-0.00411137968535957,0.955833333333333,0.0206666666666667
15,20270823,20280823,"complements","dimension_adjusted_mtry",3000,30000,23,23,20,7,0.2,0.17377411407634,0.387847785355811,0.862841661728203,0.727282790912981,0.990009943664623,0.96714810314972,0.00953333333333333,0.953442943187368,0.281460256215148,0.00719922071391754,0.00383677145634848,-0.00383677145634848,0.956,0.0191666666666667
15,20270823,20280823,"complements","class_sampled",3000,30000,23,20,20,6,0.2,0,0.399315973823777,0.844068054694356,0.715279052902755,1,1,0,1,0.276164159736017,0.0124953171930485,0,0,0.925166666666667,0.0343333333333333
15,20270823,20280823,"raw_log_rank","ordinary",3000,30000,26,26,20,6,0.2,0.380861217369786,0.323727428778164,0.891257998696009,0.734792987451103,0.980632685829471,0.95735667274773,0.0125333333333333,0.93923723335488,0.282805089496277,0.00585438743278827,0.00518160473747775,-0.00518160473747775,0.964333333333333,0.015
15,20270823,20280823,"raw_log_rank","exact_deduplication",3000,30000,26,26,20,6,0.2,0.380861217369786,0.323727428778164,0.891257998696009,0.734792987451103,0.980632685829471,0.95735667274773,0.0125333333333333,0.93923723335488,0.282805089496277,0.00585438743278827,0.00518160473747775,-0.00518160473747775,0.964333333333333,0.015
15,20270823,20280823,"raw_log_rank","dimension_adjusted_mtry",3000,30000,26,26,20,8,0.2,0.451636306246912,0.315037911724218,0.888161466273591,0.739241316584935,0.975156294587771,0.95343307475937,0.0131333333333333,0.936420848797805,0.282979351129008,0.00568012580005717,0.00535586637020885,-0.00535586637020885,0.965333333333333,0.0143333333333333
15,20270823,20280823,"raw_log_rank","class_sampled",3000,30000,26,20,20,6,0.2,0,0.399315973823777,0.844068054694356,0.715279052902755,1,1,0,1,0.276164159736017,0.0124953171930485,0,0,0.925166666666667,0.0343333333333333
15,20270823,20280823,"routine_bundle","ordinary",3000,30000,35,35,20,6,0.2,0.325505458576558,0.327446904994674,0.886661927509391,0.704766337155518,0.980920838686525,0.950006803341341,0.012,0.941747572815534,0.282762132808038,0.00589734412102744,0.00513864804923858,-0.00513864804923858,0.962,0.0176666666666667
15,20270823,20280823,"routine_bundle","exact_deduplication",3000,30000,35,32,20,6,0.2,0.300579289182838,0.33160435768578,0.892036734227181,0.70742402738336,0.981702312066964,0.951127423314586,0.0116666666666667,0.94331983805668,0.283136433023963,0.00552304390510289,0.00551294826516313,-0.00551294826516313,0.962166666666667,0.0195
15,20270823,20280823,"routine_bundle","dimension_adjusted_mtry",3000,30000,35,35,20,11,0.2,0.449841128129692,0.308372095094971,0.889697692739986,0.733900769180334,0.970392951955526,0.946826238659585,0.0144,0.93050193050193,0.283482043637556,0.00517743329150916,0.00585855887875686,-0.00585855887875686,0.968166666666667,0.0131666666666667
15,20270823,20280823,"routine_bundle","class_sampled",3000,30000,35,20,20,6,0.2,0,0.399315973823777,0.844068054694356,0.715279052902755,1,1,0,1,0.276164159736017,0.0124953171930485,0,0,0.925166666666667,0.0343333333333333
16,20270824,20280824,"canonical","ordinary",3000,30000,20,20,20,6,0.2,0,0.403096498649951,0.818829001833537,0.657750768579279,1,1,0,1,0.278728714647734,0.0107840447564303,0,0,0.917666666666667,0.0558333333333333
16,20270824,20280824,"canonical","exact_deduplication",3000,30000,20,20,20,6,0.2,0,0.403096498649951,0.818829001833537,0.657750768579279,1,1,0,1,0.278728714647734,0.0107840447564303,0,0,0.917666666666667,0.0558333333333333
16,20270824,20280824,"canonical","dimension_adjusted_mtry",3000,30000,20,20,20,6,0.2,0,0.403096498649951,0.818829001833537,0.657750768579279,1,1,0,1,0.278728714647734,0.0107840447564303,0,0,0.917666666666667,0.0558333333333333
16,20270824,20280824,"canonical","class_sampled",3000,30000,20,20,20,6,0.2,0,0.406138941774502,0.81223447115393,0.661380614142867,1,1,0,1,0.278185548364909,0.0113272110392552,0,0,0.918,0.0533333333333333
16,20270824,20280824,"administrative_aliases","ordinary",3000,30000,23,23,20,6,0.2,0.178426295321967,0.390530430707985,0.804215411257957,0.647022748642914,0.994342600435587,0.963462214183402,0.014,0.932367149758454,0.278528763073488,0.0109839963306762,-0.000199951574245905,0.000199951574245905,0.925333333333333,0.0451666666666667
16,20270824,20280824,"administrative_aliases","exact_deduplication",3000,30000,23,20,20,6,0.2,0,0.403096498649951,0.818829001833537,0.657750768579279,1,1,0,1,0.278728714647734,0.0107840447564303,0,0,0.917666666666667,0.0558333333333333
16,20270824,20280824,"administrative_aliases","dimension_adjusted_mtry",3000,30000,23,23,20,7,0.2,0.208733162680277,0.379155177319513,0.814055762041369,0.647206805236896,0.994304669219336,0.96332042138769,0.0154,0.925854597977853,0.280935689641654,0.00857706976251049,0.00220697499391981,-0.00220697499391981,0.940833333333333,0.0351666666666667
16,20270824,20280824,"administrative_aliases","class_sampled",3000,30000,23,20,20,6,0.2,0,0.406138941774502,0.81223447115393,0.661380614142867,1,1,0,1,0.278185548364909,0.0113272110392552,0,0,0.918,0.0533333333333333
16,20270824,20280824,"unit_recodings","ordinary",3000,30000,23,23,20,6,0.2,0.162848323840991,0.408318642250042,0.82241657110414,0.641803047681115,0.991706308812749,0.96360841113512,0.0178,0.914791766395404,0.28028236798106,0.00923039142310395,0.00155365333332635,-0.00155365333332635,0.903666666666667,0.0823333333333333
16,20270824,20280824,"unit_recodings","exact_deduplication",3000,30000,23,23,20,6,0.2,0.162848323840991,0.408318642250042,0.82241657110414,0.641803047681115,0.991706308812749,0.96360841113512,0.0178,0.914791766395404,0.28028236798106,0.00923039142310395,0.00155365333332635,-0.00155365333332635,0.903666666666667,0.0823333333333333
16,20270824,20280824,"unit_recodings","dimension_adjusted_mtry",3000,30000,23,23,20,7,0.2,0.144805920239667,0.402336112243327,0.82642221246775,0.653282530837425,0.992912226935041,0.965228876696921,0.0182666666666667,0.912655403251514,0.28143301675605,0.00807974264811367,0.00270430210831663,-0.00270430210831663,0.906333333333333,0.0843333333333333
16,20270824,20280824,"unit_recodings","class_sampled",3000,30000,23,20,20,6,0.2,0,0.406138941774502,0.81223447115393,0.661380614142867,1,1,0,1,0.278185548364909,0.0113272110392552,0,0,0.918,0.0533333333333333
16,20270824,20280824,"complements","ordinary",3000,30000,23,23,20,6,0.2,0.168772436047649,0.401240660248369,0.850467643126857,0.650205570384228,0.991392529077929,0.959623822962249,0.0159333333333333,0.923385157877865,0.284501607459702,0.00501115194446244,0.00577289281196786,-0.00577289281196786,0.938833333333333,0.0553333333333333
16,20270824,20280824,"complements","exact_deduplication",3000,30000,23,23,20,6,0.2,0.168772436047649,0.401240660248369,0.850467643126857,0.650205570384228,0.991392529077929,0.959623822962249,0.0159333333333333,0.923385157877865,0.284501607459702,0.00501115194446244,0.00577289281196786,-0.00577289281196786,0.938833333333333,0.0553333333333333
16,20270824,20280824,"complements","dimension_adjusted_mtry",3000,30000,23,23,20,7,0.2,0.160379699977708,0.384546621735035,0.850323879095076,0.660201824234002,0.991565196079898,0.961420271401578,0.0154666666666667,0.925545571245186,0.283701263164868,0.00581149623929589,0.00497254851713441,-0.00497254851713441,0.947,0.0406666666666667
16,20270824,20280824,"complements","class_sampled",3000,30000,23,20,20,6,0.2,0,0.406138941774502,0.81223447115393,0.661380614142867,1,1,0,1,0.278185548364909,0.0113272110392552,0,0,0.918,0.0533333333333333
16,20270824,20280824,"raw_log_rank","ordinary",3000,30000,26,26,20,6,0.2,0.299381366303611,0.333425124759836,0.873173912952391,0.66492897765081,0.986404848344354,0.956036540422263,0.0181333333333333,0.913265306122449,0.285539759704168,0.0039729996999957,0.0068110450564346,-0.0068110450564346,0.955166666666667,0.0378333333333333
16,20270824,20280824,"raw_log_rank","exact_deduplication",3000,30000,26,26,20,6,0.2,0.299381366303611,0.333425124759836,0.873173912952391,0.66492897765081,0.986404848344354,0.956036540422263,0.0181333333333333,0.913265306122449,0.285539759704168,0.0039729996999957,0.0068110450564346,-0.0068110450564346,0.955166666666667,0.0378333333333333
16,20270824,20280824,"raw_log_rank","dimension_adjusted_mtry",3000,30000,26,26,20,8,0.2,0.358852376238075,0.31825637047683,0.883681875259357,0.669620905114245,0.981885634477399,0.955007427419342,0.0216666666666667,0.897233201581028,0.286422966038851,0.00308979336531312,0.00769425139111718,-0.00769425139111718,0.965333333333333,0.0285
16,20270824,20280824,"raw_log_rank","class_sampled",3000,30000,26,20,20,6,0.2,0,0.406138941774502,0.81223447115393,0.661380614142867,1,1,0,1,0.278185548364909,0.0113272110392552,0,0,0.918,0.0533333333333333
16,20270824,20280824,"routine_bundle","ordinary",3000,30000,35,35,20,6,0.2,0.295729765290818,0.331100004030666,0.877482668638129,0.65990609287634,0.983780411582661,0.95344547895005,0.019,0.909307875894988,0.285435456013929,0.00407730339023504,0.00670674136619526,-0.00670674136619526,0.956333333333333,0.0358333333333333
16,20270824,20280824,"routine_bundle","exact_deduplication",3000,30000,35,32,20,6,0.2,0.261302860394947,0.334572700524845,0.883957346568091,0.664432462862258,0.981517334327807,0.956391479775102,0.019,0.909307875894988,0.285755038532265,0.00375772087189902,0.00702632388453128,-0.00702632388453128,0.951666666666667,0.0438333333333333
16,20270824,20280824,"routine_bundle","dimension_adjusted_mtry",3000,30000,35,35,20,11,0.2,0.360476641590991,0.313225456594241,0.883774838256865,0.662617105534019,0.981196986316256,0.953124206115916,0.0222666666666667,0.894537417113988,0.28631777396085,0.00319498544331459,0.00758905931311571,-0.00758905931311571,0.969,0.023
16,20270824,20280824,"routine_bundle","class_sampled",3000,30000,35,20,20,6,0.2,0,0.406138941774502,0.81223447115393,0.661380614142867,1,1,0,1,0.278185548364909,0.0113272110392552,0,0,0.918,0.0533333333333333
17,20270825,20280825,"canonical","ordinary",3000,30000,20,20,20,6,0.2,0,0.411595521447339,0.804150063246433,0.703355565412173,1,1,0,1,0.276545251368966,0.0131731150566203,0,0,0.900166666666667,0.0643333333333333
17,20270825,20280825,"canonical","exact_deduplication",3000,30000,20,20,20,6,0.2,0,0.411595521447339,0.804150063246433,0.703355565412173,1,1,0,1,0.276545251368966,0.0131731150566203,0,0,0.900166666666667,0.0643333333333333
17,20270825,20280825,"canonical","dimension_adjusted_mtry",3000,30000,20,20,20,6,0.2,0,0.411595521447339,0.804150063246433,0.703355565412173,1,1,0,1,0.276545251368966,0.0131731150566203,0,0,0.900166666666667,0.0643333333333333
17,20270825,20280825,"canonical","class_sampled",3000,30000,20,20,20,6,0.2,0,0.412354341028612,0.805510368707657,0.698635156683372,1,1,0,1,0.275892834151471,0.0138255322741145,0,0,0.902333333333333,0.0595
17,20270825,20280825,"administrative_aliases","ordinary",3000,30000,23,23,20,6,0.2,0.209957818632042,0.395630331970926,0.7962486919562,0.687476295573196,0.994251823117927,0.949905321551006,0.0160666666666667,0.922768787053357,0.277070671871731,0.0126476945538544,0.000525420502765828,-0.000525420502765828,0.914833333333333,0.0488333333333333
17,20270825,20280825,"administrative_aliases","exact_deduplication",3000,30000,23,20,20,6,0.2,0,0.411595521447339,0.804150063246433,0.703355565412173,1,1,0,1,0.276545251368966,0.0131731150566203,0,0,0.900166666666667,0.0643333333333333
17,20270825,20280825,"administrative_aliases","dimension_adjusted_mtry",3000,30000,23,23,20,7,0.2,0.267267333580431,0.385610407127242,0.80796071098197,0.702094673296105,0.994094626166303,0.952482368111203,0.0191333333333333,0.908700493080961,0.279875199033083,0.00984316739250285,0.00332994766411743,-0.00332994766411743,0.932666666666667,0.0393333333333333
17,20270825,20280825,"administrative_aliases","class_sampled",3000,30000,23,20,20,6,0.2,0,0.412354341028612,0.805510368707657,0.698635156683372,1,1,0,1,0.275892834151471,0.0138255322741145,0,0,0.902333333333333,0.0595
17,20270825,20280825,"unit_recodings","ordinary",3000,30000,23,23,20,6,0.2,0.145118933659862,0.415984340403621,0.804409290374431,0.69335442764106,0.993776434310445,0.956946476582385,0.0187333333333333,0.910523801942366,0.273511314997701,0.0162070514278844,-0.00303393637126415,0.00303393637126415,0.8765,0.083
17,20270825,20280825,"unit_recodings","exact_deduplication",3000,30000,23,23,20,6,0.2,0.145118933659862,0.415984340403621,0.804409290374431,0.69335442764106,0.993776434310445,0.956946476582385,0.0187333333333333,0.910523801942366,0.273511314997701,0.0162070514278844,-0.00303393637126415,0.00303393637126415,0.8765,0.083
17,20270825,20280825,"unit_recodings","dimension_adjusted_mtry",3000,30000,23,23,20,7,0.2,0.136178140269674,0.405266761421585,0.81449595255665,0.68876170225818,0.994307017434819,0.956365469415517,0.0155333333333333,0.925236643670785,0.27733866263237,0.0123797037932156,0.000793411263404653,-0.000793411263404653,0.901333333333333,0.0676666666666667
17,20270825,20280825,"unit_recodings","class_sampled",3000,30000,23,20,20,6,0.2,0,0.412354341028612,0.805510368707657,0.698635156683372,1,1,0,1,0.275892834151471,0.0138255322741145,0,0,0.902333333333333,0.0595
17,20270825,20280825,"complements","ordinary",3000,30000,23,23,20,6,0.2,0.173420193693994,0.409958288572951,0.829649286579934,0.697265919920073,0.991880817671438,0.955902192169669,0.0178,0.914791766395404,0.28058263645933,0.00913572996625572,0.00403738509036455,-0.00403738509036455,0.9315,0.0435
17,20270825,20280825,"complements","exact_deduplication",3000,30000,23,23,20,6,0.2,0.173420193693994,0.409958288572951,0.829649286579934,0.697265919920073,0.991880817671438,0.955902192169669,0.0178,0.914791766395404,0.28058263645933,0.00913572996625572,0.00403738509036455,-0.00403738509036455,0.9315,0.0435
17,20270825,20280825,"complements","dimension_adjusted_mtry",3000,30000,23,23,20,7,0.2,0.177583988939316,0.393328691294548,0.834949683997479,0.71071342129057,0.99146681697579,0.955994609637772,0.0205333333333333,0.902346227013316,0.282915149524876,0.00680321690071028,0.00636989815590999,-0.00636989815590999,0.943166666666667,0.0403333333333333
17,20270825,20280825,"complements","class_sampled",3000,30000,23,20,20,6,0.2,0,0.412354341028612,0.805510368707657,0.698635156683372,1,1,0,1,0.275892834151471,0.0138255322741145,0,0,0.902333333333333,0.0595
17,20270825,20280825,"raw_log_rank","ordinary",3000,30000,26,26,20,6,0.2,0.317739011405764,0.345610424661451,0.862504103887218,0.687906410668785,0.984162236375501,0.947163969182182,0.0259333333333333,0.878228204726874,0.28634396603531,0.00337440039027637,0.00979871466634391,-0.00979871466634391,0.959,0.0361666666666667
17,20270825,20280825,"raw_log_rank","exact_deduplication",3000,30000,26,26,20,6,0.2,0.317739011405764,0.345610424661451,0.862504103887218,0.687906410668785,0.984162236375501,0.947163969182182,0.0259333333333333,0.878228204726874,0.28634396603531,0.00337440039027637,0.00979871466634391,-0.00979871466634391,0.959,0.0361666666666667
17,20270825,20280825,"raw_log_rank","dimension_adjusted_mtry",3000,30000,26,26,20,8,0.2,0.354503608332704,0.334467489928306,0.868364026489158,0.7056405760276,0.982334169227329,0.944192721926881,0.0293333333333333,0.863354037267081,0.286957637174709,0.00276072925087734,0.0104123858057429,-0.0104123858057429,0.970166666666667,0.0243333333333333
17,20270825,20280825,"raw_log_rank","class_sampled",3000,30000,26,20,20,6,0.2,0,0.412354341028612,0.805510368707657,0.698635156683372,1,1,0,1,0.275892834151471,0.0138255322741145,0,0,0.902333333333333,0.0595
17,20270825,20280825,"routine_bundle","ordinary",3000,30000,35,35,20,6,0.2,0.335351752993505,0.342553210901702,0.866055847493221,0.673771522601968,0.982538064919482,0.94101485455935,0.0267333333333333,0.874707077019216,0.286668483909258,0.0030498825163276,0.0101232325402927,-0.0101232325402927,0.961833333333333,0.0338333333333333
17,20270825,20280825,"routine_bundle","exact_deduplication",3000,30000,35,32,20,6,0.2,0.303347478671556,0.349123441665887,0.86664002139361,0.69819992949,0.982747974535017,0.944521660906802,0.0257333333333333,0.879110554337614,0.28629589482609,0.00342247159949616,0.00975064345712412,-0.00975064345712412,0.9585,0.0363333333333333
17,20270825,20280825,"routine_bundle","dimension_adjusted_mtry",3000,30000,35,35,20,11,0.2,0.383094268785699,0.331709641254519,0.867762002919938,0.686710696535456,0.978866637610656,0.939987893476431,0.0318,0.852709587772117,0.287613475657393,0.00210489076819304,0.0110682242884272,-0.0110682242884272,0.977833333333333,0.017
17,20270825,20280825,"routine_bundle","class_sampled",3000,30000,35,20,20,6,0.2,0,0.412354341028612,0.805510368707657,0.698635156683372,1,1,0,1,0.275892834151471,0.0138255322741145,0,0,0.902333333333333,0.0595
18,20270826,20280826,"canonical","ordinary",3000,30000,20,20,20,6,0.2,0,0.378764934271597,0.811764790593897,0.655100690253667,1,1,0,1,0.27997455047126,0.00958554076764112,0,0,0.947333333333333,0.0233333333333333
18,20270826,20280826,"canonical","exact_deduplication",3000,30000,20,20,20,6,0.2,0,0.378764934271597,0.811764790593897,0.655100690253667,1,1,0,1,0.27997455047126,0.00958554076764112,0,0,0.947333333333333,0.0233333333333333
18,20270826,20280826,"canonical","dimension_adjusted_mtry",3000,30000,20,20,20,6,0.2,0,0.378764934271597,0.811764790593897,0.655100690253667,1,1,0,1,0.27997455047126,0.00958554076764112,0,0,0.947333333333333,0.0233333333333333
18,20270826,20280826,"canonical","class_sampled",3000,30000,20,20,20,6,0.2,0,0.377796584869225,0.812399701760536,0.6577598750584,1,1,0,1,0.279785977025091,0.00977411421381014,0,0,0.945666666666667,0.0243333333333333
18,20270826,20280826,"administrative_aliases","ordinary",3000,30000,23,23,20,6,0.2,0.213422193791132,0.362129692439699,0.810894412003085,0.665892815870548,0.99603429497779,0.960790576470212,0.00906666666666667,0.955671447196871,0.279242147740336,0.0103179434985657,-0.00073240273092462,0.00073240273092462,0.948333333333333,0.0181666666666667
18,20270826,20280826,"administrative_aliases","exact_deduplication",3000,30000,23,20,20,6,0.2,0,0.378764934271597,0.811764790593897,0.655100690253667,1,1,0,1,0.27997455047126,0.00958554076764112,0,0,0.947333333333333,0.0233333333333333
18,20270826,20280826,"administrative_aliases","dimension_adjusted_mtry",3000,30000,23,23,20,7,0.2,0.25537890073639,0.352942504298947,0.820157660245272,0.659082293636314,0.995482345307337,0.960632035066924,0.00913333333333333,0.955352778230406,0.281369675803823,0.00819041543507781,0.00139512533256331,-0.00139512533256331,0.9545,0.02
18,20270826,20280826,"administrative_aliases","class_sampled",3000,30000,23,20,20,6,0.2,0,0.377796584869225,0.812399701760536,0.6577598750584,1,1,0,1,0.279785977025091,0.00977411421381014,0,0,0.945666666666667,0.0243333333333333
18,20270826,20280826,"unit_recodings","ordinary",3000,30000,23,23,20,6,0.2,0.148132836187217,0.385614715057931,0.810467568642445,0.645333645985926,0.995473046185247,0.961080048623867,0.0111333333333333,0.945840765364034,0.27959647129677,0.00996361994213169,-0.000378079174490564,0.000378079174490564,0.938166666666667,0.0333333333333333
18,20270826,20280826,"unit_recodings","exact_deduplication",3000,30000,23,23,20,6,0.2,0.148132836187217,0.385614715057931,0.810467568642445,0.645333645985926,0.995473046185247,0.961080048623867,0.0111333333333333,0.945840765364034,0.27959647129677,0.00996361994213169,-0.000378079174490564,0.000378079174490564,0.938166666666667,0.0333333333333333
18,20270826,20280826,"unit_recodings","dimension_adjusted_mtry",3000,30000,23,23,20,7,0.2,0.137851265244259,0.37184267789057,0.820645215738696,0.656938168981931,0.995573262449865,0.962157323684175,0.0094,0.954079140205178,0.280396350060494,0.0091637411784069,0.000421799589234217,-0.000421799589234217,0.948,0.0235
18,20270826,20280826,"unit_recodings","class_sampled",3000,30000,23,20,20,6,0.2,0,0.377796584869225,0.812399701760536,0.6577598750584,1,1,0,1,0.279785977025091,0.00977411421381014,0,0,0.945666666666667,0.0243333333333333
18,20270826,20280826,"complements","ordinary",3000,30000,23,23,20,6,0.2,0.183123960173029,0.370329973472414,0.834348203901726,0.647466747700296,0.992939597960729,0.960440163938711,0.0106,0.948368241597662,0.281993364483298,0.00756672675560294,0.00201881401203818,-0.00201881401203818,0.956166666666667,0.0205
18,20270826,20280826,"complements","exact_deduplication",3000,30000,23,23,20,6,0.2,0.183123960173029,0.370329973472414,0.834348203901726,0.647466747700296,0.992939597960729,0.960440163938711,0.0106,0.948368241597662,0.281993364483298,0.00756672675560294,0.00201881401203818,-0.00201881401203818,0.956166666666667,0.0205
18,20270826,20280826,"complements","dimension_adjusted_mtry",3000,30000,23,23,20,7,0.2,0.183989950004552,0.360645932668395,0.835647623296082,0.656803304882226,0.99261303287833,0.959819063828243,0.00953333333333333,0.953442943187368,0.281992809064023,0.00756728217487862,0.0020182585927625,-0.0020182585927625,0.956166666666667,0.0208333333333333
18,20270826,20280826,"complements","class_sampled",3000,30000,23,20,20,6,0.2,0,0.377796584869225,0.812399701760536,0.6577598750584,1,1,0,1,0.279785977025091,0.00977411421381014,0,0,0.945666666666667,0.0243333333333333
18,20270826,20280826,"raw_log_rank","ordinary",3000,30000,26,26,20,6,0.2,0.36133117262932,0.311232042991972,0.866040733178302,0.672997376302441,0.984102422123193,0.951985620630206,0.0114666666666667,0.944264419961115,0.284745903166148,0.00481418807275324,0.00477135269488788,-0.00477135269488788,0.960666666666667,0.0278333333333333
18,20270826,20280826,"raw_log_rank","exact_deduplication",3000,30000,26,26,20,6,0.2,0.36133117262932,0.311232042991972,0.866040733178302,0.672997376302441,0.984102422123193,0.951985620630206,0.0114666666666667,0.944264419961115,0.284745903166148,0.00481418807275324,0.00477135269488788,-0.00477135269488788,0.960666666666667,0.0278333333333333
18,20270826,20280826,"raw_log_rank","dimension_adjusted_mtry",3000,30000,26,26,20,8,0.2,0.444492148687396,0.299634643312891,0.872806048968587,0.682455027368506,0.977811810666457,0.950429984683589,0.0118666666666667,0.942376173518938,0.284412188033365,0.00514790320553671,0.00443763756210441,-0.00443763756210441,0.964833333333333,0.0205
18,20270826,20280826,"raw_log_rank","class_sampled",3000,30000,26,20,20,6,0.2,0,0.377796584869225,0.812399701760536,0.6577598750584,1,1,0,1,0.279785977025091,0.00977411421381014,0,0,0.945666666666667,0.0243333333333333
18,20270826,20280826,"routine_bundle","ordinary",3000,30000,35,35,20,6,0.2,0.401790355279283,0.313513797415872,0.862284704941926,0.658133792215704,0.984788952778747,0.947447909226942,0.0113333333333333,0.944894651539708,0.283901416990504,0.00565867424839739,0.00392686651924373,-0.00392686651924373,0.960333333333333,0.024
18,20270826,20280826,"routine_bundle","exact_deduplication",3000,30000,35,32,20,6,0.2,0.360889740297909,0.314371353297586,0.866722263566215,0.65884111941249,0.98232918515574,0.945199192135555,0.0126,0.938923897237033,0.285367895131839,0.00419219610706262,0.0053933446605785,-0.0053933446605785,0.961833333333333,0.029
18,20270826,20280826,"routine_bundle","dimension_adjusted_mtry",3000,30000,35,35,20,11,0.2,0.528888501906926,0.296649853376359,0.873101378674569,0.669358574311287,0.975105191064085,0.946358153477731,0.0130666666666667,0.936733376371853,0.284650821051809,0.00490927018709258,0.00467627058054854,-0.00467627058054854,0.966833333333333,0.0186666666666667
18,20270826,20280826,"routine_bundle","class_sampled",3000,30000,35,20,20,6,0.2,0,0.377796584869225,0.812399701760536,0.6577598750584,1,1,0,1,0.279785977025091,0.00977411421381014,0,0,0.945666666666667,0.0243333333333333
19,20270827,20280827,"canonical","ordinary",3000,30000,20,20,20,6,0.2,0,0.414386901799796,0.818507852608608,0.638916136556129,1,1,0,1,0.272409889988708,0.0171582580221033,0,0,0.879333333333333,0.0746666666666667
19,20270827,20280827,"canonical","exact_deduplication",3000,30000,20,20,20,6,0.2,0,0.414386901799796,0.818507852608608,0.638916136556129,1,1,0,1,0.272409889988708,0.0171582580221033,0,0,0.879333333333333,0.0746666666666667
19,20270827,20280827,"canonical","dimension_adjusted_mtry",3000,30000,20,20,20,6,0.2,0,0.414386901799796,0.818507852608608,0.638916136556129,1,1,0,1,0.272409889988708,0.0171582580221033,0,0,0.879333333333333,0.0746666666666667
19,20270827,20280827,"canonical","class_sampled",3000,30000,20,20,20,6,0.2,0,0.423828482150141,0.813160076151953,0.627909383631455,1,1,0,1,0.271281120042142,0.0182870279686696,0,0,0.863833333333333,0.0895
19,20270827,20280827,"administrative_aliases","ordinary",3000,30000,23,23,20,6,0.2,0.201221525635425,0.400421292183981,0.802678962027501,0.629316974930352,0.992884276638717,0.958631695472702,0.0121333333333333,0.941119378841799,0.270256905996073,0.0193112420147388,-0.00215298399263547,0.00215298399263547,0.879833333333333,0.0643333333333333
19,20270827,20280827,"administrative_aliases","exact_deduplication",3000,30000,23,20,20,6,0.2,0,0.414386901799796,0.818507852608608,0.638916136556129,1,1,0,1,0.272409889988708,0.0171582580221033,0,0,0.879333333333333,0.0746666666666667
19,20270827,20280827,"administrative_aliases","dimension_adjusted_mtry",3000,30000,23,23,20,7,0.2,0.250949842963427,0.389451903579942,0.811585388277124,0.627633900311593,0.992419022977811,0.953621573212024,0.0139333333333333,0.932678370107908,0.27330206313378,0.0162660848770312,0.000892173145072062,-0.000892173145072062,0.899333333333333,0.0533333333333333
19,20270827,20280827,"administrative_aliases","class_sampled",3000,30000,23,20,20,6,0.2,0,0.423828482150141,0.813160076151953,0.627909383631455,1,1,0,1,0.271281120042142,0.0182870279686696,0,0,0.863833333333333,0.0895
19,20270827,20280827,"unit_recodings","ordinary",3000,30000,23,23,20,6,0.2,0.172581082992076,0.422689862907745,0.816389334189598,0.626273757318526,0.99032814206585,0.964263623370515,0.0218666666666667,0.896333754740834,0.268586496000932,0.0209816520098793,-0.00382339398777598,0.00382339398777598,0.835666666666667,0.115333333333333
19,20270827,20280827,"unit_recodings","exact_deduplication",3000,30000,23,23,20,6,0.2,0.172581082992076,0.422689862907745,0.816389334189598,0.626273757318526,0.99032814206585,0.964263623370515,0.0218666666666667,0.896333754740834,0.268586496000932,0.0209816520098793,-0.00382339398777598,0.00382339398777598,0.835666666666667,0.115333333333333
19,20270827,20280827,"unit_recodings","dimension_adjusted_mtry",3000,30000,23,23,20,7,0.2,0.190757238813595,0.410776075035128,0.823988849408122,0.629797233001108,0.991888968611684,0.96217900879131,0.0130666666666667,0.936733376371853,0.272735341448699,0.0168328065621123,0.000325451459990966,-0.000325451459990966,0.865166666666667,0.0958333333333333
19,20270827,20280827,"unit_recodings","class_sampled",3000,30000,23,20,20,6,0.2,0,0.423828482150141,0.813160076151953,0.627909383631455,1,1,0,1,0.271281120042142,0.0182870279686696,0,0,0.863833333333333,0.0895
19,20270827,20280827,"complements","ordinary",3000,30000,23,23,20,6,0.2,0.167065862846,0.415892233806443,0.83402476576198,0.638434914712483,0.991396232460174,0.959850586010501,0.0122,0.940805434255216,0.274832885852652,0.0147352621581597,0.00242299586394357,-0.00242299586394357,0.898833333333333,0.0608333333333333
19,20270827,20280827,"complements","exact_deduplication",3000,30000,23,23,20,6,0.2,0.167065862846,0.415892233806443,0.83402476576198,0.638434914712483,0.991396232460174,0.959850586010501,0.0122,0.940805434255216,0.274832885852652,0.0147352621581597,0.00242299586394357,-0.00242299586394357,0.898833333333333,0.0608333333333333
19,20270827,20280827,"complements","dimension_adjusted_mtry",3000,30000,23,23,20,7,0.2,0.156250544471928,0.403813698638931,0.840035343572576,0.646044663307605,0.991614748052415,0.964255626274062,0.0136666666666667,0.93392425463336,0.275490817826687,0.0140773301841243,0.00308092783797898,-0.00308092783797898,0.904166666666667,0.0575
19,20270827,20280827,"complements","class_sampled",3000,30000,23,20,20,6,0.2,0,0.423828482150141,0.813160076151953,0.627909383631455,1,1,0,1,0.271281120042142,0.0182870279686696,0,0,0.863833333333333,0.0895
19,20270827,20280827,"raw_log_rank","ordinary",3000,30000,26,26,20,6,0.2,0.333312958256251,0.348982770519661,0.863891333261084,0.643791133862879,0.985571175227268,0.95833632492704,0.0152666666666667,0.926472949109006,0.27651870379701,0.0130494442138022,0.00410881380830114,-0.00410881380830114,0.906,0.0603333333333333
19,20270827,20280827,"raw_log_rank","exact_deduplication",3000,30000,26,26,20,6,0.2,0.333312958256251,0.348982770519661,0.863891333261084,0.643791133862879,0.985571175227268,0.95833632492704,0.0152666666666667,0.926472949109006,0.27651870379701,0.0130494442138022,0.00410881380830114,-0.00410881380830114,0.906,0.0603333333333333
19,20270827,20280827,"raw_log_rank","dimension_adjusted_mtry",3000,30000,26,26,20,8,0.2,0.381655522235697,0.335892983383695,0.867275537729135,0.649462616065181,0.982140981473073,0.960616015683796,0.0202,0.903855306996668,0.27559931941042,0.0139688286003922,0.00318942942171113,-0.00318942942171113,0.917333333333333,0.0408333333333333
19,20270827,20280827,"raw_log_rank","class_sampled",3000,30000,26,20,20,6,0.2,0,0.423828482150141,0.813160076151953,0.627909383631455,1,1,0,1,0.271281120042142,0.0182870279686696,0,0,0.863833333333333,0.0895
19,20270827,20280827,"routine_bundle","ordinary",3000,30000,35,35,20,6,0.2,0.336553733862973,0.348342446566717,0.862335939267017,0.641321137532579,0.986458838875494,0.957083367574093,0.0162,0.922152811148486,0.276367450909227,0.0132006971015849,0.00395756092051835,-0.00395756092051835,0.908666666666667,0.056
19,20270827,20280827,"routine_bundle","exact_deduplication",3000,30000,35,32,20,6,0.2,0.311333335279493,0.35183554561967,0.868332547306869,0.647235381734262,0.983767877918972,0.956774779788861,0.0153333333333333,0.926163723916533,0.276592412457207,0.0129757355536051,0.00418252246849815,-0.00418252246849815,0.905833333333333,0.0611666666666667
19,20270827,20280827,"routine_bundle","dimension_adjusted_mtry",3000,30000,35,35,20,11,0.2,0.409274512514109,0.33055613429951,0.871076584815355,0.655786775209096,0.979329203191303,0.955435718379817,0.0207333333333333,0.901441926794486,0.276162908949746,0.0134052390610652,0.00375301896103813,-0.00375301896103813,0.919166666666667,0.0411666666666667
19,20270827,20280827,"routine_bundle","class_sampled",3000,30000,35,20,20,6,0.2,0,0.423828482150141,0.813160076151953,0.627909383631455,1,1,0,1,0.271281120042142,0.0182870279686696,0,0,0.863833333333333,0.0895
20,20270828,20280828,"canonical","ordinary",3000,30000,20,20,20,6,0.2,0,0.363657042166652,0.848909479669244,0.669509200710566,1,1,0,1,0.277854127691286,0.0112379544129824,0,0,0.906833333333333,0.0643333333333333
20,20270828,20280828,"canonical","exact_deduplication",3000,30000,20,20,20,6,0.2,0,0.363657042166652,0.848909479669244,0.669509200710566,1,1,0,1,0.277854127691286,0.0112379544129824,0,0,0.906833333333333,0.0643333333333333
20,20270828,20280828,"canonical","dimension_adjusted_mtry",3000,30000,20,20,20,6,0.2,0,0.363657042166652,0.848909479669244,0.669509200710566,1,1,0,1,0.277854127691286,0.0112379544129824,0,0,0.906833333333333,0.0643333333333333
20,20270828,20280828,"canonical","class_sampled",3000,30000,20,20,20,6,0.2,0,0.365870891599601,0.842010392483165,0.664691071471435,1,1,0,1,0.277858386333773,0.0112336957704949,0,0,0.897,0.0768333333333333
20,20270828,20280828,"administrative_aliases","ordinary",3000,30000,23,23,20,6,0.2,0.199172561734466,0.353181740736927,0.830326838514711,0.650059251227177,0.995205333881864,0.978148009024165,0.00826666666666667,0.959503592423253,0.275862800246542,0.013229281857726,-0.00199132744474367,0.00199132744474367,0.906,0.0563333333333333
20,20270828,20280828,"administrative_aliases","exact_deduplication",3000,30000,23,20,20,6,0.2,0,0.363657042166652,0.848909479669244,0.669509200710566,1,1,0,1,0.277854127691286,0.0112379544129824,0,0,0.906833333333333,0.0643333333333333
20,20270828,20280828,"administrative_aliases","dimension_adjusted_mtry",3000,30000,23,23,20,7,0.2,0.253075000566934,0.342743627111897,0.838813396238029,0.655635845456929,0.995679599597762,0.978288615049654,0.00973333333333333,0.95248942401562,0.274924909741388,0.0141671723628801,-0.00292921794989776,0.00292921794989776,0.91,0.0468333333333333
20,20270828,20280828,"administrative_aliases","class_sampled",3000,30000,23,20,20,6,0.2,0,0.365870891599601,0.842010392483165,0.664691071471435,1,1,0,1,0.277858386333773,0.0112336957704949,0,0,0.897,0.0768333333333333
20,20270828,20280828,"unit_recodings","ordinary",3000,30000,23,23,20,6,0.2,0.183896743967562,0.371502362003368,0.847225062973596,0.65050616268634,0.990729870926291,0.973484102591871,0.0127333333333333,0.938297528670651,0.279359720074187,0.00973236203008121,0.00150559238290116,-0.00150559238290116,0.892,0.091
20,20270828,20280828,"unit_recodings","exact_deduplication",3000,30000,23,23,20,6,0.2,0.183896743967562,0.371502362003368,0.847225062973596,0.65050616268634,0.990729870926291,0.973484102591871,0.0127333333333333,0.938297528670651,0.279359720074187,0.00973236203008121,0.00150559238290116,-0.00150559238290116,0.892,0.091
20,20270828,20280828,"unit_recodings","dimension_adjusted_mtry",3000,30000,23,23,20,7,0.2,0.180491750316154,0.350351354314679,0.856870943807724,0.652294613596327,0.99214643837364,0.973916991060797,0.0084,0.958863858961802,0.279444005172894,0.00964807693137371,0.00158987748160866,-0.00158987748160866,0.905333333333333,0.0741666666666667
20,20270828,20280828,"unit_recodings","class_sampled",3000,30000,23,20,20,6,0.2,0,0.365870891599601,0.842010392483165,0.664691071471435,1,1,0,1,0.277858386333773,0.0112336957704949,0,0,0.897,0.0768333333333333
20,20270828,20280828,"complements","ordinary",3000,30000,23,23,20,6,0.2,0.174226303163549,0.348966010490128,0.874679272806078,0.666003825402671,0.99240764942707,0.974456551536063,0.00886666666666667,0.956628077612914,0.279521320651818,0.00957076145244962,0.00166719296053275,-0.00166719296053275,0.914666666666667,0.0626666666666667
20,20270828,20280828,"complements","exact_deduplication",3000,30000,23,23,20,6,0.2,0.174226303163549,0.348966010490128,0.874679272806078,0.666003825402671,0.99240764942707,0.974456551536063,0.00886666666666667,0.956628077612914,0.279521320651818,0.00957076145244962,0.00166719296053275,-0.00166719296053275,0.914666666666667,0.0626666666666667
20,20270828,20280828,"complements","dimension_adjusted_mtry",3000,30000,23,23,20,7,0.2,0.179990971372454,0.340667122858892,0.876253868986998,0.661113542796793,0.991963478532882,0.973812159223791,0.00933333333333333,0.954397394136808,0.27902544973771,0.0100666323665585,0.0011713220464239,-0.0011713220464239,0.915333333333333,0.0591666666666667
20,20270828,20280828,"complements","class_sampled",3000,30000,23,20,20,6,0.2,0,0.365870891599601,0.842010392483165,0.664691071471435,1,1,0,1,0.277858386333773,0.0112336957704949,0,0,0.897,0.0768333333333333
20,20270828,20280828,"raw_log_rank","ordinary",3000,30000,26,26,20,6,0.2,0.355843458112152,0.281848163261023,0.899706894564249,0.665655049298728,0.98220460126013,0.969883380536759,0.015,0.927710843373494,0.279979757734555,0.00911232436971265,0.00212563004326971,-0.00212563004326971,0.916166666666667,0.0623333333333333
20,20270828,20280828,"raw_log_rank","exact_deduplication",3000,30000,26,26,20,6,0.2,0.355843458112152,0.281848163261023,0.899706894564249,0.665655049298728,0.98220460126013,0.969883380536759,0.015,0.927710843373494,0.279979757734555,0.00911232436971265,0.00212563004326971,-0.00212563004326971,0.916166666666667,0.0623333333333333
20,20270828,20280828,"raw_log_rank","dimension_adjusted_mtry",3000,30000,26,26,20,8,0.2,0.405942313450549,0.267466346135539,0.907099345687437,0.680459159291177,0.978007872504928,0.966914350373016,0.0176,0.915708812260536,0.280978423630913,0.00811365847335471,0.00312429593962765,-0.00312429593962765,0.916333333333333,0.0668333333333333
20,20270828,20280828,"raw_log_rank","class_sampled",3000,30000,26,20,20,6,0.2,0,0.365870891599601,0.842010392483165,0.664691071471435,1,1,0,1,0.277858386333773,0.0112336957704949,0,0,0.897,0.0768333333333333
20,20270828,20280828,"routine_bundle","ordinary",3000,30000,35,35,20,6,0.2,0.374020231898102,0.281748230923448,0.900581259590216,0.661532141613702,0.981797518112411,0.967684212232538,0.0142666666666667,0.931123270035404,0.281156290837313,0.00793579126695526,0.0033021631460271,-0.0033021631460271,0.916666666666667,0.068
20,20270828,20280828,"routine_bundle","exact_deduplication",3000,30000,35,32,20,6,0.2,0.393421051203548,0.280888169709623,0.90734857980656,0.668219315120688,0.977537276545657,0.967013319970459,0.0162666666666667,0.921844971172325,0.282733058950773,0.00635902315349474,0.00487893125948763,-0.00487893125948763,0.914333333333333,0.0775
20,20270828,20280828,"routine_bundle","dimension_adjusted_mtry",3000,30000,35,35,20,11,0.2,0.425246615586058,0.260471413311095,0.909766961917233,0.663784785633094,0.97391967326774,0.962011853456902,0.0224,0.893939393939394,0.282239422054131,0.00685266005013707,0.00438529436284529,-0.00438529436284529,0.915333333333333,0.0741666666666667
20,20270828,20280828,"routine_bundle","class_sampled",3000,30000,35,20,20,6,0.2,0,0.365870891599601,0.842010392483165,0.664691071471435,1,1,0,1,0.277858386333773,0.0112336957704949,0,0,0.897,0.0768333333333333
