"sample","scenario","seed","raw_column","raw_name","class_id","representative","representative_name"
"simulation","canonical",1,1,"x01",13,TRUE,"x01"
"simulation","canonical",1,2,"x02",19,TRUE,"x02"
"simulation","canonical",1,3,"x03",10,TRUE,"x03"
"simulation","canonical",1,4,"x04",7,TRUE,"x04"
"simulation","canonical",1,5,"x05",9,TRUE,"x05"
"simulation","canonical",1,6,"x06",6,TRUE,"x06"
"simulation","canonical",1,7,"x07",2,TRUE,"x07"
"simulation","canonical",1,8,"x08",3,TRUE,"x08"
"simulation","canonical",1,9,"x09",5,TRUE,"x09"
"simulation","canonical",1,10,"x10",18,TRUE,"x10"
"simulation","canonical",1,11,"x11",4,TRUE,"x11"
"simulation","canonical",1,12,"x12",17,TRUE,"x12"
"simulation","canonical",1,13,"x13",12,TRUE,"x13"
"simulation","canonical",1,14,"x14",11,TRUE,"x14"
"simulation","canonical",1,15,"x15",20,TRUE,"x15"
"simulation","canonical",1,16,"x16",16,TRUE,"x16"
"simulation","canonical",1,17,"x17",15,TRUE,"x17"
"simulation","canonical",1,18,"x18",8,TRUE,"x18"
"simulation","canonical",1,19,"x19",14,TRUE,"x19"
"simulation","canonical",1,20,"x20",1,TRUE,"x20"
"simulation","administrative_aliases",1,1,"x01",13,TRUE,"x01"
"simulation","administrative_aliases",1,2,"x02",19,TRUE,"x02"
"simulation","administrative_aliases",1,3,"x03",10,TRUE,"x03"
"simulation","administrative_aliases",1,4,"x04",7,TRUE,"x04"
"simulation","administrative_aliases",1,5,"x05",9,TRUE,"x05"
"simulation","administrative_aliases",1,6,"x06",6,TRUE,"x06"
"simulation","administrative_aliases",1,7,"x07",2,TRUE,"x07"
"simulation","administrative_aliases",1,8,"x08",3,TRUE,"x08"
"simulation","administrative_aliases",1,9,"x09",5,TRUE,"x09"
"simulation","administrative_aliases",1,10,"x10",18,TRUE,"x10"
"simulation","administrative_aliases",1,11,"x11",4,TRUE,"x11"
"simulation","administrative_aliases",1,12,"x12",17,TRUE,"x12"
"simulation","administrative_aliases",1,13,"x13",12,TRUE,"x13"
"simulation","administrative_aliases",1,14,"x14",11,TRUE,"x14"
"simulation","administrative_aliases",1,15,"x15",20,TRUE,"x15"
"simulation","administrative_aliases",1,16,"x16",16,TRUE,"x16"
"simulation","administrative_aliases",1,17,"x17",15,TRUE,"x17"
"simulation","administrative_aliases",1,18,"x18",8,TRUE,"x18"
"simulation","administrative_aliases",1,19,"x19",14,TRUE,"x19"
"simulation","administrative_aliases",1,20,"x20",1,TRUE,"x20"
"simulation","administrative_aliases",1,21,"x01__admin_alias",13,FALSE,"x01"
"simulation","administrative_aliases",1,22,"x08__admin_alias",3,FALSE,"x08"
"simulation","administrative_aliases",1,23,"x20__admin_alias",1,FALSE,"x20"
"simulation","unit_recodings",1,1,"x01",13,TRUE,"x01"
"simulation","unit_recodings",1,2,"x02",19,TRUE,"x02"
"simulation","unit_recodings",1,3,"x03",10,TRUE,"x03"
"simulation","unit_recodings",1,4,"x04",7,TRUE,"x04"
"simulation","unit_recodings",1,5,"x05",9,TRUE,"x05"
"simulation","unit_recodings",1,6,"x06",6,TRUE,"x06"
"simulation","unit_recodings",1,7,"x07",2,TRUE,"x07"
"simulation","unit_recodings",1,8,"x08",3,TRUE,"x08"
"simulation","unit_recodings",1,9,"x09",5,TRUE,"x09"
"simulation","unit_recodings",1,10,"x10",18,TRUE,"x10"
"simulation","unit_recodings",1,11,"x11",4,TRUE,"x11"
"simulation","unit_recodings",1,12,"x12",17,TRUE,"x12"
"simulation","unit_recodings",1,13,"x13",12,TRUE,"x13"
"simulation","unit_recodings",1,14,"x14",11,TRUE,"x14"
"simulation","unit_recodings",1,15,"x15",20,TRUE,"x15"
"simulation","unit_recodings",1,16,"x16",16,TRUE,"x16"
"simulation","unit_recodings",1,17,"x17",15,TRUE,"x17"
"simulation","unit_recodings",1,18,"x18",8,TRUE,"x18"
"simulation","unit_recodings",1,19,"x19",14,TRUE,"x19"
"simulation","unit_recodings",1,20,"x20",1,TRUE,"x20"
"simulation","unit_recodings",1,21,"x02__standardized",19,FALSE,"x02"
"simulation","unit_recodings",1,22,"x05__standardized",9,FALSE,"x05"
"simulation","unit_recodings",1,23,"x06__standardized",6,FALSE,"x06"
"simulation","complements",1,1,"x01",13,TRUE,"x01"
"simulation","complements",1,2,"x02",19,TRUE,"x02"
"simulation","complements",1,3,"x03",10,TRUE,"x03"
"simulation","complements",1,4,"x04",7,TRUE,"x04"
"simulation","complements",1,5,"x05",9,TRUE,"x05"
"simulation","complements",1,6,"x06",6,TRUE,"x06"
"simulation","complements",1,7,"x07",2,TRUE,"x07"
"simulation","complements",1,8,"x08",3,TRUE,"x08"
"simulation","complements",1,9,"x09",5,TRUE,"x09"
"simulation","complements",1,10,"x10",18,TRUE,"x10"
"simulation","complements",1,11,"x11",4,TRUE,"x11"
"simulation","complements",1,12,"x12",17,TRUE,"x12"
"simulation","complements",1,13,"x13",12,TRUE,"x13"
"simulation","complements",1,14,"x14",11,TRUE,"x14"
"simulation","complements",1,15,"x15",20,TRUE,"x15"
"simulation","complements",1,16,"x16",16,TRUE,"x16"
"simulation","complements",1,17,"x17",15,TRUE,"x17"
"simulation","complements",1,18,"x18",8,TRUE,"x18"
"simulation","complements",1,19,"x19",14,TRUE,"x19"
"simulation","complements",1,20,"x20",1,TRUE,"x20"
"simulation","complements",1,21,"x03__complement",10,FALSE,"x03"
"simulation","complements",1,22,"x07__complement",2,FALSE,"x07"
"simulation","complements",1,23,"x09__complement",5,FALSE,"x09"
"simulation","raw_log_rank",1,1,"x01",13,TRUE,"x01"
"simulation","raw_log_rank",1,2,"x02",19,TRUE,"x02"
"simulation","raw_log_rank",1,3,"x03",10,TRUE,"x03"
"simulation","raw_log_rank",1,4,"x04",7,TRUE,"x04"
"simulation","raw_log_rank",1,5,"x05",9,TRUE,"x05"
"simulation","raw_log_rank",1,6,"x06",6,TRUE,"x06"
"simulation","raw_log_rank",1,7,"x07",2,TRUE,"x07"
"simulation","raw_log_rank",1,8,"x08",3,TRUE,"x08"
"simulation","raw_log_rank",1,9,"x09",5,TRUE,"x09"
"simulation","raw_log_rank",1,10,"x10",18,TRUE,"x10"
"simulation","raw_log_rank",1,11,"x11",4,TRUE,"x11"
"simulation","raw_log_rank",1,12,"x12",17,TRUE,"x12"
"simulation","raw_log_rank",1,13,"x13",12,TRUE,"x13"
"simulation","raw_log_rank",1,14,"x14",11,TRUE,"x14"
"simulation","raw_log_rank",1,15,"x15",20,TRUE,"x15"
"simulation","raw_log_rank",1,16,"x16",16,TRUE,"x16"
"simulation","raw_log_rank",1,17,"x17",15,TRUE,"x17"
"simulation","raw_log_rank",1,18,"x18",8,TRUE,"x18"
"simulation","raw_log_rank",1,19,"x19",14,TRUE,"x19"
"simulation","raw_log_rank",1,20,"x20",1,TRUE,"x20"
"simulation","raw_log_rank",1,21,"x01__log",13,FALSE,"x01"
"simulation","raw_log_rank",1,22,"x01__rank",13,FALSE,"x01"
"simulation","raw_log_rank",1,23,"x02__log",19,FALSE,"x02"
"simulation","raw_log_rank",1,24,"x02__rank",19,FALSE,"x02"
"simulation","raw_log_rank",1,25,"x03__log",10,FALSE,"x03"
"simulation","raw_log_rank",1,26,"x03__rank",10,FALSE,"x03"
"simulation","routine_bundle",1,1,"x01",13,TRUE,"x01"
"simulation","routine_bundle",1,2,"x02",19,TRUE,"x02"
"simulation","routine_bundle",1,3,"x03",10,TRUE,"x03"
"simulation","routine_bundle",1,4,"x04",7,TRUE,"x04"
"simulation","routine_bundle",1,5,"x05",9,TRUE,"x05"
"simulation","routine_bundle",1,6,"x06",6,TRUE,"x06"
"simulation","routine_bundle",1,7,"x07",2,TRUE,"x07"
"simulation","routine_bundle",1,8,"x08",3,TRUE,"x08"
"simulation","routine_bundle",1,9,"x09",5,TRUE,"x09"
"simulation","routine_bundle",1,10,"x10",18,TRUE,"x10"
"simulation","routine_bundle",1,11,"x11",4,TRUE,"x11"
"simulation","routine_bundle",1,12,"x12",17,TRUE,"x12"
"simulation","routine_bundle",1,13,"x13",12,TRUE,"x13"
"simulation","routine_bundle",1,14,"x14",11,TRUE,"x14"
"simulation","routine_bundle",1,15,"x15",20,TRUE,"x15"
"simulation","routine_bundle",1,16,"x16",16,TRUE,"x16"
"simulation","routine_bundle",1,17,"x17",15,TRUE,"x17"
"simulation","routine_bundle",1,18,"x18",8,TRUE,"x18"
"simulation","routine_bundle",1,19,"x19",14,TRUE,"x19"
"simulation","routine_bundle",1,20,"x20",1,TRUE,"x20"
"simulation","routine_bundle",1,21,"x01__admin_alias",13,FALSE,"x01"
"simulation","routine_bundle",1,22,"x08__admin_alias",3,FALSE,"x08"
"simulation","routine_bundle",1,23,"x20__admin_alias",1,FALSE,"x20"
"simulation","routine_bundle",1,24,"x02__standardized",19,FALSE,"x02"
"simulation","routine_bundle",1,25,"x05__standardized",9,FALSE,"x05"
"simulation","routine_bundle",1,26,"x06__standardized",6,FALSE,"x06"
"simulation","routine_bundle",1,27,"x03__complement",10,FALSE,"x03"
"simulation","routine_bundle",1,28,"x07__complement",2,FALSE,"x07"
"simulation","routine_bundle",1,29,"x09__complement",5,FALSE,"x09"
"simulation","routine_bundle",1,30,"x01__log",13,FALSE,"x01"
"simulation","routine_bundle",1,31,"x01__rank",13,FALSE,"x01"
"simulation","routine_bundle",1,32,"x02__log",19,FALSE,"x02"
"simulation","routine_bundle",1,33,"x02__rank",19,FALSE,"x02"
"simulation","routine_bundle",1,34,"x03__log",10,FALSE,"x03"
"simulation","routine_bundle",1,35,"x03__rank",10,FALSE,"x03"
"simulation","canonical",2,1,"x01",2,TRUE,"x01"
"simulation","canonical",2,2,"x02",11,TRUE,"x02"
"simulation","canonical",2,3,"x03",5,TRUE,"x03"
"simulation","canonical",2,4,"x04",12,TRUE,"x04"
"simulation","canonical",2,5,"x05",9,TRUE,"x05"
"simulation","canonical",2,6,"x06",18,TRUE,"x06"
"simulation","canonical",2,7,"x07",10,TRUE,"x07"
"simulation","canonical",2,8,"x08",3,TRUE,"x08"
"simulation","canonical",2,9,"x09",14,TRUE,"x09"
"simulation","canonical",2,10,"x10",17,TRUE,"x10"
"simulation","canonical",2,11,"x11",19,TRUE,"x11"
"simulation","canonical",2,12,"x12",6,TRUE,"x12"
"simulation","canonical",2,13,"x13",13,TRUE,"x13"
"simulation","canonical",2,14,"x14",16,TRUE,"x14"
"simulation","canonical",2,15,"x15",8,TRUE,"x15"
"simulation","canonical",2,16,"x16",4,TRUE,"x16"
"simulation","canonical",2,17,"x17",15,TRUE,"x17"
"simulation","canonical",2,18,"x18",7,TRUE,"x18"
"simulation","canonical",2,19,"x19",1,TRUE,"x19"
"simulation","canonical",2,20,"x20",20,TRUE,"x20"
"simulation","administrative_aliases",2,1,"x01",2,TRUE,"x01"
"simulation","administrative_aliases",2,2,"x02",11,TRUE,"x02"
"simulation","administrative_aliases",2,3,"x03",5,TRUE,"x03"
"simulation","administrative_aliases",2,4,"x04",12,TRUE,"x04"
"simulation","administrative_aliases",2,5,"x05",9,TRUE,"x05"
"simulation","administrative_aliases",2,6,"x06",18,TRUE,"x06"
"simulation","administrative_aliases",2,7,"x07",10,TRUE,"x07"
"simulation","administrative_aliases",2,8,"x08",3,TRUE,"x08"
"simulation","administrative_aliases",2,9,"x09",14,TRUE,"x09"
"simulation","administrative_aliases",2,10,"x10",17,TRUE,"x10"
"simulation","administrative_aliases",2,11,"x11",19,TRUE,"x11"
"simulation","administrative_aliases",2,12,"x12",6,TRUE,"x12"
"simulation","administrative_aliases",2,13,"x13",13,TRUE,"x13"
"simulation","administrative_aliases",2,14,"x14",16,TRUE,"x14"
"simulation","administrative_aliases",2,15,"x15",8,TRUE,"x15"
"simulation","administrative_aliases",2,16,"x16",4,TRUE,"x16"
"simulation","administrative_aliases",2,17,"x17",15,TRUE,"x17"
"simulation","administrative_aliases",2,18,"x18",7,TRUE,"x18"
"simulation","administrative_aliases",2,19,"x19",1,TRUE,"x19"
"simulation","administrative_aliases",2,20,"x20",20,TRUE,"x20"
"simulation","administrative_aliases",2,21,"x01__admin_alias",2,FALSE,"x01"
"simulation","administrative_aliases",2,22,"x08__admin_alias",3,FALSE,"x08"
"simulation","administrative_aliases",2,23,"x20__admin_alias",20,FALSE,"x20"
"simulation","unit_recodings",2,1,"x01",2,TRUE,"x01"
"simulation","unit_recodings",2,2,"x02",11,TRUE,"x02"
"simulation","unit_recodings",2,3,"x03",5,TRUE,"x03"
"simulation","unit_recodings",2,4,"x04",12,TRUE,"x04"
"simulation","unit_recodings",2,5,"x05",9,TRUE,"x05"
"simulation","unit_recodings",2,6,"x06",18,TRUE,"x06"
"simulation","unit_recodings",2,7,"x07",10,TRUE,"x07"
"simulation","unit_recodings",2,8,"x08",3,TRUE,"x08"
"simulation","unit_recodings",2,9,"x09",14,TRUE,"x09"
"simulation","unit_recodings",2,10,"x10",17,TRUE,"x10"
"simulation","unit_recodings",2,11,"x11",19,TRUE,"x11"
"simulation","unit_recodings",2,12,"x12",6,TRUE,"x12"
"simulation","unit_recodings",2,13,"x13",13,TRUE,"x13"
"simulation","unit_recodings",2,14,"x14",16,TRUE,"x14"
"simulation","unit_recodings",2,15,"x15",8,TRUE,"x15"
"simulation","unit_recodings",2,16,"x16",4,TRUE,"x16"
"simulation","unit_recodings",2,17,"x17",15,TRUE,"x17"
"simulation","unit_recodings",2,18,"x18",7,TRUE,"x18"
"simulation","unit_recodings",2,19,"x19",1,TRUE,"x19"
"simulation","unit_recodings",2,20,"x20",20,TRUE,"x20"
"simulation","unit_recodings",2,21,"x02__standardized",11,FALSE,"x02"
"simulation","unit_recodings",2,22,"x05__standardized",9,FALSE,"x05"
"simulation","unit_recodings",2,23,"x06__standardized",18,FALSE,"x06"
"simulation","complements",2,1,"x01",2,TRUE,"x01"
"simulation","complements",2,2,"x02",11,TRUE,"x02"
"simulation","complements",2,3,"x03",5,TRUE,"x03"
"simulation","complements",2,4,"x04",12,TRUE,"x04"
"simulation","complements",2,5,"x05",9,TRUE,"x05"
"simulation","complements",2,6,"x06",18,TRUE,"x06"
"simulation","complements",2,7,"x07",10,TRUE,"x07"
"simulation","complements",2,8,"x08",3,TRUE,"x08"
"simulation","complements",2,9,"x09",14,TRUE,"x09"
"simulation","complements",2,10,"x10",17,TRUE,"x10"
"simulation","complements",2,11,"x11",19,TRUE,"x11"
"simulation","complements",2,12,"x12",6,TRUE,"x12"
"simulation","complements",2,13,"x13",13,TRUE,"x13"
"simulation","complements",2,14,"x14",16,TRUE,"x14"
"simulation","complements",2,15,"x15",8,TRUE,"x15"
"simulation","complements",2,16,"x16",4,TRUE,"x16"
"simulation","complements",2,17,"x17",15,TRUE,"x17"
"simulation","complements",2,18,"x18",7,TRUE,"x18"
"simulation","complements",2,19,"x19",1,TRUE,"x19"
"simulation","complements",2,20,"x20",20,TRUE,"x20"
"simulation","complements",2,21,"x03__complement",5,FALSE,"x03"
"simulation","complements",2,22,"x07__complement",10,FALSE,"x07"
"simulation","complements",2,23,"x09__complement",14,FALSE,"x09"
"simulation","raw_log_rank",2,1,"x01",2,TRUE,"x01"
"simulation","raw_log_rank",2,2,"x02",11,TRUE,"x02"
"simulation","raw_log_rank",2,3,"x03",5,TRUE,"x03"
"simulation","raw_log_rank",2,4,"x04",12,TRUE,"x04"
"simulation","raw_log_rank",2,5,"x05",9,TRUE,"x05"
"simulation","raw_log_rank",2,6,"x06",18,TRUE,"x06"
"simulation","raw_log_rank",2,7,"x07",10,TRUE,"x07"
"simulation","raw_log_rank",2,8,"x08",3,TRUE,"x08"
"simulation","raw_log_rank",2,9,"x09",14,TRUE,"x09"
"simulation","raw_log_rank",2,10,"x10",17,TRUE,"x10"
"simulation","raw_log_rank",2,11,"x11",19,TRUE,"x11"
"simulation","raw_log_rank",2,12,"x12",6,TRUE,"x12"
"simulation","raw_log_rank",2,13,"x13",13,TRUE,"x13"
"simulation","raw_log_rank",2,14,"x14",16,TRUE,"x14"
"simulation","raw_log_rank",2,15,"x15",8,TRUE,"x15"
"simulation","raw_log_rank",2,16,"x16",4,TRUE,"x16"
"simulation","raw_log_rank",2,17,"x17",15,TRUE,"x17"
"simulation","raw_log_rank",2,18,"x18",7,TRUE,"x18"
"simulation","raw_log_rank",2,19,"x19",1,TRUE,"x19"
"simulation","raw_log_rank",2,20,"x20",20,TRUE,"x20"
"simulation","raw_log_rank",2,21,"x01__log",2,FALSE,"x01"
"simulation","raw_log_rank",2,22,"x01__rank",2,FALSE,"x01"
"simulation","raw_log_rank",2,23,"x02__log",11,FALSE,"x02"
"simulation","raw_log_rank",2,24,"x02__rank",11,FALSE,"x02"
"simulation","raw_log_rank",2,25,"x03__log",5,FALSE,"x03"
"simulation","raw_log_rank",2,26,"x03__rank",5,FALSE,"x03"
"simulation","routine_bundle",2,1,"x01",2,TRUE,"x01"
"simulation","routine_bundle",2,2,"x02",11,TRUE,"x02"
"simulation","routine_bundle",2,3,"x03",5,TRUE,"x03"
"simulation","routine_bundle",2,4,"x04",12,TRUE,"x04"
"simulation","routine_bundle",2,5,"x05",9,TRUE,"x05"
"simulation","routine_bundle",2,6,"x06",18,TRUE,"x06"
"simulation","routine_bundle",2,7,"x07",10,TRUE,"x07"
"simulation","routine_bundle",2,8,"x08",3,TRUE,"x08"
"simulation","routine_bundle",2,9,"x09",14,TRUE,"x09"
"simulation","routine_bundle",2,10,"x10",17,TRUE,"x10"
"simulation","routine_bundle",2,11,"x11",19,TRUE,"x11"
"simulation","routine_bundle",2,12,"x12",6,TRUE,"x12"
"simulation","routine_bundle",2,13,"x13",13,TRUE,"x13"
"simulation","routine_bundle",2,14,"x14",16,TRUE,"x14"
"simulation","routine_bundle",2,15,"x15",8,TRUE,"x15"
"simulation","routine_bundle",2,16,"x16",4,TRUE,"x16"
"simulation","routine_bundle",2,17,"x17",15,TRUE,"x17"
"simulation","routine_bundle",2,18,"x18",7,TRUE,"x18"
"simulation","routine_bundle",2,19,"x19",1,TRUE,"x19"
"simulation","routine_bundle",2,20,"x20",20,TRUE,"x20"
"simulation","routine_bundle",2,21,"x01__admin_alias",2,FALSE,"x01"
"simulation","routine_bundle",2,22,"x08__admin_alias",3,FALSE,"x08"
"simulation","routine_bundle",2,23,"x20__admin_alias",20,FALSE,"x20"
"simulation","routine_bundle",2,24,"x02__standardized",11,FALSE,"x02"
"simulation","routine_bundle",2,25,"x05__standardized",9,FALSE,"x05"
"simulation","routine_bundle",2,26,"x06__standardized",18,FALSE,"x06"
"simulation","routine_bundle",2,27,"x03__complement",5,FALSE,"x03"
"simulation","routine_bundle",2,28,"x07__complement",10,FALSE,"x07"
"simulation","routine_bundle",2,29,"x09__complement",14,FALSE,"x09"
"simulation","routine_bundle",2,30,"x01__log",2,FALSE,"x01"
"simulation","routine_bundle",2,31,"x01__rank",2,FALSE,"x01"
"simulation","routine_bundle",2,32,"x02__log",11,FALSE,"x02"
"simulation","routine_bundle",2,33,"x02__rank",11,FALSE,"x02"
"simulation","routine_bundle",2,34,"x03__log",5,FALSE,"x03"
"simulation","routine_bundle",2,35,"x03__rank",5,FALSE,"x03"
"simulation","canonical",3,1,"x01",9,TRUE,"x01"
"simulation","canonical",3,2,"x02",10,TRUE,"x02"
"simulation","canonical",3,3,"x03",18,TRUE,"x03"
"simulation","canonical",3,4,"x04",15,TRUE,"x04"
"simulation","canonical",3,5,"x05",4,TRUE,"x05"
"simulation","canonical",3,6,"x06",2,TRUE,"x06"
"simulation","canonical",3,7,"x07",1,TRUE,"x07"
"simulation","canonical",3,8,"x08",3,TRUE,"x08"
"simulation","canonical",3,9,"x09",13,TRUE,"x09"
"simulation","canonical",3,10,"x10",7,TRUE,"x10"
"simulation","canonical",3,11,"x11",8,TRUE,"x11"
"simulation","canonical",3,12,"x12",19,TRUE,"x12"
"simulation","canonical",3,13,"x13",12,TRUE,"x13"
"simulation","canonical",3,14,"x14",5,TRUE,"x14"
"simulation","canonical",3,15,"x15",17,TRUE,"x15"
"simulation","canonical",3,16,"x16",20,TRUE,"x16"
"simulation","canonical",3,17,"x17",6,TRUE,"x17"
"simulation","canonical",3,18,"x18",11,TRUE,"x18"
"simulation","canonical",3,19,"x19",16,TRUE,"x19"
"simulation","canonical",3,20,"x20",14,TRUE,"x20"
"simulation","administrative_aliases",3,1,"x01",9,TRUE,"x01"
"simulation","administrative_aliases",3,2,"x02",10,TRUE,"x02"
"simulation","administrative_aliases",3,3,"x03",18,TRUE,"x03"
"simulation","administrative_aliases",3,4,"x04",15,TRUE,"x04"
"simulation","administrative_aliases",3,5,"x05",4,TRUE,"x05"
"simulation","administrative_aliases",3,6,"x06",2,TRUE,"x06"
"simulation","administrative_aliases",3,7,"x07",1,TRUE,"x07"
"simulation","administrative_aliases",3,8,"x08",3,TRUE,"x08"
"simulation","administrative_aliases",3,9,"x09",13,TRUE,"x09"
"simulation","administrative_aliases",3,10,"x10",7,TRUE,"x10"
"simulation","administrative_aliases",3,11,"x11",8,TRUE,"x11"
"simulation","administrative_aliases",3,12,"x12",19,TRUE,"x12"
"simulation","administrative_aliases",3,13,"x13",12,TRUE,"x13"
"simulation","administrative_aliases",3,14,"x14",5,TRUE,"x14"
"simulation","administrative_aliases",3,15,"x15",17,TRUE,"x15"
"simulation","administrative_aliases",3,16,"x16",20,TRUE,"x16"
"simulation","administrative_aliases",3,17,"x17",6,TRUE,"x17"
"simulation","administrative_aliases",3,18,"x18",11,TRUE,"x18"
"simulation","administrative_aliases",3,19,"x19",16,TRUE,"x19"
"simulation","administrative_aliases",3,20,"x20",14,TRUE,"x20"
"simulation","administrative_aliases",3,21,"x01__admin_alias",9,FALSE,"x01"
"simulation","administrative_aliases",3,22,"x08__admin_alias",3,FALSE,"x08"
"simulation","administrative_aliases",3,23,"x20__admin_alias",14,FALSE,"x20"
"simulation","unit_recodings",3,1,"x01",9,TRUE,"x01"
"simulation","unit_recodings",3,2,"x02",10,TRUE,"x02"
"simulation","unit_recodings",3,3,"x03",18,TRUE,"x03"
"simulation","unit_recodings",3,4,"x04",15,TRUE,"x04"
"simulation","unit_recodings",3,5,"x05",4,TRUE,"x05"
"simulation","unit_recodings",3,6,"x06",2,TRUE,"x06"
"simulation","unit_recodings",3,7,"x07",1,TRUE,"x07"
"simulation","unit_recodings",3,8,"x08",3,TRUE,"x08"
"simulation","unit_recodings",3,9,"x09",13,TRUE,"x09"
"simulation","unit_recodings",3,10,"x10",7,TRUE,"x10"
"simulation","unit_recodings",3,11,"x11",8,TRUE,"x11"
"simulation","unit_recodings",3,12,"x12",19,TRUE,"x12"
"simulation","unit_recodings",3,13,"x13",12,TRUE,"x13"
"simulation","unit_recodings",3,14,"x14",5,TRUE,"x14"
"simulation","unit_recodings",3,15,"x15",17,TRUE,"x15"
"simulation","unit_recodings",3,16,"x16",20,TRUE,"x16"
"simulation","unit_recodings",3,17,"x17",6,TRUE,"x17"
"simulation","unit_recodings",3,18,"x18",11,TRUE,"x18"
"simulation","unit_recodings",3,19,"x19",16,TRUE,"x19"
"simulation","unit_recodings",3,20,"x20",14,TRUE,"x20"
"simulation","unit_recodings",3,21,"x02__standardized",10,FALSE,"x02"
"simulation","unit_recodings",3,22,"x05__standardized",4,FALSE,"x05"
"simulation","unit_recodings",3,23,"x06__standardized",2,FALSE,"x06"
"simulation","complements",3,1,"x01",9,TRUE,"x01"
"simulation","complements",3,2,"x02",10,TRUE,"x02"
"simulation","complements",3,3,"x03",18,TRUE,"x03"
"simulation","complements",3,4,"x04",15,TRUE,"x04"
"simulation","complements",3,5,"x05",4,TRUE,"x05"
"simulation","complements",3,6,"x06",2,TRUE,"x06"
"simulation","complements",3,7,"x07",1,TRUE,"x07"
"simulation","complements",3,8,"x08",3,TRUE,"x08"
"simulation","complements",3,9,"x09",13,TRUE,"x09"
"simulation","complements",3,10,"x10",7,TRUE,"x10"
"simulation","complements",3,11,"x11",8,TRUE,"x11"
"simulation","complements",3,12,"x12",19,TRUE,"x12"
"simulation","complements",3,13,"x13",12,TRUE,"x13"
"simulation","complements",3,14,"x14",5,TRUE,"x14"
"simulation","complements",3,15,"x15",17,TRUE,"x15"
"simulation","complements",3,16,"x16",20,TRUE,"x16"
"simulation","complements",3,17,"x17",6,TRUE,"x17"
"simulation","complements",3,18,"x18",11,TRUE,"x18"
"simulation","complements",3,19,"x19",16,TRUE,"x19"
"simulation","complements",3,20,"x20",14,TRUE,"x20"
"simulation","complements",3,21,"x03__complement",18,FALSE,"x03"
"simulation","complements",3,22,"x07__complement",1,FALSE,"x07"
"simulation","complements",3,23,"x09__complement",13,FALSE,"x09"
"simulation","raw_log_rank",3,1,"x01",9,TRUE,"x01"
"simulation","raw_log_rank",3,2,"x02",10,TRUE,"x02"
"simulation","raw_log_rank",3,3,"x03",18,TRUE,"x03"
"simulation","raw_log_rank",3,4,"x04",15,TRUE,"x04"
"simulation","raw_log_rank",3,5,"x05",4,TRUE,"x05"
"simulation","raw_log_rank",3,6,"x06",2,TRUE,"x06"
"simulation","raw_log_rank",3,7,"x07",1,TRUE,"x07"
"simulation","raw_log_rank",3,8,"x08",3,TRUE,"x08"
"simulation","raw_log_rank",3,9,"x09",13,TRUE,"x09"
"simulation","raw_log_rank",3,10,"x10",7,TRUE,"x10"
"simulation","raw_log_rank",3,11,"x11",8,TRUE,"x11"
"simulation","raw_log_rank",3,12,"x12",19,TRUE,"x12"
"simulation","raw_log_rank",3,13,"x13",12,TRUE,"x13"
"simulation","raw_log_rank",3,14,"x14",5,TRUE,"x14"
"simulation","raw_log_rank",3,15,"x15",17,TRUE,"x15"
"simulation","raw_log_rank",3,16,"x16",20,TRUE,"x16"
"simulation","raw_log_rank",3,17,"x17",6,TRUE,"x17"
"simulation","raw_log_rank",3,18,"x18",11,TRUE,"x18"
"simulation","raw_log_rank",3,19,"x19",16,TRUE,"x19"
"simulation","raw_log_rank",3,20,"x20",14,TRUE,"x20"
"simulation","raw_log_rank",3,21,"x01__log",9,FALSE,"x01"
"simulation","raw_log_rank",3,22,"x01__rank",9,FALSE,"x01"
"simulation","raw_log_rank",3,23,"x02__log",10,FALSE,"x02"
"simulation","raw_log_rank",3,24,"x02__rank",10,FALSE,"x02"
"simulation","raw_log_rank",3,25,"x03__log",18,FALSE,"x03"
"simulation","raw_log_rank",3,26,"x03__rank",18,FALSE,"x03"
"simulation","routine_bundle",3,1,"x01",9,TRUE,"x01"
"simulation","routine_bundle",3,2,"x02",10,TRUE,"x02"
"simulation","routine_bundle",3,3,"x03",18,TRUE,"x03"
"simulation","routine_bundle",3,4,"x04",15,TRUE,"x04"
"simulation","routine_bundle",3,5,"x05",4,TRUE,"x05"
"simulation","routine_bundle",3,6,"x06",2,TRUE,"x06"
"simulation","routine_bundle",3,7,"x07",1,TRUE,"x07"
"simulation","routine_bundle",3,8,"x08",3,TRUE,"x08"
"simulation","routine_bundle",3,9,"x09",13,TRUE,"x09"
"simulation","routine_bundle",3,10,"x10",7,TRUE,"x10"
"simulation","routine_bundle",3,11,"x11",8,TRUE,"x11"
"simulation","routine_bundle",3,12,"x12",19,TRUE,"x12"
"simulation","routine_bundle",3,13,"x13",12,TRUE,"x13"
"simulation","routine_bundle",3,14,"x14",5,TRUE,"x14"
"simulation","routine_bundle",3,15,"x15",17,TRUE,"x15"
"simulation","routine_bundle",3,16,"x16",20,TRUE,"x16"
"simulation","routine_bundle",3,17,"x17",6,TRUE,"x17"
"simulation","routine_bundle",3,18,"x18",11,TRUE,"x18"
"simulation","routine_bundle",3,19,"x19",16,TRUE,"x19"
"simulation","routine_bundle",3,20,"x20",14,TRUE,"x20"
"simulation","routine_bundle",3,21,"x01__admin_alias",9,FALSE,"x01"
"simulation","routine_bundle",3,22,"x08__admin_alias",3,FALSE,"x08"
"simulation","routine_bundle",3,23,"x20__admin_alias",14,FALSE,"x20"
"simulation","routine_bundle",3,24,"x02__standardized",10,FALSE,"x02"
"simulation","routine_bundle",3,25,"x05__standardized",4,FALSE,"x05"
"simulation","routine_bundle",3,26,"x06__standardized",2,FALSE,"x06"
"simulation","routine_bundle",3,27,"x03__complement",18,FALSE,"x03"
"simulation","routine_bundle",3,28,"x07__complement",1,FALSE,"x07"
"simulation","routine_bundle",3,29,"x09__complement",13,FALSE,"x09"
"simulation","routine_bundle",3,30,"x01__log",9,FALSE,"x01"
"simulation","routine_bundle",3,31,"x01__rank",9,FALSE,"x01"
"simulation","routine_bundle",3,32,"x02__log",10,FALSE,"x02"
"simulation","routine_bundle",3,33,"x02__rank",10,FALSE,"x02"
"simulation","routine_bundle",3,34,"x03__log",18,FALSE,"x03"
"simulation","routine_bundle",3,35,"x03__rank",18,FALSE,"x03"
"simulation","canonical",4,1,"x01",10,TRUE,"x01"
"simulation","canonical",4,2,"x02",11,TRUE,"x02"
"simulation","canonical",4,3,"x03",7,TRUE,"x03"
"simulation","canonical",4,4,"x04",16,TRUE,"x04"
"simulation","canonical",4,5,"x05",20,TRUE,"x05"
"simulation","canonical",4,6,"x06",14,TRUE,"x06"
"simulation","canonical",4,7,"x07",4,TRUE,"x07"
"simulation","canonical",4,8,"x08",15,TRUE,"x08"
"simulation","canonical",4,9,"x09",2,TRUE,"x09"
"simulation","canonical",4,10,"x10",13,TRUE,"x10"
"simulation","canonical",4,11,"x11",9,TRUE,"x11"
"simulation","canonical",4,12,"x12",17,TRUE,"x12"
"simulation","canonical",4,13,"x13",3,TRUE,"x13"
"simulation","canonical",4,14,"x14",6,TRUE,"x14"
"simulation","canonical",4,15,"x15",8,TRUE,"x15"
"simulation","canonical",4,16,"x16",19,TRUE,"x16"
"simulation","canonical",4,17,"x17",5,TRUE,"x17"
"simulation","canonical",4,18,"x18",1,TRUE,"x18"
"simulation","canonical",4,19,"x19",12,TRUE,"x19"
"simulation","canonical",4,20,"x20",18,TRUE,"x20"
"simulation","administrative_aliases",4,1,"x01",10,TRUE,"x01"
"simulation","administrative_aliases",4,2,"x02",11,TRUE,"x02"
"simulation","administrative_aliases",4,3,"x03",7,TRUE,"x03"
"simulation","administrative_aliases",4,4,"x04",16,TRUE,"x04"
"simulation","administrative_aliases",4,5,"x05",20,TRUE,"x05"
"simulation","administrative_aliases",4,6,"x06",14,TRUE,"x06"
"simulation","administrative_aliases",4,7,"x07",4,TRUE,"x07"
"simulation","administrative_aliases",4,8,"x08",15,TRUE,"x08"
"simulation","administrative_aliases",4,9,"x09",2,TRUE,"x09"
"simulation","administrative_aliases",4,10,"x10",13,TRUE,"x10"
"simulation","administrative_aliases",4,11,"x11",9,TRUE,"x11"
"simulation","administrative_aliases",4,12,"x12",17,TRUE,"x12"
"simulation","administrative_aliases",4,13,"x13",3,TRUE,"x13"
"simulation","administrative_aliases",4,14,"x14",6,TRUE,"x14"
"simulation","administrative_aliases",4,15,"x15",8,TRUE,"x15"
"simulation","administrative_aliases",4,16,"x16",19,TRUE,"x16"
"simulation","administrative_aliases",4,17,"x17",5,TRUE,"x17"
"simulation","administrative_aliases",4,18,"x18",1,TRUE,"x18"
"simulation","administrative_aliases",4,19,"x19",12,TRUE,"x19"
"simulation","administrative_aliases",4,20,"x20",18,TRUE,"x20"
"simulation","administrative_aliases",4,21,"x01__admin_alias",10,FALSE,"x01"
"simulation","administrative_aliases",4,22,"x08__admin_alias",15,FALSE,"x08"
"simulation","administrative_aliases",4,23,"x20__admin_alias",18,FALSE,"x20"
"simulation","unit_recodings",4,1,"x01",10,TRUE,"x01"
"simulation","unit_recodings",4,2,"x02",11,TRUE,"x02"
"simulation","unit_recodings",4,3,"x03",7,TRUE,"x03"
"simulation","unit_recodings",4,4,"x04",16,TRUE,"x04"
"simulation","unit_recodings",4,5,"x05",20,TRUE,"x05"
"simulation","unit_recodings",4,6,"x06",14,TRUE,"x06"
"simulation","unit_recodings",4,7,"x07",4,TRUE,"x07"
"simulation","unit_recodings",4,8,"x08",15,TRUE,"x08"
"simulation","unit_recodings",4,9,"x09",2,TRUE,"x09"
"simulation","unit_recodings",4,10,"x10",13,TRUE,"x10"
"simulation","unit_recodings",4,11,"x11",9,TRUE,"x11"
"simulation","unit_recodings",4,12,"x12",17,TRUE,"x12"
"simulation","unit_recodings",4,13,"x13",3,TRUE,"x13"
"simulation","unit_recodings",4,14,"x14",6,TRUE,"x14"
"simulation","unit_recodings",4,15,"x15",8,TRUE,"x15"
"simulation","unit_recodings",4,16,"x16",19,TRUE,"x16"
"simulation","unit_recodings",4,17,"x17",5,TRUE,"x17"
"simulation","unit_recodings",4,18,"x18",1,TRUE,"x18"
"simulation","unit_recodings",4,19,"x19",12,TRUE,"x19"
"simulation","unit_recodings",4,20,"x20",18,TRUE,"x20"
"simulation","unit_recodings",4,21,"x02__standardized",11,FALSE,"x02"
"simulation","unit_recodings",4,22,"x05__standardized",20,FALSE,"x05"
"simulation","unit_recodings",4,23,"x06__standardized",14,FALSE,"x06"
"simulation","complements",4,1,"x01",10,TRUE,"x01"
"simulation","complements",4,2,"x02",11,TRUE,"x02"
"simulation","complements",4,3,"x03",7,TRUE,"x03"
"simulation","complements",4,4,"x04",16,TRUE,"x04"
"simulation","complements",4,5,"x05",20,TRUE,"x05"
"simulation","complements",4,6,"x06",14,TRUE,"x06"
"simulation","complements",4,7,"x07",4,TRUE,"x07"
"simulation","complements",4,8,"x08",15,TRUE,"x08"
"simulation","complements",4,9,"x09",2,TRUE,"x09"
"simulation","complements",4,10,"x10",13,TRUE,"x10"
"simulation","complements",4,11,"x11",9,TRUE,"x11"
"simulation","complements",4,12,"x12",17,TRUE,"x12"
"simulation","complements",4,13,"x13",3,TRUE,"x13"
"simulation","complements",4,14,"x14",6,TRUE,"x14"
"simulation","complements",4,15,"x15",8,TRUE,"x15"
"simulation","complements",4,16,"x16",19,TRUE,"x16"
"simulation","complements",4,17,"x17",5,TRUE,"x17"
"simulation","complements",4,18,"x18",1,TRUE,"x18"
"simulation","complements",4,19,"x19",12,TRUE,"x19"
"simulation","complements",4,20,"x20",18,TRUE,"x20"
"simulation","complements",4,21,"x03__complement",7,FALSE,"x03"
"simulation","complements",4,22,"x07__complement",4,FALSE,"x07"
"simulation","complements",4,23,"x09__complement",2,FALSE,"x09"
"simulation","raw_log_rank",4,1,"x01",10,TRUE,"x01"
"simulation","raw_log_rank",4,2,"x02",11,TRUE,"x02"
"simulation","raw_log_rank",4,3,"x03",7,TRUE,"x03"
"simulation","raw_log_rank",4,4,"x04",16,TRUE,"x04"
"simulation","raw_log_rank",4,5,"x05",20,TRUE,"x05"
"simulation","raw_log_rank",4,6,"x06",14,TRUE,"x06"
"simulation","raw_log_rank",4,7,"x07",4,TRUE,"x07"
"simulation","raw_log_rank",4,8,"x08",15,TRUE,"x08"
"simulation","raw_log_rank",4,9,"x09",2,TRUE,"x09"
"simulation","raw_log_rank",4,10,"x10",13,TRUE,"x10"
"simulation","raw_log_rank",4,11,"x11",9,TRUE,"x11"
"simulation","raw_log_rank",4,12,"x12",17,TRUE,"x12"
"simulation","raw_log_rank",4,13,"x13",3,TRUE,"x13"
"simulation","raw_log_rank",4,14,"x14",6,TRUE,"x14"
"simulation","raw_log_rank",4,15,"x15",8,TRUE,"x15"
"simulation","raw_log_rank",4,16,"x16",19,TRUE,"x16"
"simulation","raw_log_rank",4,17,"x17",5,TRUE,"x17"
"simulation","raw_log_rank",4,18,"x18",1,TRUE,"x18"
"simulation","raw_log_rank",4,19,"x19",12,TRUE,"x19"
"simulation","raw_log_rank",4,20,"x20",18,TRUE,"x20"
"simulation","raw_log_rank",4,21,"x01__log",10,FALSE,"x01"
"simulation","raw_log_rank",4,22,"x01__rank",10,FALSE,"x01"
"simulation","raw_log_rank",4,23,"x02__log",11,FALSE,"x02"
"simulation","raw_log_rank",4,24,"x02__rank",11,FALSE,"x02"
"simulation","raw_log_rank",4,25,"x03__log",7,FALSE,"x03"
"simulation","raw_log_rank",4,26,"x03__rank",7,FALSE,"x03"
"simulation","routine_bundle",4,1,"x01",10,TRUE,"x01"
"simulation","routine_bundle",4,2,"x02",11,TRUE,"x02"
"simulation","routine_bundle",4,3,"x03",7,TRUE,"x03"
"simulation","routine_bundle",4,4,"x04",16,TRUE,"x04"
"simulation","routine_bundle",4,5,"x05",20,TRUE,"x05"
"simulation","routine_bundle",4,6,"x06",14,TRUE,"x06"
"simulation","routine_bundle",4,7,"x07",4,TRUE,"x07"
"simulation","routine_bundle",4,8,"x08",15,TRUE,"x08"
"simulation","routine_bundle",4,9,"x09",2,TRUE,"x09"
"simulation","routine_bundle",4,10,"x10",13,TRUE,"x10"
"simulation","routine_bundle",4,11,"x11",9,TRUE,"x11"
"simulation","routine_bundle",4,12,"x12",17,TRUE,"x12"
"simulation","routine_bundle",4,13,"x13",3,TRUE,"x13"
"simulation","routine_bundle",4,14,"x14",6,TRUE,"x14"
"simulation","routine_bundle",4,15,"x15",8,TRUE,"x15"
"simulation","routine_bundle",4,16,"x16",19,TRUE,"x16"
"simulation","routine_bundle",4,17,"x17",5,TRUE,"x17"
"simulation","routine_bundle",4,18,"x18",1,TRUE,"x18"
"simulation","routine_bundle",4,19,"x19",12,TRUE,"x19"
"simulation","routine_bundle",4,20,"x20",18,TRUE,"x20"
"simulation","routine_bundle",4,21,"x01__admin_alias",10,FALSE,"x01"
"simulation","routine_bundle",4,22,"x08__admin_alias",15,FALSE,"x08"
"simulation","routine_bundle",4,23,"x20__admin_alias",18,FALSE,"x20"
"simulation","routine_bundle",4,24,"x02__standardized",11,FALSE,"x02"
"simulation","routine_bundle",4,25,"x05__standardized",20,FALSE,"x05"
"simulation","routine_bundle",4,26,"x06__standardized",14,FALSE,"x06"
"simulation","routine_bundle",4,27,"x03__complement",7,FALSE,"x03"
"simulation","routine_bundle",4,28,"x07__complement",4,FALSE,"x07"
"simulation","routine_bundle",4,29,"x09__complement",2,FALSE,"x09"
"simulation","routine_bundle",4,30,"x01__log",10,FALSE,"x01"
"simulation","routine_bundle",4,31,"x01__rank",10,FALSE,"x01"
"simulation","routine_bundle",4,32,"x02__log",11,FALSE,"x02"
"simulation","routine_bundle",4,33,"x02__rank",11,FALSE,"x02"
"simulation","routine_bundle",4,34,"x03__log",7,FALSE,"x03"
"simulation","routine_bundle",4,35,"x03__rank",7,FALSE,"x03"
"simulation","canonical",5,1,"x01",3,TRUE,"x01"
"simulation","canonical",5,2,"x02",13,TRUE,"x02"
"simulation","canonical",5,3,"x03",17,TRUE,"x03"
"simulation","canonical",5,4,"x04",18,TRUE,"x04"
"simulation","canonical",5,5,"x05",14,TRUE,"x05"
"simulation","canonical",5,6,"x06",16,TRUE,"x06"
"simulation","canonical",5,7,"x07",11,TRUE,"x07"
"simulation","canonical",5,8,"x08",5,TRUE,"x08"
"simulation","canonical",5,9,"x09",12,TRUE,"x09"
"simulation","canonical",5,10,"x10",6,TRUE,"x10"
"simulation","canonical",5,11,"x11",2,TRUE,"x11"
"simulation","canonical",5,12,"x12",15,TRUE,"x12"
"simulation","canonical",5,13,"x13",8,TRUE,"x13"
"simulation","canonical",5,14,"x14",7,TRUE,"x14"
"simulation","canonical",5,15,"x15",20,TRUE,"x15"
"simulation","canonical",5,16,"x16",19,TRUE,"x16"
"simulation","canonical",5,17,"x17",9,TRUE,"x17"
"simulation","canonical",5,18,"x18",10,TRUE,"x18"
"simulation","canonical",5,19,"x19",1,TRUE,"x19"
"simulation","canonical",5,20,"x20",4,TRUE,"x20"
"simulation","administrative_aliases",5,1,"x01",3,TRUE,"x01"
"simulation","administrative_aliases",5,2,"x02",13,TRUE,"x02"
"simulation","administrative_aliases",5,3,"x03",17,TRUE,"x03"
"simulation","administrative_aliases",5,4,"x04",18,TRUE,"x04"
"simulation","administrative_aliases",5,5,"x05",14,TRUE,"x05"
"simulation","administrative_aliases",5,6,"x06",16,TRUE,"x06"
"simulation","administrative_aliases",5,7,"x07",11,TRUE,"x07"
"simulation","administrative_aliases",5,8,"x08",5,TRUE,"x08"
"simulation","administrative_aliases",5,9,"x09",12,TRUE,"x09"
"simulation","administrative_aliases",5,10,"x10",6,TRUE,"x10"
"simulation","administrative_aliases",5,11,"x11",2,TRUE,"x11"
"simulation","administrative_aliases",5,12,"x12",15,TRUE,"x12"
"simulation","administrative_aliases",5,13,"x13",8,TRUE,"x13"
"simulation","administrative_aliases",5,14,"x14",7,TRUE,"x14"
"simulation","administrative_aliases",5,15,"x15",20,TRUE,"x15"
"simulation","administrative_aliases",5,16,"x16",19,TRUE,"x16"
"simulation","administrative_aliases",5,17,"x17",9,TRUE,"x17"
"simulation","administrative_aliases",5,18,"x18",10,TRUE,"x18"
"simulation","administrative_aliases",5,19,"x19",1,TRUE,"x19"
"simulation","administrative_aliases",5,20,"x20",4,TRUE,"x20"
"simulation","administrative_aliases",5,21,"x01__admin_alias",3,FALSE,"x01"
"simulation","administrative_aliases",5,22,"x08__admin_alias",5,FALSE,"x08"
"simulation","administrative_aliases",5,23,"x20__admin_alias",4,FALSE,"x20"
"simulation","unit_recodings",5,1,"x01",3,TRUE,"x01"
"simulation","unit_recodings",5,2,"x02",13,TRUE,"x02"
"simulation","unit_recodings",5,3,"x03",17,TRUE,"x03"
"simulation","unit_recodings",5,4,"x04",18,TRUE,"x04"
"simulation","unit_recodings",5,5,"x05",14,TRUE,"x05"
"simulation","unit_recodings",5,6,"x06",16,TRUE,"x06"
"simulation","unit_recodings",5,7,"x07",11,TRUE,"x07"
"simulation","unit_recodings",5,8,"x08",5,TRUE,"x08"
"simulation","unit_recodings",5,9,"x09",12,TRUE,"x09"
"simulation","unit_recodings",5,10,"x10",6,TRUE,"x10"
"simulation","unit_recodings",5,11,"x11",2,TRUE,"x11"
"simulation","unit_recodings",5,12,"x12",15,TRUE,"x12"
"simulation","unit_recodings",5,13,"x13",8,TRUE,"x13"
"simulation","unit_recodings",5,14,"x14",7,TRUE,"x14"
"simulation","unit_recodings",5,15,"x15",20,TRUE,"x15"
"simulation","unit_recodings",5,16,"x16",19,TRUE,"x16"
"simulation","unit_recodings",5,17,"x17",9,TRUE,"x17"
"simulation","unit_recodings",5,18,"x18",10,TRUE,"x18"
"simulation","unit_recodings",5,19,"x19",1,TRUE,"x19"
"simulation","unit_recodings",5,20,"x20",4,TRUE,"x20"
"simulation","unit_recodings",5,21,"x02__standardized",13,FALSE,"x02"
"simulation","unit_recodings",5,22,"x05__standardized",14,FALSE,"x05"
"simulation","unit_recodings",5,23,"x06__standardized",16,FALSE,"x06"
"simulation","complements",5,1,"x01",3,TRUE,"x01"
"simulation","complements",5,2,"x02",13,TRUE,"x02"
"simulation","complements",5,3,"x03",17,TRUE,"x03"
"simulation","complements",5,4,"x04",18,TRUE,"x04"
"simulation","complements",5,5,"x05",14,TRUE,"x05"
"simulation","complements",5,6,"x06",16,TRUE,"x06"
"simulation","complements",5,7,"x07",11,TRUE,"x07"
"simulation","complements",5,8,"x08",5,TRUE,"x08"
"simulation","complements",5,9,"x09",12,TRUE,"x09"
"simulation","complements",5,10,"x10",6,TRUE,"x10"
"simulation","complements",5,11,"x11",2,TRUE,"x11"
"simulation","complements",5,12,"x12",15,TRUE,"x12"
"simulation","complements",5,13,"x13",8,TRUE,"x13"
"simulation","complements",5,14,"x14",7,TRUE,"x14"
"simulation","complements",5,15,"x15",20,TRUE,"x15"
"simulation","complements",5,16,"x16",19,TRUE,"x16"
"simulation","complements",5,17,"x17",9,TRUE,"x17"
"simulation","complements",5,18,"x18",10,TRUE,"x18"
"simulation","complements",5,19,"x19",1,TRUE,"x19"
"simulation","complements",5,20,"x20",4,TRUE,"x20"
"simulation","complements",5,21,"x03__complement",17,FALSE,"x03"
"simulation","complements",5,22,"x07__complement",11,FALSE,"x07"
"simulation","complements",5,23,"x09__complement",12,FALSE,"x09"
"simulation","raw_log_rank",5,1,"x01",3,TRUE,"x01"
"simulation","raw_log_rank",5,2,"x02",13,TRUE,"x02"
"simulation","raw_log_rank",5,3,"x03",17,TRUE,"x03"
"simulation","raw_log_rank",5,4,"x04",18,TRUE,"x04"
"simulation","raw_log_rank",5,5,"x05",14,TRUE,"x05"
"simulation","raw_log_rank",5,6,"x06",16,TRUE,"x06"
"simulation","raw_log_rank",5,7,"x07",11,TRUE,"x07"
"simulation","raw_log_rank",5,8,"x08",5,TRUE,"x08"
"simulation","raw_log_rank",5,9,"x09",12,TRUE,"x09"
"simulation","raw_log_rank",5,10,"x10",6,TRUE,"x10"
"simulation","raw_log_rank",5,11,"x11",2,TRUE,"x11"
"simulation","raw_log_rank",5,12,"x12",15,TRUE,"x12"
"simulation","raw_log_rank",5,13,"x13",8,TRUE,"x13"
"simulation","raw_log_rank",5,14,"x14",7,TRUE,"x14"
"simulation","raw_log_rank",5,15,"x15",20,TRUE,"x15"
"simulation","raw_log_rank",5,16,"x16",19,TRUE,"x16"
"simulation","raw_log_rank",5,17,"x17",9,TRUE,"x17"
"simulation","raw_log_rank",5,18,"x18",10,TRUE,"x18"
"simulation","raw_log_rank",5,19,"x19",1,TRUE,"x19"
"simulation","raw_log_rank",5,20,"x20",4,TRUE,"x20"
"simulation","raw_log_rank",5,21,"x01__log",3,FALSE,"x01"
"simulation","raw_log_rank",5,22,"x01__rank",3,FALSE,"x01"
"simulation","raw_log_rank",5,23,"x02__log",13,FALSE,"x02"
"simulation","raw_log_rank",5,24,"x02__rank",13,FALSE,"x02"
"simulation","raw_log_rank",5,25,"x03__log",17,FALSE,"x03"
"simulation","raw_log_rank",5,26,"x03__rank",17,FALSE,"x03"
"simulation","routine_bundle",5,1,"x01",3,TRUE,"x01"
"simulation","routine_bundle",5,2,"x02",13,TRUE,"x02"
"simulation","routine_bundle",5,3,"x03",17,TRUE,"x03"
"simulation","routine_bundle",5,4,"x04",18,TRUE,"x04"
"simulation","routine_bundle",5,5,"x05",14,TRUE,"x05"
"simulation","routine_bundle",5,6,"x06",16,TRUE,"x06"
"simulation","routine_bundle",5,7,"x07",11,TRUE,"x07"
"simulation","routine_bundle",5,8,"x08",5,TRUE,"x08"
"simulation","routine_bundle",5,9,"x09",12,TRUE,"x09"
"simulation","routine_bundle",5,10,"x10",6,TRUE,"x10"
"simulation","routine_bundle",5,11,"x11",2,TRUE,"x11"
"simulation","routine_bundle",5,12,"x12",15,TRUE,"x12"
"simulation","routine_bundle",5,13,"x13",8,TRUE,"x13"
"simulation","routine_bundle",5,14,"x14",7,TRUE,"x14"
"simulation","routine_bundle",5,15,"x15",20,TRUE,"x15"
"simulation","routine_bundle",5,16,"x16",19,TRUE,"x16"
"simulation","routine_bundle",5,17,"x17",9,TRUE,"x17"
"simulation","routine_bundle",5,18,"x18",10,TRUE,"x18"
"simulation","routine_bundle",5,19,"x19",1,TRUE,"x19"
"simulation","routine_bundle",5,20,"x20",4,TRUE,"x20"
"simulation","routine_bundle",5,21,"x01__admin_alias",3,FALSE,"x01"
"simulation","routine_bundle",5,22,"x08__admin_alias",5,FALSE,"x08"
"simulation","routine_bundle",5,23,"x20__admin_alias",4,FALSE,"x20"
"simulation","routine_bundle",5,24,"x02__standardized",13,FALSE,"x02"
"simulation","routine_bundle",5,25,"x05__standardized",14,FALSE,"x05"
"simulation","routine_bundle",5,26,"x06__standardized",16,FALSE,"x06"
"simulation","routine_bundle",5,27,"x03__complement",17,FALSE,"x03"
"simulation","routine_bundle",5,28,"x07__complement",11,FALSE,"x07"
"simulation","routine_bundle",5,29,"x09__complement",12,FALSE,"x09"
"simulation","routine_bundle",5,30,"x01__log",3,FALSE,"x01"
"simulation","routine_bundle",5,31,"x01__rank",3,FALSE,"x01"
"simulation","routine_bundle",5,32,"x02__log",13,FALSE,"x02"
"simulation","routine_bundle",5,33,"x02__rank",13,FALSE,"x02"
"simulation","routine_bundle",5,34,"x03__log",17,FALSE,"x03"
"simulation","routine_bundle",5,35,"x03__rank",17,FALSE,"x03"
"simulation","canonical",6,1,"x01",2,TRUE,"x01"
"simulation","canonical",6,2,"x02",14,TRUE,"x02"
"simulation","canonical",6,3,"x03",20,TRUE,"x03"
"simulation","canonical",6,4,"x04",3,TRUE,"x04"
"simulation","canonical",6,5,"x05",12,TRUE,"x05"
"simulation","canonical",6,6,"x06",5,TRUE,"x06"
"simulation","canonical",6,7,"x07",15,TRUE,"x07"
"simulation","canonical",6,8,"x08",9,TRUE,"x08"
"simulation","canonical",6,9,"x09",4,TRUE,"x09"
"simulation","canonical",6,10,"x10",16,TRUE,"x10"
"simulation","canonical",6,11,"x11",13,TRUE,"x11"
"simulation","canonical",6,12,"x12",10,TRUE,"x12"
"simulation","canonical",6,13,"x13",8,TRUE,"x13"
"simulation","canonical",6,14,"x14",11,TRUE,"x14"
"simulation","canonical",6,15,"x15",7,TRUE,"x15"
"simulation","canonical",6,16,"x16",18,TRUE,"x16"
"simulation","canonical",6,17,"x17",6,TRUE,"x17"
"simulation","canonical",6,18,"x18",17,TRUE,"x18"
"simulation","canonical",6,19,"x19",19,TRUE,"x19"
"simulation","canonical",6,20,"x20",1,TRUE,"x20"
"simulation","administrative_aliases",6,1,"x01",2,TRUE,"x01"
"simulation","administrative_aliases",6,2,"x02",14,TRUE,"x02"
"simulation","administrative_aliases",6,3,"x03",20,TRUE,"x03"
"simulation","administrative_aliases",6,4,"x04",3,TRUE,"x04"
"simulation","administrative_aliases",6,5,"x05",12,TRUE,"x05"
"simulation","administrative_aliases",6,6,"x06",5,TRUE,"x06"
"simulation","administrative_aliases",6,7,"x07",15,TRUE,"x07"
"simulation","administrative_aliases",6,8,"x08",9,TRUE,"x08"
"simulation","administrative_aliases",6,9,"x09",4,TRUE,"x09"
"simulation","administrative_aliases",6,10,"x10",16,TRUE,"x10"
"simulation","administrative_aliases",6,11,"x11",13,TRUE,"x11"
"simulation","administrative_aliases",6,12,"x12",10,TRUE,"x12"
"simulation","administrative_aliases",6,13,"x13",8,TRUE,"x13"
"simulation","administrative_aliases",6,14,"x14",11,TRUE,"x14"
"simulation","administrative_aliases",6,15,"x15",7,TRUE,"x15"
"simulation","administrative_aliases",6,16,"x16",18,TRUE,"x16"
"simulation","administrative_aliases",6,17,"x17",6,TRUE,"x17"
"simulation","administrative_aliases",6,18,"x18",17,TRUE,"x18"
"simulation","administrative_aliases",6,19,"x19",19,TRUE,"x19"
"simulation","administrative_aliases",6,20,"x20",1,TRUE,"x20"
"simulation","administrative_aliases",6,21,"x01__admin_alias",2,FALSE,"x01"
"simulation","administrative_aliases",6,22,"x08__admin_alias",9,FALSE,"x08"
"simulation","administrative_aliases",6,23,"x20__admin_alias",1,FALSE,"x20"
"simulation","unit_recodings",6,1,"x01",2,TRUE,"x01"
"simulation","unit_recodings",6,2,"x02",14,TRUE,"x02"
"simulation","unit_recodings",6,3,"x03",20,TRUE,"x03"
"simulation","unit_recodings",6,4,"x04",3,TRUE,"x04"
"simulation","unit_recodings",6,5,"x05",12,TRUE,"x05"
"simulation","unit_recodings",6,6,"x06",5,TRUE,"x06"
"simulation","unit_recodings",6,7,"x07",15,TRUE,"x07"
"simulation","unit_recodings",6,8,"x08",9,TRUE,"x08"
"simulation","unit_recodings",6,9,"x09",4,TRUE,"x09"
"simulation","unit_recodings",6,10,"x10",16,TRUE,"x10"
"simulation","unit_recodings",6,11,"x11",13,TRUE,"x11"
"simulation","unit_recodings",6,12,"x12",10,TRUE,"x12"
"simulation","unit_recodings",6,13,"x13",8,TRUE,"x13"
"simulation","unit_recodings",6,14,"x14",11,TRUE,"x14"
"simulation","unit_recodings",6,15,"x15",7,TRUE,"x15"
"simulation","unit_recodings",6,16,"x16",18,TRUE,"x16"
"simulation","unit_recodings",6,17,"x17",6,TRUE,"x17"
"simulation","unit_recodings",6,18,"x18",17,TRUE,"x18"
"simulation","unit_recodings",6,19,"x19",19,TRUE,"x19"
"simulation","unit_recodings",6,20,"x20",1,TRUE,"x20"
"simulation","unit_recodings",6,21,"x02__standardized",14,FALSE,"x02"
"simulation","unit_recodings",6,22,"x05__standardized",12,FALSE,"x05"
"simulation","unit_recodings",6,23,"x06__standardized",5,FALSE,"x06"
"simulation","complements",6,1,"x01",2,TRUE,"x01"
"simulation","complements",6,2,"x02",14,TRUE,"x02"
"simulation","complements",6,3,"x03",20,TRUE,"x03"
"simulation","complements",6,4,"x04",3,TRUE,"x04"
"simulation","complements",6,5,"x05",12,TRUE,"x05"
"simulation","complements",6,6,"x06",5,TRUE,"x06"
"simulation","complements",6,7,"x07",15,TRUE,"x07"
"simulation","complements",6,8,"x08",9,TRUE,"x08"
"simulation","complements",6,9,"x09",4,TRUE,"x09"
"simulation","complements",6,10,"x10",16,TRUE,"x10"
"simulation","complements",6,11,"x11",13,TRUE,"x11"
"simulation","complements",6,12,"x12",10,TRUE,"x12"
"simulation","complements",6,13,"x13",8,TRUE,"x13"
"simulation","complements",6,14,"x14",11,TRUE,"x14"
"simulation","complements",6,15,"x15",7,TRUE,"x15"
"simulation","complements",6,16,"x16",18,TRUE,"x16"
"simulation","complements",6,17,"x17",6,TRUE,"x17"
"simulation","complements",6,18,"x18",17,TRUE,"x18"
"simulation","complements",6,19,"x19",19,TRUE,"x19"
"simulation","complements",6,20,"x20",1,TRUE,"x20"
"simulation","complements",6,21,"x03__complement",20,FALSE,"x03"
"simulation","complements",6,22,"x07__complement",15,FALSE,"x07"
"simulation","complements",6,23,"x09__complement",4,FALSE,"x09"
"simulation","raw_log_rank",6,1,"x01",2,TRUE,"x01"
"simulation","raw_log_rank",6,2,"x02",14,TRUE,"x02"
"simulation","raw_log_rank",6,3,"x03",20,TRUE,"x03"
"simulation","raw_log_rank",6,4,"x04",3,TRUE,"x04"
"simulation","raw_log_rank",6,5,"x05",12,TRUE,"x05"
"simulation","raw_log_rank",6,6,"x06",5,TRUE,"x06"
"simulation","raw_log_rank",6,7,"x07",15,TRUE,"x07"
"simulation","raw_log_rank",6,8,"x08",9,TRUE,"x08"
"simulation","raw_log_rank",6,9,"x09",4,TRUE,"x09"
"simulation","raw_log_rank",6,10,"x10",16,TRUE,"x10"
"simulation","raw_log_rank",6,11,"x11",13,TRUE,"x11"
"simulation","raw_log_rank",6,12,"x12",10,TRUE,"x12"
"simulation","raw_log_rank",6,13,"x13",8,TRUE,"x13"
"simulation","raw_log_rank",6,14,"x14",11,TRUE,"x14"
"simulation","raw_log_rank",6,15,"x15",7,TRUE,"x15"
"simulation","raw_log_rank",6,16,"x16",18,TRUE,"x16"
"simulation","raw_log_rank",6,17,"x17",6,TRUE,"x17"
"simulation","raw_log_rank",6,18,"x18",17,TRUE,"x18"
"simulation","raw_log_rank",6,19,"x19",19,TRUE,"x19"
"simulation","raw_log_rank",6,20,"x20",1,TRUE,"x20"
"simulation","raw_log_rank",6,21,"x01__log",2,FALSE,"x01"
"simulation","raw_log_rank",6,22,"x01__rank",2,FALSE,"x01"
"simulation","raw_log_rank",6,23,"x02__log",14,FALSE,"x02"
"simulation","raw_log_rank",6,24,"x02__rank",14,FALSE,"x02"
"simulation","raw_log_rank",6,25,"x03__log",20,FALSE,"x03"
"simulation","raw_log_rank",6,26,"x03__rank",20,FALSE,"x03"
"simulation","routine_bundle",6,1,"x01",2,TRUE,"x01"
"simulation","routine_bundle",6,2,"x02",14,TRUE,"x02"
"simulation","routine_bundle",6,3,"x03",20,TRUE,"x03"
"simulation","routine_bundle",6,4,"x04",3,TRUE,"x04"
"simulation","routine_bundle",6,5,"x05",12,TRUE,"x05"
"simulation","routine_bundle",6,6,"x06",5,TRUE,"x06"
"simulation","routine_bundle",6,7,"x07",15,TRUE,"x07"
"simulation","routine_bundle",6,8,"x08",9,TRUE,"x08"
"simulation","routine_bundle",6,9,"x09",4,TRUE,"x09"
"simulation","routine_bundle",6,10,"x10",16,TRUE,"x10"
"simulation","routine_bundle",6,11,"x11",13,TRUE,"x11"
"simulation","routine_bundle",6,12,"x12",10,TRUE,"x12"
"simulation","routine_bundle",6,13,"x13",8,TRUE,"x13"
"simulation","routine_bundle",6,14,"x14",11,TRUE,"x14"
"simulation","routine_bundle",6,15,"x15",7,TRUE,"x15"
"simulation","routine_bundle",6,16,"x16",18,TRUE,"x16"
"simulation","routine_bundle",6,17,"x17",6,TRUE,"x17"
"simulation","routine_bundle",6,18,"x18",17,TRUE,"x18"
"simulation","routine_bundle",6,19,"x19",19,TRUE,"x19"
"simulation","routine_bundle",6,20,"x20",1,TRUE,"x20"
"simulation","routine_bundle",6,21,"x01__admin_alias",2,FALSE,"x01"
"simulation","routine_bundle",6,22,"x08__admin_alias",9,FALSE,"x08"
"simulation","routine_bundle",6,23,"x20__admin_alias",1,FALSE,"x20"
"simulation","routine_bundle",6,24,"x02__standardized",14,FALSE,"x02"
"simulation","routine_bundle",6,25,"x05__standardized",12,FALSE,"x05"
"simulation","routine_bundle",6,26,"x06__standardized",5,FALSE,"x06"
"simulation","routine_bundle",6,27,"x03__complement",20,FALSE,"x03"
"simulation","routine_bundle",6,28,"x07__complement",15,FALSE,"x07"
"simulation","routine_bundle",6,29,"x09__complement",4,FALSE,"x09"
"simulation","routine_bundle",6,30,"x01__log",2,FALSE,"x01"
"simulation","routine_bundle",6,31,"x01__rank",2,FALSE,"x01"
"simulation","routine_bundle",6,32,"x02__log",14,FALSE,"x02"
"simulation","routine_bundle",6,33,"x02__rank",14,FALSE,"x02"
"simulation","routine_bundle",6,34,"x03__log",20,FALSE,"x03"
"simulation","routine_bundle",6,35,"x03__rank",20,FALSE,"x03"
"simulation","canonical",7,1,"x01",16,TRUE,"x01"
"simulation","canonical",7,2,"x02",8,TRUE,"x02"
"simulation","canonical",7,3,"x03",10,TRUE,"x03"
"simulation","canonical",7,4,"x04",3,TRUE,"x04"
"simulation","canonical",7,5,"x05",12,TRUE,"x05"
"simulation","canonical",7,6,"x06",2,TRUE,"x06"
"simulation","canonical",7,7,"x07",15,TRUE,"x07"
"simulation","canonical",7,8,"x08",5,TRUE,"x08"
"simulation","canonical",7,9,"x09",18,TRUE,"x09"
"simulation","canonical",7,10,"x10",9,TRUE,"x10"
"simulation","canonical",7,11,"x11",19,TRUE,"x11"
"simulation","canonical",7,12,"x12",11,TRUE,"x12"
"simulation","canonical",7,13,"x13",13,TRUE,"x13"
"simulation","canonical",7,14,"x14",17,TRUE,"x14"
"simulation","canonical",7,15,"x15",20,TRUE,"x15"
"simulation","canonical",7,16,"x16",14,TRUE,"x16"
"simulation","canonical",7,17,"x17",4,TRUE,"x17"
"simulation","canonical",7,18,"x18",6,TRUE,"x18"
"simulation","canonical",7,19,"x19",7,TRUE,"x19"
"simulation","canonical",7,20,"x20",1,TRUE,"x20"
"simulation","administrative_aliases",7,1,"x01",16,TRUE,"x01"
"simulation","administrative_aliases",7,2,"x02",8,TRUE,"x02"
"simulation","administrative_aliases",7,3,"x03",10,TRUE,"x03"
"simulation","administrative_aliases",7,4,"x04",3,TRUE,"x04"
"simulation","administrative_aliases",7,5,"x05",12,TRUE,"x05"
"simulation","administrative_aliases",7,6,"x06",2,TRUE,"x06"
"simulation","administrative_aliases",7,7,"x07",15,TRUE,"x07"
"simulation","administrative_aliases",7,8,"x08",5,TRUE,"x08"
"simulation","administrative_aliases",7,9,"x09",18,TRUE,"x09"
"simulation","administrative_aliases",7,10,"x10",9,TRUE,"x10"
"simulation","administrative_aliases",7,11,"x11",19,TRUE,"x11"
"simulation","administrative_aliases",7,12,"x12",11,TRUE,"x12"
"simulation","administrative_aliases",7,13,"x13",13,TRUE,"x13"
"simulation","administrative_aliases",7,14,"x14",17,TRUE,"x14"
"simulation","administrative_aliases",7,15,"x15",20,TRUE,"x15"
"simulation","administrative_aliases",7,16,"x16",14,TRUE,"x16"
"simulation","administrative_aliases",7,17,"x17",4,TRUE,"x17"
"simulation","administrative_aliases",7,18,"x18",6,TRUE,"x18"
"simulation","administrative_aliases",7,19,"x19",7,TRUE,"x19"
"simulation","administrative_aliases",7,20,"x20",1,TRUE,"x20"
"simulation","administrative_aliases",7,21,"x01__admin_alias",16,FALSE,"x01"
"simulation","administrative_aliases",7,22,"x08__admin_alias",5,FALSE,"x08"
"simulation","administrative_aliases",7,23,"x20__admin_alias",1,FALSE,"x20"
"simulation","unit_recodings",7,1,"x01",16,TRUE,"x01"
"simulation","unit_recodings",7,2,"x02",8,TRUE,"x02"
"simulation","unit_recodings",7,3,"x03",10,TRUE,"x03"
"simulation","unit_recodings",7,4,"x04",3,TRUE,"x04"
"simulation","unit_recodings",7,5,"x05",12,TRUE,"x05"
"simulation","unit_recodings",7,6,"x06",2,TRUE,"x06"
"simulation","unit_recodings",7,7,"x07",15,TRUE,"x07"
"simulation","unit_recodings",7,8,"x08",5,TRUE,"x08"
"simulation","unit_recodings",7,9,"x09",18,TRUE,"x09"
"simulation","unit_recodings",7,10,"x10",9,TRUE,"x10"
"simulation","unit_recodings",7,11,"x11",19,TRUE,"x11"
"simulation","unit_recodings",7,12,"x12",11,TRUE,"x12"
"simulation","unit_recodings",7,13,"x13",13,TRUE,"x13"
"simulation","unit_recodings",7,14,"x14",17,TRUE,"x14"
"simulation","unit_recodings",7,15,"x15",20,TRUE,"x15"
"simulation","unit_recodings",7,16,"x16",14,TRUE,"x16"
"simulation","unit_recodings",7,17,"x17",4,TRUE,"x17"
"simulation","unit_recodings",7,18,"x18",6,TRUE,"x18"
"simulation","unit_recodings",7,19,"x19",7,TRUE,"x19"
"simulation","unit_recodings",7,20,"x20",1,TRUE,"x20"
"simulation","unit_recodings",7,21,"x02__standardized",8,FALSE,"x02"
"simulation","unit_recodings",7,22,"x05__standardized",12,FALSE,"x05"
"simulation","unit_recodings",7,23,"x06__standardized",2,FALSE,"x06"
"simulation","complements",7,1,"x01",16,TRUE,"x01"
"simulation","complements",7,2,"x02",8,TRUE,"x02"
"simulation","complements",7,3,"x03",10,TRUE,"x03"
"simulation","complements",7,4,"x04",3,TRUE,"x04"
"simulation","complements",7,5,"x05",12,TRUE,"x05"
"simulation","complements",7,6,"x06",2,TRUE,"x06"
"simulation","complements",7,7,"x07",15,TRUE,"x07"
"simulation","complements",7,8,"x08",5,TRUE,"x08"
"simulation","complements",7,9,"x09",18,TRUE,"x09"
"simulation","complements",7,10,"x10",9,TRUE,"x10"
"simulation","complements",7,11,"x11",19,TRUE,"x11"
"simulation","complements",7,12,"x12",11,TRUE,"x12"
"simulation","complements",7,13,"x13",13,TRUE,"x13"
"simulation","complements",7,14,"x14",17,TRUE,"x14"
"simulation","complements",7,15,"x15",20,TRUE,"x15"
"simulation","complements",7,16,"x16",14,TRUE,"x16"
"simulation","complements",7,17,"x17",4,TRUE,"x17"
"simulation","complements",7,18,"x18",6,TRUE,"x18"
"simulation","complements",7,19,"x19",7,TRUE,"x19"
"simulation","complements",7,20,"x20",1,TRUE,"x20"
"simulation","complements",7,21,"x03__complement",10,FALSE,"x03"
"simulation","complements",7,22,"x07__complement",15,FALSE,"x07"
"simulation","complements",7,23,"x09__complement",18,FALSE,"x09"
"simulation","raw_log_rank",7,1,"x01",16,TRUE,"x01"
"simulation","raw_log_rank",7,2,"x02",8,TRUE,"x02"
"simulation","raw_log_rank",7,3,"x03",10,TRUE,"x03"
"simulation","raw_log_rank",7,4,"x04",3,TRUE,"x04"
"simulation","raw_log_rank",7,5,"x05",12,TRUE,"x05"
"simulation","raw_log_rank",7,6,"x06",2,TRUE,"x06"
"simulation","raw_log_rank",7,7,"x07",15,TRUE,"x07"
"simulation","raw_log_rank",7,8,"x08",5,TRUE,"x08"
"simulation","raw_log_rank",7,9,"x09",18,TRUE,"x09"
"simulation","raw_log_rank",7,10,"x10",9,TRUE,"x10"
"simulation","raw_log_rank",7,11,"x11",19,TRUE,"x11"
"simulation","raw_log_rank",7,12,"x12",11,TRUE,"x12"
"simulation","raw_log_rank",7,13,"x13",13,TRUE,"x13"
"simulation","raw_log_rank",7,14,"x14",17,TRUE,"x14"
"simulation","raw_log_rank",7,15,"x15",20,TRUE,"x15"
"simulation","raw_log_rank",7,16,"x16",14,TRUE,"x16"
"simulation","raw_log_rank",7,17,"x17",4,TRUE,"x17"
"simulation","raw_log_rank",7,18,"x18",6,TRUE,"x18"
"simulation","raw_log_rank",7,19,"x19",7,TRUE,"x19"
"simulation","raw_log_rank",7,20,"x20",1,TRUE,"x20"
"simulation","raw_log_rank",7,21,"x01__log",16,FALSE,"x01"
"simulation","raw_log_rank",7,22,"x01__rank",16,FALSE,"x01"
"simulation","raw_log_rank",7,23,"x02__log",8,FALSE,"x02"
"simulation","raw_log_rank",7,24,"x02__rank",8,FALSE,"x02"
"simulation","raw_log_rank",7,25,"x03__log",10,FALSE,"x03"
"simulation","raw_log_rank",7,26,"x03__rank",10,FALSE,"x03"
"simulation","routine_bundle",7,1,"x01",16,TRUE,"x01"
"simulation","routine_bundle",7,2,"x02",8,TRUE,"x02"
"simulation","routine_bundle",7,3,"x03",10,TRUE,"x03"
"simulation","routine_bundle",7,4,"x04",3,TRUE,"x04"
"simulation","routine_bundle",7,5,"x05",12,TRUE,"x05"
"simulation","routine_bundle",7,6,"x06",2,TRUE,"x06"
"simulation","routine_bundle",7,7,"x07",15,TRUE,"x07"
"simulation","routine_bundle",7,8,"x08",5,TRUE,"x08"
"simulation","routine_bundle",7,9,"x09",18,TRUE,"x09"
"simulation","routine_bundle",7,10,"x10",9,TRUE,"x10"
"simulation","routine_bundle",7,11,"x11",19,TRUE,"x11"
"simulation","routine_bundle",7,12,"x12",11,TRUE,"x12"
"simulation","routine_bundle",7,13,"x13",13,TRUE,"x13"
"simulation","routine_bundle",7,14,"x14",17,TRUE,"x14"
"simulation","routine_bundle",7,15,"x15",20,TRUE,"x15"
"simulation","routine_bundle",7,16,"x16",14,TRUE,"x16"
"simulation","routine_bundle",7,17,"x17",4,TRUE,"x17"
"simulation","routine_bundle",7,18,"x18",6,TRUE,"x18"
"simulation","routine_bundle",7,19,"x19",7,TRUE,"x19"
"simulation","routine_bundle",7,20,"x20",1,TRUE,"x20"
"simulation","routine_bundle",7,21,"x01__admin_alias",16,FALSE,"x01"
"simulation","routine_bundle",7,22,"x08__admin_alias",5,FALSE,"x08"
"simulation","routine_bundle",7,23,"x20__admin_alias",1,FALSE,"x20"
"simulation","routine_bundle",7,24,"x02__standardized",8,FALSE,"x02"
"simulation","routine_bundle",7,25,"x05__standardized",12,FALSE,"x05"
"simulation","routine_bundle",7,26,"x06__standardized",2,FALSE,"x06"
"simulation","routine_bundle",7,27,"x03__complement",10,FALSE,"x03"
"simulation","routine_bundle",7,28,"x07__complement",15,FALSE,"x07"
"simulation","routine_bundle",7,29,"x09__complement",18,FALSE,"x09"
"simulation","routine_bundle",7,30,"x01__log",16,FALSE,"x01"
"simulation","routine_bundle",7,31,"x01__rank",16,FALSE,"x01"
"simulation","routine_bundle",7,32,"x02__log",8,FALSE,"x02"
"simulation","routine_bundle",7,33,"x02__rank",8,FALSE,"x02"
"simulation","routine_bundle",7,34,"x03__log",10,FALSE,"x03"
"simulation","routine_bundle",7,35,"x03__rank",10,FALSE,"x03"
"simulation","canonical",8,1,"x01",18,TRUE,"x01"
"simulation","canonical",8,2,"x02",5,TRUE,"x02"
"simulation","canonical",8,3,"x03",10,TRUE,"x03"
"simulation","canonical",8,4,"x04",13,TRUE,"x04"
"simulation","canonical",8,5,"x05",19,TRUE,"x05"
"simulation","canonical",8,6,"x06",16,TRUE,"x06"
"simulation","canonical",8,7,"x07",8,TRUE,"x07"
"simulation","canonical",8,8,"x08",17,TRUE,"x08"
"simulation","canonical",8,9,"x09",9,TRUE,"x09"
"simulation","canonical",8,10,"x10",7,TRUE,"x10"
"simulation","canonical",8,11,"x11",6,TRUE,"x11"
"simulation","canonical",8,12,"x12",11,TRUE,"x12"
"simulation","canonical",8,13,"x13",2,TRUE,"x13"
"simulation","canonical",8,14,"x14",20,TRUE,"x14"
"simulation","canonical",8,15,"x15",12,TRUE,"x15"
"simulation","canonical",8,16,"x16",4,TRUE,"x16"
"simulation","canonical",8,17,"x17",15,TRUE,"x17"
"simulation","canonical",8,18,"x18",14,TRUE,"x18"
"simulation","canonical",8,19,"x19",1,TRUE,"x19"
"simulation","canonical",8,20,"x20",3,TRUE,"x20"
"simulation","administrative_aliases",8,1,"x01",18,TRUE,"x01"
"simulation","administrative_aliases",8,2,"x02",5,TRUE,"x02"
"simulation","administrative_aliases",8,3,"x03",10,TRUE,"x03"
"simulation","administrative_aliases",8,4,"x04",13,TRUE,"x04"
"simulation","administrative_aliases",8,5,"x05",19,TRUE,"x05"
"simulation","administrative_aliases",8,6,"x06",16,TRUE,"x06"
"simulation","administrative_aliases",8,7,"x07",8,TRUE,"x07"
"simulation","administrative_aliases",8,8,"x08",17,TRUE,"x08"
"simulation","administrative_aliases",8,9,"x09",9,TRUE,"x09"
"simulation","administrative_aliases",8,10,"x10",7,TRUE,"x10"
"simulation","administrative_aliases",8,11,"x11",6,TRUE,"x11"
"simulation","administrative_aliases",8,12,"x12",11,TRUE,"x12"
"simulation","administrative_aliases",8,13,"x13",2,TRUE,"x13"
"simulation","administrative_aliases",8,14,"x14",20,TRUE,"x14"
"simulation","administrative_aliases",8,15,"x15",12,TRUE,"x15"
"simulation","administrative_aliases",8,16,"x16",4,TRUE,"x16"
"simulation","administrative_aliases",8,17,"x17",15,TRUE,"x17"
"simulation","administrative_aliases",8,18,"x18",14,TRUE,"x18"
"simulation","administrative_aliases",8,19,"x19",1,TRUE,"x19"
"simulation","administrative_aliases",8,20,"x20",3,TRUE,"x20"
"simulation","administrative_aliases",8,21,"x01__admin_alias",18,FALSE,"x01"
"simulation","administrative_aliases",8,22,"x08__admin_alias",17,FALSE,"x08"
"simulation","administrative_aliases",8,23,"x20__admin_alias",3,FALSE,"x20"
"simulation","unit_recodings",8,1,"x01",18,TRUE,"x01"
"simulation","unit_recodings",8,2,"x02",5,TRUE,"x02"
"simulation","unit_recodings",8,3,"x03",10,TRUE,"x03"
"simulation","unit_recodings",8,4,"x04",13,TRUE,"x04"
"simulation","unit_recodings",8,5,"x05",19,TRUE,"x05"
"simulation","unit_recodings",8,6,"x06",16,TRUE,"x06"
"simulation","unit_recodings",8,7,"x07",8,TRUE,"x07"
"simulation","unit_recodings",8,8,"x08",17,TRUE,"x08"
"simulation","unit_recodings",8,9,"x09",9,TRUE,"x09"
"simulation","unit_recodings",8,10,"x10",7,TRUE,"x10"
"simulation","unit_recodings",8,11,"x11",6,TRUE,"x11"
"simulation","unit_recodings",8,12,"x12",11,TRUE,"x12"
"simulation","unit_recodings",8,13,"x13",2,TRUE,"x13"
"simulation","unit_recodings",8,14,"x14",20,TRUE,"x14"
"simulation","unit_recodings",8,15,"x15",12,TRUE,"x15"
"simulation","unit_recodings",8,16,"x16",4,TRUE,"x16"
"simulation","unit_recodings",8,17,"x17",15,TRUE,"x17"
"simulation","unit_recodings",8,18,"x18",14,TRUE,"x18"
"simulation","unit_recodings",8,19,"x19",1,TRUE,"x19"
"simulation","unit_recodings",8,20,"x20",3,TRUE,"x20"
"simulation","unit_recodings",8,21,"x02__standardized",5,FALSE,"x02"
"simulation","unit_recodings",8,22,"x05__standardized",19,FALSE,"x05"
"simulation","unit_recodings",8,23,"x06__standardized",16,FALSE,"x06"
"simulation","complements",8,1,"x01",18,TRUE,"x01"
"simulation","complements",8,2,"x02",5,TRUE,"x02"
"simulation","complements",8,3,"x03",10,TRUE,"x03"
"simulation","complements",8,4,"x04",13,TRUE,"x04"
"simulation","complements",8,5,"x05",19,TRUE,"x05"
"simulation","complements",8,6,"x06",16,TRUE,"x06"
"simulation","complements",8,7,"x07",8,TRUE,"x07"
"simulation","complements",8,8,"x08",17,TRUE,"x08"
"simulation","complements",8,9,"x09",9,TRUE,"x09"
"simulation","complements",8,10,"x10",7,TRUE,"x10"
"simulation","complements",8,11,"x11",6,TRUE,"x11"
"simulation","complements",8,12,"x12",11,TRUE,"x12"
"simulation","complements",8,13,"x13",2,TRUE,"x13"
"simulation","complements",8,14,"x14",20,TRUE,"x14"
"simulation","complements",8,15,"x15",12,TRUE,"x15"
"simulation","complements",8,16,"x16",4,TRUE,"x16"
"simulation","complements",8,17,"x17",15,TRUE,"x17"
"simulation","complements",8,18,"x18",14,TRUE,"x18"
"simulation","complements",8,19,"x19",1,TRUE,"x19"
"simulation","complements",8,20,"x20",3,TRUE,"x20"
"simulation","complements",8,21,"x03__complement",10,FALSE,"x03"
"simulation","complements",8,22,"x07__complement",8,FALSE,"x07"
"simulation","complements",8,23,"x09__complement",9,FALSE,"x09"
"simulation","raw_log_rank",8,1,"x01",18,TRUE,"x01"
"simulation","raw_log_rank",8,2,"x02",5,TRUE,"x02"
"simulation","raw_log_rank",8,3,"x03",10,TRUE,"x03"
"simulation","raw_log_rank",8,4,"x04",13,TRUE,"x04"
"simulation","raw_log_rank",8,5,"x05",19,TRUE,"x05"
"simulation","raw_log_rank",8,6,"x06",16,TRUE,"x06"
"simulation","raw_log_rank",8,7,"x07",8,TRUE,"x07"
"simulation","raw_log_rank",8,8,"x08",17,TRUE,"x08"
"simulation","raw_log_rank",8,9,"x09",9,TRUE,"x09"
"simulation","raw_log_rank",8,10,"x10",7,TRUE,"x10"
"simulation","raw_log_rank",8,11,"x11",6,TRUE,"x11"
"simulation","raw_log_rank",8,12,"x12",11,TRUE,"x12"
"simulation","raw_log_rank",8,13,"x13",2,TRUE,"x13"
"simulation","raw_log_rank",8,14,"x14",20,TRUE,"x14"
"simulation","raw_log_rank",8,15,"x15",12,TRUE,"x15"
"simulation","raw_log_rank",8,16,"x16",4,TRUE,"x16"
"simulation","raw_log_rank",8,17,"x17",15,TRUE,"x17"
"simulation","raw_log_rank",8,18,"x18",14,TRUE,"x18"
"simulation","raw_log_rank",8,19,"x19",1,TRUE,"x19"
"simulation","raw_log_rank",8,20,"x20",3,TRUE,"x20"
"simulation","raw_log_rank",8,21,"x01__log",18,FALSE,"x01"
"simulation","raw_log_rank",8,22,"x01__rank",18,FALSE,"x01"
"simulation","raw_log_rank",8,23,"x02__log",5,FALSE,"x02"
"simulation","raw_log_rank",8,24,"x02__rank",5,FALSE,"x02"
"simulation","raw_log_rank",8,25,"x03__log",10,FALSE,"x03"
"simulation","raw_log_rank",8,26,"x03__rank",10,FALSE,"x03"
"simulation","routine_bundle",8,1,"x01",18,TRUE,"x01"
"simulation","routine_bundle",8,2,"x02",5,TRUE,"x02"
"simulation","routine_bundle",8,3,"x03",10,TRUE,"x03"
"simulation","routine_bundle",8,4,"x04",13,TRUE,"x04"
"simulation","routine_bundle",8,5,"x05",19,TRUE,"x05"
"simulation","routine_bundle",8,6,"x06",16,TRUE,"x06"
"simulation","routine_bundle",8,7,"x07",8,TRUE,"x07"
"simulation","routine_bundle",8,8,"x08",17,TRUE,"x08"
"simulation","routine_bundle",8,9,"x09",9,TRUE,"x09"
"simulation","routine_bundle",8,10,"x10",7,TRUE,"x10"
"simulation","routine_bundle",8,11,"x11",6,TRUE,"x11"
"simulation","routine_bundle",8,12,"x12",11,TRUE,"x12"
"simulation","routine_bundle",8,13,"x13",2,TRUE,"x13"
"simulation","routine_bundle",8,14,"x14",20,TRUE,"x14"
"simulation","routine_bundle",8,15,"x15",12,TRUE,"x15"
"simulation","routine_bundle",8,16,"x16",4,TRUE,"x16"
"simulation","routine_bundle",8,17,"x17",15,TRUE,"x17"
"simulation","routine_bundle",8,18,"x18",14,TRUE,"x18"
"simulation","routine_bundle",8,19,"x19",1,TRUE,"x19"
"simulation","routine_bundle",8,20,"x20",3,TRUE,"x20"
"simulation","routine_bundle",8,21,"x01__admin_alias",18,FALSE,"x01"
"simulation","routine_bundle",8,22,"x08__admin_alias",17,FALSE,"x08"
"simulation","routine_bundle",8,23,"x20__admin_alias",3,FALSE,"x20"
"simulation","routine_bundle",8,24,"x02__standardized",5,FALSE,"x02"
"simulation","routine_bundle",8,25,"x05__standardized",19,FALSE,"x05"
"simulation","routine_bundle",8,26,"x06__standardized",16,FALSE,"x06"
"simulation","routine_bundle",8,27,"x03__complement",10,FALSE,"x03"
"simulation","routine_bundle",8,28,"x07__complement",8,FALSE,"x07"
"simulation","routine_bundle",8,29,"x09__complement",9,FALSE,"x09"
"simulation","routine_bundle",8,30,"x01__log",18,FALSE,"x01"
"simulation","routine_bundle",8,31,"x01__rank",18,FALSE,"x01"
"simulation","routine_bundle",8,32,"x02__log",5,FALSE,"x02"
"simulation","routine_bundle",8,33,"x02__rank",5,FALSE,"x02"
"simulation","routine_bundle",8,34,"x03__log",10,FALSE,"x03"
"simulation","routine_bundle",8,35,"x03__rank",10,FALSE,"x03"
"simulation","canonical",9,1,"x01",15,TRUE,"x01"
"simulation","canonical",9,2,"x02",6,TRUE,"x02"
"simulation","canonical",9,3,"x03",18,TRUE,"x03"
"simulation","canonical",9,4,"x04",13,TRUE,"x04"
"simulation","canonical",9,5,"x05",14,TRUE,"x05"
"simulation","canonical",9,6,"x06",16,TRUE,"x06"
"simulation","canonical",9,7,"x07",17,TRUE,"x07"
"simulation","canonical",9,8,"x08",4,TRUE,"x08"
"simulation","canonical",9,9,"x09",5,TRUE,"x09"
"simulation","canonical",9,10,"x10",12,TRUE,"x10"
"simulation","canonical",9,11,"x11",7,TRUE,"x11"
"simulation","canonical",9,12,"x12",9,TRUE,"x12"
"simulation","canonical",9,13,"x13",20,TRUE,"x13"
"simulation","canonical",9,14,"x14",1,TRUE,"x14"
"simulation","canonical",9,15,"x15",8,TRUE,"x15"
"simulation","canonical",9,16,"x16",19,TRUE,"x16"
"simulation","canonical",9,17,"x17",11,TRUE,"x17"
"simulation","canonical",9,18,"x18",3,TRUE,"x18"
"simulation","canonical",9,19,"x19",10,TRUE,"x19"
"simulation","canonical",9,20,"x20",2,TRUE,"x20"
"simulation","administrative_aliases",9,1,"x01",15,TRUE,"x01"
"simulation","administrative_aliases",9,2,"x02",6,TRUE,"x02"
"simulation","administrative_aliases",9,3,"x03",18,TRUE,"x03"
"simulation","administrative_aliases",9,4,"x04",13,TRUE,"x04"
"simulation","administrative_aliases",9,5,"x05",14,TRUE,"x05"
"simulation","administrative_aliases",9,6,"x06",16,TRUE,"x06"
"simulation","administrative_aliases",9,7,"x07",17,TRUE,"x07"
"simulation","administrative_aliases",9,8,"x08",4,TRUE,"x08"
"simulation","administrative_aliases",9,9,"x09",5,TRUE,"x09"
"simulation","administrative_aliases",9,10,"x10",12,TRUE,"x10"
"simulation","administrative_aliases",9,11,"x11",7,TRUE,"x11"
"simulation","administrative_aliases",9,12,"x12",9,TRUE,"x12"
"simulation","administrative_aliases",9,13,"x13",20,TRUE,"x13"
"simulation","administrative_aliases",9,14,"x14",1,TRUE,"x14"
"simulation","administrative_aliases",9,15,"x15",8,TRUE,"x15"
"simulation","administrative_aliases",9,16,"x16",19,TRUE,"x16"
"simulation","administrative_aliases",9,17,"x17",11,TRUE,"x17"
"simulation","administrative_aliases",9,18,"x18",3,TRUE,"x18"
"simulation","administrative_aliases",9,19,"x19",10,TRUE,"x19"
"simulation","administrative_aliases",9,20,"x20",2,TRUE,"x20"
"simulation","administrative_aliases",9,21,"x01__admin_alias",15,FALSE,"x01"
"simulation","administrative_aliases",9,22,"x08__admin_alias",4,FALSE,"x08"
"simulation","administrative_aliases",9,23,"x20__admin_alias",2,FALSE,"x20"
"simulation","unit_recodings",9,1,"x01",15,TRUE,"x01"
"simulation","unit_recodings",9,2,"x02",6,TRUE,"x02"
"simulation","unit_recodings",9,3,"x03",18,TRUE,"x03"
"simulation","unit_recodings",9,4,"x04",13,TRUE,"x04"
"simulation","unit_recodings",9,5,"x05",14,TRUE,"x05"
"simulation","unit_recodings",9,6,"x06",16,TRUE,"x06"
"simulation","unit_recodings",9,7,"x07",17,TRUE,"x07"
"simulation","unit_recodings",9,8,"x08",4,TRUE,"x08"
"simulation","unit_recodings",9,9,"x09",5,TRUE,"x09"
"simulation","unit_recodings",9,10,"x10",12,TRUE,"x10"
"simulation","unit_recodings",9,11,"x11",7,TRUE,"x11"
"simulation","unit_recodings",9,12,"x12",9,TRUE,"x12"
"simulation","unit_recodings",9,13,"x13",20,TRUE,"x13"
"simulation","unit_recodings",9,14,"x14",1,TRUE,"x14"
"simulation","unit_recodings",9,15,"x15",8,TRUE,"x15"
"simulation","unit_recodings",9,16,"x16",19,TRUE,"x16"
"simulation","unit_recodings",9,17,"x17",11,TRUE,"x17"
"simulation","unit_recodings",9,18,"x18",3,TRUE,"x18"
"simulation","unit_recodings",9,19,"x19",10,TRUE,"x19"
"simulation","unit_recodings",9,20,"x20",2,TRUE,"x20"
"simulation","unit_recodings",9,21,"x02__standardized",6,FALSE,"x02"
"simulation","unit_recodings",9,22,"x05__standardized",14,FALSE,"x05"
"simulation","unit_recodings",9,23,"x06__standardized",16,FALSE,"x06"
"simulation","complements",9,1,"x01",15,TRUE,"x01"
"simulation","complements",9,2,"x02",6,TRUE,"x02"
"simulation","complements",9,3,"x03",18,TRUE,"x03"
"simulation","complements",9,4,"x04",13,TRUE,"x04"
"simulation","complements",9,5,"x05",14,TRUE,"x05"
"simulation","complements",9,6,"x06",16,TRUE,"x06"
"simulation","complements",9,7,"x07",17,TRUE,"x07"
"simulation","complements",9,8,"x08",4,TRUE,"x08"
"simulation","complements",9,9,"x09",5,TRUE,"x09"
"simulation","complements",9,10,"x10",12,TRUE,"x10"
"simulation","complements",9,11,"x11",7,TRUE,"x11"
"simulation","complements",9,12,"x12",9,TRUE,"x12"
"simulation","complements",9,13,"x13",20,TRUE,"x13"
"simulation","complements",9,14,"x14",1,TRUE,"x14"
"simulation","complements",9,15,"x15",8,TRUE,"x15"
"simulation","complements",9,16,"x16",19,TRUE,"x16"
"simulation","complements",9,17,"x17",11,TRUE,"x17"
"simulation","complements",9,18,"x18",3,TRUE,"x18"
"simulation","complements",9,19,"x19",10,TRUE,"x19"
"simulation","complements",9,20,"x20",2,TRUE,"x20"
"simulation","complements",9,21,"x03__complement",18,FALSE,"x03"
"simulation","complements",9,22,"x07__complement",17,FALSE,"x07"
"simulation","complements",9,23,"x09__complement",5,FALSE,"x09"
"simulation","raw_log_rank",9,1,"x01",15,TRUE,"x01"
"simulation","raw_log_rank",9,2,"x02",6,TRUE,"x02"
"simulation","raw_log_rank",9,3,"x03",18,TRUE,"x03"
"simulation","raw_log_rank",9,4,"x04",13,TRUE,"x04"
"simulation","raw_log_rank",9,5,"x05",14,TRUE,"x05"
"simulation","raw_log_rank",9,6,"x06",16,TRUE,"x06"
"simulation","raw_log_rank",9,7,"x07",17,TRUE,"x07"
"simulation","raw_log_rank",9,8,"x08",4,TRUE,"x08"
"simulation","raw_log_rank",9,9,"x09",5,TRUE,"x09"
"simulation","raw_log_rank",9,10,"x10",12,TRUE,"x10"
"simulation","raw_log_rank",9,11,"x11",7,TRUE,"x11"
"simulation","raw_log_rank",9,12,"x12",9,TRUE,"x12"
"simulation","raw_log_rank",9,13,"x13",20,TRUE,"x13"
"simulation","raw_log_rank",9,14,"x14",1,TRUE,"x14"
"simulation","raw_log_rank",9,15,"x15",8,TRUE,"x15"
"simulation","raw_log_rank",9,16,"x16",19,TRUE,"x16"
"simulation","raw_log_rank",9,17,"x17",11,TRUE,"x17"
"simulation","raw_log_rank",9,18,"x18",3,TRUE,"x18"
"simulation","raw_log_rank",9,19,"x19",10,TRUE,"x19"
"simulation","raw_log_rank",9,20,"x20",2,TRUE,"x20"
"simulation","raw_log_rank",9,21,"x01__log",15,FALSE,"x01"
"simulation","raw_log_rank",9,22,"x01__rank",15,FALSE,"x01"
"simulation","raw_log_rank",9,23,"x02__log",6,FALSE,"x02"
"simulation","raw_log_rank",9,24,"x02__rank",6,FALSE,"x02"
"simulation","raw_log_rank",9,25,"x03__log",18,FALSE,"x03"
"simulation","raw_log_rank",9,26,"x03__rank",18,FALSE,"x03"
"simulation","routine_bundle",9,1,"x01",15,TRUE,"x01"
"simulation","routine_bundle",9,2,"x02",6,TRUE,"x02"
"simulation","routine_bundle",9,3,"x03",18,TRUE,"x03"
"simulation","routine_bundle",9,4,"x04",13,TRUE,"x04"
"simulation","routine_bundle",9,5,"x05",14,TRUE,"x05"
"simulation","routine_bundle",9,6,"x06",16,TRUE,"x06"
"simulation","routine_bundle",9,7,"x07",17,TRUE,"x07"
"simulation","routine_bundle",9,8,"x08",4,TRUE,"x08"
"simulation","routine_bundle",9,9,"x09",5,TRUE,"x09"
"simulation","routine_bundle",9,10,"x10",12,TRUE,"x10"
"simulation","routine_bundle",9,11,"x11",7,TRUE,"x11"
"simulation","routine_bundle",9,12,"x12",9,TRUE,"x12"
"simulation","routine_bundle",9,13,"x13",20,TRUE,"x13"
"simulation","routine_bundle",9,14,"x14",1,TRUE,"x14"
"simulation","routine_bundle",9,15,"x15",8,TRUE,"x15"
"simulation","routine_bundle",9,16,"x16",19,TRUE,"x16"
"simulation","routine_bundle",9,17,"x17",11,TRUE,"x17"
"simulation","routine_bundle",9,18,"x18",3,TRUE,"x18"
"simulation","routine_bundle",9,19,"x19",10,TRUE,"x19"
"simulation","routine_bundle",9,20,"x20",2,TRUE,"x20"
"simulation","routine_bundle",9,21,"x01__admin_alias",15,FALSE,"x01"
"simulation","routine_bundle",9,22,"x08__admin_alias",4,FALSE,"x08"
"simulation","routine_bundle",9,23,"x20__admin_alias",2,FALSE,"x20"
"simulation","routine_bundle",9,24,"x02__standardized",6,FALSE,"x02"
"simulation","routine_bundle",9,25,"x05__standardized",14,FALSE,"x05"
"simulation","routine_bundle",9,26,"x06__standardized",16,FALSE,"x06"
"simulation","routine_bundle",9,27,"x03__complement",18,FALSE,"x03"
"simulation","routine_bundle",9,28,"x07__complement",17,FALSE,"x07"
"simulation","routine_bundle",9,29,"x09__complement",5,FALSE,"x09"
"simulation","routine_bundle",9,30,"x01__log",15,FALSE,"x01"
"simulation","routine_bundle",9,31,"x01__rank",15,FALSE,"x01"
"simulation","routine_bundle",9,32,"x02__log",6,FALSE,"x02"
"simulation","routine_bundle",9,33,"x02__rank",6,FALSE,"x02"
"simulation","routine_bundle",9,34,"x03__log",18,FALSE,"x03"
"simulation","routine_bundle",9,35,"x03__rank",18,FALSE,"x03"
"simulation","canonical",10,1,"x01",16,TRUE,"x01"
"simulation","canonical",10,2,"x02",6,TRUE,"x02"
"simulation","canonical",10,3,"x03",15,TRUE,"x03"
"simulation","canonical",10,4,"x04",10,TRUE,"x04"
"simulation","canonical",10,5,"x05",17,TRUE,"x05"
"simulation","canonical",10,6,"x06",8,TRUE,"x06"
"simulation","canonical",10,7,"x07",13,TRUE,"x07"
"simulation","canonical",10,8,"x08",1,TRUE,"x08"
"simulation","canonical",10,9,"x09",20,TRUE,"x09"
"simulation","canonical",10,10,"x10",2,TRUE,"x10"
"simulation","canonical",10,11,"x11",11,TRUE,"x11"
"simulation","canonical",10,12,"x12",5,TRUE,"x12"
"simulation","canonical",10,13,"x13",7,TRUE,"x13"
"simulation","canonical",10,14,"x14",19,TRUE,"x14"
"simulation","canonical",10,15,"x15",9,TRUE,"x15"
"simulation","canonical",10,16,"x16",14,TRUE,"x16"
"simulation","canonical",10,17,"x17",4,TRUE,"x17"
"simulation","canonical",10,18,"x18",12,TRUE,"x18"
"simulation","canonical",10,19,"x19",18,TRUE,"x19"
"simulation","canonical",10,20,"x20",3,TRUE,"x20"
"simulation","administrative_aliases",10,1,"x01",16,TRUE,"x01"
"simulation","administrative_aliases",10,2,"x02",6,TRUE,"x02"
"simulation","administrative_aliases",10,3,"x03",15,TRUE,"x03"
"simulation","administrative_aliases",10,4,"x04",10,TRUE,"x04"
"simulation","administrative_aliases",10,5,"x05",17,TRUE,"x05"
"simulation","administrative_aliases",10,6,"x06",8,TRUE,"x06"
"simulation","administrative_aliases",10,7,"x07",13,TRUE,"x07"
"simulation","administrative_aliases",10,8,"x08",1,TRUE,"x08"
"simulation","administrative_aliases",10,9,"x09",20,TRUE,"x09"
"simulation","administrative_aliases",10,10,"x10",2,TRUE,"x10"
"simulation","administrative_aliases",10,11,"x11",11,TRUE,"x11"
"simulation","administrative_aliases",10,12,"x12",5,TRUE,"x12"
"simulation","administrative_aliases",10,13,"x13",7,TRUE,"x13"
"simulation","administrative_aliases",10,14,"x14",19,TRUE,"x14"
"simulation","administrative_aliases",10,15,"x15",9,TRUE,"x15"
"simulation","administrative_aliases",10,16,"x16",14,TRUE,"x16"
"simulation","administrative_aliases",10,17,"x17",4,TRUE,"x17"
"simulation","administrative_aliases",10,18,"x18",12,TRUE,"x18"
"simulation","administrative_aliases",10,19,"x19",18,TRUE,"x19"
"simulation","administrative_aliases",10,20,"x20",3,TRUE,"x20"
"simulation","administrative_aliases",10,21,"x01__admin_alias",16,FALSE,"x01"
"simulation","administrative_aliases",10,22,"x08__admin_alias",1,FALSE,"x08"
"simulation","administrative_aliases",10,23,"x20__admin_alias",3,FALSE,"x20"
"simulation","unit_recodings",10,1,"x01",16,TRUE,"x01"
"simulation","unit_recodings",10,2,"x02",6,TRUE,"x02"
"simulation","unit_recodings",10,3,"x03",15,TRUE,"x03"
"simulation","unit_recodings",10,4,"x04",10,TRUE,"x04"
"simulation","unit_recodings",10,5,"x05",17,TRUE,"x05"
"simulation","unit_recodings",10,6,"x06",8,TRUE,"x06"
"simulation","unit_recodings",10,7,"x07",13,TRUE,"x07"
"simulation","unit_recodings",10,8,"x08",1,TRUE,"x08"
"simulation","unit_recodings",10,9,"x09",20,TRUE,"x09"
"simulation","unit_recodings",10,10,"x10",2,TRUE,"x10"
"simulation","unit_recodings",10,11,"x11",11,TRUE,"x11"
"simulation","unit_recodings",10,12,"x12",5,TRUE,"x12"
"simulation","unit_recodings",10,13,"x13",7,TRUE,"x13"
"simulation","unit_recodings",10,14,"x14",19,TRUE,"x14"
"simulation","unit_recodings",10,15,"x15",9,TRUE,"x15"
"simulation","unit_recodings",10,16,"x16",14,TRUE,"x16"
"simulation","unit_recodings",10,17,"x17",4,TRUE,"x17"
"simulation","unit_recodings",10,18,"x18",12,TRUE,"x18"
"simulation","unit_recodings",10,19,"x19",18,TRUE,"x19"
"simulation","unit_recodings",10,20,"x20",3,TRUE,"x20"
"simulation","unit_recodings",10,21,"x02__standardized",6,FALSE,"x02"
"simulation","unit_recodings",10,22,"x05__standardized",17,FALSE,"x05"
"simulation","unit_recodings",10,23,"x06__standardized",8,FALSE,"x06"
"simulation","complements",10,1,"x01",16,TRUE,"x01"
"simulation","complements",10,2,"x02",6,TRUE,"x02"
"simulation","complements",10,3,"x03",15,TRUE,"x03"
"simulation","complements",10,4,"x04",10,TRUE,"x04"
"simulation","complements",10,5,"x05",17,TRUE,"x05"
"simulation","complements",10,6,"x06",8,TRUE,"x06"
"simulation","complements",10,7,"x07",13,TRUE,"x07"
"simulation","complements",10,8,"x08",1,TRUE,"x08"
"simulation","complements",10,9,"x09",20,TRUE,"x09"
"simulation","complements",10,10,"x10",2,TRUE,"x10"
"simulation","complements",10,11,"x11",11,TRUE,"x11"
"simulation","complements",10,12,"x12",5,TRUE,"x12"
"simulation","complements",10,13,"x13",7,TRUE,"x13"
"simulation","complements",10,14,"x14",19,TRUE,"x14"
"simulation","complements",10,15,"x15",9,TRUE,"x15"
"simulation","complements",10,16,"x16",14,TRUE,"x16"
"simulation","complements",10,17,"x17",4,TRUE,"x17"
"simulation","complements",10,18,"x18",12,TRUE,"x18"
"simulation","complements",10,19,"x19",18,TRUE,"x19"
"simulation","complements",10,20,"x20",3,TRUE,"x20"
"simulation","complements",10,21,"x03__complement",15,FALSE,"x03"
"simulation","complements",10,22,"x07__complement",13,FALSE,"x07"
"simulation","complements",10,23,"x09__complement",20,FALSE,"x09"
"simulation","raw_log_rank",10,1,"x01",16,TRUE,"x01"
"simulation","raw_log_rank",10,2,"x02",6,TRUE,"x02"
"simulation","raw_log_rank",10,3,"x03",15,TRUE,"x03"
"simulation","raw_log_rank",10,4,"x04",10,TRUE,"x04"
"simulation","raw_log_rank",10,5,"x05",17,TRUE,"x05"
"simulation","raw_log_rank",10,6,"x06",8,TRUE,"x06"
"simulation","raw_log_rank",10,7,"x07",13,TRUE,"x07"
"simulation","raw_log_rank",10,8,"x08",1,TRUE,"x08"
"simulation","raw_log_rank",10,9,"x09",20,TRUE,"x09"
"simulation","raw_log_rank",10,10,"x10",2,TRUE,"x10"
"simulation","raw_log_rank",10,11,"x11",11,TRUE,"x11"
"simulation","raw_log_rank",10,12,"x12",5,TRUE,"x12"
"simulation","raw_log_rank",10,13,"x13",7,TRUE,"x13"
"simulation","raw_log_rank",10,14,"x14",19,TRUE,"x14"
"simulation","raw_log_rank",10,15,"x15",9,TRUE,"x15"
"simulation","raw_log_rank",10,16,"x16",14,TRUE,"x16"
"simulation","raw_log_rank",10,17,"x17",4,TRUE,"x17"
"simulation","raw_log_rank",10,18,"x18",12,TRUE,"x18"
"simulation","raw_log_rank",10,19,"x19",18,TRUE,"x19"
"simulation","raw_log_rank",10,20,"x20",3,TRUE,"x20"
"simulation","raw_log_rank",10,21,"x01__log",16,FALSE,"x01"
"simulation","raw_log_rank",10,22,"x01__rank",16,FALSE,"x01"
"simulation","raw_log_rank",10,23,"x02__log",6,FALSE,"x02"
"simulation","raw_log_rank",10,24,"x02__rank",6,FALSE,"x02"
"simulation","raw_log_rank",10,25,"x03__log",15,FALSE,"x03"
"simulation","raw_log_rank",10,26,"x03__rank",15,FALSE,"x03"
"simulation","routine_bundle",10,1,"x01",16,TRUE,"x01"
"simulation","routine_bundle",10,2,"x02",6,TRUE,"x02"
"simulation","routine_bundle",10,3,"x03",15,TRUE,"x03"
"simulation","routine_bundle",10,4,"x04",10,TRUE,"x04"
"simulation","routine_bundle",10,5,"x05",17,TRUE,"x05"
"simulation","routine_bundle",10,6,"x06",8,TRUE,"x06"
"simulation","routine_bundle",10,7,"x07",13,TRUE,"x07"
"simulation","routine_bundle",10,8,"x08",1,TRUE,"x08"
"simulation","routine_bundle",10,9,"x09",20,TRUE,"x09"
"simulation","routine_bundle",10,10,"x10",2,TRUE,"x10"
"simulation","routine_bundle",10,11,"x11",11,TRUE,"x11"
"simulation","routine_bundle",10,12,"x12",5,TRUE,"x12"
"simulation","routine_bundle",10,13,"x13",7,TRUE,"x13"
"simulation","routine_bundle",10,14,"x14",19,TRUE,"x14"
"simulation","routine_bundle",10,15,"x15",9,TRUE,"x15"
"simulation","routine_bundle",10,16,"x16",14,TRUE,"x16"
"simulation","routine_bundle",10,17,"x17",4,TRUE,"x17"
"simulation","routine_bundle",10,18,"x18",12,TRUE,"x18"
"simulation","routine_bundle",10,19,"x19",18,TRUE,"x19"
"simulation","routine_bundle",10,20,"x20",3,TRUE,"x20"
"simulation","routine_bundle",10,21,"x01__admin_alias",16,FALSE,"x01"
"simulation","routine_bundle",10,22,"x08__admin_alias",1,FALSE,"x08"
"simulation","routine_bundle",10,23,"x20__admin_alias",3,FALSE,"x20"
"simulation","routine_bundle",10,24,"x02__standardized",6,FALSE,"x02"
"simulation","routine_bundle",10,25,"x05__standardized",17,FALSE,"x05"
"simulation","routine_bundle",10,26,"x06__standardized",8,FALSE,"x06"
"simulation","routine_bundle",10,27,"x03__complement",15,FALSE,"x03"
"simulation","routine_bundle",10,28,"x07__complement",13,FALSE,"x07"
"simulation","routine_bundle",10,29,"x09__complement",20,FALSE,"x09"
"simulation","routine_bundle",10,30,"x01__log",16,FALSE,"x01"
"simulation","routine_bundle",10,31,"x01__rank",16,FALSE,"x01"
"simulation","routine_bundle",10,32,"x02__log",6,FALSE,"x02"
"simulation","routine_bundle",10,33,"x02__rank",6,FALSE,"x02"
"simulation","routine_bundle",10,34,"x03__log",15,FALSE,"x03"
"simulation","routine_bundle",10,35,"x03__rank",15,FALSE,"x03"
"simulation","canonical",11,1,"x01",20,TRUE,"x01"
"simulation","canonical",11,2,"x02",5,TRUE,"x02"
"simulation","canonical",11,3,"x03",11,TRUE,"x03"
"simulation","canonical",11,4,"x04",4,TRUE,"x04"
"simulation","canonical",11,5,"x05",18,TRUE,"x05"
"simulation","canonical",11,6,"x06",1,TRUE,"x06"
"simulation","canonical",11,7,"x07",9,TRUE,"x07"
"simulation","canonical",11,8,"x08",3,TRUE,"x08"
"simulation","canonical",11,9,"x09",15,TRUE,"x09"
"simulation","canonical",11,10,"x10",13,TRUE,"x10"
"simulation","canonical",11,11,"x11",17,TRUE,"x11"
"simulation","canonical",11,12,"x12",12,TRUE,"x12"
"simulation","canonical",11,13,"x13",6,TRUE,"x13"
"simulation","canonical",11,14,"x14",19,TRUE,"x14"
"simulation","canonical",11,15,"x15",10,TRUE,"x15"
"simulation","canonical",11,16,"x16",14,TRUE,"x16"
"simulation","canonical",11,17,"x17",16,TRUE,"x17"
"simulation","canonical",11,18,"x18",7,TRUE,"x18"
"simulation","canonical",11,19,"x19",8,TRUE,"x19"
"simulation","canonical",11,20,"x20",2,TRUE,"x20"
"simulation","administrative_aliases",11,1,"x01",20,TRUE,"x01"
"simulation","administrative_aliases",11,2,"x02",5,TRUE,"x02"
"simulation","administrative_aliases",11,3,"x03",11,TRUE,"x03"
"simulation","administrative_aliases",11,4,"x04",4,TRUE,"x04"
"simulation","administrative_aliases",11,5,"x05",18,TRUE,"x05"
"simulation","administrative_aliases",11,6,"x06",1,TRUE,"x06"
"simulation","administrative_aliases",11,7,"x07",9,TRUE,"x07"
"simulation","administrative_aliases",11,8,"x08",3,TRUE,"x08"
"simulation","administrative_aliases",11,9,"x09",15,TRUE,"x09"
"simulation","administrative_aliases",11,10,"x10",13,TRUE,"x10"
"simulation","administrative_aliases",11,11,"x11",17,TRUE,"x11"
"simulation","administrative_aliases",11,12,"x12",12,TRUE,"x12"
"simulation","administrative_aliases",11,13,"x13",6,TRUE,"x13"
"simulation","administrative_aliases",11,14,"x14",19,TRUE,"x14"
"simulation","administrative_aliases",11,15,"x15",10,TRUE,"x15"
"simulation","administrative_aliases",11,16,"x16",14,TRUE,"x16"
"simulation","administrative_aliases",11,17,"x17",16,TRUE,"x17"
"simulation","administrative_aliases",11,18,"x18",7,TRUE,"x18"
"simulation","administrative_aliases",11,19,"x19",8,TRUE,"x19"
"simulation","administrative_aliases",11,20,"x20",2,TRUE,"x20"
"simulation","administrative_aliases",11,21,"x01__admin_alias",20,FALSE,"x01"
"simulation","administrative_aliases",11,22,"x08__admin_alias",3,FALSE,"x08"
"simulation","administrative_aliases",11,23,"x20__admin_alias",2,FALSE,"x20"
"simulation","unit_recodings",11,1,"x01",20,TRUE,"x01"
"simulation","unit_recodings",11,2,"x02",5,TRUE,"x02"
"simulation","unit_recodings",11,3,"x03",11,TRUE,"x03"
"simulation","unit_recodings",11,4,"x04",4,TRUE,"x04"
"simulation","unit_recodings",11,5,"x05",18,TRUE,"x05"
"simulation","unit_recodings",11,6,"x06",1,TRUE,"x06"
"simulation","unit_recodings",11,7,"x07",9,TRUE,"x07"
"simulation","unit_recodings",11,8,"x08",3,TRUE,"x08"
"simulation","unit_recodings",11,9,"x09",15,TRUE,"x09"
"simulation","unit_recodings",11,10,"x10",13,TRUE,"x10"
"simulation","unit_recodings",11,11,"x11",17,TRUE,"x11"
"simulation","unit_recodings",11,12,"x12",12,TRUE,"x12"
"simulation","unit_recodings",11,13,"x13",6,TRUE,"x13"
"simulation","unit_recodings",11,14,"x14",19,TRUE,"x14"
"simulation","unit_recodings",11,15,"x15",10,TRUE,"x15"
"simulation","unit_recodings",11,16,"x16",14,TRUE,"x16"
"simulation","unit_recodings",11,17,"x17",16,TRUE,"x17"
"simulation","unit_recodings",11,18,"x18",7,TRUE,"x18"
"simulation","unit_recodings",11,19,"x19",8,TRUE,"x19"
"simulation","unit_recodings",11,20,"x20",2,TRUE,"x20"
"simulation","unit_recodings",11,21,"x02__standardized",5,FALSE,"x02"
"simulation","unit_recodings",11,22,"x05__standardized",18,FALSE,"x05"
"simulation","unit_recodings",11,23,"x06__standardized",1,FALSE,"x06"
"simulation","complements",11,1,"x01",20,TRUE,"x01"
"simulation","complements",11,2,"x02",5,TRUE,"x02"
"simulation","complements",11,3,"x03",11,TRUE,"x03"
"simulation","complements",11,4,"x04",4,TRUE,"x04"
"simulation","complements",11,5,"x05",18,TRUE,"x05"
"simulation","complements",11,6,"x06",1,TRUE,"x06"
"simulation","complements",11,7,"x07",9,TRUE,"x07"
"simulation","complements",11,8,"x08",3,TRUE,"x08"
"simulation","complements",11,9,"x09",15,TRUE,"x09"
"simulation","complements",11,10,"x10",13,TRUE,"x10"
"simulation","complements",11,11,"x11",17,TRUE,"x11"
"simulation","complements",11,12,"x12",12,TRUE,"x12"
"simulation","complements",11,13,"x13",6,TRUE,"x13"
"simulation","complements",11,14,"x14",19,TRUE,"x14"
"simulation","complements",11,15,"x15",10,TRUE,"x15"
"simulation","complements",11,16,"x16",14,TRUE,"x16"
"simulation","complements",11,17,"x17",16,TRUE,"x17"
"simulation","complements",11,18,"x18",7,TRUE,"x18"
"simulation","complements",11,19,"x19",8,TRUE,"x19"
"simulation","complements",11,20,"x20",2,TRUE,"x20"
"simulation","complements",11,21,"x03__complement",11,FALSE,"x03"
"simulation","complements",11,22,"x07__complement",9,FALSE,"x07"
"simulation","complements",11,23,"x09__complement",15,FALSE,"x09"
"simulation","raw_log_rank",11,1,"x01",20,TRUE,"x01"
"simulation","raw_log_rank",11,2,"x02",5,TRUE,"x02"
"simulation","raw_log_rank",11,3,"x03",11,TRUE,"x03"
"simulation","raw_log_rank",11,4,"x04",4,TRUE,"x04"
"simulation","raw_log_rank",11,5,"x05",18,TRUE,"x05"
"simulation","raw_log_rank",11,6,"x06",1,TRUE,"x06"
"simulation","raw_log_rank",11,7,"x07",9,TRUE,"x07"
"simulation","raw_log_rank",11,8,"x08",3,TRUE,"x08"
"simulation","raw_log_rank",11,9,"x09",15,TRUE,"x09"
"simulation","raw_log_rank",11,10,"x10",13,TRUE,"x10"
"simulation","raw_log_rank",11,11,"x11",17,TRUE,"x11"
"simulation","raw_log_rank",11,12,"x12",12,TRUE,"x12"
"simulation","raw_log_rank",11,13,"x13",6,TRUE,"x13"
"simulation","raw_log_rank",11,14,"x14",19,TRUE,"x14"
"simulation","raw_log_rank",11,15,"x15",10,TRUE,"x15"
"simulation","raw_log_rank",11,16,"x16",14,TRUE,"x16"
"simulation","raw_log_rank",11,17,"x17",16,TRUE,"x17"
"simulation","raw_log_rank",11,18,"x18",7,TRUE,"x18"
"simulation","raw_log_rank",11,19,"x19",8,TRUE,"x19"
"simulation","raw_log_rank",11,20,"x20",2,TRUE,"x20"
"simulation","raw_log_rank",11,21,"x01__log",20,FALSE,"x01"
"simulation","raw_log_rank",11,22,"x01__rank",20,FALSE,"x01"
"simulation","raw_log_rank",11,23,"x02__log",5,FALSE,"x02"
"simulation","raw_log_rank",11,24,"x02__rank",5,FALSE,"x02"
"simulation","raw_log_rank",11,25,"x03__log",11,FALSE,"x03"
"simulation","raw_log_rank",11,26,"x03__rank",11,FALSE,"x03"
"simulation","routine_bundle",11,1,"x01",20,TRUE,"x01"
"simulation","routine_bundle",11,2,"x02",5,TRUE,"x02"
"simulation","routine_bundle",11,3,"x03",11,TRUE,"x03"
"simulation","routine_bundle",11,4,"x04",4,TRUE,"x04"
"simulation","routine_bundle",11,5,"x05",18,TRUE,"x05"
"simulation","routine_bundle",11,6,"x06",1,TRUE,"x06"
"simulation","routine_bundle",11,7,"x07",9,TRUE,"x07"
"simulation","routine_bundle",11,8,"x08",3,TRUE,"x08"
"simulation","routine_bundle",11,9,"x09",15,TRUE,"x09"
"simulation","routine_bundle",11,10,"x10",13,TRUE,"x10"
"simulation","routine_bundle",11,11,"x11",17,TRUE,"x11"
"simulation","routine_bundle",11,12,"x12",12,TRUE,"x12"
"simulation","routine_bundle",11,13,"x13",6,TRUE,"x13"
"simulation","routine_bundle",11,14,"x14",19,TRUE,"x14"
"simulation","routine_bundle",11,15,"x15",10,TRUE,"x15"
"simulation","routine_bundle",11,16,"x16",14,TRUE,"x16"
"simulation","routine_bundle",11,17,"x17",16,TRUE,"x17"
"simulation","routine_bundle",11,18,"x18",7,TRUE,"x18"
"simulation","routine_bundle",11,19,"x19",8,TRUE,"x19"
"simulation","routine_bundle",11,20,"x20",2,TRUE,"x20"
"simulation","routine_bundle",11,21,"x01__admin_alias",20,FALSE,"x01"
"simulation","routine_bundle",11,22,"x08__admin_alias",3,FALSE,"x08"
"simulation","routine_bundle",11,23,"x20__admin_alias",2,FALSE,"x20"
"simulation","routine_bundle",11,24,"x02__standardized",5,FALSE,"x02"
"simulation","routine_bundle",11,25,"x05__standardized",18,FALSE,"x05"
"simulation","routine_bundle",11,26,"x06__standardized",1,FALSE,"x06"
"simulation","routine_bundle",11,27,"x03__complement",11,FALSE,"x03"
"simulation","routine_bundle",11,28,"x07__complement",9,FALSE,"x07"
"simulation","routine_bundle",11,29,"x09__complement",15,FALSE,"x09"
"simulation","routine_bundle",11,30,"x01__log",20,FALSE,"x01"
"simulation","routine_bundle",11,31,"x01__rank",20,FALSE,"x01"
"simulation","routine_bundle",11,32,"x02__log",5,FALSE,"x02"
"simulation","routine_bundle",11,33,"x02__rank",5,FALSE,"x02"
"simulation","routine_bundle",11,34,"x03__log",11,FALSE,"x03"
"simulation","routine_bundle",11,35,"x03__rank",11,FALSE,"x03"
"simulation","canonical",12,1,"x01",19,TRUE,"x01"
"simulation","canonical",12,2,"x02",5,TRUE,"x02"
"simulation","canonical",12,3,"x03",18,TRUE,"x03"
"simulation","canonical",12,4,"x04",10,TRUE,"x04"
"simulation","canonical",12,5,"x05",13,TRUE,"x05"
"simulation","canonical",12,6,"x06",14,TRUE,"x06"
"simulation","canonical",12,7,"x07",4,TRUE,"x07"
"simulation","canonical",12,8,"x08",1,TRUE,"x08"
"simulation","canonical",12,9,"x09",11,TRUE,"x09"
"simulation","canonical",12,10,"x10",15,TRUE,"x10"
"simulation","canonical",12,11,"x11",7,TRUE,"x11"
"simulation","canonical",12,12,"x12",3,TRUE,"x12"
"simulation","canonical",12,13,"x13",2,TRUE,"x13"
"simulation","canonical",12,14,"x14",17,TRUE,"x14"
"simulation","canonical",12,15,"x15",20,TRUE,"x15"
"simulation","canonical",12,16,"x16",9,TRUE,"x16"
"simulation","canonical",12,17,"x17",8,TRUE,"x17"
"simulation","canonical",12,18,"x18",6,TRUE,"x18"
"simulation","canonical",12,19,"x19",12,TRUE,"x19"
"simulation","canonical",12,20,"x20",16,TRUE,"x20"
"simulation","administrative_aliases",12,1,"x01",19,TRUE,"x01"
"simulation","administrative_aliases",12,2,"x02",5,TRUE,"x02"
"simulation","administrative_aliases",12,3,"x03",18,TRUE,"x03"
"simulation","administrative_aliases",12,4,"x04",10,TRUE,"x04"
"simulation","administrative_aliases",12,5,"x05",13,TRUE,"x05"
"simulation","administrative_aliases",12,6,"x06",14,TRUE,"x06"
"simulation","administrative_aliases",12,7,"x07",4,TRUE,"x07"
"simulation","administrative_aliases",12,8,"x08",1,TRUE,"x08"
"simulation","administrative_aliases",12,9,"x09",11,TRUE,"x09"
"simulation","administrative_aliases",12,10,"x10",15,TRUE,"x10"
"simulation","administrative_aliases",12,11,"x11",7,TRUE,"x11"
"simulation","administrative_aliases",12,12,"x12",3,TRUE,"x12"
"simulation","administrative_aliases",12,13,"x13",2,TRUE,"x13"
"simulation","administrative_aliases",12,14,"x14",17,TRUE,"x14"
"simulation","administrative_aliases",12,15,"x15",20,TRUE,"x15"
"simulation","administrative_aliases",12,16,"x16",9,TRUE,"x16"
"simulation","administrative_aliases",12,17,"x17",8,TRUE,"x17"
"simulation","administrative_aliases",12,18,"x18",6,TRUE,"x18"
"simulation","administrative_aliases",12,19,"x19",12,TRUE,"x19"
"simulation","administrative_aliases",12,20,"x20",16,TRUE,"x20"
"simulation","administrative_aliases",12,21,"x01__admin_alias",19,FALSE,"x01"
"simulation","administrative_aliases",12,22,"x08__admin_alias",1,FALSE,"x08"
"simulation","administrative_aliases",12,23,"x20__admin_alias",16,FALSE,"x20"
"simulation","unit_recodings",12,1,"x01",19,TRUE,"x01"
"simulation","unit_recodings",12,2,"x02",5,TRUE,"x02"
"simulation","unit_recodings",12,3,"x03",18,TRUE,"x03"
"simulation","unit_recodings",12,4,"x04",10,TRUE,"x04"
"simulation","unit_recodings",12,5,"x05",13,TRUE,"x05"
"simulation","unit_recodings",12,6,"x06",14,TRUE,"x06"
"simulation","unit_recodings",12,7,"x07",4,TRUE,"x07"
"simulation","unit_recodings",12,8,"x08",1,TRUE,"x08"
"simulation","unit_recodings",12,9,"x09",11,TRUE,"x09"
"simulation","unit_recodings",12,10,"x10",15,TRUE,"x10"
"simulation","unit_recodings",12,11,"x11",7,TRUE,"x11"
"simulation","unit_recodings",12,12,"x12",3,TRUE,"x12"
"simulation","unit_recodings",12,13,"x13",2,TRUE,"x13"
"simulation","unit_recodings",12,14,"x14",17,TRUE,"x14"
"simulation","unit_recodings",12,15,"x15",20,TRUE,"x15"
"simulation","unit_recodings",12,16,"x16",9,TRUE,"x16"
"simulation","unit_recodings",12,17,"x17",8,TRUE,"x17"
"simulation","unit_recodings",12,18,"x18",6,TRUE,"x18"
"simulation","unit_recodings",12,19,"x19",12,TRUE,"x19"
"simulation","unit_recodings",12,20,"x20",16,TRUE,"x20"
"simulation","unit_recodings",12,21,"x02__standardized",5,FALSE,"x02"
"simulation","unit_recodings",12,22,"x05__standardized",13,FALSE,"x05"
"simulation","unit_recodings",12,23,"x06__standardized",14,FALSE,"x06"
"simulation","complements",12,1,"x01",19,TRUE,"x01"
"simulation","complements",12,2,"x02",5,TRUE,"x02"
"simulation","complements",12,3,"x03",18,TRUE,"x03"
"simulation","complements",12,4,"x04",10,TRUE,"x04"
"simulation","complements",12,5,"x05",13,TRUE,"x05"
"simulation","complements",12,6,"x06",14,TRUE,"x06"
"simulation","complements",12,7,"x07",4,TRUE,"x07"
"simulation","complements",12,8,"x08",1,TRUE,"x08"
"simulation","complements",12,9,"x09",11,TRUE,"x09"
"simulation","complements",12,10,"x10",15,TRUE,"x10"
"simulation","complements",12,11,"x11",7,TRUE,"x11"
"simulation","complements",12,12,"x12",3,TRUE,"x12"
"simulation","complements",12,13,"x13",2,TRUE,"x13"
"simulation","complements",12,14,"x14",17,TRUE,"x14"
"simulation","complements",12,15,"x15",20,TRUE,"x15"
"simulation","complements",12,16,"x16",9,TRUE,"x16"
"simulation","complements",12,17,"x17",8,TRUE,"x17"
"simulation","complements",12,18,"x18",6,TRUE,"x18"
"simulation","complements",12,19,"x19",12,TRUE,"x19"
"simulation","complements",12,20,"x20",16,TRUE,"x20"
"simulation","complements",12,21,"x03__complement",18,FALSE,"x03"
"simulation","complements",12,22,"x07__complement",4,FALSE,"x07"
"simulation","complements",12,23,"x09__complement",11,FALSE,"x09"
"simulation","raw_log_rank",12,1,"x01",19,TRUE,"x01"
"simulation","raw_log_rank",12,2,"x02",5,TRUE,"x02"
"simulation","raw_log_rank",12,3,"x03",18,TRUE,"x03"
"simulation","raw_log_rank",12,4,"x04",10,TRUE,"x04"
"simulation","raw_log_rank",12,5,"x05",13,TRUE,"x05"
"simulation","raw_log_rank",12,6,"x06",14,TRUE,"x06"
"simulation","raw_log_rank",12,7,"x07",4,TRUE,"x07"
"simulation","raw_log_rank",12,8,"x08",1,TRUE,"x08"
"simulation","raw_log_rank",12,9,"x09",11,TRUE,"x09"
"simulation","raw_log_rank",12,10,"x10",15,TRUE,"x10"
"simulation","raw_log_rank",12,11,"x11",7,TRUE,"x11"
"simulation","raw_log_rank",12,12,"x12",3,TRUE,"x12"
"simulation","raw_log_rank",12,13,"x13",2,TRUE,"x13"
"simulation","raw_log_rank",12,14,"x14",17,TRUE,"x14"
"simulation","raw_log_rank",12,15,"x15",20,TRUE,"x15"
"simulation","raw_log_rank",12,16,"x16",9,TRUE,"x16"
"simulation","raw_log_rank",12,17,"x17",8,TRUE,"x17"
"simulation","raw_log_rank",12,18,"x18",6,TRUE,"x18"
"simulation","raw_log_rank",12,19,"x19",12,TRUE,"x19"
"simulation","raw_log_rank",12,20,"x20",16,TRUE,"x20"
"simulation","raw_log_rank",12,21,"x01__log",19,FALSE,"x01"
"simulation","raw_log_rank",12,22,"x01__rank",19,FALSE,"x01"
"simulation","raw_log_rank",12,23,"x02__log",5,FALSE,"x02"
"simulation","raw_log_rank",12,24,"x02__rank",5,FALSE,"x02"
"simulation","raw_log_rank",12,25,"x03__log",18,FALSE,"x03"
"simulation","raw_log_rank",12,26,"x03__rank",18,FALSE,"x03"
"simulation","routine_bundle",12,1,"x01",19,TRUE,"x01"
"simulation","routine_bundle",12,2,"x02",5,TRUE,"x02"
"simulation","routine_bundle",12,3,"x03",18,TRUE,"x03"
"simulation","routine_bundle",12,4,"x04",10,TRUE,"x04"
"simulation","routine_bundle",12,5,"x05",13,TRUE,"x05"
"simulation","routine_bundle",12,6,"x06",14,TRUE,"x06"
"simulation","routine_bundle",12,7,"x07",4,TRUE,"x07"
"simulation","routine_bundle",12,8,"x08",1,TRUE,"x08"
"simulation","routine_bundle",12,9,"x09",11,TRUE,"x09"
"simulation","routine_bundle",12,10,"x10",15,TRUE,"x10"
"simulation","routine_bundle",12,11,"x11",7,TRUE,"x11"
"simulation","routine_bundle",12,12,"x12",3,TRUE,"x12"
"simulation","routine_bundle",12,13,"x13",2,TRUE,"x13"
"simulation","routine_bundle",12,14,"x14",17,TRUE,"x14"
"simulation","routine_bundle",12,15,"x15",20,TRUE,"x15"
"simulation","routine_bundle",12,16,"x16",9,TRUE,"x16"
"simulation","routine_bundle",12,17,"x17",8,TRUE,"x17"
"simulation","routine_bundle",12,18,"x18",6,TRUE,"x18"
"simulation","routine_bundle",12,19,"x19",12,TRUE,"x19"
"simulation","routine_bundle",12,20,"x20",16,TRUE,"x20"
"simulation","routine_bundle",12,21,"x01__admin_alias",19,FALSE,"x01"
"simulation","routine_bundle",12,22,"x08__admin_alias",1,FALSE,"x08"
"simulation","routine_bundle",12,23,"x20__admin_alias",16,FALSE,"x20"
"simulation","routine_bundle",12,24,"x02__standardized",5,FALSE,"x02"
"simulation","routine_bundle",12,25,"x05__standardized",13,FALSE,"x05"
"simulation","routine_bundle",12,26,"x06__standardized",14,FALSE,"x06"
"simulation","routine_bundle",12,27,"x03__complement",18,FALSE,"x03"
"simulation","routine_bundle",12,28,"x07__complement",4,FALSE,"x07"
"simulation","routine_bundle",12,29,"x09__complement",11,FALSE,"x09"
"simulation","routine_bundle",12,30,"x01__log",19,FALSE,"x01"
"simulation","routine_bundle",12,31,"x01__rank",19,FALSE,"x01"
"simulation","routine_bundle",12,32,"x02__log",5,FALSE,"x02"
"simulation","routine_bundle",12,33,"x02__rank",5,FALSE,"x02"
"simulation","routine_bundle",12,34,"x03__log",18,FALSE,"x03"
"simulation","routine_bundle",12,35,"x03__rank",18,FALSE,"x03"
"simulation","canonical",13,1,"x01",8,TRUE,"x01"
"simulation","canonical",13,2,"x02",4,TRUE,"x02"
"simulation","canonical",13,3,"x03",1,TRUE,"x03"
"simulation","canonical",13,4,"x04",10,TRUE,"x04"
"simulation","canonical",13,5,"x05",6,TRUE,"x05"
"simulation","canonical",13,6,"x06",20,TRUE,"x06"
"simulation","canonical",13,7,"x07",12,TRUE,"x07"
"simulation","canonical",13,8,"x08",13,TRUE,"x08"
"simulation","canonical",13,9,"x09",5,TRUE,"x09"
"simulation","canonical",13,10,"x10",18,TRUE,"x10"
"simulation","canonical",13,11,"x11",19,TRUE,"x11"
"simulation","canonical",13,12,"x12",11,TRUE,"x12"
"simulation","canonical",13,13,"x13",3,TRUE,"x13"
"simulation","canonical",13,14,"x14",14,TRUE,"x14"
"simulation","canonical",13,15,"x15",2,TRUE,"x15"
"simulation","canonical",13,16,"x16",9,TRUE,"x16"
"simulation","canonical",13,17,"x17",15,TRUE,"x17"
"simulation","canonical",13,18,"x18",17,TRUE,"x18"
"simulation","canonical",13,19,"x19",16,TRUE,"x19"
"simulation","canonical",13,20,"x20",7,TRUE,"x20"
"simulation","administrative_aliases",13,1,"x01",8,TRUE,"x01"
"simulation","administrative_aliases",13,2,"x02",4,TRUE,"x02"
"simulation","administrative_aliases",13,3,"x03",1,TRUE,"x03"
"simulation","administrative_aliases",13,4,"x04",10,TRUE,"x04"
"simulation","administrative_aliases",13,5,"x05",6,TRUE,"x05"
"simulation","administrative_aliases",13,6,"x06",20,TRUE,"x06"
"simulation","administrative_aliases",13,7,"x07",12,TRUE,"x07"
"simulation","administrative_aliases",13,8,"x08",13,TRUE,"x08"
"simulation","administrative_aliases",13,9,"x09",5,TRUE,"x09"
"simulation","administrative_aliases",13,10,"x10",18,TRUE,"x10"
"simulation","administrative_aliases",13,11,"x11",19,TRUE,"x11"
"simulation","administrative_aliases",13,12,"x12",11,TRUE,"x12"
"simulation","administrative_aliases",13,13,"x13",3,TRUE,"x13"
"simulation","administrative_aliases",13,14,"x14",14,TRUE,"x14"
"simulation","administrative_aliases",13,15,"x15",2,TRUE,"x15"
"simulation","administrative_aliases",13,16,"x16",9,TRUE,"x16"
"simulation","administrative_aliases",13,17,"x17",15,TRUE,"x17"
"simulation","administrative_aliases",13,18,"x18",17,TRUE,"x18"
"simulation","administrative_aliases",13,19,"x19",16,TRUE,"x19"
"simulation","administrative_aliases",13,20,"x20",7,TRUE,"x20"
"simulation","administrative_aliases",13,21,"x01__admin_alias",8,FALSE,"x01"
"simulation","administrative_aliases",13,22,"x08__admin_alias",13,FALSE,"x08"
"simulation","administrative_aliases",13,23,"x20__admin_alias",7,FALSE,"x20"
"simulation","unit_recodings",13,1,"x01",8,TRUE,"x01"
"simulation","unit_recodings",13,2,"x02",4,TRUE,"x02"
"simulation","unit_recodings",13,3,"x03",1,TRUE,"x03"
"simulation","unit_recodings",13,4,"x04",10,TRUE,"x04"
"simulation","unit_recodings",13,5,"x05",6,TRUE,"x05"
"simulation","unit_recodings",13,6,"x06",20,TRUE,"x06"
"simulation","unit_recodings",13,7,"x07",12,TRUE,"x07"
"simulation","unit_recodings",13,8,"x08",13,TRUE,"x08"
"simulation","unit_recodings",13,9,"x09",5,TRUE,"x09"
"simulation","unit_recodings",13,10,"x10",18,TRUE,"x10"
"simulation","unit_recodings",13,11,"x11",19,TRUE,"x11"
"simulation","unit_recodings",13,12,"x12",11,TRUE,"x12"
"simulation","unit_recodings",13,13,"x13",3,TRUE,"x13"
"simulation","unit_recodings",13,14,"x14",14,TRUE,"x14"
"simulation","unit_recodings",13,15,"x15",2,TRUE,"x15"
"simulation","unit_recodings",13,16,"x16",9,TRUE,"x16"
"simulation","unit_recodings",13,17,"x17",15,TRUE,"x17"
"simulation","unit_recodings",13,18,"x18",17,TRUE,"x18"
"simulation","unit_recodings",13,19,"x19",16,TRUE,"x19"
"simulation","unit_recodings",13,20,"x20",7,TRUE,"x20"
"simulation","unit_recodings",13,21,"x02__standardized",4,FALSE,"x02"
"simulation","unit_recodings",13,22,"x05__standardized",6,FALSE,"x05"
"simulation","unit_recodings",13,23,"x06__standardized",20,FALSE,"x06"
"simulation","complements",13,1,"x01",8,TRUE,"x01"
"simulation","complements",13,2,"x02",4,TRUE,"x02"
"simulation","complements",13,3,"x03",1,TRUE,"x03"
"simulation","complements",13,4,"x04",10,TRUE,"x04"
"simulation","complements",13,5,"x05",6,TRUE,"x05"
"simulation","complements",13,6,"x06",20,TRUE,"x06"
"simulation","complements",13,7,"x07",12,TRUE,"x07"
"simulation","complements",13,8,"x08",13,TRUE,"x08"
"simulation","complements",13,9,"x09",5,TRUE,"x09"
"simulation","complements",13,10,"x10",18,TRUE,"x10"
"simulation","complements",13,11,"x11",19,TRUE,"x11"
"simulation","complements",13,12,"x12",11,TRUE,"x12"
"simulation","complements",13,13,"x13",3,TRUE,"x13"
"simulation","complements",13,14,"x14",14,TRUE,"x14"
"simulation","complements",13,15,"x15",2,TRUE,"x15"
"simulation","complements",13,16,"x16",9,TRUE,"x16"
"simulation","complements",13,17,"x17",15,TRUE,"x17"
"simulation","complements",13,18,"x18",17,TRUE,"x18"
"simulation","complements",13,19,"x19",16,TRUE,"x19"
"simulation","complements",13,20,"x20",7,TRUE,"x20"
"simulation","complements",13,21,"x03__complement",1,FALSE,"x03"
"simulation","complements",13,22,"x07__complement",12,FALSE,"x07"
"simulation","complements",13,23,"x09__complement",5,FALSE,"x09"
"simulation","raw_log_rank",13,1,"x01",8,TRUE,"x01"
"simulation","raw_log_rank",13,2,"x02",4,TRUE,"x02"
"simulation","raw_log_rank",13,3,"x03",1,TRUE,"x03"
"simulation","raw_log_rank",13,4,"x04",10,TRUE,"x04"
"simulation","raw_log_rank",13,5,"x05",6,TRUE,"x05"
"simulation","raw_log_rank",13,6,"x06",20,TRUE,"x06"
"simulation","raw_log_rank",13,7,"x07",12,TRUE,"x07"
"simulation","raw_log_rank",13,8,"x08",13,TRUE,"x08"
"simulation","raw_log_rank",13,9,"x09",5,TRUE,"x09"
"simulation","raw_log_rank",13,10,"x10",18,TRUE,"x10"
"simulation","raw_log_rank",13,11,"x11",19,TRUE,"x11"
"simulation","raw_log_rank",13,12,"x12",11,TRUE,"x12"
"simulation","raw_log_rank",13,13,"x13",3,TRUE,"x13"
"simulation","raw_log_rank",13,14,"x14",14,TRUE,"x14"
"simulation","raw_log_rank",13,15,"x15",2,TRUE,"x15"
"simulation","raw_log_rank",13,16,"x16",9,TRUE,"x16"
"simulation","raw_log_rank",13,17,"x17",15,TRUE,"x17"
"simulation","raw_log_rank",13,18,"x18",17,TRUE,"x18"
"simulation","raw_log_rank",13,19,"x19",16,TRUE,"x19"
"simulation","raw_log_rank",13,20,"x20",7,TRUE,"x20"
"simulation","raw_log_rank",13,21,"x01__log",8,FALSE,"x01"
"simulation","raw_log_rank",13,22,"x01__rank",8,FALSE,"x01"
"simulation","raw_log_rank",13,23,"x02__log",4,FALSE,"x02"
"simulation","raw_log_rank",13,24,"x02__rank",4,FALSE,"x02"
"simulation","raw_log_rank",13,25,"x03__log",1,FALSE,"x03"
"simulation","raw_log_rank",13,26,"x03__rank",1,FALSE,"x03"
"simulation","routine_bundle",13,1,"x01",8,TRUE,"x01"
"simulation","routine_bundle",13,2,"x02",4,TRUE,"x02"
"simulation","routine_bundle",13,3,"x03",1,TRUE,"x03"
"simulation","routine_bundle",13,4,"x04",10,TRUE,"x04"
"simulation","routine_bundle",13,5,"x05",6,TRUE,"x05"
"simulation","routine_bundle",13,6,"x06",20,TRUE,"x06"
"simulation","routine_bundle",13,7,"x07",12,TRUE,"x07"
"simulation","routine_bundle",13,8,"x08",13,TRUE,"x08"
"simulation","routine_bundle",13,9,"x09",5,TRUE,"x09"
"simulation","routine_bundle",13,10,"x10",18,TRUE,"x10"
"simulation","routine_bundle",13,11,"x11",19,TRUE,"x11"
"simulation","routine_bundle",13,12,"x12",11,TRUE,"x12"
"simulation","routine_bundle",13,13,"x13",3,TRUE,"x13"
"simulation","routine_bundle",13,14,"x14",14,TRUE,"x14"
"simulation","routine_bundle",13,15,"x15",2,TRUE,"x15"
"simulation","routine_bundle",13,16,"x16",9,TRUE,"x16"
"simulation","routine_bundle",13,17,"x17",15,TRUE,"x17"
"simulation","routine_bundle",13,18,"x18",17,TRUE,"x18"
"simulation","routine_bundle",13,19,"x19",16,TRUE,"x19"
"simulation","routine_bundle",13,20,"x20",7,TRUE,"x20"
"simulation","routine_bundle",13,21,"x01__admin_alias",8,FALSE,"x01"
"simulation","routine_bundle",13,22,"x08__admin_alias",13,FALSE,"x08"
"simulation","routine_bundle",13,23,"x20__admin_alias",7,FALSE,"x20"
"simulation","routine_bundle",13,24,"x02__standardized",4,FALSE,"x02"
"simulation","routine_bundle",13,25,"x05__standardized",6,FALSE,"x05"
"simulation","routine_bundle",13,26,"x06__standardized",20,FALSE,"x06"
"simulation","routine_bundle",13,27,"x03__complement",1,FALSE,"x03"
"simulation","routine_bundle",13,28,"x07__complement",12,FALSE,"x07"
"simulation","routine_bundle",13,29,"x09__complement",5,FALSE,"x09"
"simulation","routine_bundle",13,30,"x01__log",8,FALSE,"x01"
"simulation","routine_bundle",13,31,"x01__rank",8,FALSE,"x01"
"simulation","routine_bundle",13,32,"x02__log",4,FALSE,"x02"
"simulation","routine_bundle",13,33,"x02__rank",4,FALSE,"x02"
"simulation","routine_bundle",13,34,"x03__log",1,FALSE,"x03"
"simulation","routine_bundle",13,35,"x03__rank",1,FALSE,"x03"
"simulation","canonical",14,1,"x01",7,TRUE,"x01"
"simulation","canonical",14,2,"x02",16,TRUE,"x02"
"simulation","canonical",14,3,"x03",6,TRUE,"x03"
"simulation","canonical",14,4,"x04",19,TRUE,"x04"
"simulation","canonical",14,5,"x05",9,TRUE,"x05"
"simulation","canonical",14,6,"x06",12,TRUE,"x06"
"simulation","canonical",14,7,"x07",17,TRUE,"x07"
"simulation","canonical",14,8,"x08",8,TRUE,"x08"
"simulation","canonical",14,9,"x09",20,TRUE,"x09"
"simulation","canonical",14,10,"x10",2,TRUE,"x10"
"simulation","canonical",14,11,"x11",4,TRUE,"x11"
"simulation","canonical",14,12,"x12",13,TRUE,"x12"
"simulation","canonical",14,13,"x13",18,TRUE,"x13"
"simulation","canonical",14,14,"x14",14,TRUE,"x14"
"simulation","canonical",14,15,"x15",15,TRUE,"x15"
"simulation","canonical",14,16,"x16",1,TRUE,"x16"
"simulation","canonical",14,17,"x17",10,TRUE,"x17"
"simulation","canonical",14,18,"x18",5,TRUE,"x18"
"simulation","canonical",14,19,"x19",11,TRUE,"x19"
"simulation","canonical",14,20,"x20",3,TRUE,"x20"
"simulation","administrative_aliases",14,1,"x01",7,TRUE,"x01"
"simulation","administrative_aliases",14,2,"x02",16,TRUE,"x02"
"simulation","administrative_aliases",14,3,"x03",6,TRUE,"x03"
"simulation","administrative_aliases",14,4,"x04",19,TRUE,"x04"
"simulation","administrative_aliases",14,5,"x05",9,TRUE,"x05"
"simulation","administrative_aliases",14,6,"x06",12,TRUE,"x06"
"simulation","administrative_aliases",14,7,"x07",17,TRUE,"x07"
"simulation","administrative_aliases",14,8,"x08",8,TRUE,"x08"
"simulation","administrative_aliases",14,9,"x09",20,TRUE,"x09"
"simulation","administrative_aliases",14,10,"x10",2,TRUE,"x10"
"simulation","administrative_aliases",14,11,"x11",4,TRUE,"x11"
"simulation","administrative_aliases",14,12,"x12",13,TRUE,"x12"
"simulation","administrative_aliases",14,13,"x13",18,TRUE,"x13"
"simulation","administrative_aliases",14,14,"x14",14,TRUE,"x14"
"simulation","administrative_aliases",14,15,"x15",15,TRUE,"x15"
"simulation","administrative_aliases",14,16,"x16",1,TRUE,"x16"
"simulation","administrative_aliases",14,17,"x17",10,TRUE,"x17"
"simulation","administrative_aliases",14,18,"x18",5,TRUE,"x18"
"simulation","administrative_aliases",14,19,"x19",11,TRUE,"x19"
"simulation","administrative_aliases",14,20,"x20",3,TRUE,"x20"
"simulation","administrative_aliases",14,21,"x01__admin_alias",7,FALSE,"x01"
"simulation","administrative_aliases",14,22,"x08__admin_alias",8,FALSE,"x08"
"simulation","administrative_aliases",14,23,"x20__admin_alias",3,FALSE,"x20"
"simulation","unit_recodings",14,1,"x01",7,TRUE,"x01"
"simulation","unit_recodings",14,2,"x02",16,TRUE,"x02"
"simulation","unit_recodings",14,3,"x03",6,TRUE,"x03"
"simulation","unit_recodings",14,4,"x04",19,TRUE,"x04"
"simulation","unit_recodings",14,5,"x05",9,TRUE,"x05"
"simulation","unit_recodings",14,6,"x06",12,TRUE,"x06"
"simulation","unit_recodings",14,7,"x07",17,TRUE,"x07"
"simulation","unit_recodings",14,8,"x08",8,TRUE,"x08"
"simulation","unit_recodings",14,9,"x09",20,TRUE,"x09"
"simulation","unit_recodings",14,10,"x10",2,TRUE,"x10"
"simulation","unit_recodings",14,11,"x11",4,TRUE,"x11"
"simulation","unit_recodings",14,12,"x12",13,TRUE,"x12"
"simulation","unit_recodings",14,13,"x13",18,TRUE,"x13"
"simulation","unit_recodings",14,14,"x14",14,TRUE,"x14"
"simulation","unit_recodings",14,15,"x15",15,TRUE,"x15"
"simulation","unit_recodings",14,16,"x16",1,TRUE,"x16"
"simulation","unit_recodings",14,17,"x17",10,TRUE,"x17"
"simulation","unit_recodings",14,18,"x18",5,TRUE,"x18"
"simulation","unit_recodings",14,19,"x19",11,TRUE,"x19"
"simulation","unit_recodings",14,20,"x20",3,TRUE,"x20"
"simulation","unit_recodings",14,21,"x02__standardized",16,FALSE,"x02"
"simulation","unit_recodings",14,22,"x05__standardized",9,FALSE,"x05"
"simulation","unit_recodings",14,23,"x06__standardized",12,FALSE,"x06"
"simulation","complements",14,1,"x01",7,TRUE,"x01"
"simulation","complements",14,2,"x02",16,TRUE,"x02"
"simulation","complements",14,3,"x03",6,TRUE,"x03"
"simulation","complements",14,4,"x04",19,TRUE,"x04"
"simulation","complements",14,5,"x05",9,TRUE,"x05"
"simulation","complements",14,6,"x06",12,TRUE,"x06"
"simulation","complements",14,7,"x07",17,TRUE,"x07"
"simulation","complements",14,8,"x08",8,TRUE,"x08"
"simulation","complements",14,9,"x09",20,TRUE,"x09"
"simulation","complements",14,10,"x10",2,TRUE,"x10"
"simulation","complements",14,11,"x11",4,TRUE,"x11"
"simulation","complements",14,12,"x12",13,TRUE,"x12"
"simulation","complements",14,13,"x13",18,TRUE,"x13"
"simulation","complements",14,14,"x14",14,TRUE,"x14"
"simulation","complements",14,15,"x15",15,TRUE,"x15"
"simulation","complements",14,16,"x16",1,TRUE,"x16"
"simulation","complements",14,17,"x17",10,TRUE,"x17"
"simulation","complements",14,18,"x18",5,TRUE,"x18"
"simulation","complements",14,19,"x19",11,TRUE,"x19"
"simulation","complements",14,20,"x20",3,TRUE,"x20"
"simulation","complements",14,21,"x03__complement",6,FALSE,"x03"
"simulation","complements",14,22,"x07__complement",17,FALSE,"x07"
"simulation","complements",14,23,"x09__complement",20,FALSE,"x09"
"simulation","raw_log_rank",14,1,"x01",7,TRUE,"x01"
"simulation","raw_log_rank",14,2,"x02",16,TRUE,"x02"
"simulation","raw_log_rank",14,3,"x03",6,TRUE,"x03"
"simulation","raw_log_rank",14,4,"x04",19,TRUE,"x04"
"simulation","raw_log_rank",14,5,"x05",9,TRUE,"x05"
"simulation","raw_log_rank",14,6,"x06",12,TRUE,"x06"
"simulation","raw_log_rank",14,7,"x07",17,TRUE,"x07"
"simulation","raw_log_rank",14,8,"x08",8,TRUE,"x08"
"simulation","raw_log_rank",14,9,"x09",20,TRUE,"x09"
"simulation","raw_log_rank",14,10,"x10",2,TRUE,"x10"
"simulation","raw_log_rank",14,11,"x11",4,TRUE,"x11"
"simulation","raw_log_rank",14,12,"x12",13,TRUE,"x12"
"simulation","raw_log_rank",14,13,"x13",18,TRUE,"x13"
"simulation","raw_log_rank",14,14,"x14",14,TRUE,"x14"
"simulation","raw_log_rank",14,15,"x15",15,TRUE,"x15"
"simulation","raw_log_rank",14,16,"x16",1,TRUE,"x16"
"simulation","raw_log_rank",14,17,"x17",10,TRUE,"x17"
"simulation","raw_log_rank",14,18,"x18",5,TRUE,"x18"
"simulation","raw_log_rank",14,19,"x19",11,TRUE,"x19"
"simulation","raw_log_rank",14,20,"x20",3,TRUE,"x20"
"simulation","raw_log_rank",14,21,"x01__log",7,FALSE,"x01"
"simulation","raw_log_rank",14,22,"x01__rank",7,FALSE,"x01"
"simulation","raw_log_rank",14,23,"x02__log",16,FALSE,"x02"
"simulation","raw_log_rank",14,24,"x02__rank",16,FALSE,"x02"
"simulation","raw_log_rank",14,25,"x03__log",6,FALSE,"x03"
"simulation","raw_log_rank",14,26,"x03__rank",6,FALSE,"x03"
"simulation","routine_bundle",14,1,"x01",7,TRUE,"x01"
"simulation","routine_bundle",14,2,"x02",16,TRUE,"x02"
"simulation","routine_bundle",14,3,"x03",6,TRUE,"x03"
"simulation","routine_bundle",14,4,"x04",19,TRUE,"x04"
"simulation","routine_bundle",14,5,"x05",9,TRUE,"x05"
"simulation","routine_bundle",14,6,"x06",12,TRUE,"x06"
"simulation","routine_bundle",14,7,"x07",17,TRUE,"x07"
"simulation","routine_bundle",14,8,"x08",8,TRUE,"x08"
"simulation","routine_bundle",14,9,"x09",20,TRUE,"x09"
"simulation","routine_bundle",14,10,"x10",2,TRUE,"x10"
"simulation","routine_bundle",14,11,"x11",4,TRUE,"x11"
"simulation","routine_bundle",14,12,"x12",13,TRUE,"x12"
"simulation","routine_bundle",14,13,"x13",18,TRUE,"x13"
"simulation","routine_bundle",14,14,"x14",14,TRUE,"x14"
"simulation","routine_bundle",14,15,"x15",15,TRUE,"x15"
"simulation","routine_bundle",14,16,"x16",1,TRUE,"x16"
"simulation","routine_bundle",14,17,"x17",10,TRUE,"x17"
"simulation","routine_bundle",14,18,"x18",5,TRUE,"x18"
"simulation","routine_bundle",14,19,"x19",11,TRUE,"x19"
"simulation","routine_bundle",14,20,"x20",3,TRUE,"x20"
"simulation","routine_bundle",14,21,"x01__admin_alias",7,FALSE,"x01"
"simulation","routine_bundle",14,22,"x08__admin_alias",8,FALSE,"x08"
"simulation","routine_bundle",14,23,"x20__admin_alias",3,FALSE,"x20"
"simulation","routine_bundle",14,24,"x02__standardized",16,FALSE,"x02"
"simulation","routine_bundle",14,25,"x05__standardized",9,FALSE,"x05"
"simulation","routine_bundle",14,26,"x06__standardized",12,FALSE,"x06"
"simulation","routine_bundle",14,27,"x03__complement",6,FALSE,"x03"
"simulation","routine_bundle",14,28,"x07__complement",17,FALSE,"x07"
"simulation","routine_bundle",14,29,"x09__complement",20,FALSE,"x09"
"simulation","routine_bundle",14,30,"x01__log",7,FALSE,"x01"
"simulation","routine_bundle",14,31,"x01__rank",7,FALSE,"x01"
"simulation","routine_bundle",14,32,"x02__log",16,FALSE,"x02"
"simulation","routine_bundle",14,33,"x02__rank",16,FALSE,"x02"
"simulation","routine_bundle",14,34,"x03__log",6,FALSE,"x03"
"simulation","routine_bundle",14,35,"x03__rank",6,FALSE,"x03"
"simulation","canonical",15,1,"x01",15,TRUE,"x01"
"simulation","canonical",15,2,"x02",5,TRUE,"x02"
"simulation","canonical",15,3,"x03",12,TRUE,"x03"
"simulation","canonical",15,4,"x04",7,TRUE,"x04"
"simulation","canonical",15,5,"x05",8,TRUE,"x05"
"simulation","canonical",15,6,"x06",20,TRUE,"x06"
"simulation","canonical",15,7,"x07",10,TRUE,"x07"
"simulation","canonical",15,8,"x08",2,TRUE,"x08"
"simulation","canonical",15,9,"x09",18,TRUE,"x09"
"simulation","canonical",15,10,"x10",14,TRUE,"x10"
"simulation","canonical",15,11,"x11",11,TRUE,"x11"
"simulation","canonical",15,12,"x12",17,TRUE,"x12"
"simulation","canonical",15,13,"x13",13,TRUE,"x13"
"simulation","canonical",15,14,"x14",3,TRUE,"x14"
"simulation","canonical",15,15,"x15",4,TRUE,"x15"
"simulation","canonical",15,16,"x16",1,TRUE,"x16"
"simulation","canonical",15,17,"x17",9,TRUE,"x17"
"simulation","canonical",15,18,"x18",6,TRUE,"x18"
"simulation","canonical",15,19,"x19",16,TRUE,"x19"
"simulation","canonical",15,20,"x20",19,TRUE,"x20"
"simulation","administrative_aliases",15,1,"x01",15,TRUE,"x01"
"simulation","administrative_aliases",15,2,"x02",5,TRUE,"x02"
"simulation","administrative_aliases",15,3,"x03",12,TRUE,"x03"
"simulation","administrative_aliases",15,4,"x04",7,TRUE,"x04"
"simulation","administrative_aliases",15,5,"x05",8,TRUE,"x05"
"simulation","administrative_aliases",15,6,"x06",20,TRUE,"x06"
"simulation","administrative_aliases",15,7,"x07",10,TRUE,"x07"
"simulation","administrative_aliases",15,8,"x08",2,TRUE,"x08"
"simulation","administrative_aliases",15,9,"x09",18,TRUE,"x09"
"simulation","administrative_aliases",15,10,"x10",14,TRUE,"x10"
"simulation","administrative_aliases",15,11,"x11",11,TRUE,"x11"
"simulation","administrative_aliases",15,12,"x12",17,TRUE,"x12"
"simulation","administrative_aliases",15,13,"x13",13,TRUE,"x13"
"simulation","administrative_aliases",15,14,"x14",3,TRUE,"x14"
"simulation","administrative_aliases",15,15,"x15",4,TRUE,"x15"
"simulation","administrative_aliases",15,16,"x16",1,TRUE,"x16"
"simulation","administrative_aliases",15,17,"x17",9,TRUE,"x17"
"simulation","administrative_aliases",15,18,"x18",6,TRUE,"x18"
"simulation","administrative_aliases",15,19,"x19",16,TRUE,"x19"
"simulation","administrative_aliases",15,20,"x20",19,TRUE,"x20"
"simulation","administrative_aliases",15,21,"x01__admin_alias",15,FALSE,"x01"
"simulation","administrative_aliases",15,22,"x08__admin_alias",2,FALSE,"x08"
"simulation","administrative_aliases",15,23,"x20__admin_alias",19,FALSE,"x20"
"simulation","unit_recodings",15,1,"x01",15,TRUE,"x01"
"simulation","unit_recodings",15,2,"x02",5,TRUE,"x02"
"simulation","unit_recodings",15,3,"x03",12,TRUE,"x03"
"simulation","unit_recodings",15,4,"x04",7,TRUE,"x04"
"simulation","unit_recodings",15,5,"x05",8,TRUE,"x05"
"simulation","unit_recodings",15,6,"x06",20,TRUE,"x06"
"simulation","unit_recodings",15,7,"x07",10,TRUE,"x07"
"simulation","unit_recodings",15,8,"x08",2,TRUE,"x08"
"simulation","unit_recodings",15,9,"x09",18,TRUE,"x09"
"simulation","unit_recodings",15,10,"x10",14,TRUE,"x10"
"simulation","unit_recodings",15,11,"x11",11,TRUE,"x11"
"simulation","unit_recodings",15,12,"x12",17,TRUE,"x12"
"simulation","unit_recodings",15,13,"x13",13,TRUE,"x13"
"simulation","unit_recodings",15,14,"x14",3,TRUE,"x14"
"simulation","unit_recodings",15,15,"x15",4,TRUE,"x15"
"simulation","unit_recodings",15,16,"x16",1,TRUE,"x16"
"simulation","unit_recodings",15,17,"x17",9,TRUE,"x17"
"simulation","unit_recodings",15,18,"x18",6,TRUE,"x18"
"simulation","unit_recodings",15,19,"x19",16,TRUE,"x19"
"simulation","unit_recodings",15,20,"x20",19,TRUE,"x20"
"simulation","unit_recodings",15,21,"x02__standardized",5,FALSE,"x02"
"simulation","unit_recodings",15,22,"x05__standardized",8,FALSE,"x05"
"simulation","unit_recodings",15,23,"x06__standardized",20,FALSE,"x06"
"simulation","complements",15,1,"x01",15,TRUE,"x01"
"simulation","complements",15,2,"x02",5,TRUE,"x02"
"simulation","complements",15,3,"x03",12,TRUE,"x03"
"simulation","complements",15,4,"x04",7,TRUE,"x04"
"simulation","complements",15,5,"x05",8,TRUE,"x05"
"simulation","complements",15,6,"x06",20,TRUE,"x06"
"simulation","complements",15,7,"x07",10,TRUE,"x07"
"simulation","complements",15,8,"x08",2,TRUE,"x08"
"simulation","complements",15,9,"x09",18,TRUE,"x09"
"simulation","complements",15,10,"x10",14,TRUE,"x10"
"simulation","complements",15,11,"x11",11,TRUE,"x11"
"simulation","complements",15,12,"x12",17,TRUE,"x12"
"simulation","complements",15,13,"x13",13,TRUE,"x13"
"simulation","complements",15,14,"x14",3,TRUE,"x14"
"simulation","complements",15,15,"x15",4,TRUE,"x15"
"simulation","complements",15,16,"x16",1,TRUE,"x16"
"simulation","complements",15,17,"x17",9,TRUE,"x17"
"simulation","complements",15,18,"x18",6,TRUE,"x18"
"simulation","complements",15,19,"x19",16,TRUE,"x19"
"simulation","complements",15,20,"x20",19,TRUE,"x20"
"simulation","complements",15,21,"x03__complement",12,FALSE,"x03"
"simulation","complements",15,22,"x07__complement",10,FALSE,"x07"
"simulation","complements",15,23,"x09__complement",18,FALSE,"x09"
"simulation","raw_log_rank",15,1,"x01",15,TRUE,"x01"
"simulation","raw_log_rank",15,2,"x02",5,TRUE,"x02"
"simulation","raw_log_rank",15,3,"x03",12,TRUE,"x03"
"simulation","raw_log_rank",15,4,"x04",7,TRUE,"x04"
"simulation","raw_log_rank",15,5,"x05",8,TRUE,"x05"
"simulation","raw_log_rank",15,6,"x06",20,TRUE,"x06"
"simulation","raw_log_rank",15,7,"x07",10,TRUE,"x07"
"simulation","raw_log_rank",15,8,"x08",2,TRUE,"x08"
"simulation","raw_log_rank",15,9,"x09",18,TRUE,"x09"
"simulation","raw_log_rank",15,10,"x10",14,TRUE,"x10"
"simulation","raw_log_rank",15,11,"x11",11,TRUE,"x11"
"simulation","raw_log_rank",15,12,"x12",17,TRUE,"x12"
"simulation","raw_log_rank",15,13,"x13",13,TRUE,"x13"
"simulation","raw_log_rank",15,14,"x14",3,TRUE,"x14"
"simulation","raw_log_rank",15,15,"x15",4,TRUE,"x15"
"simulation","raw_log_rank",15,16,"x16",1,TRUE,"x16"
"simulation","raw_log_rank",15,17,"x17",9,TRUE,"x17"
"simulation","raw_log_rank",15,18,"x18",6,TRUE,"x18"
"simulation","raw_log_rank",15,19,"x19",16,TRUE,"x19"
"simulation","raw_log_rank",15,20,"x20",19,TRUE,"x20"
"simulation","raw_log_rank",15,21,"x01__log",15,FALSE,"x01"
"simulation","raw_log_rank",15,22,"x01__rank",15,FALSE,"x01"
"simulation","raw_log_rank",15,23,"x02__log",5,FALSE,"x02"
"simulation","raw_log_rank",15,24,"x02__rank",5,FALSE,"x02"
"simulation","raw_log_rank",15,25,"x03__log",12,FALSE,"x03"
"simulation","raw_log_rank",15,26,"x03__rank",12,FALSE,"x03"
"simulation","routine_bundle",15,1,"x01",15,TRUE,"x01"
"simulation","routine_bundle",15,2,"x02",5,TRUE,"x02"
"simulation","routine_bundle",15,3,"x03",12,TRUE,"x03"
"simulation","routine_bundle",15,4,"x04",7,TRUE,"x04"
"simulation","routine_bundle",15,5,"x05",8,TRUE,"x05"
"simulation","routine_bundle",15,6,"x06",20,TRUE,"x06"
"simulation","routine_bundle",15,7,"x07",10,TRUE,"x07"
"simulation","routine_bundle",15,8,"x08",2,TRUE,"x08"
"simulation","routine_bundle",15,9,"x09",18,TRUE,"x09"
"simulation","routine_bundle",15,10,"x10",14,TRUE,"x10"
"simulation","routine_bundle",15,11,"x11",11,TRUE,"x11"
"simulation","routine_bundle",15,12,"x12",17,TRUE,"x12"
"simulation","routine_bundle",15,13,"x13",13,TRUE,"x13"
"simulation","routine_bundle",15,14,"x14",3,TRUE,"x14"
"simulation","routine_bundle",15,15,"x15",4,TRUE,"x15"
"simulation","routine_bundle",15,16,"x16",1,TRUE,"x16"
"simulation","routine_bundle",15,17,"x17",9,TRUE,"x17"
"simulation","routine_bundle",15,18,"x18",6,TRUE,"x18"
"simulation","routine_bundle",15,19,"x19",16,TRUE,"x19"
"simulation","routine_bundle",15,20,"x20",19,TRUE,"x20"
"simulation","routine_bundle",15,21,"x01__admin_alias",15,FALSE,"x01"
"simulation","routine_bundle",15,22,"x08__admin_alias",2,FALSE,"x08"
"simulation","routine_bundle",15,23,"x20__admin_alias",19,FALSE,"x20"
"simulation","routine_bundle",15,24,"x02__standardized",5,FALSE,"x02"
"simulation","routine_bundle",15,25,"x05__standardized",8,FALSE,"x05"
"simulation","routine_bundle",15,26,"x06__standardized",20,FALSE,"x06"
"simulation","routine_bundle",15,27,"x03__complement",12,FALSE,"x03"
"simulation","routine_bundle",15,28,"x07__complement",10,FALSE,"x07"
"simulation","routine_bundle",15,29,"x09__complement",18,FALSE,"x09"
"simulation","routine_bundle",15,30,"x01__log",15,FALSE,"x01"
"simulation","routine_bundle",15,31,"x01__rank",15,FALSE,"x01"
"simulation","routine_bundle",15,32,"x02__log",5,FALSE,"x02"
"simulation","routine_bundle",15,33,"x02__rank",5,FALSE,"x02"
"simulation","routine_bundle",15,34,"x03__log",12,FALSE,"x03"
"simulation","routine_bundle",15,35,"x03__rank",12,FALSE,"x03"
"simulation","canonical",16,1,"x01",19,TRUE,"x01"
"simulation","canonical",16,2,"x02",4,TRUE,"x02"
"simulation","canonical",16,3,"x03",17,TRUE,"x03"
"simulation","canonical",16,4,"x04",12,TRUE,"x04"
"simulation","canonical",16,5,"x05",11,TRUE,"x05"
"simulation","canonical",16,6,"x06",15,TRUE,"x06"
"simulation","canonical",16,7,"x07",2,TRUE,"x07"
"simulation","canonical",16,8,"x08",18,TRUE,"x08"
"simulation","canonical",16,9,"x09",6,TRUE,"x09"
"simulation","canonical",16,10,"x10",16,TRUE,"x10"
"simulation","canonical",16,11,"x11",3,TRUE,"x11"
"simulation","canonical",16,12,"x12",9,TRUE,"x12"
"simulation","canonical",16,13,"x13",1,TRUE,"x13"
"simulation","canonical",16,14,"x14",10,TRUE,"x14"
"simulation","canonical",16,15,"x15",8,TRUE,"x15"
"simulation","canonical",16,16,"x16",14,TRUE,"x16"
"simulation","canonical",16,17,"x17",7,TRUE,"x17"
"simulation","canonical",16,18,"x18",13,TRUE,"x18"
"simulation","canonical",16,19,"x19",5,TRUE,"x19"
"simulation","canonical",16,20,"x20",20,TRUE,"x20"
"simulation","administrative_aliases",16,1,"x01",19,TRUE,"x01"
"simulation","administrative_aliases",16,2,"x02",4,TRUE,"x02"
"simulation","administrative_aliases",16,3,"x03",17,TRUE,"x03"
"simulation","administrative_aliases",16,4,"x04",12,TRUE,"x04"
"simulation","administrative_aliases",16,5,"x05",11,TRUE,"x05"
"simulation","administrative_aliases",16,6,"x06",15,TRUE,"x06"
"simulation","administrative_aliases",16,7,"x07",2,TRUE,"x07"
"simulation","administrative_aliases",16,8,"x08",18,TRUE,"x08"
"simulation","administrative_aliases",16,9,"x09",6,TRUE,"x09"
"simulation","administrative_aliases",16,10,"x10",16,TRUE,"x10"
"simulation","administrative_aliases",16,11,"x11",3,TRUE,"x11"
"simulation","administrative_aliases",16,12,"x12",9,TRUE,"x12"
"simulation","administrative_aliases",16,13,"x13",1,TRUE,"x13"
"simulation","administrative_aliases",16,14,"x14",10,TRUE,"x14"
"simulation","administrative_aliases",16,15,"x15",8,TRUE,"x15"
"simulation","administrative_aliases",16,16,"x16",14,TRUE,"x16"
"simulation","administrative_aliases",16,17,"x17",7,TRUE,"x17"
"simulation","administrative_aliases",16,18,"x18",13,TRUE,"x18"
"simulation","administrative_aliases",16,19,"x19",5,TRUE,"x19"
"simulation","administrative_aliases",16,20,"x20",20,TRUE,"x20"
"simulation","administrative_aliases",16,21,"x01__admin_alias",19,FALSE,"x01"
"simulation","administrative_aliases",16,22,"x08__admin_alias",18,FALSE,"x08"
"simulation","administrative_aliases",16,23,"x20__admin_alias",20,FALSE,"x20"
"simulation","unit_recodings",16,1,"x01",19,TRUE,"x01"
"simulation","unit_recodings",16,2,"x02",4,TRUE,"x02"
"simulation","unit_recodings",16,3,"x03",17,TRUE,"x03"
"simulation","unit_recodings",16,4,"x04",12,TRUE,"x04"
"simulation","unit_recodings",16,5,"x05",11,TRUE,"x05"
"simulation","unit_recodings",16,6,"x06",15,TRUE,"x06"
"simulation","unit_recodings",16,7,"x07",2,TRUE,"x07"
"simulation","unit_recodings",16,8,"x08",18,TRUE,"x08"
"simulation","unit_recodings",16,9,"x09",6,TRUE,"x09"
"simulation","unit_recodings",16,10,"x10",16,TRUE,"x10"
"simulation","unit_recodings",16,11,"x11",3,TRUE,"x11"
"simulation","unit_recodings",16,12,"x12",9,TRUE,"x12"
"simulation","unit_recodings",16,13,"x13",1,TRUE,"x13"
"simulation","unit_recodings",16,14,"x14",10,TRUE,"x14"
"simulation","unit_recodings",16,15,"x15",8,TRUE,"x15"
"simulation","unit_recodings",16,16,"x16",14,TRUE,"x16"
"simulation","unit_recodings",16,17,"x17",7,TRUE,"x17"
"simulation","unit_recodings",16,18,"x18",13,TRUE,"x18"
"simulation","unit_recodings",16,19,"x19",5,TRUE,"x19"
"simulation","unit_recodings",16,20,"x20",20,TRUE,"x20"
"simulation","unit_recodings",16,21,"x02__standardized",4,FALSE,"x02"
"simulation","unit_recodings",16,22,"x05__standardized",11,FALSE,"x05"
"simulation","unit_recodings",16,23,"x06__standardized",15,FALSE,"x06"
"simulation","complements",16,1,"x01",19,TRUE,"x01"
"simulation","complements",16,2,"x02",4,TRUE,"x02"
"simulation","complements",16,3,"x03",17,TRUE,"x03"
"simulation","complements",16,4,"x04",12,TRUE,"x04"
"simulation","complements",16,5,"x05",11,TRUE,"x05"
"simulation","complements",16,6,"x06",15,TRUE,"x06"
"simulation","complements",16,7,"x07",2,TRUE,"x07"
"simulation","complements",16,8,"x08",18,TRUE,"x08"
"simulation","complements",16,9,"x09",6,TRUE,"x09"
"simulation","complements",16,10,"x10",16,TRUE,"x10"
"simulation","complements",16,11,"x11",3,TRUE,"x11"
"simulation","complements",16,12,"x12",9,TRUE,"x12"
"simulation","complements",16,13,"x13",1,TRUE,"x13"
"simulation","complements",16,14,"x14",10,TRUE,"x14"
"simulation","complements",16,15,"x15",8,TRUE,"x15"
"simulation","complements",16,16,"x16",14,TRUE,"x16"
"simulation","complements",16,17,"x17",7,TRUE,"x17"
"simulation","complements",16,18,"x18",13,TRUE,"x18"
"simulation","complements",16,19,"x19",5,TRUE,"x19"
"simulation","complements",16,20,"x20",20,TRUE,"x20"
"simulation","complements",16,21,"x03__complement",17,FALSE,"x03"
"simulation","complements",16,22,"x07__complement",2,FALSE,"x07"
"simulation","complements",16,23,"x09__complement",6,FALSE,"x09"
"simulation","raw_log_rank",16,1,"x01",19,TRUE,"x01"
"simulation","raw_log_rank",16,2,"x02",4,TRUE,"x02"
"simulation","raw_log_rank",16,3,"x03",17,TRUE,"x03"
"simulation","raw_log_rank",16,4,"x04",12,TRUE,"x04"
"simulation","raw_log_rank",16,5,"x05",11,TRUE,"x05"
"simulation","raw_log_rank",16,6,"x06",15,TRUE,"x06"
"simulation","raw_log_rank",16,7,"x07",2,TRUE,"x07"
"simulation","raw_log_rank",16,8,"x08",18,TRUE,"x08"
"simulation","raw_log_rank",16,9,"x09",6,TRUE,"x09"
"simulation","raw_log_rank",16,10,"x10",16,TRUE,"x10"
"simulation","raw_log_rank",16,11,"x11",3,TRUE,"x11"
"simulation","raw_log_rank",16,12,"x12",9,TRUE,"x12"
"simulation","raw_log_rank",16,13,"x13",1,TRUE,"x13"
"simulation","raw_log_rank",16,14,"x14",10,TRUE,"x14"
"simulation","raw_log_rank",16,15,"x15",8,TRUE,"x15"
"simulation","raw_log_rank",16,16,"x16",14,TRUE,"x16"
"simulation","raw_log_rank",16,17,"x17",7,TRUE,"x17"
"simulation","raw_log_rank",16,18,"x18",13,TRUE,"x18"
"simulation","raw_log_rank",16,19,"x19",5,TRUE,"x19"
"simulation","raw_log_rank",16,20,"x20",20,TRUE,"x20"
"simulation","raw_log_rank",16,21,"x01__log",19,FALSE,"x01"
"simulation","raw_log_rank",16,22,"x01__rank",19,FALSE,"x01"
"simulation","raw_log_rank",16,23,"x02__log",4,FALSE,"x02"
"simulation","raw_log_rank",16,24,"x02__rank",4,FALSE,"x02"
"simulation","raw_log_rank",16,25,"x03__log",17,FALSE,"x03"
"simulation","raw_log_rank",16,26,"x03__rank",17,FALSE,"x03"
"simulation","routine_bundle",16,1,"x01",19,TRUE,"x01"
"simulation","routine_bundle",16,2,"x02",4,TRUE,"x02"
"simulation","routine_bundle",16,3,"x03",17,TRUE,"x03"
"simulation","routine_bundle",16,4,"x04",12,TRUE,"x04"
"simulation","routine_bundle",16,5,"x05",11,TRUE,"x05"
"simulation","routine_bundle",16,6,"x06",15,TRUE,"x06"
"simulation","routine_bundle",16,7,"x07",2,TRUE,"x07"
"simulation","routine_bundle",16,8,"x08",18,TRUE,"x08"
"simulation","routine_bundle",16,9,"x09",6,TRUE,"x09"
"simulation","routine_bundle",16,10,"x10",16,TRUE,"x10"
"simulation","routine_bundle",16,11,"x11",3,TRUE,"x11"
"simulation","routine_bundle",16,12,"x12",9,TRUE,"x12"
"simulation","routine_bundle",16,13,"x13",1,TRUE,"x13"
"simulation","routine_bundle",16,14,"x14",10,TRUE,"x14"
"simulation","routine_bundle",16,15,"x15",8,TRUE,"x15"
"simulation","routine_bundle",16,16,"x16",14,TRUE,"x16"
"simulation","routine_bundle",16,17,"x17",7,TRUE,"x17"
"simulation","routine_bundle",16,18,"x18",13,TRUE,"x18"
"simulation","routine_bundle",16,19,"x19",5,TRUE,"x19"
"simulation","routine_bundle",16,20,"x20",20,TRUE,"x20"
"simulation","routine_bundle",16,21,"x01__admin_alias",19,FALSE,"x01"
"simulation","routine_bundle",16,22,"x08__admin_alias",18,FALSE,"x08"
"simulation","routine_bundle",16,23,"x20__admin_alias",20,FALSE,"x20"
"simulation","routine_bundle",16,24,"x02__standardized",4,FALSE,"x02"
"simulation","routine_bundle",16,25,"x05__standardized",11,FALSE,"x05"
"simulation","routine_bundle",16,26,"x06__standardized",15,FALSE,"x06"
"simulation","routine_bundle",16,27,"x03__complement",17,FALSE,"x03"
"simulation","routine_bundle",16,28,"x07__complement",2,FALSE,"x07"
"simulation","routine_bundle",16,29,"x09__complement",6,FALSE,"x09"
"simulation","routine_bundle",16,30,"x01__log",19,FALSE,"x01"
"simulation","routine_bundle",16,31,"x01__rank",19,FALSE,"x01"
"simulation","routine_bundle",16,32,"x02__log",4,FALSE,"x02"
"simulation","routine_bundle",16,33,"x02__rank",4,FALSE,"x02"
"simulation","routine_bundle",16,34,"x03__log",17,FALSE,"x03"
"simulation","routine_bundle",16,35,"x03__rank",17,FALSE,"x03"
"simulation","canonical",17,1,"x01",4,TRUE,"x01"
"simulation","canonical",17,2,"x02",13,TRUE,"x02"
"simulation","canonical",17,3,"x03",14,TRUE,"x03"
"simulation","canonical",17,4,"x04",2,TRUE,"x04"
"simulation","canonical",17,5,"x05",7,TRUE,"x05"
"simulation","canonical",17,6,"x06",9,TRUE,"x06"
"simulation","canonical",17,7,"x07",17,TRUE,"x07"
"simulation","canonical",17,8,"x08",20,TRUE,"x08"
"simulation","canonical",17,9,"x09",1,TRUE,"x09"
"simulation","canonical",17,10,"x10",12,TRUE,"x10"
"simulation","canonical",17,11,"x11",5,TRUE,"x11"
"simulation","canonical",17,12,"x12",16,TRUE,"x12"
"simulation","canonical",17,13,"x13",8,TRUE,"x13"
"simulation","canonical",17,14,"x14",10,TRUE,"x14"
"simulation","canonical",17,15,"x15",6,TRUE,"x15"
"simulation","canonical",17,16,"x16",18,TRUE,"x16"
"simulation","canonical",17,17,"x17",3,TRUE,"x17"
"simulation","canonical",17,18,"x18",19,TRUE,"x18"
"simulation","canonical",17,19,"x19",11,TRUE,"x19"
"simulation","canonical",17,20,"x20",15,TRUE,"x20"
"simulation","administrative_aliases",17,1,"x01",4,TRUE,"x01"
"simulation","administrative_aliases",17,2,"x02",13,TRUE,"x02"
"simulation","administrative_aliases",17,3,"x03",14,TRUE,"x03"
"simulation","administrative_aliases",17,4,"x04",2,TRUE,"x04"
"simulation","administrative_aliases",17,5,"x05",7,TRUE,"x05"
"simulation","administrative_aliases",17,6,"x06",9,TRUE,"x06"
"simulation","administrative_aliases",17,7,"x07",17,TRUE,"x07"
"simulation","administrative_aliases",17,8,"x08",20,TRUE,"x08"
"simulation","administrative_aliases",17,9,"x09",1,TRUE,"x09"
"simulation","administrative_aliases",17,10,"x10",12,TRUE,"x10"
"simulation","administrative_aliases",17,11,"x11",5,TRUE,"x11"
"simulation","administrative_aliases",17,12,"x12",16,TRUE,"x12"
"simulation","administrative_aliases",17,13,"x13",8,TRUE,"x13"
"simulation","administrative_aliases",17,14,"x14",10,TRUE,"x14"
"simulation","administrative_aliases",17,15,"x15",6,TRUE,"x15"
"simulation","administrative_aliases",17,16,"x16",18,TRUE,"x16"
"simulation","administrative_aliases",17,17,"x17",3,TRUE,"x17"
"simulation","administrative_aliases",17,18,"x18",19,TRUE,"x18"
"simulation","administrative_aliases",17,19,"x19",11,TRUE,"x19"
"simulation","administrative_aliases",17,20,"x20",15,TRUE,"x20"
"simulation","administrative_aliases",17,21,"x01__admin_alias",4,FALSE,"x01"
"simulation","administrative_aliases",17,22,"x08__admin_alias",20,FALSE,"x08"
"simulation","administrative_aliases",17,23,"x20__admin_alias",15,FALSE,"x20"
"simulation","unit_recodings",17,1,"x01",4,TRUE,"x01"
"simulation","unit_recodings",17,2,"x02",13,TRUE,"x02"
"simulation","unit_recodings",17,3,"x03",14,TRUE,"x03"
"simulation","unit_recodings",17,4,"x04",2,TRUE,"x04"
"simulation","unit_recodings",17,5,"x05",7,TRUE,"x05"
"simulation","unit_recodings",17,6,"x06",9,TRUE,"x06"
"simulation","unit_recodings",17,7,"x07",17,TRUE,"x07"
"simulation","unit_recodings",17,8,"x08",20,TRUE,"x08"
"simulation","unit_recodings",17,9,"x09",1,TRUE,"x09"
"simulation","unit_recodings",17,10,"x10",12,TRUE,"x10"
"simulation","unit_recodings",17,11,"x11",5,TRUE,"x11"
"simulation","unit_recodings",17,12,"x12",16,TRUE,"x12"
"simulation","unit_recodings",17,13,"x13",8,TRUE,"x13"
"simulation","unit_recodings",17,14,"x14",10,TRUE,"x14"
"simulation","unit_recodings",17,15,"x15",6,TRUE,"x15"
"simulation","unit_recodings",17,16,"x16",18,TRUE,"x16"
"simulation","unit_recodings",17,17,"x17",3,TRUE,"x17"
"simulation","unit_recodings",17,18,"x18",19,TRUE,"x18"
"simulation","unit_recodings",17,19,"x19",11,TRUE,"x19"
"simulation","unit_recodings",17,20,"x20",15,TRUE,"x20"
"simulation","unit_recodings",17,21,"x02__standardized",13,FALSE,"x02"
"simulation","unit_recodings",17,22,"x05__standardized",7,FALSE,"x05"
"simulation","unit_recodings",17,23,"x06__standardized",9,FALSE,"x06"
"simulation","complements",17,1,"x01",4,TRUE,"x01"
"simulation","complements",17,2,"x02",13,TRUE,"x02"
"simulation","complements",17,3,"x03",14,TRUE,"x03"
"simulation","complements",17,4,"x04",2,TRUE,"x04"
"simulation","complements",17,5,"x05",7,TRUE,"x05"
"simulation","complements",17,6,"x06",9,TRUE,"x06"
"simulation","complements",17,7,"x07",17,TRUE,"x07"
"simulation","complements",17,8,"x08",20,TRUE,"x08"
"simulation","complements",17,9,"x09",1,TRUE,"x09"
"simulation","complements",17,10,"x10",12,TRUE,"x10"
"simulation","complements",17,11,"x11",5,TRUE,"x11"
"simulation","complements",17,12,"x12",16,TRUE,"x12"
"simulation","complements",17,13,"x13",8,TRUE,"x13"
"simulation","complements",17,14,"x14",10,TRUE,"x14"
"simulation","complements",17,15,"x15",6,TRUE,"x15"
"simulation","complements",17,16,"x16",18,TRUE,"x16"
"simulation","complements",17,17,"x17",3,TRUE,"x17"
"simulation","complements",17,18,"x18",19,TRUE,"x18"
"simulation","complements",17,19,"x19",11,TRUE,"x19"
"simulation","complements",17,20,"x20",15,TRUE,"x20"
"simulation","complements",17,21,"x03__complement",14,FALSE,"x03"
"simulation","complements",17,22,"x07__complement",17,FALSE,"x07"
"simulation","complements",17,23,"x09__complement",1,FALSE,"x09"
"simulation","raw_log_rank",17,1,"x01",4,TRUE,"x01"
"simulation","raw_log_rank",17,2,"x02",13,TRUE,"x02"
"simulation","raw_log_rank",17,3,"x03",14,TRUE,"x03"
"simulation","raw_log_rank",17,4,"x04",2,TRUE,"x04"
"simulation","raw_log_rank",17,5,"x05",7,TRUE,"x05"
"simulation","raw_log_rank",17,6,"x06",9,TRUE,"x06"
"simulation","raw_log_rank",17,7,"x07",17,TRUE,"x07"
"simulation","raw_log_rank",17,8,"x08",20,TRUE,"x08"
"simulation","raw_log_rank",17,9,"x09",1,TRUE,"x09"
"simulation","raw_log_rank",17,10,"x10",12,TRUE,"x10"
"simulation","raw_log_rank",17,11,"x11",5,TRUE,"x11"
"simulation","raw_log_rank",17,12,"x12",16,TRUE,"x12"
"simulation","raw_log_rank",17,13,"x13",8,TRUE,"x13"
"simulation","raw_log_rank",17,14,"x14",10,TRUE,"x14"
"simulation","raw_log_rank",17,15,"x15",6,TRUE,"x15"
"simulation","raw_log_rank",17,16,"x16",18,TRUE,"x16"
"simulation","raw_log_rank",17,17,"x17",3,TRUE,"x17"
"simulation","raw_log_rank",17,18,"x18",19,TRUE,"x18"
"simulation","raw_log_rank",17,19,"x19",11,TRUE,"x19"
"simulation","raw_log_rank",17,20,"x20",15,TRUE,"x20"
"simulation","raw_log_rank",17,21,"x01__log",4,FALSE,"x01"
"simulation","raw_log_rank",17,22,"x01__rank",4,FALSE,"x01"
"simulation","raw_log_rank",17,23,"x02__log",13,FALSE,"x02"
"simulation","raw_log_rank",17,24,"x02__rank",13,FALSE,"x02"
"simulation","raw_log_rank",17,25,"x03__log",14,FALSE,"x03"
"simulation","raw_log_rank",17,26,"x03__rank",14,FALSE,"x03"
"simulation","routine_bundle",17,1,"x01",4,TRUE,"x01"
"simulation","routine_bundle",17,2,"x02",13,TRUE,"x02"
"simulation","routine_bundle",17,3,"x03",14,TRUE,"x03"
"simulation","routine_bundle",17,4,"x04",2,TRUE,"x04"
"simulation","routine_bundle",17,5,"x05",7,TRUE,"x05"
"simulation","routine_bundle",17,6,"x06",9,TRUE,"x06"
"simulation","routine_bundle",17,7,"x07",17,TRUE,"x07"
"simulation","routine_bundle",17,8,"x08",20,TRUE,"x08"
"simulation","routine_bundle",17,9,"x09",1,TRUE,"x09"
"simulation","routine_bundle",17,10,"x10",12,TRUE,"x10"
"simulation","routine_bundle",17,11,"x11",5,TRUE,"x11"
"simulation","routine_bundle",17,12,"x12",16,TRUE,"x12"
"simulation","routine_bundle",17,13,"x13",8,TRUE,"x13"
"simulation","routine_bundle",17,14,"x14",10,TRUE,"x14"
"simulation","routine_bundle",17,15,"x15",6,TRUE,"x15"
"simulation","routine_bundle",17,16,"x16",18,TRUE,"x16"
"simulation","routine_bundle",17,17,"x17",3,TRUE,"x17"
"simulation","routine_bundle",17,18,"x18",19,TRUE,"x18"
"simulation","routine_bundle",17,19,"x19",11,TRUE,"x19"
"simulation","routine_bundle",17,20,"x20",15,TRUE,"x20"
"simulation","routine_bundle",17,21,"x01__admin_alias",4,FALSE,"x01"
"simulation","routine_bundle",17,22,"x08__admin_alias",20,FALSE,"x08"
"simulation","routine_bundle",17,23,"x20__admin_alias",15,FALSE,"x20"
"simulation","routine_bundle",17,24,"x02__standardized",13,FALSE,"x02"
"simulation","routine_bundle",17,25,"x05__standardized",7,FALSE,"x05"
"simulation","routine_bundle",17,26,"x06__standardized",9,FALSE,"x06"
"simulation","routine_bundle",17,27,"x03__complement",14,FALSE,"x03"
"simulation","routine_bundle",17,28,"x07__complement",17,FALSE,"x07"
"simulation","routine_bundle",17,29,"x09__complement",1,FALSE,"x09"
"simulation","routine_bundle",17,30,"x01__log",4,FALSE,"x01"
"simulation","routine_bundle",17,31,"x01__rank",4,FALSE,"x01"
"simulation","routine_bundle",17,32,"x02__log",13,FALSE,"x02"
"simulation","routine_bundle",17,33,"x02__rank",13,FALSE,"x02"
"simulation","routine_bundle",17,34,"x03__log",14,FALSE,"x03"
"simulation","routine_bundle",17,35,"x03__rank",14,FALSE,"x03"
"simulation","canonical",18,1,"x01",9,TRUE,"x01"
"simulation","canonical",18,2,"x02",5,TRUE,"x02"
"simulation","canonical",18,3,"x03",16,TRUE,"x03"
"simulation","canonical",18,4,"x04",12,TRUE,"x04"
"simulation","canonical",18,5,"x05",13,TRUE,"x05"
"simulation","canonical",18,6,"x06",15,TRUE,"x06"
"simulation","canonical",18,7,"x07",14,TRUE,"x07"
"simulation","canonical",18,8,"x08",3,TRUE,"x08"
"simulation","canonical",18,9,"x09",8,TRUE,"x09"
"simulation","canonical",18,10,"x10",4,TRUE,"x10"
"simulation","canonical",18,11,"x11",11,TRUE,"x11"
"simulation","canonical",18,12,"x12",19,TRUE,"x12"
"simulation","canonical",18,13,"x13",10,TRUE,"x13"
"simulation","canonical",18,14,"x14",6,TRUE,"x14"
"simulation","canonical",18,15,"x15",18,TRUE,"x15"
"simulation","canonical",18,16,"x16",20,TRUE,"x16"
"simulation","canonical",18,17,"x17",2,TRUE,"x17"
"simulation","canonical",18,18,"x18",17,TRUE,"x18"
"simulation","canonical",18,19,"x19",1,TRUE,"x19"
"simulation","canonical",18,20,"x20",7,TRUE,"x20"
"simulation","administrative_aliases",18,1,"x01",9,TRUE,"x01"
"simulation","administrative_aliases",18,2,"x02",5,TRUE,"x02"
"simulation","administrative_aliases",18,3,"x03",16,TRUE,"x03"
"simulation","administrative_aliases",18,4,"x04",12,TRUE,"x04"
"simulation","administrative_aliases",18,5,"x05",13,TRUE,"x05"
"simulation","administrative_aliases",18,6,"x06",15,TRUE,"x06"
"simulation","administrative_aliases",18,7,"x07",14,TRUE,"x07"
"simulation","administrative_aliases",18,8,"x08",3,TRUE,"x08"
"simulation","administrative_aliases",18,9,"x09",8,TRUE,"x09"
"simulation","administrative_aliases",18,10,"x10",4,TRUE,"x10"
"simulation","administrative_aliases",18,11,"x11",11,TRUE,"x11"
"simulation","administrative_aliases",18,12,"x12",19,TRUE,"x12"
"simulation","administrative_aliases",18,13,"x13",10,TRUE,"x13"
"simulation","administrative_aliases",18,14,"x14",6,TRUE,"x14"
"simulation","administrative_aliases",18,15,"x15",18,TRUE,"x15"
"simulation","administrative_aliases",18,16,"x16",20,TRUE,"x16"
"simulation","administrative_aliases",18,17,"x17",2,TRUE,"x17"
"simulation","administrative_aliases",18,18,"x18",17,TRUE,"x18"
"simulation","administrative_aliases",18,19,"x19",1,TRUE,"x19"
"simulation","administrative_aliases",18,20,"x20",7,TRUE,"x20"
"simulation","administrative_aliases",18,21,"x01__admin_alias",9,FALSE,"x01"
"simulation","administrative_aliases",18,22,"x08__admin_alias",3,FALSE,"x08"
"simulation","administrative_aliases",18,23,"x20__admin_alias",7,FALSE,"x20"
"simulation","unit_recodings",18,1,"x01",9,TRUE,"x01"
"simulation","unit_recodings",18,2,"x02",5,TRUE,"x02"
"simulation","unit_recodings",18,3,"x03",16,TRUE,"x03"
"simulation","unit_recodings",18,4,"x04",12,TRUE,"x04"
"simulation","unit_recodings",18,5,"x05",13,TRUE,"x05"
"simulation","unit_recodings",18,6,"x06",15,TRUE,"x06"
"simulation","unit_recodings",18,7,"x07",14,TRUE,"x07"
"simulation","unit_recodings",18,8,"x08",3,TRUE,"x08"
"simulation","unit_recodings",18,9,"x09",8,TRUE,"x09"
"simulation","unit_recodings",18,10,"x10",4,TRUE,"x10"
"simulation","unit_recodings",18,11,"x11",11,TRUE,"x11"
"simulation","unit_recodings",18,12,"x12",19,TRUE,"x12"
"simulation","unit_recodings",18,13,"x13",10,TRUE,"x13"
"simulation","unit_recodings",18,14,"x14",6,TRUE,"x14"
"simulation","unit_recodings",18,15,"x15",18,TRUE,"x15"
"simulation","unit_recodings",18,16,"x16",20,TRUE,"x16"
"simulation","unit_recodings",18,17,"x17",2,TRUE,"x17"
"simulation","unit_recodings",18,18,"x18",17,TRUE,"x18"
"simulation","unit_recodings",18,19,"x19",1,TRUE,"x19"
"simulation","unit_recodings",18,20,"x20",7,TRUE,"x20"
"simulation","unit_recodings",18,21,"x02__standardized",5,FALSE,"x02"
"simulation","unit_recodings",18,22,"x05__standardized",13,FALSE,"x05"
"simulation","unit_recodings",18,23,"x06__standardized",15,FALSE,"x06"
"simulation","complements",18,1,"x01",9,TRUE,"x01"
"simulation","complements",18,2,"x02",5,TRUE,"x02"
"simulation","complements",18,3,"x03",16,TRUE,"x03"
"simulation","complements",18,4,"x04",12,TRUE,"x04"
"simulation","complements",18,5,"x05",13,TRUE,"x05"
"simulation","complements",18,6,"x06",15,TRUE,"x06"
"simulation","complements",18,7,"x07",14,TRUE,"x07"
"simulation","complements",18,8,"x08",3,TRUE,"x08"
"simulation","complements",18,9,"x09",8,TRUE,"x09"
"simulation","complements",18,10,"x10",4,TRUE,"x10"
"simulation","complements",18,11,"x11",11,TRUE,"x11"
"simulation","complements",18,12,"x12",19,TRUE,"x12"
"simulation","complements",18,13,"x13",10,TRUE,"x13"
"simulation","complements",18,14,"x14",6,TRUE,"x14"
"simulation","complements",18,15,"x15",18,TRUE,"x15"
"simulation","complements",18,16,"x16",20,TRUE,"x16"
"simulation","complements",18,17,"x17",2,TRUE,"x17"
"simulation","complements",18,18,"x18",17,TRUE,"x18"
"simulation","complements",18,19,"x19",1,TRUE,"x19"
"simulation","complements",18,20,"x20",7,TRUE,"x20"
"simulation","complements",18,21,"x03__complement",16,FALSE,"x03"
"simulation","complements",18,22,"x07__complement",14,FALSE,"x07"
"simulation","complements",18,23,"x09__complement",8,FALSE,"x09"
"simulation","raw_log_rank",18,1,"x01",9,TRUE,"x01"
"simulation","raw_log_rank",18,2,"x02",5,TRUE,"x02"
"simulation","raw_log_rank",18,3,"x03",16,TRUE,"x03"
"simulation","raw_log_rank",18,4,"x04",12,TRUE,"x04"
"simulation","raw_log_rank",18,5,"x05",13,TRUE,"x05"
"simulation","raw_log_rank",18,6,"x06",15,TRUE,"x06"
"simulation","raw_log_rank",18,7,"x07",14,TRUE,"x07"
"simulation","raw_log_rank",18,8,"x08",3,TRUE,"x08"
"simulation","raw_log_rank",18,9,"x09",8,TRUE,"x09"
"simulation","raw_log_rank",18,10,"x10",4,TRUE,"x10"
"simulation","raw_log_rank",18,11,"x11",11,TRUE,"x11"
"simulation","raw_log_rank",18,12,"x12",19,TRUE,"x12"
"simulation","raw_log_rank",18,13,"x13",10,TRUE,"x13"
"simulation","raw_log_rank",18,14,"x14",6,TRUE,"x14"
"simulation","raw_log_rank",18,15,"x15",18,TRUE,"x15"
"simulation","raw_log_rank",18,16,"x16",20,TRUE,"x16"
"simulation","raw_log_rank",18,17,"x17",2,TRUE,"x17"
"simulation","raw_log_rank",18,18,"x18",17,TRUE,"x18"
"simulation","raw_log_rank",18,19,"x19",1,TRUE,"x19"
"simulation","raw_log_rank",18,20,"x20",7,TRUE,"x20"
"simulation","raw_log_rank",18,21,"x01__log",9,FALSE,"x01"
"simulation","raw_log_rank",18,22,"x01__rank",9,FALSE,"x01"
"simulation","raw_log_rank",18,23,"x02__log",5,FALSE,"x02"
"simulation","raw_log_rank",18,24,"x02__rank",5,FALSE,"x02"
"simulation","raw_log_rank",18,25,"x03__log",16,FALSE,"x03"
"simulation","raw_log_rank",18,26,"x03__rank",16,FALSE,"x03"
"simulation","routine_bundle",18,1,"x01",9,TRUE,"x01"
"simulation","routine_bundle",18,2,"x02",5,TRUE,"x02"
"simulation","routine_bundle",18,3,"x03",16,TRUE,"x03"
"simulation","routine_bundle",18,4,"x04",12,TRUE,"x04"
"simulation","routine_bundle",18,5,"x05",13,TRUE,"x05"
"simulation","routine_bundle",18,6,"x06",15,TRUE,"x06"
"simulation","routine_bundle",18,7,"x07",14,TRUE,"x07"
"simulation","routine_bundle",18,8,"x08",3,TRUE,"x08"
"simulation","routine_bundle",18,9,"x09",8,TRUE,"x09"
"simulation","routine_bundle",18,10,"x10",4,TRUE,"x10"
"simulation","routine_bundle",18,11,"x11",11,TRUE,"x11"
"simulation","routine_bundle",18,12,"x12",19,TRUE,"x12"
"simulation","routine_bundle",18,13,"x13",10,TRUE,"x13"
"simulation","routine_bundle",18,14,"x14",6,TRUE,"x14"
"simulation","routine_bundle",18,15,"x15",18,TRUE,"x15"
"simulation","routine_bundle",18,16,"x16",20,TRUE,"x16"
"simulation","routine_bundle",18,17,"x17",2,TRUE,"x17"
"simulation","routine_bundle",18,18,"x18",17,TRUE,"x18"
"simulation","routine_bundle",18,19,"x19",1,TRUE,"x19"
"simulation","routine_bundle",18,20,"x20",7,TRUE,"x20"
"simulation","routine_bundle",18,21,"x01__admin_alias",9,FALSE,"x01"
"simulation","routine_bundle",18,22,"x08__admin_alias",3,FALSE,"x08"
"simulation","routine_bundle",18,23,"x20__admin_alias",7,FALSE,"x20"
"simulation","routine_bundle",18,24,"x02__standardized",5,FALSE,"x02"
"simulation","routine_bundle",18,25,"x05__standardized",13,FALSE,"x05"
"simulation","routine_bundle",18,26,"x06__standardized",15,FALSE,"x06"
"simulation","routine_bundle",18,27,"x03__complement",16,FALSE,"x03"
"simulation","routine_bundle",18,28,"x07__complement",14,FALSE,"x07"
"simulation","routine_bundle",18,29,"x09__complement",8,FALSE,"x09"
"simulation","routine_bundle",18,30,"x01__log",9,FALSE,"x01"
"simulation","routine_bundle",18,31,"x01__rank",9,FALSE,"x01"
"simulation","routine_bundle",18,32,"x02__log",5,FALSE,"x02"
"simulation","routine_bundle",18,33,"x02__rank",5,FALSE,"x02"
"simulation","routine_bundle",18,34,"x03__log",16,FALSE,"x03"
"simulation","routine_bundle",18,35,"x03__rank",16,FALSE,"x03"
"simulation","canonical",19,1,"x01",4,TRUE,"x01"
"simulation","canonical",19,2,"x02",6,TRUE,"x02"
"simulation","canonical",19,3,"x03",1,TRUE,"x03"
"simulation","canonical",19,4,"x04",14,TRUE,"x04"
"simulation","canonical",19,5,"x05",13,TRUE,"x05"
"simulation","canonical",19,6,"x06",10,TRUE,"x06"
"simulation","canonical",19,7,"x07",9,TRUE,"x07"
"simulation","canonical",19,8,"x08",16,TRUE,"x08"
"simulation","canonical",19,9,"x09",7,TRUE,"x09"
"simulation","canonical",19,10,"x10",3,TRUE,"x10"
"simulation","canonical",19,11,"x11",12,TRUE,"x11"
"simulation","canonical",19,12,"x12",15,TRUE,"x12"
"simulation","canonical",19,13,"x13",17,TRUE,"x13"
"simulation","canonical",19,14,"x14",11,TRUE,"x14"
"simulation","canonical",19,15,"x15",8,TRUE,"x15"
"simulation","canonical",19,16,"x16",20,TRUE,"x16"
"simulation","canonical",19,17,"x17",19,TRUE,"x17"
"simulation","canonical",19,18,"x18",18,TRUE,"x18"
"simulation","canonical",19,19,"x19",5,TRUE,"x19"
"simulation","canonical",19,20,"x20",2,TRUE,"x20"
"simulation","administrative_aliases",19,1,"x01",4,TRUE,"x01"
"simulation","administrative_aliases",19,2,"x02",6,TRUE,"x02"
"simulation","administrative_aliases",19,3,"x03",1,TRUE,"x03"
"simulation","administrative_aliases",19,4,"x04",14,TRUE,"x04"
"simulation","administrative_aliases",19,5,"x05",13,TRUE,"x05"
"simulation","administrative_aliases",19,6,"x06",10,TRUE,"x06"
"simulation","administrative_aliases",19,7,"x07",9,TRUE,"x07"
"simulation","administrative_aliases",19,8,"x08",16,TRUE,"x08"
"simulation","administrative_aliases",19,9,"x09",7,TRUE,"x09"
"simulation","administrative_aliases",19,10,"x10",3,TRUE,"x10"
"simulation","administrative_aliases",19,11,"x11",12,TRUE,"x11"
"simulation","administrative_aliases",19,12,"x12",15,TRUE,"x12"
"simulation","administrative_aliases",19,13,"x13",17,TRUE,"x13"
"simulation","administrative_aliases",19,14,"x14",11,TRUE,"x14"
"simulation","administrative_aliases",19,15,"x15",8,TRUE,"x15"
"simulation","administrative_aliases",19,16,"x16",20,TRUE,"x16"
"simulation","administrative_aliases",19,17,"x17",19,TRUE,"x17"
"simulation","administrative_aliases",19,18,"x18",18,TRUE,"x18"
"simulation","administrative_aliases",19,19,"x19",5,TRUE,"x19"
"simulation","administrative_aliases",19,20,"x20",2,TRUE,"x20"
"simulation","administrative_aliases",19,21,"x01__admin_alias",4,FALSE,"x01"
"simulation","administrative_aliases",19,22,"x08__admin_alias",16,FALSE,"x08"
"simulation","administrative_aliases",19,23,"x20__admin_alias",2,FALSE,"x20"
"simulation","unit_recodings",19,1,"x01",4,TRUE,"x01"
"simulation","unit_recodings",19,2,"x02",6,TRUE,"x02"
"simulation","unit_recodings",19,3,"x03",1,TRUE,"x03"
"simulation","unit_recodings",19,4,"x04",14,TRUE,"x04"
"simulation","unit_recodings",19,5,"x05",13,TRUE,"x05"
"simulation","unit_recodings",19,6,"x06",10,TRUE,"x06"
"simulation","unit_recodings",19,7,"x07",9,TRUE,"x07"
"simulation","unit_recodings",19,8,"x08",16,TRUE,"x08"
"simulation","unit_recodings",19,9,"x09",7,TRUE,"x09"
"simulation","unit_recodings",19,10,"x10",3,TRUE,"x10"
"simulation","unit_recodings",19,11,"x11",12,TRUE,"x11"
"simulation","unit_recodings",19,12,"x12",15,TRUE,"x12"
"simulation","unit_recodings",19,13,"x13",17,TRUE,"x13"
"simulation","unit_recodings",19,14,"x14",11,TRUE,"x14"
"simulation","unit_recodings",19,15,"x15",8,TRUE,"x15"
"simulation","unit_recodings",19,16,"x16",20,TRUE,"x16"
"simulation","unit_recodings",19,17,"x17",19,TRUE,"x17"
"simulation","unit_recodings",19,18,"x18",18,TRUE,"x18"
"simulation","unit_recodings",19,19,"x19",5,TRUE,"x19"
"simulation","unit_recodings",19,20,"x20",2,TRUE,"x20"
"simulation","unit_recodings",19,21,"x02__standardized",6,FALSE,"x02"
"simulation","unit_recodings",19,22,"x05__standardized",13,FALSE,"x05"
"simulation","unit_recodings",19,23,"x06__standardized",10,FALSE,"x06"
"simulation","complements",19,1,"x01",4,TRUE,"x01"
"simulation","complements",19,2,"x02",6,TRUE,"x02"
"simulation","complements",19,3,"x03",1,TRUE,"x03"
"simulation","complements",19,4,"x04",14,TRUE,"x04"
"simulation","complements",19,5,"x05",13,TRUE,"x05"
"simulation","complements",19,6,"x06",10,TRUE,"x06"
"simulation","complements",19,7,"x07",9,TRUE,"x07"
"simulation","complements",19,8,"x08",16,TRUE,"x08"
"simulation","complements",19,9,"x09",7,TRUE,"x09"
"simulation","complements",19,10,"x10",3,TRUE,"x10"
"simulation","complements",19,11,"x11",12,TRUE,"x11"
"simulation","complements",19,12,"x12",15,TRUE,"x12"
"simulation","complements",19,13,"x13",17,TRUE,"x13"
"simulation","complements",19,14,"x14",11,TRUE,"x14"
"simulation","complements",19,15,"x15",8,TRUE,"x15"
"simulation","complements",19,16,"x16",20,TRUE,"x16"
"simulation","complements",19,17,"x17",19,TRUE,"x17"
"simulation","complements",19,18,"x18",18,TRUE,"x18"
"simulation","complements",19,19,"x19",5,TRUE,"x19"
"simulation","complements",19,20,"x20",2,TRUE,"x20"
"simulation","complements",19,21,"x03__complement",1,FALSE,"x03"
"simulation","complements",19,22,"x07__complement",9,FALSE,"x07"
"simulation","complements",19,23,"x09__complement",7,FALSE,"x09"
"simulation","raw_log_rank",19,1,"x01",4,TRUE,"x01"
"simulation","raw_log_rank",19,2,"x02",6,TRUE,"x02"
"simulation","raw_log_rank",19,3,"x03",1,TRUE,"x03"
"simulation","raw_log_rank",19,4,"x04",14,TRUE,"x04"
"simulation","raw_log_rank",19,5,"x05",13,TRUE,"x05"
"simulation","raw_log_rank",19,6,"x06",10,TRUE,"x06"
"simulation","raw_log_rank",19,7,"x07",9,TRUE,"x07"
"simulation","raw_log_rank",19,8,"x08",16,TRUE,"x08"
"simulation","raw_log_rank",19,9,"x09",7,TRUE,"x09"
"simulation","raw_log_rank",19,10,"x10",3,TRUE,"x10"
"simulation","raw_log_rank",19,11,"x11",12,TRUE,"x11"
"simulation","raw_log_rank",19,12,"x12",15,TRUE,"x12"
"simulation","raw_log_rank",19,13,"x13",17,TRUE,"x13"
"simulation","raw_log_rank",19,14,"x14",11,TRUE,"x14"
"simulation","raw_log_rank",19,15,"x15",8,TRUE,"x15"
"simulation","raw_log_rank",19,16,"x16",20,TRUE,"x16"
"simulation","raw_log_rank",19,17,"x17",19,TRUE,"x17"
"simulation","raw_log_rank",19,18,"x18",18,TRUE,"x18"
"simulation","raw_log_rank",19,19,"x19",5,TRUE,"x19"
"simulation","raw_log_rank",19,20,"x20",2,TRUE,"x20"
"simulation","raw_log_rank",19,21,"x01__log",4,FALSE,"x01"
"simulation","raw_log_rank",19,22,"x01__rank",4,FALSE,"x01"
"simulation","raw_log_rank",19,23,"x02__log",6,FALSE,"x02"
"simulation","raw_log_rank",19,24,"x02__rank",6,FALSE,"x02"
"simulation","raw_log_rank",19,25,"x03__log",1,FALSE,"x03"
"simulation","raw_log_rank",19,26,"x03__rank",1,FALSE,"x03"
"simulation","routine_bundle",19,1,"x01",4,TRUE,"x01"
"simulation","routine_bundle",19,2,"x02",6,TRUE,"x02"
"simulation","routine_bundle",19,3,"x03",1,TRUE,"x03"
"simulation","routine_bundle",19,4,"x04",14,TRUE,"x04"
"simulation","routine_bundle",19,5,"x05",13,TRUE,"x05"
"simulation","routine_bundle",19,6,"x06",10,TRUE,"x06"
"simulation","routine_bundle",19,7,"x07",9,TRUE,"x07"
"simulation","routine_bundle",19,8,"x08",16,TRUE,"x08"
"simulation","routine_bundle",19,9,"x09",7,TRUE,"x09"
"simulation","routine_bundle",19,10,"x10",3,TRUE,"x10"
"simulation","routine_bundle",19,11,"x11",12,TRUE,"x11"
"simulation","routine_bundle",19,12,"x12",15,TRUE,"x12"
"simulation","routine_bundle",19,13,"x13",17,TRUE,"x13"
"simulation","routine_bundle",19,14,"x14",11,TRUE,"x14"
"simulation","routine_bundle",19,15,"x15",8,TRUE,"x15"
"simulation","routine_bundle",19,16,"x16",20,TRUE,"x16"
"simulation","routine_bundle",19,17,"x17",19,TRUE,"x17"
"simulation","routine_bundle",19,18,"x18",18,TRUE,"x18"
"simulation","routine_bundle",19,19,"x19",5,TRUE,"x19"
"simulation","routine_bundle",19,20,"x20",2,TRUE,"x20"
"simulation","routine_bundle",19,21,"x01__admin_alias",4,FALSE,"x01"
"simulation","routine_bundle",19,22,"x08__admin_alias",16,FALSE,"x08"
"simulation","routine_bundle",19,23,"x20__admin_alias",2,FALSE,"x20"
"simulation","routine_bundle",19,24,"x02__standardized",6,FALSE,"x02"
"simulation","routine_bundle",19,25,"x05__standardized",13,FALSE,"x05"
"simulation","routine_bundle",19,26,"x06__standardized",10,FALSE,"x06"
"simulation","routine_bundle",19,27,"x03__complement",1,FALSE,"x03"
"simulation","routine_bundle",19,28,"x07__complement",9,FALSE,"x07"
"simulation","routine_bundle",19,29,"x09__complement",7,FALSE,"x09"
"simulation","routine_bundle",19,30,"x01__log",4,FALSE,"x01"
"simulation","routine_bundle",19,31,"x01__rank",4,FALSE,"x01"
"simulation","routine_bundle",19,32,"x02__log",6,FALSE,"x02"
"simulation","routine_bundle",19,33,"x02__rank",6,FALSE,"x02"
"simulation","routine_bundle",19,34,"x03__log",1,FALSE,"x03"
"simulation","routine_bundle",19,35,"x03__rank",1,FALSE,"x03"
"simulation","canonical",20,1,"x01",15,TRUE,"x01"
"simulation","canonical",20,2,"x02",18,TRUE,"x02"
"simulation","canonical",20,3,"x03",10,TRUE,"x03"
"simulation","canonical",20,4,"x04",6,TRUE,"x04"
"simulation","canonical",20,5,"x05",20,TRUE,"x05"
"simulation","canonical",20,6,"x06",2,TRUE,"x06"
"simulation","canonical",20,7,"x07",13,TRUE,"x07"
"simulation","canonical",20,8,"x08",19,TRUE,"x08"
"simulation","canonical",20,9,"x09",12,TRUE,"x09"
"simulation","canonical",20,10,"x10",3,TRUE,"x10"
"simulation","canonical",20,11,"x11",7,TRUE,"x11"
"simulation","canonical",20,12,"x12",16,TRUE,"x12"
"simulation","canonical",20,13,"x13",4,TRUE,"x13"
"simulation","canonical",20,14,"x14",8,TRUE,"x14"
"simulation","canonical",20,15,"x15",14,TRUE,"x15"
"simulation","canonical",20,16,"x16",5,TRUE,"x16"
"simulation","canonical",20,17,"x17",9,TRUE,"x17"
"simulation","canonical",20,18,"x18",17,TRUE,"x18"
"simulation","canonical",20,19,"x19",1,TRUE,"x19"
"simulation","canonical",20,20,"x20",11,TRUE,"x20"
"simulation","administrative_aliases",20,1,"x01",15,TRUE,"x01"
"simulation","administrative_aliases",20,2,"x02",18,TRUE,"x02"
"simulation","administrative_aliases",20,3,"x03",10,TRUE,"x03"
"simulation","administrative_aliases",20,4,"x04",6,TRUE,"x04"
"simulation","administrative_aliases",20,5,"x05",20,TRUE,"x05"
"simulation","administrative_aliases",20,6,"x06",2,TRUE,"x06"
"simulation","administrative_aliases",20,7,"x07",13,TRUE,"x07"
"simulation","administrative_aliases",20,8,"x08",19,TRUE,"x08"
"simulation","administrative_aliases",20,9,"x09",12,TRUE,"x09"
"simulation","administrative_aliases",20,10,"x10",3,TRUE,"x10"
"simulation","administrative_aliases",20,11,"x11",7,TRUE,"x11"
"simulation","administrative_aliases",20,12,"x12",16,TRUE,"x12"
"simulation","administrative_aliases",20,13,"x13",4,TRUE,"x13"
"simulation","administrative_aliases",20,14,"x14",8,TRUE,"x14"
"simulation","administrative_aliases",20,15,"x15",14,TRUE,"x15"
"simulation","administrative_aliases",20,16,"x16",5,TRUE,"x16"
"simulation","administrative_aliases",20,17,"x17",9,TRUE,"x17"
"simulation","administrative_aliases",20,18,"x18",17,TRUE,"x18"
"simulation","administrative_aliases",20,19,"x19",1,TRUE,"x19"
"simulation","administrative_aliases",20,20,"x20",11,TRUE,"x20"
"simulation","administrative_aliases",20,21,"x01__admin_alias",15,FALSE,"x01"
"simulation","administrative_aliases",20,22,"x08__admin_alias",19,FALSE,"x08"
"simulation","administrative_aliases",20,23,"x20__admin_alias",11,FALSE,"x20"
"simulation","unit_recodings",20,1,"x01",15,TRUE,"x01"
"simulation","unit_recodings",20,2,"x02",18,TRUE,"x02"
"simulation","unit_recodings",20,3,"x03",10,TRUE,"x03"
"simulation","unit_recodings",20,4,"x04",6,TRUE,"x04"
"simulation","unit_recodings",20,5,"x05",20,TRUE,"x05"
"simulation","unit_recodings",20,6,"x06",2,TRUE,"x06"
"simulation","unit_recodings",20,7,"x07",13,TRUE,"x07"
"simulation","unit_recodings",20,8,"x08",19,TRUE,"x08"
"simulation","unit_recodings",20,9,"x09",12,TRUE,"x09"
"simulation","unit_recodings",20,10,"x10",3,TRUE,"x10"
"simulation","unit_recodings",20,11,"x11",7,TRUE,"x11"
"simulation","unit_recodings",20,12,"x12",16,TRUE,"x12"
"simulation","unit_recodings",20,13,"x13",4,TRUE,"x13"
"simulation","unit_recodings",20,14,"x14",8,TRUE,"x14"
"simulation","unit_recodings",20,15,"x15",14,TRUE,"x15"
"simulation","unit_recodings",20,16,"x16",5,TRUE,"x16"
"simulation","unit_recodings",20,17,"x17",9,TRUE,"x17"
"simulation","unit_recodings",20,18,"x18",17,TRUE,"x18"
"simulation","unit_recodings",20,19,"x19",1,TRUE,"x19"
"simulation","unit_recodings",20,20,"x20",11,TRUE,"x20"
"simulation","unit_recodings",20,21,"x02__standardized",18,FALSE,"x02"
"simulation","unit_recodings",20,22,"x05__standardized",20,FALSE,"x05"
"simulation","unit_recodings",20,23,"x06__standardized",2,FALSE,"x06"
"simulation","complements",20,1,"x01",15,TRUE,"x01"
"simulation","complements",20,2,"x02",18,TRUE,"x02"
"simulation","complements",20,3,"x03",10,TRUE,"x03"
"simulation","complements",20,4,"x04",6,TRUE,"x04"
"simulation","complements",20,5,"x05",20,TRUE,"x05"
"simulation","complements",20,6,"x06",2,TRUE,"x06"
"simulation","complements",20,7,"x07",13,TRUE,"x07"
"simulation","complements",20,8,"x08",19,TRUE,"x08"
"simulation","complements",20,9,"x09",12,TRUE,"x09"
"simulation","complements",20,10,"x10",3,TRUE,"x10"
"simulation","complements",20,11,"x11",7,TRUE,"x11"
"simulation","complements",20,12,"x12",16,TRUE,"x12"
"simulation","complements",20,13,"x13",4,TRUE,"x13"
"simulation","complements",20,14,"x14",8,TRUE,"x14"
"simulation","complements",20,15,"x15",14,TRUE,"x15"
"simulation","complements",20,16,"x16",5,TRUE,"x16"
"simulation","complements",20,17,"x17",9,TRUE,"x17"
"simulation","complements",20,18,"x18",17,TRUE,"x18"
"simulation","complements",20,19,"x19",1,TRUE,"x19"
"simulation","complements",20,20,"x20",11,TRUE,"x20"
"simulation","complements",20,21,"x03__complement",10,FALSE,"x03"
"simulation","complements",20,22,"x07__complement",13,FALSE,"x07"
"simulation","complements",20,23,"x09__complement",12,FALSE,"x09"
"simulation","raw_log_rank",20,1,"x01",15,TRUE,"x01"
"simulation","raw_log_rank",20,2,"x02",18,TRUE,"x02"
"simulation","raw_log_rank",20,3,"x03",10,TRUE,"x03"
"simulation","raw_log_rank",20,4,"x04",6,TRUE,"x04"
"simulation","raw_log_rank",20,5,"x05",20,TRUE,"x05"
"simulation","raw_log_rank",20,6,"x06",2,TRUE,"x06"
"simulation","raw_log_rank",20,7,"x07",13,TRUE,"x07"
"simulation","raw_log_rank",20,8,"x08",19,TRUE,"x08"
"simulation","raw_log_rank",20,9,"x09",12,TRUE,"x09"
"simulation","raw_log_rank",20,10,"x10",3,TRUE,"x10"
"simulation","raw_log_rank",20,11,"x11",7,TRUE,"x11"
"simulation","raw_log_rank",20,12,"x12",16,TRUE,"x12"
"simulation","raw_log_rank",20,13,"x13",4,TRUE,"x13"
"simulation","raw_log_rank",20,14,"x14",8,TRUE,"x14"
"simulation","raw_log_rank",20,15,"x15",14,TRUE,"x15"
"simulation","raw_log_rank",20,16,"x16",5,TRUE,"x16"
"simulation","raw_log_rank",20,17,"x17",9,TRUE,"x17"
"simulation","raw_log_rank",20,18,"x18",17,TRUE,"x18"
"simulation","raw_log_rank",20,19,"x19",1,TRUE,"x19"
"simulation","raw_log_rank",20,20,"x20",11,TRUE,"x20"
"simulation","raw_log_rank",20,21,"x01__log",15,FALSE,"x01"
"simulation","raw_log_rank",20,22,"x01__rank",15,FALSE,"x01"
"simulation","raw_log_rank",20,23,"x02__log",18,FALSE,"x02"
"simulation","raw_log_rank",20,24,"x02__rank",18,FALSE,"x02"
"simulation","raw_log_rank",20,25,"x03__log",10,FALSE,"x03"
"simulation","raw_log_rank",20,26,"x03__rank",10,FALSE,"x03"
"simulation","routine_bundle",20,1,"x01",15,TRUE,"x01"
"simulation","routine_bundle",20,2,"x02",18,TRUE,"x02"
"simulation","routine_bundle",20,3,"x03",10,TRUE,"x03"
"simulation","routine_bundle",20,4,"x04",6,TRUE,"x04"
"simulation","routine_bundle",20,5,"x05",20,TRUE,"x05"
"simulation","routine_bundle",20,6,"x06",2,TRUE,"x06"
"simulation","routine_bundle",20,7,"x07",13,TRUE,"x07"
"simulation","routine_bundle",20,8,"x08",19,TRUE,"x08"
"simulation","routine_bundle",20,9,"x09",12,TRUE,"x09"
"simulation","routine_bundle",20,10,"x10",3,TRUE,"x10"
"simulation","routine_bundle",20,11,"x11",7,TRUE,"x11"
"simulation","routine_bundle",20,12,"x12",16,TRUE,"x12"
"simulation","routine_bundle",20,13,"x13",4,TRUE,"x13"
"simulation","routine_bundle",20,14,"x14",8,TRUE,"x14"
"simulation","routine_bundle",20,15,"x15",14,TRUE,"x15"
"simulation","routine_bundle",20,16,"x16",5,TRUE,"x16"
"simulation","routine_bundle",20,17,"x17",9,TRUE,"x17"
"simulation","routine_bundle",20,18,"x18",17,TRUE,"x18"
"simulation","routine_bundle",20,19,"x19",1,TRUE,"x19"
"simulation","routine_bundle",20,20,"x20",11,TRUE,"x20"
"simulation","routine_bundle",20,21,"x01__admin_alias",15,FALSE,"x01"
"simulation","routine_bundle",20,22,"x08__admin_alias",19,FALSE,"x08"
"simulation","routine_bundle",20,23,"x20__admin_alias",11,FALSE,"x20"
"simulation","routine_bundle",20,24,"x02__standardized",18,FALSE,"x02"
"simulation","routine_bundle",20,25,"x05__standardized",20,FALSE,"x05"
"simulation","routine_bundle",20,26,"x06__standardized",2,FALSE,"x06"
"simulation","routine_bundle",20,27,"x03__complement",10,FALSE,"x03"
"simulation","routine_bundle",20,28,"x07__complement",13,FALSE,"x07"
"simulation","routine_bundle",20,29,"x09__complement",12,FALSE,"x09"
"simulation","routine_bundle",20,30,"x01__log",15,FALSE,"x01"
"simulation","routine_bundle",20,31,"x01__rank",15,FALSE,"x01"
"simulation","routine_bundle",20,32,"x02__log",18,FALSE,"x02"
"simulation","routine_bundle",20,33,"x02__rank",18,FALSE,"x02"
"simulation","routine_bundle",20,34,"x03__log",10,FALSE,"x03"
"simulation","routine_bundle",20,35,"x03__rank",10,FALSE,"x03"
