replication,dimension,raw_dimension,actual_mtry,method,metric,value
1,40,48,27,ordinary_default,cate_correlation,0.993786506659164
1,40,48,27,ordinary_default,cate_rank_correlation,0.990705853111451
1,40,48,27,ordinary_default,sign_reversal,0.110433333333333
1,40,48,27,ordinary_default,strong_reversal_010,0
1,40,48,27,ordinary_default,strong_reversal_025,0
1,40,48,27,ordinary_default,reversal_given_true_margin_025,0.00250089317613433
1,40,48,27,ordinary_default,x1_wrong_sign_true_margin_025,0.000446588067166845
1,40,48,27,ordinary_default,x2_wrong_sign_true_margin_025,0.00294748124330118
1,40,48,27,ordinary_default,mean_absolute_prediction_change,0.0699372677088334
1,100,108,31,ordinary_default,cate_correlation,0.929642205727149
1,100,108,31,ordinary_default,cate_rank_correlation,0.849492361146103
1,100,108,31,ordinary_default,sign_reversal,0.2406
1,100,108,31,ordinary_default,strong_reversal_010,0.189233333333333
1,100,108,31,ordinary_default,strong_reversal_025,0
1,100,108,31,ordinary_default,reversal_given_true_margin_025,0.00978027867095391
1,100,108,31,ordinary_default,x1_wrong_sign_true_margin_025,0.000133976420150054
1,100,108,31,ordinary_default,x2_wrong_sign_true_margin_025,0.00964630225080386
1,100,108,31,ordinary_default,mean_absolute_prediction_change,0.198744924130662
1,250,258,37,ordinary_default,cate_correlation,0.744790849086475
1,250,258,37,ordinary_default,cate_rank_correlation,0.793167492527075
1,250,258,37,ordinary_default,sign_reversal,0.3519
1,250,258,37,ordinary_default,strong_reversal_010,0.2452
1,250,258,37,ordinary_default,strong_reversal_025,0.0318
1,250,258,37,ordinary_default,reversal_given_true_margin_025,0.14951768488746
1,250,258,37,ordinary_default,x1_wrong_sign_true_margin_025,0.000223294033583423
1,250,258,37,ordinary_default,x2_wrong_sign_true_margin_025,0.149294390853876
1,250,258,37,ordinary_default,mean_absolute_prediction_change,0.329142108730814
1,500,508,43,ordinary_default,cate_correlation,0.566717456794598
1,500,508,43,ordinary_default,cate_rank_correlation,0.775408409666009
1,500,508,43,ordinary_default,sign_reversal,0.486833333333333
1,500,508,43,ordinary_default,strong_reversal_010,0.2704
1,500,508,43,ordinary_default,strong_reversal_025,0.1293
1,500,508,43,ordinary_default,reversal_given_true_margin_025,0.32596463022508
1,500,508,43,ordinary_default,x1_wrong_sign_true_margin_025,0.000267952840300107
1,500,508,43,ordinary_default,x2_wrong_sign_true_margin_025,0.32569667738478
1,500,508,43,ordinary_default,mean_absolute_prediction_change,0.400587449163619
1,500,508,43,class_sampled_default,cate_correlation,1
1,500,508,43,class_sampled_default,cate_rank_correlation,1
1,500,508,43,class_sampled_default,sign_reversal,0
1,500,508,43,class_sampled_default,strong_reversal_010,0
1,500,508,43,class_sampled_default,strong_reversal_025,0
1,500,508,43,class_sampled_default,reversal_given_true_margin_025,0
1,500,508,43,class_sampled_default,x1_wrong_sign_true_margin_025,0.000580564487316899
1,500,508,43,class_sampled_default,x2_wrong_sign_true_margin_025,0.000580564487316899
1,500,508,43,class_sampled_default,mean_absolute_prediction_change,0
2,40,48,27,ordinary_default,cate_correlation,0.991092218105202
2,40,48,27,ordinary_default,cate_rank_correlation,0.993117910534575
2,40,48,27,ordinary_default,sign_reversal,0.0708666666666667
2,40,48,27,ordinary_default,strong_reversal_010,1e-04
2,40,48,27,ordinary_default,strong_reversal_025,0
2,40,48,27,ordinary_default,reversal_given_true_margin_025,0.000222637812806127
2,40,48,27,ordinary_default,x1_wrong_sign_true_margin_025,0.000712441000979606
2,40,48,27,ordinary_default,x2_wrong_sign_true_margin_025,0.000846023688663283
2,40,48,27,ordinary_default,mean_absolute_prediction_change,0.0802273692123135
2,100,108,31,ordinary_default,cate_correlation,0.921801190427806
2,100,108,31,ordinary_default,cate_rank_correlation,0.87067628244164
2,100,108,31,ordinary_default,sign_reversal,0.2379
2,100,108,31,ordinary_default,strong_reversal_010,0.1129
2,100,108,31,ordinary_default,strong_reversal_025,0
2,100,108,31,ordinary_default,reversal_given_true_margin_025,0.00160299225220411
2,100,108,31,ordinary_default,x1_wrong_sign_true_margin_025,0.00111318906403064
2,100,108,31,ordinary_default,x2_wrong_sign_true_margin_025,0.00173657493988779
2,100,108,31,ordinary_default,mean_absolute_prediction_change,0.192035278939353
2,250,258,37,ordinary_default,cate_correlation,0.724253774806542
2,250,258,37,ordinary_default,cate_rank_correlation,0.801952146563947
2,250,258,37,ordinary_default,sign_reversal,0.319333333333333
2,250,258,37,ordinary_default,strong_reversal_010,0.239566666666667
2,250,258,37,ordinary_default,strong_reversal_025,0.0373666666666667
2,250,258,37,ordinary_default,reversal_given_true_margin_025,0.100498708700686
2,250,258,37,ordinary_default,x1_wrong_sign_true_margin_025,0.00342862231721436
2,250,258,37,ordinary_default,x2_wrong_sign_true_margin_025,0.0974263068839612
2,250,258,37,ordinary_default,mean_absolute_prediction_change,0.315541017652068
2,500,508,43,ordinary_default,cate_correlation,0.566485772585656
2,500,508,43,ordinary_default,cate_rank_correlation,0.784341863234158
2,500,508,43,ordinary_default,sign_reversal,0.446433333333333
2,500,508,43,ordinary_default,strong_reversal_010,0.251766666666667
2,500,508,43,ordinary_default,strong_reversal_025,0.0763333333333333
2,500,508,43,ordinary_default,reversal_given_true_margin_025,0.269926084246148
2,500,508,43,ordinary_default,x1_wrong_sign_true_margin_025,0.00391842550538784
2,500,508,43,ordinary_default,x2_wrong_sign_true_margin_025,0.266452934366373
2,500,508,43,ordinary_default,mean_absolute_prediction_change,0.371776312415339
2,500,508,43,class_sampled_default,cate_correlation,1
2,500,508,43,class_sampled_default,cate_rank_correlation,1
2,500,508,43,class_sampled_default,sign_reversal,0
2,500,508,43,class_sampled_default,strong_reversal_010,0
2,500,508,43,class_sampled_default,strong_reversal_025,0
2,500,508,43,class_sampled_default,reversal_given_true_margin_025,0
2,500,508,43,class_sampled_default,x1_wrong_sign_true_margin_025,0.00948437082554101
2,500,508,43,class_sampled_default,x2_wrong_sign_true_margin_025,0.00948437082554101
2,500,508,43,class_sampled_default,mean_absolute_prediction_change,0
3,40,48,27,ordinary_default,cate_correlation,0.992841586333019
3,40,48,27,ordinary_default,cate_rank_correlation,0.984689867418989
3,40,48,27,ordinary_default,sign_reversal,0.0175333333333333
3,40,48,27,ordinary_default,strong_reversal_010,0
3,40,48,27,ordinary_default,strong_reversal_025,0
3,40,48,27,ordinary_default,reversal_given_true_margin_025,0.00106690375639031
3,40,48,27,ordinary_default,x1_wrong_sign_true_margin_025,0.0015114469882196
3,40,48,27,ordinary_default,x2_wrong_sign_true_margin_025,0.00257835074460991
3,40,48,27,ordinary_default,mean_absolute_prediction_change,0.0744239674971063
3,100,108,31,ordinary_default,cate_correlation,0.926585147183703
3,100,108,31,ordinary_default,cate_rank_correlation,0.819403608076671
3,100,108,31,ordinary_default,sign_reversal,0.2165
3,100,108,31,ordinary_default,strong_reversal_010,0.0169333333333333
3,100,108,31,ordinary_default,strong_reversal_025,0
3,100,108,31,ordinary_default,reversal_given_true_margin_025,0.00675705712380529
3,100,108,31,ordinary_default,x1_wrong_sign_true_margin_025,0.00111135807957324
3,100,108,31,ordinary_default,x2_wrong_sign_true_margin_025,0.00786841520337853
3,100,108,31,ordinary_default,mean_absolute_prediction_change,0.198346165401593
3,250,258,37,ordinary_default,cate_correlation,0.7341635470981
3,250,258,37,ordinary_default,cate_rank_correlation,0.796630398402478
3,250,258,37,ordinary_default,sign_reversal,0.340133333333333
3,250,258,37,ordinary_default,strong_reversal_010,0.2368
3,250,258,37,ordinary_default,strong_reversal_025,7e-04
3,250,258,37,ordinary_default,reversal_given_true_margin_025,0.123938653034008
3,250,258,37,ordinary_default,x1_wrong_sign_true_margin_025,0.000355634585463436
3,250,258,37,ordinary_default,x2_wrong_sign_true_margin_025,0.123583018448544
3,250,258,37,ordinary_default,mean_absolute_prediction_change,0.325235883844349
3,500,508,43,ordinary_default,cate_correlation,0.561599533694039
3,500,508,43,ordinary_default,cate_rank_correlation,0.787521858441691
3,500,508,43,ordinary_default,sign_reversal,0.470233333333333
3,500,508,43,ordinary_default,strong_reversal_010,0.255233333333333
3,500,508,43,ordinary_default,strong_reversal_025,0.00523333333333333
3,500,508,43,ordinary_default,reversal_given_true_margin_025,0.296732607246055
3,500,508,43,ordinary_default,x1_wrong_sign_true_margin_025,0.000755723494109802
3,500,508,43,ordinary_default,x2_wrong_sign_true_margin_025,0.296065792398311
3,500,508,43,ordinary_default,mean_absolute_prediction_change,0.38445724119622
3,500,508,43,class_sampled_default,cate_correlation,1
3,500,508,43,class_sampled_default,cate_rank_correlation,1
3,500,508,43,class_sampled_default,sign_reversal,0
3,500,508,43,class_sampled_default,strong_reversal_010,0
3,500,508,43,class_sampled_default,strong_reversal_025,0
3,500,508,43,class_sampled_default,reversal_given_true_margin_025,0
3,500,508,43,class_sampled_default,x1_wrong_sign_true_margin_025,0.0123138475216715
3,500,508,43,class_sampled_default,x2_wrong_sign_true_margin_025,0.0123138475216715
3,500,508,43,class_sampled_default,mean_absolute_prediction_change,0
4,40,48,27,ordinary_default,cate_correlation,0.993310300445397
4,40,48,27,ordinary_default,cate_rank_correlation,0.960853439168059
4,40,48,27,ordinary_default,sign_reversal,0.0095
4,40,48,27,ordinary_default,strong_reversal_010,3.33333333333333e-05
4,40,48,27,ordinary_default,strong_reversal_025,0
4,40,48,27,ordinary_default,reversal_given_true_margin_025,0.00160857908847185
4,40,48,27,ordinary_default,x1_wrong_sign_true_margin_025,0.00428954423592493
4,40,48,27,ordinary_default,x2_wrong_sign_true_margin_025,0.00589812332439678
4,40,48,27,ordinary_default,mean_absolute_prediction_change,0.0705715550841158
4,100,108,31,ordinary_default,cate_correlation,0.922667612710348
4,100,108,31,ordinary_default,cate_rank_correlation,0.808408836150676
4,100,108,31,ordinary_default,sign_reversal,0.219366666666667
4,100,108,31,ordinary_default,strong_reversal_010,0.0132
4,100,108,31,ordinary_default,strong_reversal_025,0
4,100,108,31,ordinary_default,reversal_given_true_margin_025,0.00889186773905273
4,100,108,31,ordinary_default,x1_wrong_sign_true_margin_025,0.00245755138516533
4,100,108,31,ordinary_default,x2_wrong_sign_true_margin_025,0.0113494191242181
4,100,108,31,ordinary_default,mean_absolute_prediction_change,0.204289307730974
4,250,258,37,ordinary_default,cate_correlation,0.713405859139775
4,250,258,37,ordinary_default,cate_rank_correlation,0.784113885707682
4,250,258,37,ordinary_default,sign_reversal,0.437
4,250,258,37,ordinary_default,strong_reversal_010,0.248333333333333
4,250,258,37,ordinary_default,strong_reversal_025,0.00126666666666667
4,250,258,37,ordinary_default,reversal_given_true_margin_025,0.257819481680072
4,250,258,37,ordinary_default,x1_wrong_sign_true_margin_025,0.000714924039320822
4,250,258,37,ordinary_default,x2_wrong_sign_true_margin_025,0.258534405719392
4,250,258,37,ordinary_default,mean_absolute_prediction_change,0.343052251312519
4,500,508,43,ordinary_default,cate_correlation,0.558274874032521
4,500,508,43,ordinary_default,cate_rank_correlation,0.770282174206091
4,500,508,43,ordinary_default,sign_reversal,0.4883
4,500,508,43,ordinary_default,strong_reversal_010,0.291433333333333
4,500,508,43,ordinary_default,strong_reversal_025,0.00296666666666667
4,500,508,43,ordinary_default,reversal_given_true_margin_025,0.320241286863271
4,500,508,43,ordinary_default,x1_wrong_sign_true_margin_025,0.000580875781948168
4,500,508,43,ordinary_default,x2_wrong_sign_true_margin_025,0.320822162645219
4,500,508,43,ordinary_default,mean_absolute_prediction_change,0.393427263452727
4,500,508,43,class_sampled_default,cate_correlation,1
4,500,508,43,class_sampled_default,cate_rank_correlation,1
4,500,508,43,class_sampled_default,sign_reversal,0
4,500,508,43,class_sampled_default,strong_reversal_010,0
4,500,508,43,class_sampled_default,strong_reversal_025,0
4,500,508,43,class_sampled_default,reversal_given_true_margin_025,0
4,500,508,43,class_sampled_default,x1_wrong_sign_true_margin_025,0.00116175156389634
4,500,508,43,class_sampled_default,x2_wrong_sign_true_margin_025,0.00116175156389634
4,500,508,43,class_sampled_default,mean_absolute_prediction_change,0
5,40,48,27,ordinary_default,cate_correlation,0.993597474432484
5,40,48,27,ordinary_default,cate_rank_correlation,0.988943401695715
5,40,48,27,ordinary_default,sign_reversal,0.146
5,40,48,27,ordinary_default,strong_reversal_010,2e-04
5,40,48,27,ordinary_default,strong_reversal_025,0
5,40,48,27,ordinary_default,reversal_given_true_margin_025,0.00111071618979918
5,40,48,27,ordinary_default,x1_wrong_sign_true_margin_025,0.0093744446419051
5,40,48,27,ordinary_default,x2_wrong_sign_true_margin_025,0.0103963035365203
5,40,48,27,ordinary_default,mean_absolute_prediction_change,0.0731012695602995
5,100,108,31,ordinary_default,cate_correlation,0.935979412146875
5,100,108,31,ordinary_default,cate_rank_correlation,0.907256510030729
5,100,108,31,ordinary_default,sign_reversal,0.255333333333333
5,100,108,31,ordinary_default,strong_reversal_010,0.215066666666667
5,100,108,31,ordinary_default,strong_reversal_025,3.33333333333333e-05
5,100,108,31,ordinary_default,reversal_given_true_margin_025,0.0191043184645459
5,100,108,31,ordinary_default,x1_wrong_sign_true_margin_025,0.006797583081571
5,100,108,31,ordinary_default,x2_wrong_sign_true_margin_025,0.025813044250933
5,100,108,31,ordinary_default,mean_absolute_prediction_change,0.195786783627027
5,250,258,37,ordinary_default,cate_correlation,0.75320696898789
5,250,258,37,ordinary_default,cate_rank_correlation,0.798072271039191
5,250,258,37,ordinary_default,sign_reversal,0.4135
5,250,258,37,ordinary_default,strong_reversal_010,0.2658
5,250,258,37,ordinary_default,strong_reversal_025,0.208866666666667
5,250,258,37,ordinary_default,reversal_given_true_margin_025,0.219566376399502
5,250,258,37,ordinary_default,x1_wrong_sign_true_margin_025,0.00186600319886263
5,250,258,37,ordinary_default,x2_wrong_sign_true_margin_025,0.221254665007997
5,250,258,37,ordinary_default,mean_absolute_prediction_change,0.330901829359434
5,500,508,43,ordinary_default,cate_correlation,0.586850595304433
5,500,508,43,ordinary_default,cate_rank_correlation,0.782598883810888
5,500,508,43,ordinary_default,sign_reversal,0.480866666666667
5,500,508,43,ordinary_default,strong_reversal_010,0.3104
5,500,508,43,ordinary_default,strong_reversal_025,0.2283
5,500,508,43,ordinary_default,reversal_given_true_margin_025,0.308379242935845
5,500,508,43,ordinary_default,x1_wrong_sign_true_margin_025,0.00137728807535099
5,500,508,43,ordinary_default,x2_wrong_sign_true_margin_025,0.309578816420828
5,500,508,43,ordinary_default,mean_absolute_prediction_change,0.404258500614267
5,500,508,43,class_sampled_default,cate_correlation,1
5,500,508,43,class_sampled_default,cate_rank_correlation,1
5,500,508,43,class_sampled_default,sign_reversal,0
5,500,508,43,class_sampled_default,strong_reversal_010,0
5,500,508,43,class_sampled_default,strong_reversal_025,0
5,500,508,43,class_sampled_default,reversal_given_true_margin_025,0
5,500,508,43,class_sampled_default,x1_wrong_sign_true_margin_025,0.00253243291274214
5,500,508,43,class_sampled_default,x2_wrong_sign_true_margin_025,0.00253243291274214
5,500,508,43,class_sampled_default,mean_absolute_prediction_change,0
6,40,48,27,ordinary_default,cate_correlation,0.993014388850051
6,40,48,27,ordinary_default,cate_rank_correlation,0.984386043484873
6,40,48,27,ordinary_default,sign_reversal,0.1345
6,40,48,27,ordinary_default,strong_reversal_010,0.0011
6,40,48,27,ordinary_default,strong_reversal_025,0
6,40,48,27,ordinary_default,reversal_given_true_margin_025,0.0180556790892111
6,40,48,27,ordinary_default,x1_wrong_sign_true_margin_025,0.00306857600284622
6,40,48,27,ordinary_default,x2_wrong_sign_true_margin_025,0.0211242550920573
6,40,48,27,ordinary_default,mean_absolute_prediction_change,0.077103509959755
6,100,108,31,ordinary_default,cate_correlation,0.928643133481358
6,100,108,31,ordinary_default,cate_rank_correlation,0.840832184915591
6,100,108,31,ordinary_default,sign_reversal,0.2709
6,100,108,31,ordinary_default,strong_reversal_010,0.239633333333333
6,100,108,31,ordinary_default,strong_reversal_025,3.33333333333333e-05
6,100,108,31,ordinary_default,reversal_given_true_margin_025,0.0418482611402651
6,100,108,31,ordinary_default,x1_wrong_sign_true_margin_025,0.00209018945121409
6,100,108,31,ordinary_default,x2_wrong_sign_true_margin_025,0.0439384505914791
6,100,108,31,ordinary_default,mean_absolute_prediction_change,0.210783281395948
6,250,258,37,ordinary_default,cate_correlation,0.74529285764016
6,250,258,37,ordinary_default,cate_rank_correlation,0.790421167928468
6,250,258,37,ordinary_default,sign_reversal,0.458433333333333
6,250,258,37,ordinary_default,strong_reversal_010,0.306966666666667
6,250,258,37,ordinary_default,strong_reversal_025,0.215266666666667
6,250,258,37,ordinary_default,reversal_given_true_margin_025,0.284399181713066
6,250,258,37,ordinary_default,x1_wrong_sign_true_margin_025,0.00120074713154852
6,250,258,37,ordinary_default,x2_wrong_sign_true_margin_025,0.285510984612648
6,250,258,37,ordinary_default,mean_absolute_prediction_change,0.33868089641585
6,500,508,43,ordinary_default,cate_correlation,0.567885196666603
6,500,508,43,ordinary_default,cate_rank_correlation,0.779529419930588
6,500,508,43,ordinary_default,sign_reversal,0.481666666666667
6,500,508,43,ordinary_default,strong_reversal_010,0.451666666666667
6,500,508,43,ordinary_default,strong_reversal_025,0.2475
6,500,508,43,ordinary_default,reversal_given_true_margin_025,0.31335052921818
6,500,508,43,ordinary_default,x1_wrong_sign_true_margin_025,0.00115627501556524
6,500,508,43,ordinary_default,x2_wrong_sign_true_margin_025,0.314151027305879
6,500,508,43,ordinary_default,mean_absolute_prediction_change,0.414035977281078
6,500,508,43,class_sampled_default,cate_correlation,1
6,500,508,43,class_sampled_default,cate_rank_correlation,1
6,500,508,43,class_sampled_default,sign_reversal,0
6,500,508,43,class_sampled_default,strong_reversal_010,0
6,500,508,43,class_sampled_default,strong_reversal_025,0
6,500,508,43,class_sampled_default,reversal_given_true_margin_025,0
6,500,508,43,class_sampled_default,x1_wrong_sign_true_margin_025,0.00195677310326425
6,500,508,43,class_sampled_default,x2_wrong_sign_true_margin_025,0.00195677310326425
6,500,508,43,class_sampled_default,mean_absolute_prediction_change,0
7,40,48,27,ordinary_default,cate_correlation,0.992315622379537
7,40,48,27,ordinary_default,cate_rank_correlation,0.976178467398865
7,40,48,27,ordinary_default,sign_reversal,0.0212666666666667
7,40,48,27,ordinary_default,strong_reversal_010,0
7,40,48,27,ordinary_default,strong_reversal_025,0
7,40,48,27,ordinary_default,reversal_given_true_margin_025,0.0026329882184934
7,40,48,27,ordinary_default,x1_wrong_sign_true_margin_025,0.00245448054266333
7,40,48,27,ordinary_default,x2_wrong_sign_true_margin_025,0.00508746876115673
7,40,48,27,ordinary_default,mean_absolute_prediction_change,0.0721345295413348
7,100,108,31,ordinary_default,cate_correlation,0.919893075212602
7,100,108,31,ordinary_default,cate_rank_correlation,0.822027221048919
7,100,108,31,ordinary_default,sign_reversal,0.255633333333333
7,100,108,31,ordinary_default,strong_reversal_010,0.0540333333333333
7,100,108,31,ordinary_default,strong_reversal_025,0
7,100,108,31,ordinary_default,reversal_given_true_margin_025,0.0187433059621564
7,100,108,31,ordinary_default,x1_wrong_sign_true_margin_025,0.00160656908247055
7,100,108,31,ordinary_default,x2_wrong_sign_true_margin_025,0.0203498750446269
7,100,108,31,ordinary_default,mean_absolute_prediction_change,0.1908965630124
7,250,258,37,ordinary_default,cate_correlation,0.717577705851555
7,250,258,37,ordinary_default,cate_rank_correlation,0.794784919904872
7,250,258,37,ordinary_default,sign_reversal,0.469566666666667
7,250,258,37,ordinary_default,strong_reversal_010,0.257933333333333
7,250,258,37,ordinary_default,strong_reversal_025,0.00323333333333333
7,250,258,37,ordinary_default,reversal_given_true_margin_025,0.297973937879329
7,250,258,37,ordinary_default,x1_wrong_sign_true_margin_025,0.000357015351660121
7,250,258,37,ordinary_default,x2_wrong_sign_true_margin_025,0.297795430203499
7,250,258,37,ordinary_default,mean_absolute_prediction_change,0.306082169323795
7,500,508,43,ordinary_default,cate_correlation,0.538679378142351
7,500,508,43,ordinary_default,cate_rank_correlation,0.778854337634727
7,500,508,43,ordinary_default,sign_reversal,0.4834
7,500,508,43,ordinary_default,strong_reversal_010,0.356666666666667
7,500,508,43,ordinary_default,strong_reversal_025,0.0247666666666667
7,500,508,43,ordinary_default,reversal_given_true_margin_025,0.314084255622992
7,500,508,43,ordinary_default,x1_wrong_sign_true_margin_025,0.000580149946447697
7,500,508,43,ordinary_default,x2_wrong_sign_true_margin_025,0.313682613352374
7,500,508,43,ordinary_default,mean_absolute_prediction_change,0.355509076038246
7,500,508,43,class_sampled_default,cate_correlation,1
7,500,508,43,class_sampled_default,cate_rank_correlation,1
7,500,508,43,class_sampled_default,sign_reversal,0
7,500,508,43,class_sampled_default,strong_reversal_010,0
7,500,508,43,class_sampled_default,strong_reversal_025,0
7,500,508,43,class_sampled_default,reversal_given_true_margin_025,0
7,500,508,43,class_sampled_default,x1_wrong_sign_true_margin_025,0.00232059978579079
7,500,508,43,class_sampled_default,x2_wrong_sign_true_margin_025,0.00232059978579079
7,500,508,43,class_sampled_default,mean_absolute_prediction_change,0
8,40,48,27,ordinary_default,cate_correlation,0.992722953452337
8,40,48,27,ordinary_default,cate_rank_correlation,0.990487527844986
8,40,48,27,ordinary_default,sign_reversal,0.196166666666667
8,40,48,27,ordinary_default,strong_reversal_010,0.000466666666666667
8,40,48,27,ordinary_default,strong_reversal_025,0
8,40,48,27,ordinary_default,reversal_given_true_margin_025,0.000177746178457163
8,40,48,27,ordinary_default,x1_wrong_sign_true_margin_025,0.000622111624600071
8,40,48,27,ordinary_default,x2_wrong_sign_true_margin_025,0.000799857803057234
8,40,48,27,ordinary_default,mean_absolute_prediction_change,0.0803184357299376
8,100,108,31,ordinary_default,cate_correlation,0.932686685205339
8,100,108,31,ordinary_default,cate_rank_correlation,0.95057603380064
8,100,108,31,ordinary_default,sign_reversal,0.2351
8,100,108,31,ordinary_default,strong_reversal_010,0.224266666666667
8,100,108,31,ordinary_default,strong_reversal_025,0
8,100,108,31,ordinary_default,reversal_given_true_margin_025,0.00262175613224316
8,100,108,31,ordinary_default,x1_wrong_sign_true_margin_025,0.000222182723071454
8,100,108,31,ordinary_default,x2_wrong_sign_true_margin_025,0.00266619267685745
8,100,108,31,ordinary_default,mean_absolute_prediction_change,0.202452772773123
8,250,258,37,ordinary_default,cate_correlation,0.761990838294696
8,250,258,37,ordinary_default,cate_rank_correlation,0.799244773901827
8,250,258,37,ordinary_default,sign_reversal,0.258533333333333
8,250,258,37,ordinary_default,strong_reversal_010,0.235766666666667
8,250,258,37,ordinary_default,strong_reversal_025,0.200766666666667
8,250,258,37,ordinary_default,reversal_given_true_margin_025,0.0262175613224316
8,250,258,37,ordinary_default,x1_wrong_sign_true_margin_025,0.00128865979381443
8,250,258,37,ordinary_default,x2_wrong_sign_true_margin_025,0.0250177746178457
8,250,258,37,ordinary_default,mean_absolute_prediction_change,0.330073056015419
8,500,508,43,ordinary_default,cate_correlation,0.598079788658938
8,500,508,43,ordinary_default,cate_rank_correlation,0.781130891947923
8,500,508,43,ordinary_default,sign_reversal,0.3042
8,500,508,43,ordinary_default,strong_reversal_010,0.239766666666667
8,500,508,43,ordinary_default,strong_reversal_025,0.212833333333333
8,500,508,43,ordinary_default,reversal_given_true_margin_025,0.0837628865979381
8,500,508,43,ordinary_default,x1_wrong_sign_true_margin_025,0.00315499466761465
8,500,508,43,ordinary_default,x2_wrong_sign_true_margin_025,0.0806967650195521
8,500,508,43,ordinary_default,mean_absolute_prediction_change,0.413036952759047
8,500,508,43,class_sampled_default,cate_correlation,1
8,500,508,43,class_sampled_default,cate_rank_correlation,1
8,500,508,43,class_sampled_default,sign_reversal,0
8,500,508,43,class_sampled_default,strong_reversal_010,0
8,500,508,43,class_sampled_default,strong_reversal_025,0
8,500,508,43,class_sampled_default,reversal_given_true_margin_025,0
8,500,508,43,class_sampled_default,x1_wrong_sign_true_margin_025,0.0077319587628866
8,500,508,43,class_sampled_default,x2_wrong_sign_true_margin_025,0.0077319587628866
8,500,508,43,class_sampled_default,mean_absolute_prediction_change,0
9,40,48,27,ordinary_default,cate_correlation,0.992957387057585
9,40,48,27,ordinary_default,cate_rank_correlation,0.984936715989485
9,40,48,27,ordinary_default,sign_reversal,0.0693333333333333
9,40,48,27,ordinary_default,strong_reversal_010,7e-04
9,40,48,27,ordinary_default,strong_reversal_025,0
9,40,48,27,ordinary_default,reversal_given_true_margin_025,0.00549524192467498
9,40,48,27,ordinary_default,x1_wrong_sign_true_margin_025,0.00178707054460975
9,40,48,27,ordinary_default,x2_wrong_sign_true_margin_025,0.00370817138006523
9,40,48,27,ordinary_default,mean_absolute_prediction_change,0.0703367554868008
9,100,108,31,ordinary_default,cate_correlation,0.928597288890423
9,100,108,31,ordinary_default,cate_rank_correlation,0.853521951749691
9,100,108,31,ordinary_default,sign_reversal,0.2317
9,100,108,31,ordinary_default,strong_reversal_010,0.1376
9,100,108,31,ordinary_default,strong_reversal_025,0
9,100,108,31,ordinary_default,reversal_given_true_margin_025,0.00965018094089264
9,100,108,31,ordinary_default,x1_wrong_sign_true_margin_025,0.00308269668945182
9,100,108,31,ordinary_default,x2_wrong_sign_true_margin_025,0.00656748425144083
9,100,108,31,ordinary_default,mean_absolute_prediction_change,0.194345824803326
9,250,258,37,ordinary_default,cate_correlation,0.739757493186217
9,250,258,37,ordinary_default,cate_rank_correlation,0.79235726566173
9,250,258,37,ordinary_default,sign_reversal,0.264833333333333
9,250,258,37,ordinary_default,strong_reversal_010,0.240666666666667
9,250,258,37,ordinary_default,strong_reversal_025,0.023
9,250,258,37,ordinary_default,reversal_given_true_margin_025,0.0238127150069249
9,250,258,37,ordinary_default,x1_wrong_sign_true_margin_025,0.0031720502166823
9,250,258,37,ordinary_default,x2_wrong_sign_true_margin_025,0.0206406647902426
9,250,258,37,ordinary_default,mean_absolute_prediction_change,0.32608689188235
9,500,508,43,ordinary_default,cate_correlation,0.560220746445668
9,500,508,43,ordinary_default,cate_rank_correlation,0.772919615570355
9,500,508,43,ordinary_default,sign_reversal,0.4598
9,500,508,43,ordinary_default,strong_reversal_010,0.248633333333333
9,500,508,43,ordinary_default,strong_reversal_025,0.146166666666667
9,500,508,43,ordinary_default,reversal_given_true_margin_025,0.28226779252111
9,500,508,43,ordinary_default,x1_wrong_sign_true_margin_025,0.00352946432560425
9,500,508,43,ordinary_default,x2_wrong_sign_true_margin_025,0.278738328195506
9,500,508,43,ordinary_default,mean_absolute_prediction_change,0.396987504769498
9,500,508,43,class_sampled_default,cate_correlation,1
9,500,508,43,class_sampled_default,cate_rank_correlation,1
9,500,508,43,class_sampled_default,sign_reversal,0
9,500,508,43,class_sampled_default,strong_reversal_010,0
9,500,508,43,class_sampled_default,strong_reversal_025,0
9,500,508,43,class_sampled_default,reversal_given_true_margin_025,0
9,500,508,43,class_sampled_default,x1_wrong_sign_true_margin_025,0.005316534870214
9,500,508,43,class_sampled_default,x2_wrong_sign_true_margin_025,0.005316534870214
9,500,508,43,class_sampled_default,mean_absolute_prediction_change,0
10,40,48,27,ordinary_default,cate_correlation,0.992601911922785
10,40,48,27,ordinary_default,cate_rank_correlation,0.855266308155629
10,40,48,27,ordinary_default,sign_reversal,0.00773333333333333
10,40,48,27,ordinary_default,strong_reversal_010,0
10,40,48,27,ordinary_default,strong_reversal_025,0
10,40,48,27,ordinary_default,reversal_given_true_margin_025,0.00292618044779428
10,40,48,27,ordinary_default,x1_wrong_sign_true_margin_025,0.00288184438040346
10,40,48,27,ordinary_default,x2_wrong_sign_true_margin_025,0.00146309022389714
10,40,48,27,ordinary_default,mean_absolute_prediction_change,0.0732602122295601
10,100,108,31,ordinary_default,cate_correlation,0.92245509461086
10,100,108,31,ordinary_default,cate_rank_correlation,0.805155587133284
10,100,108,31,ordinary_default,sign_reversal,0.1085
10,100,108,31,ordinary_default,strong_reversal_010,0.0122
10,100,108,31,ordinary_default,strong_reversal_025,0
10,100,108,31,ordinary_default,reversal_given_true_margin_025,0.0639769452449568
10,100,108,31,ordinary_default,x1_wrong_sign_true_margin_025,0.00549767235646198
10,100,108,31,ordinary_default,x2_wrong_sign_true_margin_025,0.0584792728884948
10,100,108,31,ordinary_default,mean_absolute_prediction_change,0.200116061661052
10,250,258,37,ordinary_default,cate_correlation,0.713870195473308
10,250,258,37,ordinary_default,cate_rank_correlation,0.793675504856528
10,250,258,37,ordinary_default,sign_reversal,0.48
10,250,258,37,ordinary_default,strong_reversal_010,0.338333333333333
10,250,258,37,ordinary_default,strong_reversal_025,0.00703333333333333
10,250,258,37,ordinary_default,reversal_given_true_margin_025,0.335047661272445
10,250,258,37,ordinary_default,x1_wrong_sign_true_margin_025,0.00780314786078475
10,250,258,37,ordinary_default,x2_wrong_sign_true_margin_025,0.32724451341166
10,250,258,37,ordinary_default,mean_absolute_prediction_change,0.33080243479896
10,500,508,43,ordinary_default,cate_correlation,0.537454549927026
10,500,508,43,ordinary_default,cate_rank_correlation,0.781186025983096
10,500,508,43,ordinary_default,sign_reversal,0.485733333333333
10,500,508,43,ordinary_default,strong_reversal_010,0.4682
10,500,508,43,ordinary_default,strong_reversal_025,0.0108
10,500,508,43,ordinary_default,reversal_given_true_margin_025,0.336599423631124
10,500,508,43,ordinary_default,x1_wrong_sign_true_margin_025,0.00824650853469297
10,500,508,43,ordinary_default,x2_wrong_sign_true_margin_025,0.328352915096431
10,500,508,43,ordinary_default,mean_absolute_prediction_change,0.378713868863531
10,500,508,43,class_sampled_default,cate_correlation,1
10,500,508,43,class_sampled_default,cate_rank_correlation,1
10,500,508,43,class_sampled_default,sign_reversal,0
10,500,508,43,class_sampled_default,strong_reversal_010,0
10,500,508,43,class_sampled_default,strong_reversal_025,0
10,500,508,43,class_sampled_default,reversal_given_true_margin_025,0
10,500,508,43,class_sampled_default,x1_wrong_sign_true_margin_025,0.0077144757260031
10,500,508,43,class_sampled_default,x2_wrong_sign_true_margin_025,0.0077144757260031
10,500,508,43,class_sampled_default,mean_absolute_prediction_change,0
11,40,48,27,ordinary_default,cate_correlation,0.995002844602263
11,40,48,27,ordinary_default,cate_rank_correlation,0.98911534141235
11,40,48,27,ordinary_default,sign_reversal,0.0604333333333333
11,40,48,27,ordinary_default,strong_reversal_010,6.66666666666667e-05
11,40,48,27,ordinary_default,strong_reversal_025,0
11,40,48,27,ordinary_default,reversal_given_true_margin_025,0.000400765908180078
11,40,48,27,ordinary_default,x1_wrong_sign_true_margin_025,0.00173665226878034
11,40,48,27,ordinary_default,x2_wrong_sign_true_margin_025,0.00213741817696041
11,40,48,27,ordinary_default,mean_absolute_prediction_change,0.0727281694274451
11,100,108,31,ordinary_default,cate_correlation,0.940045142264247
11,100,108,31,ordinary_default,cate_rank_correlation,0.84924075650049
11,100,108,31,ordinary_default,sign_reversal,0.242933333333333
11,100,108,31,ordinary_default,strong_reversal_010,0.0999666666666667
11,100,108,31,ordinary_default,strong_reversal_025,0
11,100,108,31,ordinary_default,reversal_given_true_margin_025,0.000979649997773523
11,100,108,31,ordinary_default,x1_wrong_sign_true_margin_025,0.0013804159059536
11,100,108,31,ordinary_default,x2_wrong_sign_true_margin_025,0.00236006590372712
11,100,108,31,ordinary_default,mean_absolute_prediction_change,0.206709680584026
11,250,258,37,ordinary_default,cate_correlation,0.765232012810419
11,250,258,37,ordinary_default,cate_rank_correlation,0.793829826407811
11,250,258,37,ordinary_default,sign_reversal,0.2786
11,250,258,37,ordinary_default,strong_reversal_010,0.2475
11,250,258,37,ordinary_default,strong_reversal_025,0.0592
11,250,258,37,ordinary_default,reversal_given_true_margin_025,0.0388742930934675
11,250,258,37,ordinary_default,x1_wrong_sign_true_margin_025,0.000311706817473394
11,250,258,37,ordinary_default,x2_wrong_sign_true_margin_025,0.0391859999109409
11,250,258,37,ordinary_default,mean_absolute_prediction_change,0.345661383003543
11,500,508,43,ordinary_default,cate_correlation,0.611323581579167
11,500,508,43,ordinary_default,cate_rank_correlation,0.786780077322645
11,500,508,43,ordinary_default,sign_reversal,0.480666666666667
11,500,508,43,ordinary_default,strong_reversal_010,0.256133333333333
11,500,508,43,ordinary_default,strong_reversal_025,0.1357
11,500,508,43,ordinary_default,reversal_given_true_margin_025,0.307521040210179
11,500,508,43,ordinary_default,x1_wrong_sign_true_margin_025,0.000178118181413368
11,500,508,43,ordinary_default,x2_wrong_sign_true_margin_025,0.307342922028766
11,500,508,43,ordinary_default,mean_absolute_prediction_change,0.420303104107625
11,500,508,43,class_sampled_default,cate_correlation,1
11,500,508,43,class_sampled_default,cate_rank_correlation,1
11,500,508,43,class_sampled_default,sign_reversal,0
11,500,508,43,class_sampled_default,strong_reversal_010,0
11,500,508,43,class_sampled_default,strong_reversal_025,0
11,500,508,43,class_sampled_default,reversal_given_true_margin_025,0
11,500,508,43,class_sampled_default,x1_wrong_sign_true_margin_025,0.000979649997773523
11,500,508,43,class_sampled_default,x2_wrong_sign_true_margin_025,0.000979649997773523
11,500,508,43,class_sampled_default,mean_absolute_prediction_change,0
12,40,48,27,ordinary_default,cate_correlation,0.992252970422315
12,40,48,27,ordinary_default,cate_rank_correlation,0.992936339835707
12,40,48,27,ordinary_default,sign_reversal,0.1128
12,40,48,27,ordinary_default,strong_reversal_010,0
12,40,48,27,ordinary_default,strong_reversal_025,0
12,40,48,27,ordinary_default,reversal_given_true_margin_025,0.000311915159076731
12,40,48,27,ordinary_default,x1_wrong_sign_true_margin_025,0.00236164334729525
12,40,48,27,ordinary_default,x2_wrong_sign_true_margin_025,0.00267355850637198
12,40,48,27,ordinary_default,mean_absolute_prediction_change,0.0796292772525884
12,100,108,31,ordinary_default,cate_correlation,0.927660280483868
12,100,108,31,ordinary_default,cate_rank_correlation,0.858100465802778
12,100,108,31,ordinary_default,sign_reversal,0.241533333333333
12,100,108,31,ordinary_default,strong_reversal_010,0.160133333333333
12,100,108,31,ordinary_default,strong_reversal_025,0
12,100,108,31,ordinary_default,reversal_given_true_margin_025,0.00294091435700918
12,100,108,31,ordinary_default,x1_wrong_sign_true_margin_025,0.000757508243472061
12,100,108,31,ordinary_default,x2_wrong_sign_true_margin_025,0.00334194813296498
12,100,108,31,ordinary_default,mean_absolute_prediction_change,0.19769768006145
12,250,258,37,ordinary_default,cate_correlation,0.74556327997891
12,250,258,37,ordinary_default,cate_rank_correlation,0.795434784604261
12,250,258,37,ordinary_default,sign_reversal,0.256166666666667
12,250,258,37,ordinary_default,strong_reversal_010,0.2404
12,250,258,37,ordinary_default,strong_reversal_025,0.00773333333333333
12,250,258,37,ordinary_default,reversal_given_true_margin_025,0.0149273683272436
12,250,258,37,ordinary_default,x1_wrong_sign_true_margin_025,0.00151501648694412
12,250,258,37,ordinary_default,x2_wrong_sign_true_margin_025,0.0135905890740576
12,250,258,37,ordinary_default,mean_absolute_prediction_change,0.305275610387286
12,500,508,43,ordinary_default,cate_correlation,0.578847516366243
12,500,508,43,ordinary_default,cate_rank_correlation,0.778985900404207
12,500,508,43,ordinary_default,sign_reversal,0.390066666666667
12,500,508,43,ordinary_default,strong_reversal_010,0.245833333333333
12,500,508,43,ordinary_default,strong_reversal_025,0.0189
12,500,508,43,ordinary_default,reversal_given_true_margin_025,0.191916941449069
12,500,508,43,ordinary_default,x1_wrong_sign_true_margin_025,0.00271811781481151
12,500,508,43,ordinary_default,x2_wrong_sign_true_margin_025,0.189555298101773
12,500,508,43,ordinary_default,mean_absolute_prediction_change,0.365518016577843
12,500,508,43,class_sampled_default,cate_correlation,1
12,500,508,43,class_sampled_default,cate_rank_correlation,1
12,500,508,43,class_sampled_default,sign_reversal,0
12,500,508,43,class_sampled_default,strong_reversal_010,0
12,500,508,43,class_sampled_default,strong_reversal_025,0
12,500,508,43,class_sampled_default,reversal_given_true_margin_025,0
12,500,508,43,class_sampled_default,x1_wrong_sign_true_margin_025,0.0193387398627573
12,500,508,43,class_sampled_default,x2_wrong_sign_true_margin_025,0.0193387398627573
12,500,508,43,class_sampled_default,mean_absolute_prediction_change,0
13,40,48,27,ordinary_default,cate_correlation,0.993510077606449
13,40,48,27,ordinary_default,cate_rank_correlation,0.872585234390428
13,40,48,27,ordinary_default,sign_reversal,0.00796666666666667
13,40,48,27,ordinary_default,strong_reversal_010,0.000166666666666667
13,40,48,27,ordinary_default,strong_reversal_025,0
13,40,48,27,ordinary_default,reversal_given_true_margin_025,0.00751378267828561
13,40,48,27,ordinary_default,x1_wrong_sign_true_margin_025,0.00742486217321714
13,40,48,27,ordinary_default,x2_wrong_sign_true_margin_025,0.0149386448515028
13,40,48,27,ordinary_default,mean_absolute_prediction_change,0.071187075294436
13,100,108,31,ordinary_default,cate_correlation,0.92993473005908
13,100,108,31,ordinary_default,cate_rank_correlation,0.805423873880693
13,100,108,31,ordinary_default,sign_reversal,0.115566666666667
13,100,108,31,ordinary_default,strong_reversal_010,0.0115666666666667
13,100,108,31,ordinary_default,strong_reversal_025,0
13,100,108,31,ordinary_default,reversal_given_true_margin_025,0.105859861284012
13,100,108,31,ordinary_default,x1_wrong_sign_true_margin_025,0.00257869464698559
13,100,108,31,ordinary_default,x2_wrong_sign_true_margin_025,0.108349635425929
13,100,108,31,ordinary_default,mean_absolute_prediction_change,0.201106272166499
13,250,258,37,ordinary_default,cate_correlation,0.735916029937349
13,250,258,37,ordinary_default,cate_rank_correlation,0.790039111281821
13,250,258,37,ordinary_default,sign_reversal,0.4695
13,250,258,37,ordinary_default,strong_reversal_010,0.3359
13,250,258,37,ordinary_default,strong_reversal_025,0.00433333333333333
13,250,258,37,ordinary_default,reversal_given_true_margin_025,0.324293081984706
13,250,258,37,ordinary_default,x1_wrong_sign_true_margin_025,0.000444602525342344
13,250,258,37,ordinary_default,x2_wrong_sign_true_margin_025,0.3240263204695
13,250,258,37,ordinary_default,mean_absolute_prediction_change,0.33843839111099
13,500,508,43,ordinary_default,cate_correlation,0.554288095945087
13,500,508,43,ordinary_default,cate_rank_correlation,0.777972558823525
13,500,508,43,ordinary_default,sign_reversal,0.482466666666667
13,500,508,43,ordinary_default,strong_reversal_010,0.4564
13,500,508,43,ordinary_default,strong_reversal_025,0.0108
13,500,508,43,ordinary_default,reversal_given_true_margin_025,0.328828027743198
13,500,508,43,ordinary_default,x1_wrong_sign_true_margin_025,0.00102258580828739
13,500,508,43,ordinary_default,x2_wrong_sign_true_margin_025,0.327983282945047
13,500,508,43,ordinary_default,mean_absolute_prediction_change,0.398107781536703
13,500,508,43,class_sampled_default,cate_correlation,1
13,500,508,43,class_sampled_default,cate_rank_correlation,1
13,500,508,43,class_sampled_default,sign_reversal,0
13,500,508,43,class_sampled_default,strong_reversal_010,0
13,500,508,43,class_sampled_default,strong_reversal_025,0
13,500,508,43,class_sampled_default,reversal_given_true_margin_025,0
13,500,508,43,class_sampled_default,x1_wrong_sign_true_margin_025,0.00573537257691624
13,500,508,43,class_sampled_default,x2_wrong_sign_true_margin_025,0.00573537257691624
13,500,508,43,class_sampled_default,mean_absolute_prediction_change,0
14,40,48,27,ordinary_default,cate_correlation,0.992668795298834
14,40,48,27,ordinary_default,cate_rank_correlation,0.989318999273021
14,40,48,27,ordinary_default,sign_reversal,0.0150666666666667
14,40,48,27,ordinary_default,strong_reversal_010,0
14,40,48,27,ordinary_default,strong_reversal_025,0
14,40,48,27,ordinary_default,reversal_given_true_margin_025,4.43951165371809e-05
14,40,48,27,ordinary_default,x1_wrong_sign_true_margin_025,0.000532741398446171
14,40,48,27,ordinary_default,x2_wrong_sign_true_margin_025,0.00048834628190899
14,40,48,27,ordinary_default,mean_absolute_prediction_change,0.079001101101857
14,100,108,31,ordinary_default,cate_correlation,0.924952554782847
14,100,108,31,ordinary_default,cate_rank_correlation,0.827064652382516
14,100,108,31,ordinary_default,sign_reversal,0.241
14,100,108,31,ordinary_default,strong_reversal_010,0.0183
14,100,108,31,ordinary_default,strong_reversal_025,0
14,100,108,31,ordinary_default,reversal_given_true_margin_025,0.00239733629300777
14,100,108,31,ordinary_default,x1_wrong_sign_true_margin_025,0.00124306326304107
14,100,108,31,ordinary_default,x2_wrong_sign_true_margin_025,0.00168701442841287
14,100,108,31,ordinary_default,mean_absolute_prediction_change,0.20249954588208
14,250,258,37,ordinary_default,cate_correlation,0.737333535603669
14,250,258,37,ordinary_default,cate_rank_correlation,0.793983953126649
14,250,258,37,ordinary_default,sign_reversal,0.305633333333333
14,250,258,37,ordinary_default,strong_reversal_010,0.244966666666667
14,250,258,37,ordinary_default,strong_reversal_025,0.000433333333333333
14,250,258,37,ordinary_default,reversal_given_true_margin_025,0.0796004439511654
14,250,258,37,ordinary_default,x1_wrong_sign_true_margin_025,0.00190899001109878
14,250,258,37,ordinary_default,x2_wrong_sign_true_margin_025,0.078046614872364
14,250,258,37,ordinary_default,mean_absolute_prediction_change,0.311686042057783
14,500,508,43,ordinary_default,cate_correlation,0.570984726917818
14,500,508,43,ordinary_default,cate_rank_correlation,0.783235133063595
14,500,508,43,ordinary_default,sign_reversal,0.467466666666667
14,500,508,43,ordinary_default,strong_reversal_010,0.260466666666667
14,500,508,43,ordinary_default,strong_reversal_025,0.00403333333333333
14,500,508,43,ordinary_default,reversal_given_true_margin_025,0.294739178690344
14,500,508,43,ordinary_default,x1_wrong_sign_true_margin_025,0.00253052164261931
14,500,508,43,ordinary_default,x2_wrong_sign_true_margin_025,0.292475027746948
14,500,508,43,ordinary_default,mean_absolute_prediction_change,0.371666461006421
14,500,508,43,class_sampled_default,cate_correlation,1
14,500,508,43,class_sampled_default,cate_rank_correlation,1
14,500,508,43,class_sampled_default,sign_reversal,0
14,500,508,43,class_sampled_default,strong_reversal_010,0
14,500,508,43,class_sampled_default,strong_reversal_025,0
14,500,508,43,class_sampled_default,reversal_given_true_margin_025,0
14,500,508,43,class_sampled_default,x1_wrong_sign_true_margin_025,0.00452830188679245
14,500,508,43,class_sampled_default,x2_wrong_sign_true_margin_025,0.00452830188679245
14,500,508,43,class_sampled_default,mean_absolute_prediction_change,0
15,40,48,27,ordinary_default,cate_correlation,0.993654521635802
15,40,48,27,ordinary_default,cate_rank_correlation,0.990303195324781
15,40,48,27,ordinary_default,sign_reversal,0.0397
15,40,48,27,ordinary_default,strong_reversal_010,0.000366666666666667
15,40,48,27,ordinary_default,strong_reversal_025,0
15,40,48,27,ordinary_default,reversal_given_true_margin_025,0.00102692324864937
15,40,48,27,ordinary_default,x1_wrong_sign_true_margin_025,4.46488368977988e-05
15,40,48,27,ordinary_default,x2_wrong_sign_true_margin_025,0.00107157208554717
15,40,48,27,ordinary_default,mean_absolute_prediction_change,0.0793755157098442
15,100,108,31,ordinary_default,cate_correlation,0.937362042111342
15,100,108,31,ordinary_default,cate_rank_correlation,0.860698280706998
15,100,108,31,ordinary_default,sign_reversal,0.196333333333333
15,100,108,31,ordinary_default,strong_reversal_010,0.0572
15,100,108,31,ordinary_default,strong_reversal_025,3.33333333333333e-05
15,100,108,31,ordinary_default,reversal_given_true_margin_025,0.00589364647050944
15,100,108,31,ordinary_default,x1_wrong_sign_true_margin_025,4.46488368977988e-05
15,100,108,31,ordinary_default,x2_wrong_sign_true_margin_025,0.00593829530740724
15,100,108,31,ordinary_default,mean_absolute_prediction_change,0.208232215510709
15,250,258,37,ordinary_default,cate_correlation,0.753310302264778
15,250,258,37,ordinary_default,cate_rank_correlation,0.795842017740269
15,250,258,37,ordinary_default,sign_reversal,0.262333333333333
15,250,258,37,ordinary_default,strong_reversal_010,0.254
15,250,258,37,ordinary_default,strong_reversal_025,0.0416666666666667
15,250,258,37,ordinary_default,reversal_given_true_margin_025,0.0160289324463098
15,250,258,37,ordinary_default,x1_wrong_sign_true_margin_025,0.000446488368977988
15,250,258,37,ordinary_default,x2_wrong_sign_true_margin_025,0.0155824440773318
15,250,258,37,ordinary_default,mean_absolute_prediction_change,0.353932534904666
15,500,508,43,ordinary_default,cate_correlation,0.567652130318405
15,500,508,43,ordinary_default,cate_rank_correlation,0.781989227907988
15,500,508,43,ordinary_default,sign_reversal,0.449033333333333
15,500,508,43,ordinary_default,strong_reversal_010,0.259733333333333
15,500,508,43,ordinary_default,strong_reversal_025,0.1025
15,500,508,43,ordinary_default,reversal_given_true_margin_025,0.265080144662232
15,500,508,43,ordinary_default,x1_wrong_sign_true_margin_025,0.000535786042773586
15,500,508,43,ordinary_default,x2_wrong_sign_true_margin_025,0.264544358619458
15,500,508,43,ordinary_default,mean_absolute_prediction_change,0.437945556255499
15,500,508,43,class_sampled_default,cate_correlation,1
15,500,508,43,class_sampled_default,cate_rank_correlation,1
15,500,508,43,class_sampled_default,sign_reversal,0
15,500,508,43,class_sampled_default,strong_reversal_010,0
15,500,508,43,class_sampled_default,strong_reversal_025,0
15,500,508,43,class_sampled_default,reversal_given_true_margin_025,0
15,500,508,43,class_sampled_default,x1_wrong_sign_true_margin_025,0.00848327901058177
15,500,508,43,class_sampled_default,x2_wrong_sign_true_margin_025,0.00848327901058177
15,500,508,43,class_sampled_default,mean_absolute_prediction_change,0
16,40,48,27,ordinary_default,cate_correlation,0.992821083290406
16,40,48,27,ordinary_default,cate_rank_correlation,0.986689652006544
16,40,48,27,ordinary_default,sign_reversal,0.0982333333333333
16,40,48,27,ordinary_default,strong_reversal_010,0.000233333333333333
16,40,48,27,ordinary_default,strong_reversal_025,0
16,40,48,27,ordinary_default,reversal_given_true_margin_025,0.00173025732031943
16,40,48,27,ordinary_default,x1_wrong_sign_true_margin_025,0.00106477373558119
16,40,48,27,ordinary_default,x2_wrong_sign_true_margin_025,0.000754214729370009
16,40,48,27,ordinary_default,mean_absolute_prediction_change,0.0818171053971716
16,100,108,31,ordinary_default,cate_correlation,0.929191051841392
16,100,108,31,ordinary_default,cate_rank_correlation,0.915924332619027
16,100,108,31,ordinary_default,sign_reversal,0.233066666666667
16,100,108,31,ordinary_default,strong_reversal_010,0.145333333333333
16,100,108,31,ordinary_default,strong_reversal_025,0
16,100,108,31,ordinary_default,reversal_given_true_margin_025,0.0173469387755102
16,100,108,31,ordinary_default,x1_wrong_sign_true_margin_025,0.00408163265306122
16,100,108,31,ordinary_default,x2_wrong_sign_true_margin_025,0.0133540372670807
16,100,108,31,ordinary_default,mean_absolute_prediction_change,0.21571159010759
16,250,258,37,ordinary_default,cate_correlation,0.738612938936958
16,250,258,37,ordinary_default,cate_rank_correlation,0.777338072855709
16,250,258,37,ordinary_default,sign_reversal,0.483233333333333
16,250,258,37,ordinary_default,strong_reversal_010,0.246266666666667
16,250,258,37,ordinary_default,strong_reversal_025,0.193666666666667
16,250,258,37,ordinary_default,reversal_given_true_margin_025,0.327728482697427
16,250,258,37,ordinary_default,x1_wrong_sign_true_margin_025,0.00505767524401065
16,250,258,37,ordinary_default,x2_wrong_sign_true_margin_025,0.322670807453416
16,250,258,37,ordinary_default,mean_absolute_prediction_change,0.340148664826626
16,500,508,43,ordinary_default,cate_correlation,0.574410182659321
16,500,508,43,ordinary_default,cate_rank_correlation,0.76243928922671
16,500,508,43,ordinary_default,sign_reversal,0.494433333333333
16,500,508,43,ordinary_default,strong_reversal_010,0.422166666666667
16,500,508,43,ordinary_default,strong_reversal_025,0.222966666666667
16,500,508,43,ordinary_default,reversal_given_true_margin_025,0.340550133096717
16,500,508,43,ordinary_default,x1_wrong_sign_true_margin_025,0.00607808340727595
16,500,508,43,ordinary_default,x2_wrong_sign_true_margin_025,0.334472049689441
16,500,508,43,ordinary_default,mean_absolute_prediction_change,0.417220845068708
16,500,508,43,class_sampled_default,cate_correlation,1
16,500,508,43,class_sampled_default,cate_rank_correlation,1
16,500,508,43,class_sampled_default,sign_reversal,0
16,500,508,43,class_sampled_default,strong_reversal_010,0
16,500,508,43,class_sampled_default,strong_reversal_025,0
16,500,508,43,class_sampled_default,reversal_given_true_margin_025,0
16,500,508,43,class_sampled_default,x1_wrong_sign_true_margin_025,0.00758651286601597
16,500,508,43,class_sampled_default,x2_wrong_sign_true_margin_025,0.00758651286601597
16,500,508,43,class_sampled_default,mean_absolute_prediction_change,0
17,40,48,27,ordinary_default,cate_correlation,0.994266577056598
17,40,48,27,ordinary_default,cate_rank_correlation,0.965075354261195
17,40,48,27,ordinary_default,sign_reversal,0.105366666666667
17,40,48,27,ordinary_default,strong_reversal_010,0.000166666666666667
17,40,48,27,ordinary_default,strong_reversal_025,0
17,40,48,27,ordinary_default,reversal_given_true_margin_025,0.00624225252346379
17,40,48,27,ordinary_default,x1_wrong_sign_true_margin_025,0.00150522401275013
17,40,48,27,ordinary_default,x2_wrong_sign_true_margin_025,0.00765893394722862
17,40,48,27,ordinary_default,mean_absolute_prediction_change,0.0669168507689003
17,100,108,31,ordinary_default,cate_correlation,0.93346872461885
17,100,108,31,ordinary_default,cate_rank_correlation,0.812661308203401
17,100,108,31,ordinary_default,sign_reversal,0.307466666666667
17,100,108,31,ordinary_default,strong_reversal_010,0.164666666666667
17,100,108,31,ordinary_default,strong_reversal_025,3.33333333333333e-05
17,100,108,31,ordinary_default,reversal_given_true_margin_025,0.100938551443244
17,100,108,31,ordinary_default,x1_wrong_sign_true_margin_025,0.000796883300867717
17,100,108,31,ordinary_default,x2_wrong_sign_true_margin_025,0.100141668142376
17,100,108,31,ordinary_default,mean_absolute_prediction_change,0.196551699958368
17,250,258,37,ordinary_default,cate_correlation,0.738067266250047
17,250,258,37,ordinary_default,cate_rank_correlation,0.791889737608322
17,250,258,37,ordinary_default,sign_reversal,0.4781
17,250,258,37,ordinary_default,strong_reversal_010,0.440866666666667
17,250,258,37,ordinary_default,strong_reversal_025,0.0472
17,250,258,37,ordinary_default,reversal_given_true_margin_025,0.318841862936072
17,250,258,37,ordinary_default,x1_wrong_sign_true_margin_025,0.00230210731361785
17,250,258,37,ordinary_default,x2_wrong_sign_true_margin_025,0.316539755622454
17,250,258,37,ordinary_default,mean_absolute_prediction_change,0.331983376392352
17,500,508,43,ordinary_default,cate_correlation,0.58103636492014
17,500,508,43,ordinary_default,cate_rank_correlation,0.776532886600592
17,500,508,43,ordinary_default,sign_reversal,0.4846
17,500,508,43,ordinary_default,strong_reversal_010,0.468166666666667
17,500,508,43,ordinary_default,strong_reversal_025,0.142033333333333
17,500,508,43,ordinary_default,reversal_given_true_margin_025,0.324375774747654
17,500,508,43,ordinary_default,x1_wrong_sign_true_margin_025,0.00256773508057376
17,500,508,43,ordinary_default,x2_wrong_sign_true_margin_025,0.32180803966708
17,500,508,43,ordinary_default,mean_absolute_prediction_change,0.384947123160488
17,500,508,43,class_sampled_default,cate_correlation,1
17,500,508,43,class_sampled_default,cate_rank_correlation,1
17,500,508,43,class_sampled_default,sign_reversal,0
17,500,508,43,class_sampled_default,strong_reversal_010,0
17,500,508,43,class_sampled_default,strong_reversal_025,0
17,500,508,43,class_sampled_default,reversal_given_true_margin_025,0
17,500,508,43,class_sampled_default,x1_wrong_sign_true_margin_025,0.00146095271825748
17,500,508,43,class_sampled_default,x2_wrong_sign_true_margin_025,0.00146095271825748
17,500,508,43,class_sampled_default,mean_absolute_prediction_change,0
18,40,48,27,ordinary_default,cate_correlation,0.992526351175747
18,40,48,27,ordinary_default,cate_rank_correlation,0.993400102485111
18,40,48,27,ordinary_default,sign_reversal,0.101
18,40,48,27,ordinary_default,strong_reversal_010,0
18,40,48,27,ordinary_default,strong_reversal_025,0
18,40,48,27,ordinary_default,reversal_given_true_margin_025,0.000353794445427207
18,40,48,27,ordinary_default,x1_wrong_sign_true_margin_025,0.00428975765080488
18,40,48,27,ordinary_default,x2_wrong_sign_true_margin_025,0.00464355209623209
18,40,48,27,ordinary_default,mean_absolute_prediction_change,0.0872863453687004
18,100,108,31,ordinary_default,cate_correlation,0.927922921437826
18,100,108,31,ordinary_default,cate_rank_correlation,0.929927629672364
18,100,108,31,ordinary_default,sign_reversal,0.240466666666667
18,100,108,31,ordinary_default,strong_reversal_010,0.189133333333333
18,100,108,31,ordinary_default,strong_reversal_025,0
18,100,108,31,ordinary_default,reversal_given_true_margin_025,0.0121616840615602
18,100,108,31,ordinary_default,x1_wrong_sign_true_margin_025,0.00349372014859367
18,100,108,31,ordinary_default,x2_wrong_sign_true_margin_025,0.0156554042101539
18,100,108,31,ordinary_default,mean_absolute_prediction_change,0.222116643413764
18,250,258,37,ordinary_default,cate_correlation,0.744646620900275
18,250,258,37,ordinary_default,cate_rank_correlation,0.79848362425476
18,250,258,37,ordinary_default,sign_reversal,0.428933333333333
18,250,258,37,ordinary_default,strong_reversal_010,0.2587
18,250,258,37,ordinary_default,strong_reversal_025,0.2195
18,250,258,37,ordinary_default,reversal_given_true_margin_025,0.245666018043517
18,250,258,37,ordinary_default,x1_wrong_sign_true_margin_025,0.00221121528392004
18,250,258,37,ordinary_default,x2_wrong_sign_true_margin_025,0.247877233327437
18,250,258,37,ordinary_default,mean_absolute_prediction_change,0.358035377121645
18,500,508,43,ordinary_default,cate_correlation,0.588858257599928
18,500,508,43,ordinary_default,cate_rank_correlation,0.789186218320874
18,500,508,43,ordinary_default,sign_reversal,0.481833333333333
18,500,508,43,ordinary_default,strong_reversal_010,0.358266666666667
18,500,508,43,ordinary_default,strong_reversal_025,0.231333333333333
18,500,508,43,ordinary_default,reversal_given_true_margin_025,0.313948346010968
18,500,508,43,ordinary_default,x1_wrong_sign_true_margin_025,0.00159207500442243
18,500,508,43,ordinary_default,x2_wrong_sign_true_margin_025,0.31554042101539
18,500,508,43,ordinary_default,mean_absolute_prediction_change,0.434881537004785
18,500,508,43,class_sampled_default,cate_correlation,1
18,500,508,43,class_sampled_default,cate_rank_correlation,1
18,500,508,43,class_sampled_default,sign_reversal,0
18,500,508,43,class_sampled_default,strong_reversal_010,0
18,500,508,43,class_sampled_default,strong_reversal_025,0
18,500,508,43,class_sampled_default,reversal_given_true_margin_025,0
18,500,508,43,class_sampled_default,x1_wrong_sign_true_margin_025,0.000796037502211215
18,500,508,43,class_sampled_default,x2_wrong_sign_true_margin_025,0.000796037502211215
18,500,508,43,class_sampled_default,mean_absolute_prediction_change,0
19,40,48,27,ordinary_default,cate_correlation,0.991948047909817
19,40,48,27,ordinary_default,cate_rank_correlation,0.987843438560715
19,40,48,27,ordinary_default,sign_reversal,0.00823333333333333
19,40,48,27,ordinary_default,strong_reversal_010,0
19,40,48,27,ordinary_default,strong_reversal_025,0
19,40,48,27,ordinary_default,reversal_given_true_margin_025,0.00026857654431513
19,40,48,27,ordinary_default,x1_wrong_sign_true_margin_025,0.000134288272157565
19,40,48,27,ordinary_default,x2_wrong_sign_true_margin_025,0.000313339301700985
19,40,48,27,ordinary_default,mean_absolute_prediction_change,0.0804971743457652
19,100,108,31,ordinary_default,cate_correlation,0.920347041625977
19,100,108,31,ordinary_default,cate_rank_correlation,0.818058968837399
19,100,108,31,ordinary_default,sign_reversal,0.216866666666667
19,100,108,31,ordinary_default,strong_reversal_010,0.0253666666666667
19,100,108,31,ordinary_default,strong_reversal_025,0
19,100,108,31,ordinary_default,reversal_given_true_margin_025,0.00989256938227395
19,100,108,31,ordinary_default,x1_wrong_sign_true_margin_025,0.000492390331244405
19,100,108,31,ordinary_default,x2_wrong_sign_true_margin_025,0.00940017905102954
19,100,108,31,ordinary_default,mean_absolute_prediction_change,0.209040800222145
19,250,258,37,ordinary_default,cate_correlation,0.727584757416611
19,250,258,37,ordinary_default,cate_rank_correlation,0.783119164323466
19,250,258,37,ordinary_default,sign_reversal,0.2685
19,250,258,37,ordinary_default,strong_reversal_010,0.247
19,250,258,37,ordinary_default,strong_reversal_025,0.00363333333333333
19,250,258,37,ordinary_default,reversal_given_true_margin_025,0.0205908683974933
19,250,258,37,ordinary_default,x1_wrong_sign_true_margin_025,0.00111906893464637
19,250,258,37,ordinary_default,x2_wrong_sign_true_margin_025,0.0194717994628469
19,250,258,37,ordinary_default,mean_absolute_prediction_change,0.328185944031456
19,500,508,43,ordinary_default,cate_correlation,0.549879981945638
19,500,508,43,ordinary_default,cate_rank_correlation,0.766397392929775
19,500,508,43,ordinary_default,sign_reversal,0.4605
19,500,508,43,ordinary_default,strong_reversal_010,0.260933333333333
19,500,508,43,ordinary_default,strong_reversal_025,0.0117666666666667
19,500,508,43,ordinary_default,reversal_given_true_margin_025,0.277797672336616
19,500,508,43,ordinary_default,x1_wrong_sign_true_margin_025,0.0013876454789615
19,500,508,43,ordinary_default,x2_wrong_sign_true_margin_025,0.276410026857654
19,500,508,43,ordinary_default,mean_absolute_prediction_change,0.398263904480322
19,500,508,43,class_sampled_default,cate_correlation,1
19,500,508,43,class_sampled_default,cate_rank_correlation,1
19,500,508,43,class_sampled_default,sign_reversal,0
19,500,508,43,class_sampled_default,strong_reversal_010,0
19,500,508,43,class_sampled_default,strong_reversal_025,0
19,500,508,43,class_sampled_default,reversal_given_true_margin_025,0
19,500,508,43,class_sampled_default,x1_wrong_sign_true_margin_025,0.00523724261414503
19,500,508,43,class_sampled_default,x2_wrong_sign_true_margin_025,0.00523724261414503
19,500,508,43,class_sampled_default,mean_absolute_prediction_change,0
20,40,48,27,ordinary_default,cate_correlation,0.992695133655724
20,40,48,27,ordinary_default,cate_rank_correlation,0.914498330046331
20,40,48,27,ordinary_default,sign_reversal,0.0234333333333333
20,40,48,27,ordinary_default,strong_reversal_010,0.0013
20,40,48,27,ordinary_default,strong_reversal_025,0
20,40,48,27,ordinary_default,reversal_given_true_margin_025,0.0264888888888889
20,40,48,27,ordinary_default,x1_wrong_sign_true_margin_025,0.00502222222222222
20,40,48,27,ordinary_default,x2_wrong_sign_true_margin_025,0.0314222222222222
20,40,48,27,ordinary_default,mean_absolute_prediction_change,0.0694798011876862
20,100,108,31,ordinary_default,cate_correlation,0.920948772063168
20,100,108,31,ordinary_default,cate_rank_correlation,0.811361878541513
20,100,108,31,ordinary_default,sign_reversal,0.0636333333333333
20,100,108,31,ordinary_default,strong_reversal_010,0.0239
20,100,108,31,ordinary_default,strong_reversal_025,0
20,100,108,31,ordinary_default,reversal_given_true_margin_025,0.0484444444444444
20,100,108,31,ordinary_default,x1_wrong_sign_true_margin_025,0.00226666666666667
20,100,108,31,ordinary_default,x2_wrong_sign_true_margin_025,0.0461777777777778
20,100,108,31,ordinary_default,mean_absolute_prediction_change,0.200045582158465
20,250,258,37,ordinary_default,cate_correlation,0.717724291106953
20,250,258,37,ordinary_default,cate_rank_correlation,0.792622563771358
20,250,258,37,ordinary_default,sign_reversal,0.412033333333333
20,250,258,37,ordinary_default,strong_reversal_010,0.0662666666666667
20,250,258,37,ordinary_default,strong_reversal_025,0.0015
20,250,258,37,ordinary_default,reversal_given_true_margin_025,0.235555555555556
20,250,258,37,ordinary_default,x1_wrong_sign_true_margin_025,0.00457777777777778
20,250,258,37,ordinary_default,x2_wrong_sign_true_margin_025,0.230977777777778
20,250,258,37,ordinary_default,mean_absolute_prediction_change,0.32109153535886
20,500,508,43,ordinary_default,cate_correlation,0.545550114575839
20,500,508,43,ordinary_default,cate_rank_correlation,0.778845887062273
20,500,508,43,ordinary_default,sign_reversal,0.473533333333333
20,500,508,43,ordinary_default,strong_reversal_010,0.139366666666667
20,500,508,43,ordinary_default,strong_reversal_025,6.66666666666667e-05
20,500,508,43,ordinary_default,reversal_given_true_margin_025,0.312
20,500,508,43,ordinary_default,x1_wrong_sign_true_margin_025,0.00542222222222222
20,500,508,43,ordinary_default,x2_wrong_sign_true_margin_025,0.306577777777778
20,500,508,43,ordinary_default,mean_absolute_prediction_change,0.368266131402204
20,500,508,43,class_sampled_default,cate_correlation,1
20,500,508,43,class_sampled_default,cate_rank_correlation,1
20,500,508,43,class_sampled_default,sign_reversal,0
20,500,508,43,class_sampled_default,strong_reversal_010,0
20,500,508,43,class_sampled_default,strong_reversal_025,0
20,500,508,43,class_sampled_default,reversal_given_true_margin_025,0
20,500,508,43,class_sampled_default,x1_wrong_sign_true_margin_025,0.0229777777777778
20,500,508,43,class_sampled_default,x2_wrong_sign_true_margin_025,0.0229777777777778
20,500,508,43,class_sampled_default,mean_absolute_prediction_change,0
21,40,48,27,ordinary_default,cate_correlation,0.992567099866374
21,40,48,27,ordinary_default,cate_rank_correlation,0.990772029310191
21,40,48,27,ordinary_default,sign_reversal,0.164933333333333
21,40,48,27,ordinary_default,strong_reversal_010,0
21,40,48,27,ordinary_default,strong_reversal_025,0
21,40,48,27,ordinary_default,reversal_given_true_margin_025,0.00431226104739041
21,40,48,27,ordinary_default,x1_wrong_sign_true_margin_025,0.00284520316528852
21,40,48,27,ordinary_default,x2_wrong_sign_true_margin_025,0.00715746421267894
21,40,48,27,ordinary_default,mean_absolute_prediction_change,0.0771537560687987
21,100,108,31,ordinary_default,cate_correlation,0.930760320388417
21,100,108,31,ordinary_default,cate_rank_correlation,0.867898292838998
21,100,108,31,ordinary_default,sign_reversal,0.2588
21,100,108,31,ordinary_default,strong_reversal_010,0.218133333333333
21,100,108,31,ordinary_default,strong_reversal_025,0
21,100,108,31,ordinary_default,reversal_given_true_margin_025,0.0257401973859696
21,100,108,31,ordinary_default,x1_wrong_sign_true_margin_025,0.00146705788210189
21,100,108,31,ordinary_default,x2_wrong_sign_true_margin_025,0.0272072552680715
21,100,108,31,ordinary_default,mean_absolute_prediction_change,0.196629790578712
21,250,258,37,ordinary_default,cate_correlation,0.757509449703413
21,250,258,37,ordinary_default,cate_rank_correlation,0.796758108889731
21,250,258,37,ordinary_default,sign_reversal,0.393633333333333
21,250,258,37,ordinary_default,strong_reversal_010,0.263033333333333
21,250,258,37,ordinary_default,strong_reversal_025,0.109466666666667
21,250,258,37,ordinary_default,reversal_given_true_margin_025,0.201031386147417
21,250,258,37,ordinary_default,x1_wrong_sign_true_margin_025,0.000489019294033965
21,250,258,37,ordinary_default,x2_wrong_sign_true_margin_025,0.200720192051214
21,250,258,37,ordinary_default,mean_absolute_prediction_change,0.312117165534896
21,500,508,43,ordinary_default,cate_correlation,0.580874649788677
21,500,508,43,ordinary_default,cate_rank_correlation,0.777666480784518
21,500,508,43,ordinary_default,sign_reversal,0.463533333333333
21,500,508,43,ordinary_default,strong_reversal_010,0.275066666666667
21,500,508,43,ordinary_default,strong_reversal_025,0.188433333333333
21,500,508,43,ordinary_default,reversal_given_true_margin_025,0.294033964612786
21,500,508,43,ordinary_default,x1_wrong_sign_true_margin_025,0.00271183426691562
21,500,508,43,ordinary_default,x2_wrong_sign_true_margin_025,0.291588868142616
21,500,508,43,ordinary_default,mean_absolute_prediction_change,0.378833630527241
21,500,508,43,class_sampled_default,cate_correlation,1
21,500,508,43,class_sampled_default,cate_rank_correlation,1
21,500,508,43,class_sampled_default,sign_reversal,0
21,500,508,43,class_sampled_default,strong_reversal_010,0
21,500,508,43,class_sampled_default,strong_reversal_025,0
21,500,508,43,class_sampled_default,reversal_given_true_margin_025,0
21,500,508,43,class_sampled_default,x1_wrong_sign_true_margin_025,0.0205832666488841
21,500,508,43,class_sampled_default,x2_wrong_sign_true_margin_025,0.0205832666488841
21,500,508,43,class_sampled_default,mean_absolute_prediction_change,0
22,40,48,27,ordinary_default,cate_correlation,0.991377247706406
22,40,48,27,ordinary_default,cate_rank_correlation,0.989316376373463
22,40,48,27,ordinary_default,sign_reversal,0.163466666666667
22,40,48,27,ordinary_default,strong_reversal_010,0.000333333333333333
22,40,48,27,ordinary_default,strong_reversal_025,0
22,40,48,27,ordinary_default,reversal_given_true_margin_025,0.000709943648222922
22,40,48,27,ordinary_default,x1_wrong_sign_true_margin_025,0.000266228868083596
22,40,48,27,ordinary_default,x2_wrong_sign_true_margin_025,0.000887429560278653
22,40,48,27,ordinary_default,mean_absolute_prediction_change,0.0815211958630521
22,100,108,31,ordinary_default,cate_correlation,0.925688123248268
22,100,108,31,ordinary_default,cate_rank_correlation,0.842310640773678
22,100,108,31,ordinary_default,sign_reversal,0.235266666666667
22,100,108,31,ordinary_default,strong_reversal_010,0.220966666666667
22,100,108,31,ordinary_default,strong_reversal_025,0
22,100,108,31,ordinary_default,reversal_given_true_margin_025,0.00417091893330967
22,100,108,31,ordinary_default,x1_wrong_sign_true_margin_025,0.00102054399432045
22,100,108,31,ordinary_default,x2_wrong_sign_true_margin_025,0.00315037493898922
22,100,108,31,ordinary_default,mean_absolute_prediction_change,0.197525022582541
22,250,258,37,ordinary_default,cate_correlation,0.735982657086551
22,250,258,37,ordinary_default,cate_rank_correlation,0.792452378708947
22,250,258,37,ordinary_default,sign_reversal,0.4476
22,250,258,37,ordinary_default,strong_reversal_010,0.236933333333333
22,250,258,37,ordinary_default,strong_reversal_025,0.186066666666667
22,250,258,37,ordinary_default,reversal_given_true_margin_025,0.276478679504814
22,250,258,37,ordinary_default,x1_wrong_sign_true_margin_025,0.00221857390069663
22,250,258,37,ordinary_default,x2_wrong_sign_true_margin_025,0.274260105604118
22,250,258,37,ordinary_default,mean_absolute_prediction_change,0.321012359159223
22,500,508,43,ordinary_default,cate_correlation,0.569533568229393
22,500,508,43,ordinary_default,cate_rank_correlation,0.775847743963831
22,500,508,43,ordinary_default,sign_reversal,0.479633333333333
22,500,508,43,ordinary_default,strong_reversal_010,0.291066666666667
22,500,508,43,ordinary_default,strong_reversal_025,0.200166666666667
22,500,508,43,ordinary_default,reversal_given_true_margin_025,0.314460664684741
22,500,508,43,ordinary_default,x1_wrong_sign_true_margin_025,0.00346097528508675
22,500,508,43,ordinary_default,x2_wrong_sign_true_margin_025,0.310999689399654
22,500,508,43,ordinary_default,mean_absolute_prediction_change,0.38289522579057
22,500,508,43,class_sampled_default,cate_correlation,1
22,500,508,43,class_sampled_default,cate_rank_correlation,1
22,500,508,43,class_sampled_default,sign_reversal,0
22,500,508,43,class_sampled_default,strong_reversal_010,0
22,500,508,43,class_sampled_default,strong_reversal_025,0
22,500,508,43,class_sampled_default,reversal_given_true_margin_025,0
22,500,508,43,class_sampled_default,x1_wrong_sign_true_margin_025,0.00457026223543506
22,500,508,43,class_sampled_default,x2_wrong_sign_true_margin_025,0.00457026223543506
22,500,508,43,class_sampled_default,mean_absolute_prediction_change,0
23,40,48,27,ordinary_default,cate_correlation,0.99265995743245
23,40,48,27,ordinary_default,cate_rank_correlation,0.982816497572018
23,40,48,27,ordinary_default,sign_reversal,0.0180333333333333
23,40,48,27,ordinary_default,strong_reversal_010,0.000266666666666667
23,40,48,27,ordinary_default,strong_reversal_025,0
23,40,48,27,ordinary_default,reversal_given_true_margin_025,0.00756800071228242
23,40,48,27,ordinary_default,x1_wrong_sign_true_margin_025,0.00405110626363353
23,40,48,27,ordinary_default,x2_wrong_sign_true_margin_025,0.011619106975916
23,40,48,27,ordinary_default,mean_absolute_prediction_change,0.076381509306037
23,100,108,31,ordinary_default,cate_correlation,0.922299598664222
23,100,108,31,ordinary_default,cate_rank_correlation,0.82018370058376
23,100,108,31,ordinary_default,sign_reversal,0.234766666666667
23,100,108,31,ordinary_default,strong_reversal_010,0.0309333333333333
23,100,108,31,ordinary_default,strong_reversal_025,0
23,100,108,31,ordinary_default,reversal_given_true_margin_025,0.0189645194319548
23,100,108,31,ordinary_default,x1_wrong_sign_true_margin_025,0.00360592975114633
23,100,108,31,ordinary_default,x2_wrong_sign_true_margin_025,0.0225704491831011
23,100,108,31,ordinary_default,mean_absolute_prediction_change,0.210231442655035
23,250,258,37,ordinary_default,cate_correlation,0.727016621936448
23,250,258,37,ordinary_default,cate_rank_correlation,0.789701338040557
23,250,258,37,ordinary_default,sign_reversal,0.2758
23,250,258,37,ordinary_default,strong_reversal_010,0.248333333333333
23,250,258,37,ordinary_default,strong_reversal_025,0.00756666666666667
23,250,258,37,ordinary_default,reversal_given_true_margin_025,0.0384187330276455
23,250,258,37,ordinary_default,x1_wrong_sign_true_margin_025,0.00316075323865913
23,250,258,37,ordinary_default,x2_wrong_sign_true_margin_025,0.0415794862663046
23,250,258,37,ordinary_default,mean_absolute_prediction_change,0.331536858608584
23,500,508,43,ordinary_default,cate_correlation,0.569402806887589
23,500,508,43,ordinary_default,cate_rank_correlation,0.774313521051015
23,500,508,43,ordinary_default,sign_reversal,0.3982
23,500,508,43,ordinary_default,strong_reversal_010,0.263066666666667
23,500,508,43,ordinary_default,strong_reversal_025,0.0168333333333333
23,500,508,43,ordinary_default,reversal_given_true_margin_025,0.200997195387971
23,500,508,43,ordinary_default,x1_wrong_sign_true_margin_025,0.00209232960868985
23,500,508,43,ordinary_default,x2_wrong_sign_true_margin_025,0.203089524996661
23,500,508,43,ordinary_default,mean_absolute_prediction_change,0.388089988975429
23,500,508,43,class_sampled_default,cate_correlation,1
23,500,508,43,class_sampled_default,cate_rank_correlation,1
23,500,508,43,class_sampled_default,sign_reversal,0
23,500,508,43,class_sampled_default,strong_reversal_010,0
23,500,508,43,class_sampled_default,strong_reversal_025,0
23,500,508,43,class_sampled_default,reversal_given_true_margin_025,0
23,500,508,43,class_sampled_default,x1_wrong_sign_true_margin_025,0.00876997729599786
23,500,508,43,class_sampled_default,x2_wrong_sign_true_margin_025,0.00876997729599786
23,500,508,43,class_sampled_default,mean_absolute_prediction_change,0
24,40,48,27,ordinary_default,cate_correlation,0.994326431171055
24,40,48,27,ordinary_default,cate_rank_correlation,0.992708420457676
24,40,48,27,ordinary_default,sign_reversal,0.117833333333333
24,40,48,27,ordinary_default,strong_reversal_010,0
24,40,48,27,ordinary_default,strong_reversal_025,0
24,40,48,27,ordinary_default,reversal_given_true_margin_025,0.000400266844563042
24,40,48,27,ordinary_default,x1_wrong_sign_true_margin_025,0.00297976428730265
24,40,48,27,ordinary_default,x2_wrong_sign_true_margin_025,0.00320213475650434
24,40,48,27,ordinary_default,mean_absolute_prediction_change,0.068038519580552
24,100,108,31,ordinary_default,cate_correlation,0.940713914892873
24,100,108,31,ordinary_default,cate_rank_correlation,0.943567887575075
24,100,108,31,ordinary_default,sign_reversal,0.230033333333333
24,100,108,31,ordinary_default,strong_reversal_010,0.1801
24,100,108,31,ordinary_default,strong_reversal_025,0
24,100,108,31,ordinary_default,reversal_given_true_margin_025,0.00253502334889927
24,100,108,31,ordinary_default,x1_wrong_sign_true_margin_025,0.00266844563042028
24,100,108,31,ordinary_default,x2_wrong_sign_true_margin_025,0.00520346897931955
24,100,108,31,ordinary_default,mean_absolute_prediction_change,0.186142127289759
24,250,258,37,ordinary_default,cate_correlation,0.76565511544483
24,250,258,37,ordinary_default,cate_rank_correlation,0.804383323131093
24,250,258,37,ordinary_default,sign_reversal,0.259066666666667
24,250,258,37,ordinary_default,strong_reversal_010,0.237666666666667
24,250,258,37,ordinary_default,strong_reversal_025,0.135133333333333
24,250,258,37,ordinary_default,reversal_given_true_margin_025,0.0160106737825217
24,250,258,37,ordinary_default,x1_wrong_sign_true_margin_025,0.00137869690905048
24,250,258,37,ordinary_default,x2_wrong_sign_true_margin_025,0.0173893706915722
24,250,258,37,ordinary_default,mean_absolute_prediction_change,0.334473454685548
24,500,508,43,ordinary_default,cate_correlation,0.600770722898445
24,500,508,43,ordinary_default,cate_rank_correlation,0.783254299386283
24,500,508,43,ordinary_default,sign_reversal,0.3941
24,500,508,43,ordinary_default,strong_reversal_010,0.249066666666667
24,500,508,43,ordinary_default,strong_reversal_025,0.2076
24,500,508,43,ordinary_default,reversal_given_true_margin_025,0.195018901489882
24,500,508,43,ordinary_default,x1_wrong_sign_true_margin_025,0.000133422281521014
24,500,508,43,ordinary_default,x2_wrong_sign_true_margin_025,0.194974427396042
24,500,508,43,ordinary_default,mean_absolute_prediction_change,0.410995147326367
24,500,508,43,class_sampled_default,cate_correlation,1
24,500,508,43,class_sampled_default,cate_rank_correlation,1
24,500,508,43,class_sampled_default,sign_reversal,0
24,500,508,43,class_sampled_default,strong_reversal_010,0
24,500,508,43,class_sampled_default,strong_reversal_025,0
24,500,508,43,class_sampled_default,reversal_given_true_margin_025,0
24,500,508,43,class_sampled_default,x1_wrong_sign_true_margin_025,0.00231265287969758
24,500,508,43,class_sampled_default,x2_wrong_sign_true_margin_025,0.00231265287969758
24,500,508,43,class_sampled_default,mean_absolute_prediction_change,0
25,40,48,27,ordinary_default,cate_correlation,0.992604165431122
25,40,48,27,ordinary_default,cate_rank_correlation,0.95408406880676
25,40,48,27,ordinary_default,sign_reversal,0.0138666666666667
25,40,48,27,ordinary_default,strong_reversal_010,0
25,40,48,27,ordinary_default,strong_reversal_025,0
25,40,48,27,ordinary_default,reversal_given_true_margin_025,0.00161340922332273
25,40,48,27,ordinary_default,x1_wrong_sign_true_margin_025,0.00878411688253485
25,40,48,27,ordinary_default,x2_wrong_sign_true_margin_025,0.0101286245686371
25,40,48,27,ordinary_default,mean_absolute_prediction_change,0.0771224272680706
25,100,108,31,ordinary_default,cate_correlation,0.928795473134943
25,100,108,31,ordinary_default,cate_rank_correlation,0.830988205676209
25,100,108,31,ordinary_default,sign_reversal,0.196866666666667
25,100,108,31,ordinary_default,strong_reversal_010,0.0237
25,100,108,31,ordinary_default,strong_reversal_025,0
25,100,108,31,ordinary_default,reversal_given_true_margin_025,0.00860484919105454
25,100,108,31,ordinary_default,x1_wrong_sign_true_margin_025,0.0077533276565231
25,100,108,31,ordinary_default,x2_wrong_sign_true_margin_025,0.0163581768475776
25,100,108,31,ordinary_default,mean_absolute_prediction_change,0.198186537824045
25,250,258,37,ordinary_default,cate_correlation,0.716244827057327
25,250,258,37,ordinary_default,cate_rank_correlation,0.787156449850174
25,250,258,37,ordinary_default,sign_reversal,0.434833333333333
25,250,258,37,ordinary_default,strong_reversal_010,0.2171
25,250,258,37,ordinary_default,strong_reversal_025,0.0174333333333333
25,250,258,37,ordinary_default,reversal_given_true_margin_025,0.269708241832116
25,250,258,37,ordinary_default,x1_wrong_sign_true_margin_025,0.000672253843051136
25,250,258,37,ordinary_default,x2_wrong_sign_true_margin_025,0.269842692600726
25,250,258,37,ordinary_default,mean_absolute_prediction_change,0.32844842252191
25,500,508,43,ordinary_default,cate_correlation,0.553004609380597
25,500,508,43,ordinary_default,cate_rank_correlation,0.762488920506321
25,500,508,43,ordinary_default,sign_reversal,0.476566666666667
25,500,508,43,ordinary_default,strong_reversal_010,0.234133333333333
25,500,508,43,ordinary_default,strong_reversal_025,0.0190666666666667
25,500,508,43,ordinary_default,reversal_given_true_margin_025,0.31963429390938
25,500,508,43,ordinary_default,x1_wrong_sign_true_margin_025,0.000582619997310985
25,500,508,43,ordinary_default,x2_wrong_sign_true_margin_025,0.319051673912069
25,500,508,43,ordinary_default,mean_absolute_prediction_change,0.375955408590731
25,500,508,43,class_sampled_default,cate_correlation,1
25,500,508,43,class_sampled_default,cate_rank_correlation,1
25,500,508,43,class_sampled_default,sign_reversal,0
25,500,508,43,class_sampled_default,strong_reversal_010,0
25,500,508,43,class_sampled_default,strong_reversal_025,0
25,500,508,43,class_sampled_default,reversal_given_true_margin_025,0
25,500,508,43,class_sampled_default,x1_wrong_sign_true_margin_025,0.0127728230179716
25,500,508,43,class_sampled_default,x2_wrong_sign_true_margin_025,0.0127728230179716
25,500,508,43,class_sampled_default,mean_absolute_prediction_change,0
26,40,48,27,ordinary_default,cate_correlation,0.991449840661948
26,40,48,27,ordinary_default,cate_rank_correlation,0.988780352665312
26,40,48,27,ordinary_default,sign_reversal,0.213466666666667
26,40,48,27,ordinary_default,strong_reversal_010,3.33333333333333e-05
26,40,48,27,ordinary_default,strong_reversal_025,0
26,40,48,27,ordinary_default,reversal_given_true_margin_025,0.00293033787683701
26,40,48,27,ordinary_default,x1_wrong_sign_true_margin_025,0.00164276517337832
26,40,48,27,ordinary_default,x2_wrong_sign_true_margin_025,0.00457310305021534
26,40,48,27,ordinary_default,mean_absolute_prediction_change,0.076665183818994
26,100,108,31,ordinary_default,cate_correlation,0.917838848505937
26,100,108,31,ordinary_default,cate_rank_correlation,0.853589716163989
26,100,108,31,ordinary_default,sign_reversal,0.253766666666667
26,100,108,31,ordinary_default,strong_reversal_010,0.2339
26,100,108,31,ordinary_default,strong_reversal_025,0
26,100,108,31,ordinary_default,reversal_given_true_margin_025,0.0199795764329796
26,100,108,31,ordinary_default,x1_wrong_sign_true_margin_025,0.000310793411179683
26,100,108,31,ordinary_default,x2_wrong_sign_true_margin_025,0.0202903698441593
26,100,108,31,ordinary_default,mean_absolute_prediction_change,0.196392816880921
26,250,258,37,ordinary_default,cate_correlation,0.722458038617465
26,250,258,37,ordinary_default,cate_rank_correlation,0.793357662966397
26,250,258,37,ordinary_default,sign_reversal,0.4264
26,250,258,37,ordinary_default,strong_reversal_010,0.255533333333333
26,250,258,37,ordinary_default,strong_reversal_025,0.215966666666667
26,250,258,37,ordinary_default,reversal_given_true_margin_025,0.245704391066909
26,250,258,37,ordinary_default,x1_wrong_sign_true_margin_025,0.000443990587399547
26,250,258,37,ordinary_default,x2_wrong_sign_true_margin_025,0.24526040047951
26,250,258,37,ordinary_default,mean_absolute_prediction_change,0.311752508455695
26,500,508,43,ordinary_default,cate_correlation,0.557773672570744
26,500,508,43,ordinary_default,cate_rank_correlation,0.777791165196657
26,500,508,43,ordinary_default,sign_reversal,0.472033333333333
26,500,508,43,ordinary_default,strong_reversal_010,0.304733333333333
26,500,508,43,ordinary_default,strong_reversal_025,0.2287
26,500,508,43,ordinary_default,reversal_given_true_margin_025,0.30391155707499
26,500,508,43,ordinary_default,x1_wrong_sign_true_margin_025,0.000577187763619411
26,500,508,43,ordinary_default,x2_wrong_sign_true_margin_025,0.303334369311371
26,500,508,43,ordinary_default,mean_absolute_prediction_change,0.364228549293133
26,500,508,43,class_sampled_default,cate_correlation,1
26,500,508,43,class_sampled_default,cate_rank_correlation,1
26,500,508,43,class_sampled_default,sign_reversal,0
26,500,508,43,class_sampled_default,strong_reversal_010,0
26,500,508,43,class_sampled_default,strong_reversal_025,0
26,500,508,43,class_sampled_default,reversal_given_true_margin_025,0
26,500,508,43,class_sampled_default,x1_wrong_sign_true_margin_025,0.00182036140833814
26,500,508,43,class_sampled_default,x2_wrong_sign_true_margin_025,0.00182036140833814
26,500,508,43,class_sampled_default,mean_absolute_prediction_change,0
27,40,48,27,ordinary_default,cate_correlation,0.992679597982904
27,40,48,27,ordinary_default,cate_rank_correlation,0.979990655669323
27,40,48,27,ordinary_default,sign_reversal,0.0388666666666667
27,40,48,27,ordinary_default,strong_reversal_010,5e-04
27,40,48,27,ordinary_default,strong_reversal_025,0
27,40,48,27,ordinary_default,reversal_given_true_margin_025,0.00316723914886024
27,40,48,27,ordinary_default,x1_wrong_sign_true_margin_025,0.00071374403354597
27,40,48,27,ordinary_default,x2_wrong_sign_true_margin_025,0.00352411116563322
27,40,48,27,ordinary_default,mean_absolute_prediction_change,0.0802202088818143
27,100,108,31,ordinary_default,cate_correlation,0.931487567915997
27,100,108,31,ordinary_default,cate_rank_correlation,0.847547194403052
27,100,108,31,ordinary_default,sign_reversal,0.195166666666667
27,100,108,31,ordinary_default,strong_reversal_010,0.0732
27,100,108,31,ordinary_default,strong_reversal_025,0
27,100,108,31,ordinary_default,reversal_given_true_margin_025,0.0102600704822233
27,100,108,31,ordinary_default,x1_wrong_sign_true_margin_025,0.0023196681090244
27,100,108,31,ordinary_default,x2_wrong_sign_true_margin_025,0.0081188383815854
27,100,108,31,ordinary_default,mean_absolute_prediction_change,0.195297128668978
27,250,258,37,ordinary_default,cate_correlation,0.743828547994191
27,250,258,37,ordinary_default,cate_rank_correlation,0.788212973505126
27,250,258,37,ordinary_default,sign_reversal,0.392333333333333
27,250,258,37,ordinary_default,strong_reversal_010,0.238566666666667
27,250,258,37,ordinary_default,strong_reversal_025,0.0412333333333333
27,250,258,37,ordinary_default,reversal_given_true_margin_025,0.20145425346835
27,250,258,37,ordinary_default,x1_wrong_sign_true_margin_025,0.00490699023062854
27,250,258,37,ordinary_default,x2_wrong_sign_true_margin_025,0.196636481241915
27,250,258,37,ordinary_default,mean_absolute_prediction_change,0.31868474870924
27,500,508,43,ordinary_default,cate_correlation,0.574174164047622
27,500,508,43,ordinary_default,cate_rank_correlation,0.777410048357122
27,500,508,43,ordinary_default,sign_reversal,0.477933333333333
27,500,508,43,ordinary_default,strong_reversal_010,0.2566
27,500,508,43,ordinary_default,strong_reversal_025,0.0450666666666667
27,500,508,43,ordinary_default,reversal_given_true_margin_025,0.314627291787483
27,500,508,43,ordinary_default,x1_wrong_sign_true_margin_025,0.00727126734174956
27,500,508,43,ordinary_default,x2_wrong_sign_true_margin_025,0.307445242449926
27,500,508,43,ordinary_default,mean_absolute_prediction_change,0.382569507815194
27,500,508,43,class_sampled_default,cate_correlation,1
27,500,508,43,class_sampled_default,cate_rank_correlation,1
27,500,508,43,class_sampled_default,sign_reversal,0
27,500,508,43,class_sampled_default,strong_reversal_010,0
27,500,508,43,class_sampled_default,strong_reversal_025,0
27,500,508,43,class_sampled_default,reversal_given_true_margin_025,0
27,500,508,43,class_sampled_default,x1_wrong_sign_true_margin_025,0.0110630325199625
27,500,508,43,class_sampled_default,x2_wrong_sign_true_margin_025,0.0110630325199625
27,500,508,43,class_sampled_default,mean_absolute_prediction_change,0
28,40,48,27,ordinary_default,cate_correlation,0.992314063678174
28,40,48,27,ordinary_default,cate_rank_correlation,0.991315252446795
28,40,48,27,ordinary_default,sign_reversal,0.210833333333333
28,40,48,27,ordinary_default,strong_reversal_010,0.000333333333333333
28,40,48,27,ordinary_default,strong_reversal_025,0
28,40,48,27,ordinary_default,reversal_given_true_margin_025,0.00373283562191708
28,40,48,27,ordinary_default,x1_wrong_sign_true_margin_025,0.00039994667377683
28,40,48,27,ordinary_default,x2_wrong_sign_true_margin_025,0.00413278229569391
28,40,48,27,ordinary_default,mean_absolute_prediction_change,0.0773703437924918
28,100,108,31,ordinary_default,cate_correlation,0.927506621694266
28,100,108,31,ordinary_default,cate_rank_correlation,0.960165179469961
28,100,108,31,ordinary_default,sign_reversal,0.2527
28,100,108,31,ordinary_default,strong_reversal_010,0.238633333333333
28,100,108,31,ordinary_default,strong_reversal_025,0
28,100,108,31,ordinary_default,reversal_given_true_margin_025,0.0111096298271342
28,100,108,31,ordinary_default,x1_wrong_sign_true_margin_025,0.00039994667377683
28,100,108,31,ordinary_default,x2_wrong_sign_true_margin_025,0.0113318224236768
28,100,108,31,ordinary_default,mean_absolute_prediction_change,0.195366910776249
28,250,258,37,ordinary_default,cate_correlation,0.749036263124155
28,250,258,37,ordinary_default,cate_rank_correlation,0.805492655174547
28,250,258,37,ordinary_default,sign_reversal,0.269033333333333
28,250,258,37,ordinary_default,strong_reversal_010,0.251666666666667
28,250,258,37,ordinary_default,strong_reversal_025,0.176966666666667
28,250,258,37,ordinary_default,reversal_given_true_margin_025,0.0287072834733147
28,250,258,37,ordinary_default,x1_wrong_sign_true_margin_025,0.000577700751010976
28,250,258,37,ordinary_default,x2_wrong_sign_true_margin_025,0.028485090876772
28,250,258,37,ordinary_default,mean_absolute_prediction_change,0.315346740829961
28,500,508,43,ordinary_default,cate_correlation,0.586319785848277
28,500,508,43,ordinary_default,cate_rank_correlation,0.780837472970264
28,500,508,43,ordinary_default,sign_reversal,0.415966666666667
28,500,508,43,ordinary_default,strong_reversal_010,0.2582
28,500,508,43,ordinary_default,strong_reversal_025,0.2284
28,500,508,43,ordinary_default,reversal_given_true_margin_025,0.224503399546727
28,500,508,43,ordinary_default,x1_wrong_sign_true_margin_025,0.00119984002133049
28,500,508,43,ordinary_default,x2_wrong_sign_true_margin_025,0.223659067679865
28,500,508,43,ordinary_default,mean_absolute_prediction_change,0.38628734774149
28,500,508,43,class_sampled_default,cate_correlation,1
28,500,508,43,class_sampled_default,cate_rank_correlation,1
28,500,508,43,class_sampled_default,sign_reversal,0
28,500,508,43,class_sampled_default,strong_reversal_010,0
28,500,508,43,class_sampled_default,strong_reversal_025,0
28,500,508,43,class_sampled_default,reversal_given_true_margin_025,0
28,500,508,43,class_sampled_default,x1_wrong_sign_true_margin_025,0.00826556459138782
28,500,508,43,class_sampled_default,x2_wrong_sign_true_margin_025,0.00826556459138782
28,500,508,43,class_sampled_default,mean_absolute_prediction_change,0
29,40,48,27,ordinary_default,cate_correlation,0.993073568876465
29,40,48,27,ordinary_default,cate_rank_correlation,0.99072103837769
29,40,48,27,ordinary_default,sign_reversal,0.1177
29,40,48,27,ordinary_default,strong_reversal_010,0
29,40,48,27,ordinary_default,strong_reversal_025,0
29,40,48,27,ordinary_default,reversal_given_true_margin_025,0.000932960149273624
29,40,48,27,ordinary_default,x1_wrong_sign_true_margin_025,0.00111066684437336
29,40,48,27,ordinary_default,x2_wrong_sign_true_margin_025,0.000621973432849083
29,40,48,27,ordinary_default,mean_absolute_prediction_change,0.0759688451118951
29,100,108,31,ordinary_default,cate_correlation,0.923954698742934
29,100,108,31,ordinary_default,cate_rank_correlation,0.827182898612425
29,100,108,31,ordinary_default,sign_reversal,0.2443
29,100,108,31,ordinary_default,strong_reversal_010,0.2162
29,100,108,31,ordinary_default,strong_reversal_025,0
29,100,108,31,ordinary_default,reversal_given_true_margin_025,0.00848549469101248
29,100,108,31,ordinary_default,x1_wrong_sign_true_margin_025,0.00133280021324803
29,100,108,31,ordinary_default,x2_wrong_sign_true_margin_025,0.00715269447776445
29,100,108,31,ordinary_default,mean_absolute_prediction_change,0.209038236929496
29,250,258,37,ordinary_default,cate_correlation,0.732820255168207
29,250,258,37,ordinary_default,cate_rank_correlation,0.794708812632788
29,250,258,37,ordinary_default,sign_reversal,0.4099
29,250,258,37,ordinary_default,strong_reversal_010,0.2516
29,250,258,37,ordinary_default,strong_reversal_025,0.1952
29,250,258,37,ordinary_default,reversal_given_true_margin_025,0.222888622328846
29,250,258,37,ordinary_default,x1_wrong_sign_true_margin_025,0.00177706695099738
29,250,258,37,ordinary_default,x2_wrong_sign_true_margin_025,0.221111555377849
29,250,258,37,ordinary_default,mean_absolute_prediction_change,0.331037387714998
29,500,508,43,ordinary_default,cate_correlation,0.557489233054785
29,500,508,43,ordinary_default,cate_rank_correlation,0.785152269307947
29,500,508,43,ordinary_default,sign_reversal,0.485566666666667
29,500,508,43,ordinary_default,strong_reversal_010,0.372066666666667
29,500,508,43,ordinary_default,strong_reversal_025,0.227933333333333
29,500,508,43,ordinary_default,reversal_given_true_margin_025,0.322893064996224
29,500,508,43,ordinary_default,x1_wrong_sign_true_margin_025,0.00199920031987205
29,500,508,43,ordinary_default,x2_wrong_sign_true_margin_025,0.320893864676352
29,500,508,43,ordinary_default,mean_absolute_prediction_change,0.404047831062204
29,500,508,43,class_sampled_default,cate_correlation,1
29,500,508,43,class_sampled_default,cate_rank_correlation,1
29,500,508,43,class_sampled_default,sign_reversal,0
29,500,508,43,class_sampled_default,strong_reversal_010,0
29,500,508,43,class_sampled_default,strong_reversal_025,0
29,500,508,43,class_sampled_default,reversal_given_true_margin_025,0
29,500,508,43,class_sampled_default,x1_wrong_sign_true_margin_025,0.00346528055444489
29,500,508,43,class_sampled_default,x2_wrong_sign_true_margin_025,0.00346528055444489
29,500,508,43,class_sampled_default,mean_absolute_prediction_change,0
30,40,48,27,ordinary_default,cate_correlation,0.992087582708344
30,40,48,27,ordinary_default,cate_rank_correlation,0.942988814621988
30,40,48,27,ordinary_default,sign_reversal,0.0510666666666667
30,40,48,27,ordinary_default,strong_reversal_010,0.000266666666666667
30,40,48,27,ordinary_default,strong_reversal_025,0
30,40,48,27,ordinary_default,reversal_given_true_margin_025,0.00283436669619132
30,40,48,27,ordinary_default,x1_wrong_sign_true_margin_025,0.004162976085031
30,40,48,27,ordinary_default,x2_wrong_sign_true_margin_025,0.00699734278122232
30,40,48,27,ordinary_default,mean_absolute_prediction_change,0.0795143947631151
30,100,108,31,ordinary_default,cate_correlation,0.922105888090323
30,100,108,31,ordinary_default,cate_rank_correlation,0.80905278392117
30,100,108,31,ordinary_default,sign_reversal,0.245633333333333
30,100,108,31,ordinary_default,strong_reversal_010,0.09
30,100,108,31,ordinary_default,strong_reversal_025,0
30,100,108,31,ordinary_default,reversal_given_true_margin_025,0.0198848538529672
30,100,108,31,ordinary_default,x1_wrong_sign_true_margin_025,0.000974313551815766
30,100,108,31,ordinary_default,x2_wrong_sign_true_margin_025,0.020859167404783
30,100,108,31,ordinary_default,mean_absolute_prediction_change,0.214284598766261
30,250,258,37,ordinary_default,cate_correlation,0.72998683013809
30,250,258,37,ordinary_default,cate_rank_correlation,0.799912254603902
30,250,258,37,ordinary_default,sign_reversal,0.469833333333333
30,250,258,37,ordinary_default,strong_reversal_010,0.3055
30,250,258,37,ordinary_default,strong_reversal_025,0.0245333333333333
30,250,258,37,ordinary_default,reversal_given_true_margin_025,0.30637732506643
30,250,258,37,ordinary_default,x1_wrong_sign_true_margin_025,0.000354295837023915
30,250,258,37,ordinary_default,x2_wrong_sign_true_margin_025,0.306023029229407
30,250,258,37,ordinary_default,mean_absolute_prediction_change,0.33658978292215
30,500,508,43,ordinary_default,cate_correlation,0.557678375013163
30,500,508,43,ordinary_default,cate_rank_correlation,0.788721237723024
30,500,508,43,ordinary_default,sign_reversal,0.484166666666667
30,500,508,43,ordinary_default,strong_reversal_010,0.454466666666667
30,500,508,43,ordinary_default,strong_reversal_025,0.1225
30,500,508,43,ordinary_default,reversal_given_true_margin_025,0.321789193976971
30,500,508,43,ordinary_default,x1_wrong_sign_true_margin_025,0.000885739592559787
30,500,508,43,ordinary_default,x2_wrong_sign_true_margin_025,0.320903454384411
30,500,508,43,ordinary_default,mean_absolute_prediction_change,0.392985653711755
30,500,508,43,class_sampled_default,cate_correlation,1
30,500,508,43,class_sampled_default,cate_rank_correlation,1
30,500,508,43,class_sampled_default,sign_reversal,0
30,500,508,43,class_sampled_default,strong_reversal_010,0
30,500,508,43,class_sampled_default,strong_reversal_025,0
30,500,508,43,class_sampled_default,reversal_given_true_margin_025,0
30,500,508,43,class_sampled_default,x1_wrong_sign_true_margin_025,0.00141718334809566
30,500,508,43,class_sampled_default,x2_wrong_sign_true_margin_025,0.00141718334809566
30,500,508,43,class_sampled_default,mean_absolute_prediction_change,0
31,40,48,27,ordinary_default,cate_correlation,0.993047779762458
31,40,48,27,ordinary_default,cate_rank_correlation,0.848452481077836
31,40,48,27,ordinary_default,sign_reversal,0.0139333333333333
31,40,48,27,ordinary_default,strong_reversal_010,0
31,40,48,27,ordinary_default,strong_reversal_025,0
31,40,48,27,ordinary_default,reversal_given_true_margin_025,0.0112599581645823
31,40,48,27,ordinary_default,x1_wrong_sign_true_margin_025,0.0060527838355067
31,40,48,27,ordinary_default,x2_wrong_sign_true_margin_025,0.017312742000089
31,40,48,27,ordinary_default,mean_absolute_prediction_change,0.0758371084846337
31,100,108,31,ordinary_default,cate_correlation,0.925349303246544
31,100,108,31,ordinary_default,cate_rank_correlation,0.797956088155062
31,100,108,31,ordinary_default,sign_reversal,0.1728
31,100,108,31,ordinary_default,strong_reversal_010,0.022
31,100,108,31,ordinary_default,strong_reversal_025,0
31,100,108,31,ordinary_default,reversal_given_true_margin_025,0.0834928123191953
31,100,108,31,ordinary_default,x1_wrong_sign_true_margin_025,0.000178023053985491
31,100,108,31,ordinary_default,x2_wrong_sign_true_margin_025,0.0836708353731808
31,100,108,31,ordinary_default,mean_absolute_prediction_change,0.208737930619602
31,250,258,37,ordinary_default,cate_correlation,0.722013398977187
31,250,258,37,ordinary_default,cate_rank_correlation,0.784345502246606
31,250,258,37,ordinary_default,sign_reversal,0.4948
31,250,258,37,ordinary_default,strong_reversal_010,0.459566666666667
31,250,258,37,ordinary_default,strong_reversal_025,0.0086
31,250,258,37,ordinary_default,reversal_given_true_margin_025,0.328942098001691
31,250,258,37,ordinary_default,x1_wrong_sign_true_margin_025,4.45057634963728e-05
31,250,258,37,ordinary_default,x2_wrong_sign_true_margin_025,0.328897592238195
31,250,258,37,ordinary_default,mean_absolute_prediction_change,0.33822633246484
31,500,508,43,ordinary_default,cate_correlation,0.557063388494973
31,500,508,43,ordinary_default,cate_rank_correlation,0.772662116630513
31,500,508,43,ordinary_default,sign_reversal,0.4977
31,500,508,43,ordinary_default,strong_reversal_010,0.484266666666667
31,500,508,43,ordinary_default,strong_reversal_025,0.0205
31,500,508,43,ordinary_default,reversal_given_true_margin_025,0.331834972628955
31,500,508,43,ordinary_default,x1_wrong_sign_true_margin_025,0.000356046107970982
31,500,508,43,ordinary_default,x2_wrong_sign_true_margin_025,0.331567938047977
31,500,508,43,ordinary_default,mean_absolute_prediction_change,0.378896752945252
31,500,508,43,class_sampled_default,cate_correlation,1
31,500,508,43,class_sampled_default,cate_rank_correlation,1
31,500,508,43,class_sampled_default,sign_reversal,0
31,500,508,43,class_sampled_default,strong_reversal_010,0
31,500,508,43,class_sampled_default,strong_reversal_025,0
31,500,508,43,class_sampled_default,reversal_given_true_margin_025,0
31,500,508,43,class_sampled_default,x1_wrong_sign_true_margin_025,0.00449508211313365
31,500,508,43,class_sampled_default,x2_wrong_sign_true_margin_025,0.00449508211313365
31,500,508,43,class_sampled_default,mean_absolute_prediction_change,0
32,40,48,27,ordinary_default,cate_correlation,0.990819139106348
32,40,48,27,ordinary_default,cate_rank_correlation,0.995210380063123
32,40,48,27,ordinary_default,sign_reversal,0.150133333333333
32,40,48,27,ordinary_default,strong_reversal_010,0.000433333333333333
32,40,48,27,ordinary_default,strong_reversal_025,0
32,40,48,27,ordinary_default,reversal_given_true_margin_025,0.00156368672653353
32,40,48,27,ordinary_default,x1_wrong_sign_true_margin_025,0.00227851494437743
32,40,48,27,ordinary_default,x2_wrong_sign_true_margin_025,0.00205513112630121
32,40,48,27,ordinary_default,mean_absolute_prediction_change,0.0809059501756038
32,100,108,31,ordinary_default,cate_correlation,0.92242557646653
32,100,108,31,ordinary_default,cate_rank_correlation,0.928269538380744
32,100,108,31,ordinary_default,sign_reversal,0.2462
32,100,108,31,ordinary_default,strong_reversal_010,0.2032
32,100,108,31,ordinary_default,strong_reversal_025,0
32,100,108,31,ordinary_default,reversal_given_true_margin_025,0.0106777465040432
32,100,108,31,ordinary_default,x1_wrong_sign_true_margin_025,0.00321672698029755
32,100,108,31,ordinary_default,x2_wrong_sign_true_margin_025,0.0081758477415896
32,100,108,31,ordinary_default,mean_absolute_prediction_change,0.194223085483221
32,250,258,37,ordinary_default,cate_correlation,0.730044675345025
32,250,258,37,ordinary_default,cate_rank_correlation,0.804218813778021
32,250,258,37,ordinary_default,sign_reversal,0.3197
32,250,258,37,ordinary_default,strong_reversal_010,0.245233333333333
32,250,258,37,ordinary_default,strong_reversal_025,0.1191
32,250,258,37,ordinary_default,reversal_given_true_margin_025,0.0971719608631551
32,250,258,37,ordinary_default,x1_wrong_sign_true_margin_025,0.00558459545190546
32,250,258,37,ordinary_default,x2_wrong_sign_true_margin_025,0.0923021936290935
32,250,258,37,ordinary_default,mean_absolute_prediction_change,0.31832530472117
32,500,508,43,ordinary_default,cate_correlation,0.574038982877742
32,500,508,43,ordinary_default,cate_rank_correlation,0.785113732119015
32,500,508,43,ordinary_default,sign_reversal,0.434033333333333
32,500,508,43,ordinary_default,strong_reversal_010,0.2558
32,500,508,43,ordinary_default,strong_reversal_025,0.151366666666667
32,500,508,43,ordinary_default,reversal_given_true_margin_025,0.24929634097306
32,500,508,43,ordinary_default,x1_wrong_sign_true_margin_025,0.00701425188759326
32,500,508,43,ordinary_default,x2_wrong_sign_true_margin_025,0.242996917303311
32,500,508,43,ordinary_default,mean_absolute_prediction_change,0.381957915882924
32,500,508,43,class_sampled_default,cate_correlation,1
32,500,508,43,class_sampled_default,cate_rank_correlation,1
32,500,508,43,class_sampled_default,sign_reversal,0
32,500,508,43,class_sampled_default,strong_reversal_010,0
32,500,508,43,class_sampled_default,strong_reversal_025,0
32,500,508,43,class_sampled_default,reversal_given_true_margin_025,0
32,500,508,43,class_sampled_default,x1_wrong_sign_true_margin_025,0.0138051199571103
32,500,508,43,class_sampled_default,x2_wrong_sign_true_margin_025,0.0138051199571103
32,500,508,43,class_sampled_default,mean_absolute_prediction_change,0
33,40,48,27,ordinary_default,cate_correlation,0.992004678119732
33,40,48,27,ordinary_default,cate_rank_correlation,0.929249866294278
33,40,48,27,ordinary_default,sign_reversal,0.120033333333333
33,40,48,27,ordinary_default,strong_reversal_010,1e-04
33,40,48,27,ordinary_default,strong_reversal_025,0
33,40,48,27,ordinary_default,reversal_given_true_margin_025,0.0151394068549103
33,40,48,27,ordinary_default,x1_wrong_sign_true_margin_025,0.00643757769490321
33,40,48,27,ordinary_default,x2_wrong_sign_true_margin_025,0.0213106020245072
33,40,48,27,ordinary_default,mean_absolute_prediction_change,0.0744179010655004
33,100,108,31,ordinary_default,cate_correlation,0.921142402600385
33,100,108,31,ordinary_default,cate_rank_correlation,0.810489686744989
33,100,108,31,ordinary_default,sign_reversal,0.3534
33,100,108,31,ordinary_default,strong_reversal_010,0.1274
33,100,108,31,ordinary_default,strong_reversal_025,0
33,100,108,31,ordinary_default,reversal_given_true_margin_025,0.160983839460131
33,100,108,31,ordinary_default,x1_wrong_sign_true_margin_025,0.00142070680163381
33,100,108,31,ordinary_default,x2_wrong_sign_true_margin_025,0.159563132658498
33,100,108,31,ordinary_default,mean_absolute_prediction_change,0.199264302508001
33,250,258,37,ordinary_default,cate_correlation,0.716617661461327
33,250,258,37,ordinary_default,cate_rank_correlation,0.793247752948053
33,250,258,37,ordinary_default,sign_reversal,0.488533333333333
33,250,258,37,ordinary_default,strong_reversal_010,0.434833333333333
33,250,258,37,ordinary_default,strong_reversal_025,0.0189
33,250,258,37,ordinary_default,reversal_given_true_margin_025,0.329914757591902
33,250,258,37,ordinary_default,x1_wrong_sign_true_margin_025,0.00324098739122714
33,250,258,37,ordinary_default,x2_wrong_sign_true_margin_025,0.326673770200675
33,250,258,37,ordinary_default,mean_absolute_prediction_change,0.321518184749843
33,500,508,43,ordinary_default,cate_correlation,0.548615463961427
33,500,508,43,ordinary_default,cate_rank_correlation,0.782395606360884
33,500,508,43,ordinary_default,sign_reversal,0.491566666666667
33,500,508,43,ordinary_default,strong_reversal_010,0.4695
33,500,508,43,ordinary_default,strong_reversal_025,0.0619
33,500,508,43,ordinary_default,reversal_given_true_margin_025,0.332090214881904
33,500,508,43,ordinary_default,x1_wrong_sign_true_margin_025,0.0039957378795951
33,500,508,43,ordinary_default,x2_wrong_sign_true_margin_025,0.328094477002309
33,500,508,43,ordinary_default,mean_absolute_prediction_change,0.36375771561824
33,500,508,43,class_sampled_default,cate_correlation,1
33,500,508,43,class_sampled_default,cate_rank_correlation,1
33,500,508,43,class_sampled_default,sign_reversal,0
33,500,508,43,class_sampled_default,strong_reversal_010,0
33,500,508,43,class_sampled_default,strong_reversal_025,0
33,500,508,43,class_sampled_default,reversal_given_true_margin_025,0
33,500,508,43,class_sampled_default,x1_wrong_sign_true_margin_025,0.00248623690285917
33,500,508,43,class_sampled_default,x2_wrong_sign_true_margin_025,0.00248623690285917
33,500,508,43,class_sampled_default,mean_absolute_prediction_change,0
34,40,48,27,ordinary_default,cate_correlation,0.995159931262849
34,40,48,27,ordinary_default,cate_rank_correlation,0.991933523635926
34,40,48,27,ordinary_default,sign_reversal,0.161066666666667
34,40,48,27,ordinary_default,strong_reversal_010,3.33333333333333e-05
34,40,48,27,ordinary_default,strong_reversal_025,0
34,40,48,27,ordinary_default,reversal_given_true_margin_025,0.00279428723498625
34,40,48,27,ordinary_default,x1_wrong_sign_true_margin_025,0.00696354120464828
34,40,48,27,ordinary_default,x2_wrong_sign_true_margin_025,0.00975782843963452
34,40,48,27,ordinary_default,mean_absolute_prediction_change,0.0662019372539919
34,100,108,31,ordinary_default,cate_correlation,0.940424685939622
34,100,108,31,ordinary_default,cate_rank_correlation,0.929732832934814
34,100,108,31,ordinary_default,sign_reversal,0.241733333333333
34,100,108,31,ordinary_default,strong_reversal_010,0.2233
34,100,108,31,ordinary_default,strong_reversal_025,0
34,100,108,31,ordinary_default,reversal_given_true_margin_025,0.00975782843963452
34,100,108,31,ordinary_default,x1_wrong_sign_true_margin_025,0.00399183890712321
34,100,108,31,ordinary_default,x2_wrong_sign_true_margin_025,0.0137496673467577
34,100,108,31,ordinary_default,mean_absolute_prediction_change,0.191731123135309
34,250,258,37,ordinary_default,cate_correlation,0.765544598977619
34,250,258,37,ordinary_default,cate_rank_correlation,0.79391217431368
34,250,258,37,ordinary_default,sign_reversal,0.292566666666667
34,250,258,37,ordinary_default,strong_reversal_010,0.248366666666667
34,250,258,37,ordinary_default,strong_reversal_025,0.1906
34,250,258,37,ordinary_default,reversal_given_true_margin_025,0.0619178568260445
34,250,258,37,ordinary_default,x1_wrong_sign_true_margin_025,0.00217333451610042
34,250,258,37,ordinary_default,x2_wrong_sign_true_margin_025,0.0640911913421449
34,250,258,37,ordinary_default,mean_absolute_prediction_change,0.325758089857735
34,500,508,43,ordinary_default,cate_correlation,0.609422700270662
34,500,508,43,ordinary_default,cate_rank_correlation,0.780704123855005
34,500,508,43,ordinary_default,sign_reversal,0.455466666666667
34,500,508,43,ordinary_default,strong_reversal_010,0.257166666666667
34,500,508,43,ordinary_default,strong_reversal_025,0.221233333333333
34,500,508,43,ordinary_default,reversal_given_true_margin_025,0.277255388982525
34,500,508,43,ordinary_default,x1_wrong_sign_true_margin_025,0.00155238179721458
34,500,508,43,ordinary_default,x2_wrong_sign_true_margin_025,0.278807770779739
34,500,508,43,ordinary_default,mean_absolute_prediction_change,0.40003168748113
34,500,508,43,class_sampled_default,cate_correlation,1
34,500,508,43,class_sampled_default,cate_rank_correlation,1
34,500,508,43,class_sampled_default,sign_reversal,0
34,500,508,43,class_sampled_default,strong_reversal_010,0
34,500,508,43,class_sampled_default,strong_reversal_025,0
34,500,508,43,class_sampled_default,reversal_given_true_margin_025,0
34,500,508,43,class_sampled_default,x1_wrong_sign_true_margin_025,0.00159673556284929
34,500,508,43,class_sampled_default,x2_wrong_sign_true_margin_025,0.00159673556284929
34,500,508,43,class_sampled_default,mean_absolute_prediction_change,0
35,40,48,27,ordinary_default,cate_correlation,0.993289657325765
35,40,48,27,ordinary_default,cate_rank_correlation,0.965039971574933
35,40,48,27,ordinary_default,sign_reversal,0.220433333333333
35,40,48,27,ordinary_default,strong_reversal_010,4e-04
35,40,48,27,ordinary_default,strong_reversal_025,0
35,40,48,27,ordinary_default,reversal_given_true_margin_025,0.0353497080194357
35,40,48,27,ordinary_default,x1_wrong_sign_true_margin_025,0.00592876565773637
35,40,48,27,ordinary_default,x2_wrong_sign_true_margin_025,0.041189319306379
35,40,48,27,ordinary_default,mean_absolute_prediction_change,0.0728683358788786
35,100,108,31,ordinary_default,cate_correlation,0.921106904228281
35,100,108,31,ordinary_default,cate_rank_correlation,0.805168438781743
35,100,108,31,ordinary_default,sign_reversal,0.342366666666667
35,100,108,31,ordinary_default,strong_reversal_010,0.2618
35,100,108,31,ordinary_default,strong_reversal_025,0
35,100,108,31,ordinary_default,reversal_given_true_margin_025,0.142290375785673
35,100,108,31,ordinary_default,x1_wrong_sign_true_margin_025,0.000757812151740739
35,100,108,31,ordinary_default,x2_wrong_sign_true_margin_025,0.141710872375518
35,100,108,31,ordinary_default,mean_absolute_prediction_change,0.207100808126977
35,250,258,37,ordinary_default,cate_correlation,0.730086426405051
35,250,258,37,ordinary_default,cate_rank_correlation,0.789360272660178
35,250,258,37,ordinary_default,sign_reversal,0.4831
35,250,258,37,ordinary_default,strong_reversal_010,0.4235
35,250,258,37,ordinary_default,strong_reversal_025,0.183166666666667
35,250,258,37,ordinary_default,reversal_given_true_margin_025,0.320420808630143
35,250,258,37,ordinary_default,x1_wrong_sign_true_margin_025,0.00200597334284313
35,250,258,37,ordinary_default,x2_wrong_sign_true_margin_025,0.318593144028886
35,250,258,37,ordinary_default,mean_absolute_prediction_change,0.324748205813381
35,500,508,43,ordinary_default,cate_correlation,0.562892680271669
35,500,508,43,ordinary_default,cate_rank_correlation,0.77199750267733
35,500,508,43,ordinary_default,sign_reversal,0.489366666666667
35,500,508,43,ordinary_default,strong_reversal_010,0.470566666666667
35,500,508,43,ordinary_default,strong_reversal_025,0.243533333333333
35,500,508,43,ordinary_default,reversal_given_true_margin_025,0.32416529220345
35,500,508,43,ordinary_default,x1_wrong_sign_true_margin_025,0.00249632238220479
35,500,508,43,ordinary_default,x2_wrong_sign_true_margin_025,0.321847278562832
35,500,508,43,ordinary_default,mean_absolute_prediction_change,0.374467130969609
35,500,508,43,class_sampled_default,cate_correlation,1
35,500,508,43,class_sampled_default,cate_rank_correlation,1
35,500,508,43,class_sampled_default,sign_reversal,0
35,500,508,43,class_sampled_default,strong_reversal_010,0
35,500,508,43,class_sampled_default,strong_reversal_025,0
35,500,508,43,class_sampled_default,reversal_given_true_margin_025,0
35,500,508,43,class_sampled_default,x1_wrong_sign_true_margin_025,0.00258547675299782
35,500,508,43,class_sampled_default,x2_wrong_sign_true_margin_025,0.00258547675299782
35,500,508,43,class_sampled_default,mean_absolute_prediction_change,0
36,40,48,27,ordinary_default,cate_correlation,0.989629822454909
36,40,48,27,ordinary_default,cate_rank_correlation,0.989200080663556
36,40,48,27,ordinary_default,sign_reversal,0.178666666666667
36,40,48,27,ordinary_default,strong_reversal_010,0.000166666666666667
36,40,48,27,ordinary_default,strong_reversal_025,0
36,40,48,27,ordinary_default,reversal_given_true_margin_025,0.000356585691999109
36,40,48,27,ordinary_default,x1_wrong_sign_true_margin_025,0.00129262313349677
36,40,48,27,ordinary_default,x2_wrong_sign_true_margin_025,0.00164920882549588
36,40,48,27,ordinary_default,mean_absolute_prediction_change,0.0823625034649108
36,100,108,31,ordinary_default,cate_correlation,0.907345693247054
36,100,108,31,ordinary_default,cate_rank_correlation,0.824770325932856
36,100,108,31,ordinary_default,sign_reversal,0.247633333333333
36,100,108,31,ordinary_default,strong_reversal_010,0.226
36,100,108,31,ordinary_default,strong_reversal_025,0
36,100,108,31,ordinary_default,reversal_given_true_margin_025,0.0145308669489637
36,100,108,31,ordinary_default,x1_wrong_sign_true_margin_025,0.000401158903498997
36,100,108,31,ordinary_default,x2_wrong_sign_true_margin_025,0.0143080008914642
36,100,108,31,ordinary_default,mean_absolute_prediction_change,0.205336481093695
36,250,258,37,ordinary_default,cate_correlation,0.700505810644999
36,250,258,37,ordinary_default,cate_rank_correlation,0.793723066849915
36,250,258,37,ordinary_default,sign_reversal,0.4361
36,250,258,37,ordinary_default,strong_reversal_010,0.251566666666667
36,250,258,37,ordinary_default,strong_reversal_025,0.1608
36,250,258,37,ordinary_default,reversal_given_true_margin_025,0.258658346333853
36,250,258,37,ordinary_default,x1_wrong_sign_true_margin_025,0.00062402496099844
36,250,258,37,ordinary_default,x2_wrong_sign_true_margin_025,0.258034321372855
36,250,258,37,ordinary_default,mean_absolute_prediction_change,0.319998478690111
36,500,508,43,ordinary_default,cate_correlation,0.537302076344575
36,500,508,43,ordinary_default,cate_rank_correlation,0.775089195160766
36,500,508,43,ordinary_default,sign_reversal,0.479833333333333
36,500,508,43,ordinary_default,strong_reversal_010,0.3047
36,500,508,43,ordinary_default,strong_reversal_025,0.222133333333333
36,500,508,43,ordinary_default,reversal_given_true_margin_025,0.314464007131714
36,500,508,43,ordinary_default,x1_wrong_sign_true_margin_025,0.0011589034989971
36,500,508,43,ordinary_default,x2_wrong_sign_true_margin_025,0.313305103632717
36,500,508,43,ordinary_default,mean_absolute_prediction_change,0.374406854907686
36,500,508,43,class_sampled_default,cate_correlation,1
36,500,508,43,class_sampled_default,cate_rank_correlation,1
36,500,508,43,class_sampled_default,sign_reversal,0
36,500,508,43,class_sampled_default,strong_reversal_010,0
36,500,508,43,class_sampled_default,strong_reversal_025,0
36,500,508,43,class_sampled_default,reversal_given_true_margin_025,0
36,500,508,43,class_sampled_default,x1_wrong_sign_true_margin_025,0.00240695342099398
36,500,508,43,class_sampled_default,x2_wrong_sign_true_margin_025,0.00240695342099398
36,500,508,43,class_sampled_default,mean_absolute_prediction_change,0
37,40,48,27,ordinary_default,cate_correlation,0.993678577462549
37,40,48,27,ordinary_default,cate_rank_correlation,0.950040617078267
37,40,48,27,ordinary_default,sign_reversal,0.00423333333333333
37,40,48,27,ordinary_default,strong_reversal_010,0
37,40,48,27,ordinary_default,strong_reversal_025,0
37,40,48,27,ordinary_default,reversal_given_true_margin_025,0.00289120185036918
37,40,48,27,ordinary_default,x1_wrong_sign_true_margin_025,0.00142336091095098
37,40,48,27,ordinary_default,x2_wrong_sign_true_margin_025,0.00422560270438573
37,40,48,27,ordinary_default,mean_absolute_prediction_change,0.0678169431857624
37,100,108,31,ordinary_default,cate_correlation,0.927231134329939
37,100,108,31,ordinary_default,cate_rank_correlation,0.822751881178169
37,100,108,31,ordinary_default,sign_reversal,0.0422333333333333
37,100,108,31,ordinary_default,strong_reversal_010,0.00203333333333333
37,100,108,31,ordinary_default,strong_reversal_025,0
37,100,108,31,ordinary_default,reversal_given_true_margin_025,0.00969664620585357
37,100,108,31,ordinary_default,x1_wrong_sign_true_margin_025,0.00222400142336091
37,100,108,31,ordinary_default,x2_wrong_sign_true_margin_025,0.00747264478249266
37,100,108,31,ordinary_default,mean_absolute_prediction_change,0.1882956833959
37,250,258,37,ordinary_default,cate_correlation,0.72166251066145
37,250,258,37,ordinary_default,cate_rank_correlation,0.787150508444389
37,250,258,37,ordinary_default,sign_reversal,0.242633333333333
37,250,258,37,ordinary_default,strong_reversal_010,0.109266666666667
37,250,258,37,ordinary_default,strong_reversal_025,0
37,250,258,37,ordinary_default,reversal_given_true_margin_025,0.0255760163686505
37,250,258,37,ordinary_default,x1_wrong_sign_true_margin_025,0.0065830442131483
37,250,258,37,ordinary_default,x2_wrong_sign_true_margin_025,0.0189929721555022
37,250,258,37,ordinary_default,mean_absolute_prediction_change,0.30577947597438
37,500,508,43,ordinary_default,cate_correlation,0.555185946317131
37,500,508,43,ordinary_default,cate_rank_correlation,0.769659610274733
37,500,508,43,ordinary_default,sign_reversal,0.438833333333333
37,500,508,43,ordinary_default,strong_reversal_010,0.2181
37,500,508,43,ordinary_default,strong_reversal_025,0
37,500,508,43,ordinary_default,reversal_given_true_margin_025,0.280046259229606
37,500,508,43,ordinary_default,x1_wrong_sign_true_margin_025,0.00693888444088604
37,500,508,43,ordinary_default,x2_wrong_sign_true_margin_025,0.27310737478872
37,500,508,43,ordinary_default,mean_absolute_prediction_change,0.345622304395606
37,500,508,43,class_sampled_default,cate_correlation,1
37,500,508,43,class_sampled_default,cate_rank_correlation,1
37,500,508,43,class_sampled_default,sign_reversal,0
37,500,508,43,class_sampled_default,strong_reversal_010,0
37,500,508,43,class_sampled_default,strong_reversal_025,0
37,500,508,43,class_sampled_default,reversal_given_true_margin_025,0
37,500,508,43,class_sampled_default,x1_wrong_sign_true_margin_025,0.0152566497642558
37,500,508,43,class_sampled_default,x2_wrong_sign_true_margin_025,0.0152566497642558
37,500,508,43,class_sampled_default,mean_absolute_prediction_change,0
38,40,48,27,ordinary_default,cate_correlation,0.99315588575835
38,40,48,27,ordinary_default,cate_rank_correlation,0.991829004125588
38,40,48,27,ordinary_default,sign_reversal,0.0748666666666667
38,40,48,27,ordinary_default,strong_reversal_010,0.000333333333333333
38,40,48,27,ordinary_default,strong_reversal_025,0
38,40,48,27,ordinary_default,reversal_given_true_margin_025,0.00364768683274021
38,40,48,27,ordinary_default,x1_wrong_sign_true_margin_025,0.00391459074733096
38,40,48,27,ordinary_default,x2_wrong_sign_true_margin_025,0.00756227758007117
38,40,48,27,ordinary_default,mean_absolute_prediction_change,0.0713909656340872
38,100,108,31,ordinary_default,cate_correlation,0.939717459872293
38,100,108,31,ordinary_default,cate_rank_correlation,0.974083375860981
38,100,108,31,ordinary_default,sign_reversal,0.241466666666667
38,100,108,31,ordinary_default,strong_reversal_010,0.110266666666667
38,100,108,31,ordinary_default,strong_reversal_025,0
38,100,108,31,ordinary_default,reversal_given_true_margin_025,0.0108985765124555
38,100,108,31,ordinary_default,x1_wrong_sign_true_margin_025,0.00120106761565836
38,100,108,31,ordinary_default,x2_wrong_sign_true_margin_025,0.0113879003558719
38,100,108,31,ordinary_default,mean_absolute_prediction_change,0.182853988461496
38,250,258,37,ordinary_default,cate_correlation,0.762724297927647
38,250,258,37,ordinary_default,cate_rank_correlation,0.816763257229292
38,250,258,37,ordinary_default,sign_reversal,0.278233333333333
38,250,258,37,ordinary_default,strong_reversal_010,0.242833333333333
38,250,258,37,ordinary_default,strong_reversal_025,0.1484
38,250,258,37,ordinary_default,reversal_given_true_margin_025,0.0431494661921708
38,250,258,37,ordinary_default,x1_wrong_sign_true_margin_025,0.000845195729537367
38,250,258,37,ordinary_default,x2_wrong_sign_true_margin_025,0.0425711743772242
38,250,258,37,ordinary_default,mean_absolute_prediction_change,0.322755723500975
38,500,508,43,ordinary_default,cate_correlation,0.603908430992161
38,500,508,43,ordinary_default,cate_rank_correlation,0.775592006694658
38,500,508,43,ordinary_default,sign_reversal,0.429166666666667
38,500,508,43,ordinary_default,strong_reversal_010,0.249266666666667
38,500,508,43,ordinary_default,strong_reversal_025,0.207833333333333
38,500,508,43,ordinary_default,reversal_given_true_margin_025,0.245418149466192
38,500,508,43,ordinary_default,x1_wrong_sign_true_margin_025,0.00111209964412811
38,500,508,43,ordinary_default,x2_wrong_sign_true_margin_025,0.244750889679715
38,500,508,43,ordinary_default,mean_absolute_prediction_change,0.39292599406986
38,500,508,43,class_sampled_default,cate_correlation,1
38,500,508,43,class_sampled_default,cate_rank_correlation,1
38,500,508,43,class_sampled_default,sign_reversal,0
38,500,508,43,class_sampled_default,strong_reversal_010,0
38,500,508,43,class_sampled_default,strong_reversal_025,0
38,500,508,43,class_sampled_default,reversal_given_true_margin_025,0
38,500,508,43,class_sampled_default,x1_wrong_sign_true_margin_025,0.0154359430604982
38,500,508,43,class_sampled_default,x2_wrong_sign_true_margin_025,0.0154359430604982
38,500,508,43,class_sampled_default,mean_absolute_prediction_change,0
39,40,48,27,ordinary_default,cate_correlation,0.994061860634224
39,40,48,27,ordinary_default,cate_rank_correlation,0.991392946517548
39,40,48,27,ordinary_default,sign_reversal,0.0372
39,40,48,27,ordinary_default,strong_reversal_010,0
39,40,48,27,ordinary_default,strong_reversal_025,0
39,40,48,27,ordinary_default,reversal_given_true_margin_025,0.00460686600221484
39,40,48,27,ordinary_default,x1_wrong_sign_true_margin_025,0.00664451827242525
39,40,48,27,ordinary_default,x2_wrong_sign_true_margin_025,0.0111627906976744
39,40,48,27,ordinary_default,mean_absolute_prediction_change,0.0720639632964761
39,100,108,31,ordinary_default,cate_correlation,0.935705172576775
39,100,108,31,ordinary_default,cate_rank_correlation,0.847394641331327
39,100,108,31,ordinary_default,sign_reversal,0.2195
39,100,108,31,ordinary_default,strong_reversal_010,0.0486
39,100,108,31,ordinary_default,strong_reversal_025,0
39,100,108,31,ordinary_default,reversal_given_true_margin_025,0.00779623477297896
39,100,108,31,ordinary_default,x1_wrong_sign_true_margin_025,0.00549280177187154
39,100,108,31,ordinary_default,x2_wrong_sign_true_margin_025,0.0132890365448505
39,100,108,31,ordinary_default,mean_absolute_prediction_change,0.196068355353158
39,250,258,37,ordinary_default,cate_correlation,0.751260022898639
39,250,258,37,ordinary_default,cate_rank_correlation,0.798468074902742
39,250,258,37,ordinary_default,sign_reversal,0.254033333333333
39,250,258,37,ordinary_default,strong_reversal_010,0.2342
39,250,258,37,ordinary_default,strong_reversal_025,0.00713333333333333
39,250,258,37,ordinary_default,reversal_given_true_margin_025,0.0232558139534884
39,250,258,37,ordinary_default,x1_wrong_sign_true_margin_025,0.00407530454042082
39,250,258,37,ordinary_default,x2_wrong_sign_true_margin_025,0.0273311184939092
39,250,258,37,ordinary_default,mean_absolute_prediction_change,0.327338744745823
39,500,508,43,ordinary_default,cate_correlation,0.585793483947261
39,500,508,43,ordinary_default,cate_rank_correlation,0.776558981922843
39,500,508,43,ordinary_default,sign_reversal,0.449066666666667
39,500,508,43,ordinary_default,strong_reversal_010,0.241966666666667
39,500,508,43,ordinary_default,strong_reversal_025,0.0209333333333333
39,500,508,43,ordinary_default,reversal_given_true_margin_025,0.275127353266888
39,500,508,43,ordinary_default,x1_wrong_sign_true_margin_025,0.00318936877076412
39,500,508,43,ordinary_default,x2_wrong_sign_true_margin_025,0.278228128460687
39,500,508,43,ordinary_default,mean_absolute_prediction_change,0.390265334580467
39,500,508,43,class_sampled_default,cate_correlation,1
39,500,508,43,class_sampled_default,cate_rank_correlation,1
39,500,508,43,class_sampled_default,sign_reversal,0
39,500,508,43,class_sampled_default,strong_reversal_010,0
39,500,508,43,class_sampled_default,strong_reversal_025,0
39,500,508,43,class_sampled_default,reversal_given_true_margin_025,0
39,500,508,43,class_sampled_default,x1_wrong_sign_true_margin_025,0.00115171650055371
39,500,508,43,class_sampled_default,x2_wrong_sign_true_margin_025,0.00115171650055371
39,500,508,43,class_sampled_default,mean_absolute_prediction_change,0
40,40,48,27,ordinary_default,cate_correlation,0.992113732400482
40,40,48,27,ordinary_default,cate_rank_correlation,0.98677884163331
40,40,48,27,ordinary_default,sign_reversal,0.0348
40,40,48,27,ordinary_default,strong_reversal_010,4e-04
40,40,48,27,ordinary_default,strong_reversal_025,0
40,40,48,27,ordinary_default,reversal_given_true_margin_025,0.00334492908750334
40,40,48,27,ordinary_default,x1_wrong_sign_true_margin_025,0.00111497636250112
40,40,48,27,ordinary_default,x2_wrong_sign_true_margin_025,0.00445990545000446
40,40,48,27,ordinary_default,mean_absolute_prediction_change,0.0790020875104474
40,100,108,31,ordinary_default,cate_correlation,0.927307296907229
40,100,108,31,ordinary_default,cate_rank_correlation,0.837858223908731
40,100,108,31,ordinary_default,sign_reversal,0.2506
40,100,108,31,ordinary_default,strong_reversal_010,0.0691333333333333
40,100,108,31,ordinary_default,strong_reversal_025,3.33333333333333e-05
40,100,108,31,ordinary_default,reversal_given_true_margin_025,0.0127999286415128
40,100,108,31,ordinary_default,x1_wrong_sign_true_margin_025,0.00057978770850058
40,100,108,31,ordinary_default,x2_wrong_sign_true_margin_025,0.0133797163500134
40,100,108,31,ordinary_default,mean_absolute_prediction_change,0.203192379895134
40,250,258,37,ordinary_default,cate_correlation,0.736554023224346
40,250,258,37,ordinary_default,cate_rank_correlation,0.793992242616436
40,250,258,37,ordinary_default,sign_reversal,0.3404
40,250,258,37,ordinary_default,strong_reversal_010,0.258533333333333
40,250,258,37,ordinary_default,strong_reversal_025,0.0246666666666667
40,250,258,37,ordinary_default,reversal_given_true_margin_025,0.122959593256623
40,250,258,37,ordinary_default,x1_wrong_sign_true_margin_025,0.000178396218000178
40,250,258,37,ordinary_default,x2_wrong_sign_true_margin_025,0.122781197038623
40,250,258,37,ordinary_default,mean_absolute_prediction_change,0.330572803687792
40,500,508,43,ordinary_default,cate_correlation,0.57133332339988
40,500,508,43,ordinary_default,cate_rank_correlation,0.784653828044726
40,500,508,43,ordinary_default,sign_reversal,0.479166666666667
40,500,508,43,ordinary_default,strong_reversal_010,0.284766666666667
40,500,508,43,ordinary_default,strong_reversal_025,0.1155
40,500,508,43,ordinary_default,reversal_given_true_margin_025,0.307822674159308
40,500,508,43,ordinary_default,x1_wrong_sign_true_margin_025,0.000222995272500223
40,500,508,43,ordinary_default,x2_wrong_sign_true_margin_025,0.307599678886808
40,500,508,43,ordinary_default,mean_absolute_prediction_change,0.397777122180884
40,500,508,43,class_sampled_default,cate_correlation,1
40,500,508,43,class_sampled_default,cate_rank_correlation,1
40,500,508,43,class_sampled_default,sign_reversal,0
40,500,508,43,class_sampled_default,strong_reversal_010,0
40,500,508,43,class_sampled_default,strong_reversal_025,0
40,500,508,43,class_sampled_default,reversal_given_true_margin_025,0
40,500,508,43,class_sampled_default,x1_wrong_sign_true_margin_025,0.000356792436000357
40,500,508,43,class_sampled_default,x2_wrong_sign_true_margin_025,0.000356792436000357
40,500,508,43,class_sampled_default,mean_absolute_prediction_change,0
41,40,48,27,ordinary_default,cate_correlation,0.991526321402665
41,40,48,27,ordinary_default,cate_rank_correlation,0.98898741045443
41,40,48,27,ordinary_default,sign_reversal,0.1089
41,40,48,27,ordinary_default,strong_reversal_010,0.0013
41,40,48,27,ordinary_default,strong_reversal_025,0
41,40,48,27,ordinary_default,reversal_given_true_margin_025,0.00506374094967352
41,40,48,27,ordinary_default,x1_wrong_sign_true_margin_025,0.00293163949717941
41,40,48,27,ordinary_default,x2_wrong_sign_true_margin_025,0.00799538044685293
41,40,48,27,ordinary_default,mean_absolute_prediction_change,0.0760069437424384
41,100,108,31,ordinary_default,cate_correlation,0.928028693408149
41,100,108,31,ordinary_default,cate_rank_correlation,0.858389261343544
41,100,108,31,ordinary_default,sign_reversal,0.276566666666667
41,100,108,31,ordinary_default,strong_reversal_010,0.1916
41,100,108,31,ordinary_default,strong_reversal_025,0
41,100,108,31,ordinary_default,reversal_given_true_margin_025,0.0621418735841514
41,100,108,31,ordinary_default,x1_wrong_sign_true_margin_025,0.000133256340780882
41,100,108,31,ordinary_default,x2_wrong_sign_true_margin_025,0.0620974548038911
41,100,108,31,ordinary_default,mean_absolute_prediction_change,0.190893390949901
41,250,258,37,ordinary_default,cate_correlation,0.736601554177431
41,250,258,37,ordinary_default,cate_rank_correlation,0.802577860211753
41,250,258,37,ordinary_default,sign_reversal,0.453333333333333
41,250,258,37,ordinary_default,strong_reversal_010,0.292366666666667
41,250,258,37,ordinary_default,strong_reversal_025,0.2007
41,250,258,37,ordinary_default,reversal_given_true_margin_025,0.280238084662195
41,250,258,37,ordinary_default,x1_wrong_sign_true_margin_025,0.000310931461822058
41,250,258,37,ordinary_default,x2_wrong_sign_true_margin_025,0.279927153200373
41,250,258,37,ordinary_default,mean_absolute_prediction_change,0.326403463975654
41,500,508,43,ordinary_default,cate_correlation,0.575228575860835
41,500,508,43,ordinary_default,cate_rank_correlation,0.778992966015326
41,500,508,43,ordinary_default,sign_reversal,0.459666666666667
41,500,508,43,ordinary_default,strong_reversal_010,0.416933333333333
41,500,508,43,ordinary_default,strong_reversal_025,0.218933333333333
41,500,508,43,ordinary_default,reversal_given_true_margin_025,0.28547950073291
41,500,508,43,ordinary_default,x1_wrong_sign_true_margin_025,0.000621862923644117
41,500,508,43,ordinary_default,x2_wrong_sign_true_margin_025,0.284946475369786
41,500,508,43,ordinary_default,mean_absolute_prediction_change,0.380885219334275
41,500,508,43,class_sampled_default,cate_correlation,1
41,500,508,43,class_sampled_default,cate_rank_correlation,1
41,500,508,43,class_sampled_default,sign_reversal,0
41,500,508,43,class_sampled_default,strong_reversal_010,0
41,500,508,43,class_sampled_default,strong_reversal_025,0
41,500,508,43,class_sampled_default,reversal_given_true_margin_025,0
41,500,508,43,class_sampled_default,x1_wrong_sign_true_margin_025,0.00315373339848088
41,500,508,43,class_sampled_default,x2_wrong_sign_true_margin_025,0.00315373339848088
41,500,508,43,class_sampled_default,mean_absolute_prediction_change,0
42,40,48,27,ordinary_default,cate_correlation,0.993494220082012
42,40,48,27,ordinary_default,cate_rank_correlation,0.99325624347384
42,40,48,27,ordinary_default,sign_reversal,0.0374666666666667
42,40,48,27,ordinary_default,strong_reversal_010,0
42,40,48,27,ordinary_default,strong_reversal_025,0
42,40,48,27,ordinary_default,reversal_given_true_margin_025,0.000487415809996455
42,40,48,27,ordinary_default,x1_wrong_sign_true_margin_025,0.000620347394540943
42,40,48,27,ordinary_default,x2_wrong_sign_true_margin_025,0.0011077632045374
42,40,48,27,ordinary_default,mean_absolute_prediction_change,0.0721069610106255
42,100,108,31,ordinary_default,cate_correlation,0.92960986413035
42,100,108,31,ordinary_default,cate_rank_correlation,0.861685606762762
42,100,108,31,ordinary_default,sign_reversal,0.2135
42,100,108,31,ordinary_default,strong_reversal_010,0.0923
42,100,108,31,ordinary_default,strong_reversal_025,0
42,100,108,31,ordinary_default,reversal_given_true_margin_025,0.00199397376816732
42,100,108,31,ordinary_default,x1_wrong_sign_true_margin_025,0.00159517901453385
42,100,108,31,ordinary_default,x2_wrong_sign_true_margin_025,0.00146224742998937
42,100,108,31,ordinary_default,mean_absolute_prediction_change,0.191194612137675
42,250,258,37,ordinary_default,cate_correlation,0.746915692451954
42,250,258,37,ordinary_default,cate_rank_correlation,0.803541798787046
42,250,258,37,ordinary_default,sign_reversal,0.322066666666667
42,250,258,37,ordinary_default,strong_reversal_010,0.221033333333333
42,250,258,37,ordinary_default,strong_reversal_025,0.0103
42,250,258,37,ordinary_default,reversal_given_true_margin_025,0.120347394540943
42,250,258,37,ordinary_default,x1_wrong_sign_true_margin_025,0.00283587380361574
42,250,258,37,ordinary_default,x2_wrong_sign_true_margin_025,0.117954626019142
42,250,258,37,ordinary_default,mean_absolute_prediction_change,0.310320177618162
42,500,508,43,ordinary_default,cate_correlation,0.57703547110294
42,500,508,43,ordinary_default,cate_rank_correlation,0.777078660182976
42,500,508,43,ordinary_default,sign_reversal,0.466133333333333
42,500,508,43,ordinary_default,strong_reversal_010,0.236766666666667
42,500,508,43,ordinary_default,strong_reversal_025,0.1109
42,500,508,43,ordinary_default,reversal_given_true_margin_025,0.305255228642325
42,500,508,43,ordinary_default,x1_wrong_sign_true_margin_025,0.00584898971995746
42,500,508,43,ordinary_default,x2_wrong_sign_true_margin_025,0.299937965260546
42,500,508,43,ordinary_default,mean_absolute_prediction_change,0.369430955279628
42,500,508,43,class_sampled_default,cate_correlation,1
42,500,508,43,class_sampled_default,cate_rank_correlation,1
42,500,508,43,class_sampled_default,sign_reversal,0
42,500,508,43,class_sampled_default,strong_reversal_010,0
42,500,508,43,class_sampled_default,strong_reversal_025,0
42,500,508,43,class_sampled_default,reversal_given_true_margin_025,0
42,500,508,43,class_sampled_default,x1_wrong_sign_true_margin_025,0.00779865295994328
42,500,508,43,class_sampled_default,x2_wrong_sign_true_margin_025,0.00779865295994328
42,500,508,43,class_sampled_default,mean_absolute_prediction_change,0
43,40,48,27,ordinary_default,cate_correlation,0.995155974100838
43,40,48,27,ordinary_default,cate_rank_correlation,0.896289543638544
43,40,48,27,ordinary_default,sign_reversal,0.0138
43,40,48,27,ordinary_default,strong_reversal_010,0
43,40,48,27,ordinary_default,strong_reversal_025,0
43,40,48,27,ordinary_default,reversal_given_true_margin_025,0.0146639329648779
43,40,48,27,ordinary_default,x1_wrong_sign_true_margin_025,0.0258958816188269
43,40,48,27,ordinary_default,x2_wrong_sign_true_margin_025,0.0405598145837048
43,40,48,27,ordinary_default,mean_absolute_prediction_change,0.0606509463518685
43,100,108,31,ordinary_default,cate_correlation,0.936205344649635
43,100,108,31,ordinary_default,cate_rank_correlation,0.819203205491559
43,100,108,31,ordinary_default,sign_reversal,0.189266666666667
43,100,108,31,ordinary_default,strong_reversal_010,0.0168666666666667
43,100,108,31,ordinary_default,strong_reversal_025,0
43,100,108,31,ordinary_default,reversal_given_true_margin_025,0.0702888215368158
43,100,108,31,ordinary_default,x1_wrong_sign_true_margin_025,0.01105366375468
43,100,108,31,ordinary_default,x2_wrong_sign_true_margin_025,0.0812533428418613
43,100,108,31,ordinary_default,mean_absolute_prediction_change,0.186052369788952
43,250,258,37,ordinary_default,cate_correlation,0.750973852041082
43,250,258,37,ordinary_default,cate_rank_correlation,0.788293733961215
43,250,258,37,ordinary_default,sign_reversal,0.474466666666667
43,250,258,37,ordinary_default,strong_reversal_010,0.3083
43,250,258,37,ordinary_default,strong_reversal_025,0.0023
43,250,258,37,ordinary_default,reversal_given_true_margin_025,0.312667142093065
43,250,258,37,ordinary_default,x1_wrong_sign_true_margin_025,0.00499197717953289
43,250,258,37,ordinary_default,x2_wrong_sign_true_margin_025,0.317391691923694
43,250,258,37,ordinary_default,mean_absolute_prediction_change,0.317378397948438
43,500,508,43,ordinary_default,cate_correlation,0.575002295040226
43,500,508,43,ordinary_default,cate_rank_correlation,0.761510793013679
43,500,508,43,ordinary_default,sign_reversal,0.4859
43,500,508,43,ordinary_default,strong_reversal_010,0.459966666666667
43,500,508,43,ordinary_default,strong_reversal_025,0.0106666666666667
43,500,508,43,ordinary_default,reversal_given_true_margin_025,0.320734533784988
43,500,508,43,ordinary_default,x1_wrong_sign_true_margin_025,0.00467997860581209
43,500,508,43,ordinary_default,x2_wrong_sign_true_margin_025,0.325236227491531
43,500,508,43,ordinary_default,mean_absolute_prediction_change,0.371190695223148
43,500,508,43,class_sampled_default,cate_correlation,1
43,500,508,43,class_sampled_default,cate_rank_correlation,1
43,500,508,43,class_sampled_default,sign_reversal,0
43,500,508,43,class_sampled_default,strong_reversal_010,0
43,500,508,43,class_sampled_default,strong_reversal_025,0
43,500,508,43,class_sampled_default,reversal_given_true_margin_025,0
43,500,508,43,class_sampled_default,x1_wrong_sign_true_margin_025,0.0061508290247816
43,500,508,43,class_sampled_default,x2_wrong_sign_true_margin_025,0.0061508290247816
43,500,508,43,class_sampled_default,mean_absolute_prediction_change,0
44,40,48,27,ordinary_default,cate_correlation,0.994502016420844
44,40,48,27,ordinary_default,cate_rank_correlation,0.890585645922873
44,40,48,27,ordinary_default,sign_reversal,0.0845333333333333
44,40,48,27,ordinary_default,strong_reversal_010,0.000433333333333333
44,40,48,27,ordinary_default,strong_reversal_025,0
44,40,48,27,ordinary_default,reversal_given_true_margin_025,0.0401833392666429
44,40,48,27,ordinary_default,x1_wrong_sign_true_margin_025,0.00280348878604486
44,40,48,27,ordinary_default,x2_wrong_sign_true_margin_025,0.0428978284086864
44,40,48,27,ordinary_default,mean_absolute_prediction_change,0.0640726996095554
44,100,108,31,ordinary_default,cate_correlation,0.933828648109127
44,100,108,31,ordinary_default,cate_rank_correlation,0.804942516973492
44,100,108,31,ordinary_default,sign_reversal,0.388733333333333
44,100,108,31,ordinary_default,strong_reversal_010,0.0961333333333333
44,100,108,31,ordinary_default,strong_reversal_025,0
44,100,108,31,ordinary_default,reversal_given_true_margin_025,0.290272338910644
44,100,108,31,ordinary_default,x1_wrong_sign_true_margin_025,0.000711997152011392
44,100,108,31,ordinary_default,x2_wrong_sign_true_margin_025,0.289738341046636
44,100,108,31,ordinary_default,mean_absolute_prediction_change,0.19199279190569
44,250,258,37,ordinary_default,cate_correlation,0.750735763203099
44,250,258,37,ordinary_default,cate_rank_correlation,0.7910804293692
44,250,258,37,ordinary_default,sign_reversal,0.4876
44,250,258,37,ordinary_default,strong_reversal_010,0.464266666666667
44,250,258,37,ordinary_default,strong_reversal_025,0.0196
44,250,258,37,ordinary_default,reversal_given_true_margin_025,0.333081167675329
44,250,258,37,ordinary_default,x1_wrong_sign_true_margin_025,0.00355998576005696
44,250,258,37,ordinary_default,x2_wrong_sign_true_margin_025,0.329699181203275
44,250,258,37,ordinary_default,mean_absolute_prediction_change,0.316968496410988
44,500,508,43,ordinary_default,cate_correlation,0.577826722051212
44,500,508,43,ordinary_default,cate_rank_correlation,0.779519697200355
44,500,508,43,ordinary_default,sign_reversal,0.491533333333333
44,500,508,43,ordinary_default,strong_reversal_010,0.482
44,500,508,43,ordinary_default,strong_reversal_025,0.0388666666666667
44,500,508,43,ordinary_default,reversal_given_true_margin_025,0.335573157707369
44,500,508,43,ordinary_default,x1_wrong_sign_true_margin_025,0.00391598433606266
44,500,508,43,ordinary_default,x2_wrong_sign_true_margin_025,0.331835172659309
44,500,508,43,ordinary_default,mean_absolute_prediction_change,0.367141023728767
44,500,508,43,class_sampled_default,cate_correlation,1
44,500,508,43,class_sampled_default,cate_rank_correlation,1
44,500,508,43,class_sampled_default,sign_reversal,0
44,500,508,43,class_sampled_default,strong_reversal_010,0
44,500,508,43,class_sampled_default,strong_reversal_025,0
44,500,508,43,class_sampled_default,reversal_given_true_margin_025,0
44,500,508,43,class_sampled_default,x1_wrong_sign_true_margin_025,0.00533997864008544
44,500,508,43,class_sampled_default,x2_wrong_sign_true_margin_025,0.00533997864008544
44,500,508,43,class_sampled_default,mean_absolute_prediction_change,0
45,40,48,27,ordinary_default,cate_correlation,0.993174434890668
45,40,48,27,ordinary_default,cate_rank_correlation,0.991047021599386
45,40,48,27,ordinary_default,sign_reversal,0.156966666666667
45,40,48,27,ordinary_default,strong_reversal_010,0
45,40,48,27,ordinary_default,strong_reversal_025,0
45,40,48,27,ordinary_default,reversal_given_true_margin_025,0.000937207122774133
45,40,48,27,ordinary_default,x1_wrong_sign_true_margin_025,0.000624804748516089
45,40,48,27,ordinary_default,x2_wrong_sign_true_margin_025,0.0011157227652073
45,40,48,27,ordinary_default,mean_absolute_prediction_change,0.0773181847647039
45,100,108,31,ordinary_default,cate_correlation,0.935584881724877
45,100,108,31,ordinary_default,cate_rank_correlation,0.956220440835356
45,100,108,31,ordinary_default,sign_reversal,0.2229
45,100,108,31,ordinary_default,strong_reversal_010,0.195733333333333
45,100,108,31,ordinary_default,strong_reversal_025,0
45,100,108,31,ordinary_default,reversal_given_true_margin_025,0.00365957066987995
45,100,108,31,ordinary_default,x1_wrong_sign_true_margin_025,0.00138349622885705
45,100,108,31,ordinary_default,x2_wrong_sign_true_margin_025,0.00254384790467265
45,100,108,31,ordinary_default,mean_absolute_prediction_change,0.194836590845371
45,250,258,37,ordinary_default,cate_correlation,0.75628699501442
45,250,258,37,ordinary_default,cate_rank_correlation,0.788128541147698
45,250,258,37,ordinary_default,sign_reversal,0.272533333333333
45,250,258,37,ordinary_default,strong_reversal_010,0.222766666666667
45,250,258,37,ordinary_default,strong_reversal_025,0.191566666666667
45,250,258,37,ordinary_default,reversal_given_true_margin_025,0.0581960994332128
45,250,258,37,ordinary_default,x1_wrong_sign_true_margin_025,0.00232070335163119
45,250,258,37,ordinary_default,x2_wrong_sign_true_margin_025,0.0558753960815817
45,250,258,37,ordinary_default,mean_absolute_prediction_change,0.316659700841438
45,500,508,43,ordinary_default,cate_correlation,0.59204286258373
45,500,508,43,ordinary_default,cate_rank_correlation,0.762668580238965
45,500,508,43,ordinary_default,sign_reversal,0.468266666666667
45,500,508,43,ordinary_default,strong_reversal_010,0.2317
45,500,508,43,ordinary_default,strong_reversal_025,0.2033
45,500,508,43,ordinary_default,reversal_given_true_margin_025,0.309546123979114
45,500,508,43,ordinary_default,x1_wrong_sign_true_margin_025,0.00441826215022091
45,500,508,43,ordinary_default,x2_wrong_sign_true_margin_025,0.305217119650109
45,500,508,43,ordinary_default,mean_absolute_prediction_change,0.391443799390095
45,500,508,43,class_sampled_default,cate_correlation,1
45,500,508,43,class_sampled_default,cate_rank_correlation,1
45,500,508,43,class_sampled_default,sign_reversal,0
45,500,508,43,class_sampled_default,strong_reversal_010,0
45,500,508,43,class_sampled_default,strong_reversal_025,0
45,500,508,43,class_sampled_default,reversal_given_true_margin_025,0
45,500,508,43,class_sampled_default,x1_wrong_sign_true_margin_025,0.00870263756861695
45,500,508,43,class_sampled_default,x2_wrong_sign_true_margin_025,0.00870263756861695
45,500,508,43,class_sampled_default,mean_absolute_prediction_change,0
46,40,48,27,ordinary_default,cate_correlation,0.993124520374526
46,40,48,27,ordinary_default,cate_rank_correlation,0.990907877310787
46,40,48,27,ordinary_default,sign_reversal,0.162233333333333
46,40,48,27,ordinary_default,strong_reversal_010,0.000433333333333333
46,40,48,27,ordinary_default,strong_reversal_025,0
46,40,48,27,ordinary_default,reversal_given_true_margin_025,0.0051309507874894
46,40,48,27,ordinary_default,x1_wrong_sign_true_margin_025,0.00133850890108419
46,40,48,27,ordinary_default,x2_wrong_sign_true_margin_025,0.0064694596885736
46,40,48,27,ordinary_default,mean_absolute_prediction_change,0.0795626174036457
46,100,108,31,ordinary_default,cate_correlation,0.929486140075298
46,100,108,31,ordinary_default,cate_rank_correlation,0.865112253961236
46,100,108,31,ordinary_default,sign_reversal,0.256433333333333
46,100,108,31,ordinary_default,strong_reversal_010,0.223266666666667
46,100,108,31,ordinary_default,strong_reversal_025,0.000266666666666667
46,100,108,31,ordinary_default,reversal_given_true_margin_025,0.0225315665015839
46,100,108,31,ordinary_default,x1_wrong_sign_true_margin_025,0.000312318743586312
46,100,108,31,ordinary_default,x2_wrong_sign_true_margin_025,0.0228438852451702
46,100,108,31,ordinary_default,mean_absolute_prediction_change,0.212236123366388
46,250,258,37,ordinary_default,cate_correlation,0.73990546350787
46,250,258,37,ordinary_default,cate_rank_correlation,0.792429141068921
46,250,258,37,ordinary_default,sign_reversal,0.465266666666667
46,250,258,37,ordinary_default,strong_reversal_010,0.2745
46,250,258,37,ordinary_default,strong_reversal_025,0.230666666666667
46,250,258,37,ordinary_default,reversal_given_true_margin_025,0.292062642216571
46,250,258,37,ordinary_default,x1_wrong_sign_true_margin_025,4.46169633694731e-05
46,250,258,37,ordinary_default,x2_wrong_sign_true_margin_025,0.29210725917994
46,250,258,37,ordinary_default,mean_absolute_prediction_change,0.346548648599554
46,500,508,43,ordinary_default,cate_correlation,0.570857136688283
46,500,508,43,ordinary_default,cate_rank_correlation,0.779607134859563
46,500,508,43,ordinary_default,sign_reversal,0.4905
46,500,508,43,ordinary_default,strong_reversal_010,0.442366666666667
46,500,508,43,ordinary_default,strong_reversal_025,0.2428
46,500,508,43,ordinary_default,reversal_given_true_margin_025,0.321242136260206
46,500,508,43,ordinary_default,x1_wrong_sign_true_margin_025,4.46169633694731e-05
46,500,508,43,ordinary_default,x2_wrong_sign_true_margin_025,0.321286753223576
46,500,508,43,ordinary_default,mean_absolute_prediction_change,0.416296335995468
46,500,508,43,class_sampled_default,cate_correlation,1
46,500,508,43,class_sampled_default,cate_rank_correlation,1
46,500,508,43,class_sampled_default,sign_reversal,0
46,500,508,43,class_sampled_default,strong_reversal_010,0
46,500,508,43,class_sampled_default,strong_reversal_025,0
46,500,508,43,class_sampled_default,reversal_given_true_margin_025,0
46,500,508,43,class_sampled_default,x1_wrong_sign_true_margin_025,0.000223084816847365
46,500,508,43,class_sampled_default,x2_wrong_sign_true_margin_025,0.000223084816847365
46,500,508,43,class_sampled_default,mean_absolute_prediction_change,0
47,40,48,27,ordinary_default,cate_correlation,0.992899967064702
47,40,48,27,ordinary_default,cate_rank_correlation,0.927765369909073
47,40,48,27,ordinary_default,sign_reversal,0.00286666666666667
47,40,48,27,ordinary_default,strong_reversal_010,0
47,40,48,27,ordinary_default,strong_reversal_025,0
47,40,48,27,ordinary_default,reversal_given_true_margin_025,0.00128757270345869
47,40,48,27,ordinary_default,x1_wrong_sign_true_margin_025,0.00430670869777561
47,40,48,27,ordinary_default,x2_wrong_sign_true_margin_025,0.00559428140123429
47,40,48,27,ordinary_default,mean_absolute_prediction_change,0.0721833186972292
47,100,108,31,ordinary_default,cate_correlation,0.923141728202435
47,100,108,31,ordinary_default,cate_rank_correlation,0.818636940242041
47,100,108,31,ordinary_default,sign_reversal,0.151233333333333
47,100,108,31,ordinary_default,strong_reversal_010,0.00506666666666667
47,100,108,31,ordinary_default,strong_reversal_025,0
47,100,108,31,ordinary_default,reversal_given_true_margin_025,0.00870221551303112
47,100,108,31,ordinary_default,x1_wrong_sign_true_margin_025,0.00221995293699774
47,100,108,31,ordinary_default,x2_wrong_sign_true_margin_025,0.0109221684500289
47,100,108,31,ordinary_default,mean_absolute_prediction_change,0.201536067246645
47,250,258,37,ordinary_default,cate_correlation,0.722232472404851
47,250,258,37,ordinary_default,cate_rank_correlation,0.783888156341654
47,250,258,37,ordinary_default,sign_reversal,0.4679
47,250,258,37,ordinary_default,strong_reversal_010,0.284
47,250,258,37,ordinary_default,strong_reversal_025,0.000466666666666667
47,250,258,37,ordinary_default,reversal_given_true_margin_025,0.301336411668073
47,250,258,37,ordinary_default,x1_wrong_sign_true_margin_025,0.00195355858455801
47,250,258,37,ordinary_default,x2_wrong_sign_true_margin_025,0.299826843670914
47,250,258,37,ordinary_default,mean_absolute_prediction_change,0.326535872618241
47,500,508,43,ordinary_default,cate_correlation,0.542345787052509
47,500,508,43,ordinary_default,cate_rank_correlation,0.763025260612695
47,500,508,43,ordinary_default,sign_reversal,0.477166666666667
47,500,508,43,ordinary_default,strong_reversal_010,0.4591
47,500,508,43,ordinary_default,strong_reversal_025,0.00996666666666667
47,500,508,43,ordinary_default,reversal_given_true_margin_025,0.312658171646761
47,500,508,43,ordinary_default,x1_wrong_sign_true_margin_025,0.00270834258313724
47,500,508,43,ordinary_default,x2_wrong_sign_true_margin_025,0.310393819651023
47,500,508,43,ordinary_default,mean_absolute_prediction_change,0.380869016800105
47,500,508,43,class_sampled_default,cate_correlation,1
47,500,508,43,class_sampled_default,cate_rank_correlation,1
47,500,508,43,class_sampled_default,sign_reversal,0
47,500,508,43,class_sampled_default,strong_reversal_010,0
47,500,508,43,class_sampled_default,strong_reversal_025,0
47,500,508,43,class_sampled_default,reversal_given_true_margin_025,0
47,500,508,43,class_sampled_default,x1_wrong_sign_true_margin_025,0.0102117835101896
47,500,508,43,class_sampled_default,x2_wrong_sign_true_margin_025,0.0102117835101896
47,500,508,43,class_sampled_default,mean_absolute_prediction_change,0
48,40,48,27,ordinary_default,cate_correlation,0.991854338524943
48,40,48,27,ordinary_default,cate_rank_correlation,0.848686164288762
48,40,48,27,ordinary_default,sign_reversal,0.0235666666666667
48,40,48,27,ordinary_default,strong_reversal_010,3.33333333333333e-05
48,40,48,27,ordinary_default,strong_reversal_025,0
48,40,48,27,ordinary_default,reversal_given_true_margin_025,0.0144534376945655
48,40,48,27,ordinary_default,x1_wrong_sign_true_margin_025,0.00297963177087966
48,40,48,27,ordinary_default,x2_wrong_sign_true_margin_025,0.0174330694654452
48,40,48,27,ordinary_default,mean_absolute_prediction_change,0.0772230968606946
48,100,108,31,ordinary_default,cate_correlation,0.920260112344899
48,100,108,31,ordinary_default,cate_rank_correlation,0.798943371749493
48,100,108,31,ordinary_default,sign_reversal,0.359666666666667
48,100,108,31,ordinary_default,strong_reversal_010,0.0251666666666667
48,100,108,31,ordinary_default,strong_reversal_025,0
48,100,108,31,ordinary_default,reversal_given_true_margin_025,0.23779240416259
48,100,108,31,ordinary_default,x1_wrong_sign_true_margin_025,0.00173441252334786
48,100,108,31,ordinary_default,x2_wrong_sign_true_margin_025,0.239526816685938
48,100,108,31,ordinary_default,mean_absolute_prediction_change,0.203840787638641
48,250,258,37,ordinary_default,cate_correlation,0.713266107879465
48,250,258,37,ordinary_default,cate_rank_correlation,0.785020212783356
48,250,258,37,ordinary_default,sign_reversal,0.481433333333333
48,250,258,37,ordinary_default,strong_reversal_010,0.440633333333333
48,250,258,37,ordinary_default,strong_reversal_025,0.000866666666666667
48,250,258,37,ordinary_default,reversal_given_true_margin_025,0.318998487948057
48,250,258,37,ordinary_default,x1_wrong_sign_true_margin_025,0.00115627501556524
48,250,258,37,ordinary_default,x2_wrong_sign_true_margin_025,0.317842212932491
48,250,258,37,ordinary_default,mean_absolute_prediction_change,0.32788970193884
48,500,508,43,ordinary_default,cate_correlation,0.550479938340031
48,500,508,43,ordinary_default,cate_rank_correlation,0.775483938572315
48,500,508,43,ordinary_default,sign_reversal,0.489
48,500,508,43,ordinary_default,strong_reversal_010,0.459766666666667
48,500,508,43,ordinary_default,strong_reversal_025,0.00393333333333333
48,500,508,43,ordinary_default,reversal_given_true_margin_025,0.328070799608645
48,500,508,43,ordinary_default,x1_wrong_sign_true_margin_025,0.00253491061104687
48,500,508,43,ordinary_default,x2_wrong_sign_true_margin_025,0.325535888997598
48,500,508,43,ordinary_default,mean_absolute_prediction_change,0.373857365998199
48,500,508,43,class_sampled_default,cate_correlation,1
48,500,508,43,class_sampled_default,cate_rank_correlation,1
48,500,508,43,class_sampled_default,sign_reversal,0
48,500,508,43,class_sampled_default,strong_reversal_010,0
48,500,508,43,class_sampled_default,strong_reversal_025,0
48,500,508,43,class_sampled_default,reversal_given_true_margin_025,0
48,500,508,43,class_sampled_default,x1_wrong_sign_true_margin_025,0.00587031930979276
48,500,508,43,class_sampled_default,x2_wrong_sign_true_margin_025,0.00587031930979276
48,500,508,43,class_sampled_default,mean_absolute_prediction_change,0
49,40,48,27,ordinary_default,cate_correlation,0.989864303791299
49,40,48,27,ordinary_default,cate_rank_correlation,0.980401923150669
49,40,48,27,ordinary_default,sign_reversal,0.163433333333333
49,40,48,27,ordinary_default,strong_reversal_010,0.000166666666666667
49,40,48,27,ordinary_default,strong_reversal_025,0
49,40,48,27,ordinary_default,reversal_given_true_margin_025,0.00274457724656928
49,40,48,27,ordinary_default,x1_wrong_sign_true_margin_025,0.00030987162461266
49,40,48,27,ordinary_default,x2_wrong_sign_true_margin_025,0.00305444887118194
49,40,48,27,ordinary_default,mean_absolute_prediction_change,0.0841488283154914
49,100,108,31,ordinary_default,cate_correlation,0.915123847020766
49,100,108,31,ordinary_default,cate_rank_correlation,0.832833467913815
49,100,108,31,ordinary_default,sign_reversal,0.234933333333333
49,100,108,31,ordinary_default,strong_reversal_010,0.1939
49,100,108,31,ordinary_default,strong_reversal_025,0
49,100,108,31,ordinary_default,reversal_given_true_margin_025,0.0068614431164232
49,100,108,31,ordinary_default,x1_wrong_sign_true_margin_025,0.000177069499778663
49,100,108,31,ordinary_default,x2_wrong_sign_true_margin_025,0.00668437361664453
49,100,108,31,ordinary_default,mean_absolute_prediction_change,0.203296509814798
49,250,258,37,ordinary_default,cate_correlation,0.731741581827257
49,250,258,37,ordinary_default,cate_rank_correlation,0.797344331360605
49,250,258,37,ordinary_default,sign_reversal,0.2884
49,250,258,37,ordinary_default,strong_reversal_010,0.229866666666667
49,250,258,37,ordinary_default,strong_reversal_025,0.00646666666666667
49,250,258,37,ordinary_default,reversal_given_true_margin_025,0.0699424524125719
49,250,258,37,ordinary_default,x1_wrong_sign_true_margin_025,0.000265604249667995
49,250,258,37,ordinary_default,x2_wrong_sign_true_margin_025,0.0696768481629039
49,250,258,37,ordinary_default,mean_absolute_prediction_change,0.301113663090474
49,500,508,43,ordinary_default,cate_correlation,0.562690639412641
49,500,508,43,ordinary_default,cate_rank_correlation,0.780455720175617
49,500,508,43,ordinary_default,sign_reversal,0.4444
49,500,508,43,ordinary_default,strong_reversal_010,0.231766666666667
49,500,508,43,ordinary_default,strong_reversal_025,0.00903333333333333
49,500,508,43,ordinary_default,reversal_given_true_margin_025,0.275564409030544
49,500,508,43,ordinary_default,x1_wrong_sign_true_margin_025,0.000531208499335989
49,500,508,43,ordinary_default,x2_wrong_sign_true_margin_025,0.275033200531208
49,500,508,43,ordinary_default,mean_absolute_prediction_change,0.355027964444238
49,500,508,43,class_sampled_default,cate_correlation,1
49,500,508,43,class_sampled_default,cate_rank_correlation,1
49,500,508,43,class_sampled_default,sign_reversal,0
49,500,508,43,class_sampled_default,strong_reversal_010,0
49,500,508,43,class_sampled_default,strong_reversal_025,0
49,500,508,43,class_sampled_default,reversal_given_true_margin_025,0
49,500,508,43,class_sampled_default,x1_wrong_sign_true_margin_025,0.0314741035856574
49,500,508,43,class_sampled_default,x2_wrong_sign_true_margin_025,0.0314741035856574
49,500,508,43,class_sampled_default,mean_absolute_prediction_change,0
50,40,48,27,ordinary_default,cate_correlation,0.992612928761031
50,40,48,27,ordinary_default,cate_rank_correlation,0.970383523635093
50,40,48,27,ordinary_default,sign_reversal,0.0275666666666667
50,40,48,27,ordinary_default,strong_reversal_010,0.000433333333333333
50,40,48,27,ordinary_default,strong_reversal_025,0
50,40,48,27,ordinary_default,reversal_given_true_margin_025,0.0010224039829303
50,40,48,27,ordinary_default,x1_wrong_sign_true_margin_025,0.000266714082503556
50,40,48,27,ordinary_default,x2_wrong_sign_true_margin_025,0.00111130867709815
50,40,48,27,ordinary_default,mean_absolute_prediction_change,0.0745115005175657
50,100,108,31,ordinary_default,cate_correlation,0.92342572792152
50,100,108,31,ordinary_default,cate_rank_correlation,0.812018616439132
50,100,108,31,ordinary_default,sign_reversal,0.213033333333333
50,100,108,31,ordinary_default,strong_reversal_010,0.0491333333333333
50,100,108,31,ordinary_default,strong_reversal_025,0
50,100,108,31,ordinary_default,reversal_given_true_margin_025,0.0138691322901849
50,100,108,31,ordinary_default,x1_wrong_sign_true_margin_025,0.000400071123755334
50,100,108,31,ordinary_default,x2_wrong_sign_true_margin_025,0.0134690611664296
50,100,108,31,ordinary_default,mean_absolute_prediction_change,0.205697008532591
50,250,258,37,ordinary_default,cate_correlation,0.722346940430345
50,250,258,37,ordinary_default,cate_rank_correlation,0.790381559612868
50,250,258,37,ordinary_default,sign_reversal,0.345033333333333
50,250,258,37,ordinary_default,strong_reversal_010,0.253233333333333
50,250,258,37,ordinary_default,strong_reversal_025,0.0106666666666667
50,250,258,37,ordinary_default,reversal_given_true_margin_025,0.13722439544808
50,250,258,37,ordinary_default,x1_wrong_sign_true_margin_025,0.00226706970128023
50,250,258,37,ordinary_default,x2_wrong_sign_true_margin_025,0.134957325746799
50,250,258,37,ordinary_default,mean_absolute_prediction_change,0.329036031433921
50,500,508,43,ordinary_default,cate_correlation,0.569525814721095
50,500,508,43,ordinary_default,cate_rank_correlation,0.783426276303807
50,500,508,43,ordinary_default,sign_reversal,0.479366666666667
50,500,508,43,ordinary_default,strong_reversal_010,0.269866666666667
50,500,508,43,ordinary_default,strong_reversal_025,0.0271
50,500,508,43,ordinary_default,reversal_given_true_margin_025,0.314811522048364
50,500,508,43,ordinary_default,x1_wrong_sign_true_margin_025,0.00253378378378378
50,500,508,43,ordinary_default,x2_wrong_sign_true_margin_025,0.31227773826458
50,500,508,43,ordinary_default,mean_absolute_prediction_change,0.376145403828704
50,500,508,43,class_sampled_default,cate_correlation,1
50,500,508,43,class_sampled_default,cate_rank_correlation,1
50,500,508,43,class_sampled_default,sign_reversal,0
50,500,508,43,class_sampled_default,strong_reversal_010,0
50,500,508,43,class_sampled_default,strong_reversal_025,0
50,500,508,43,class_sampled_default,reversal_given_true_margin_025,0
50,500,508,43,class_sampled_default,x1_wrong_sign_true_margin_025,0.00386735419630156
50,500,508,43,class_sampled_default,x2_wrong_sign_true_margin_025,0.00386735419630156
50,500,508,43,class_sampled_default,mean_absolute_prediction_change,0
51,40,48,27,ordinary_default,cate_correlation,0.993567920163423
51,40,48,27,ordinary_default,cate_rank_correlation,0.989275791430306
51,40,48,27,ordinary_default,sign_reversal,0.0926666666666667
51,40,48,27,ordinary_default,strong_reversal_010,0.000333333333333333
51,40,48,27,ordinary_default,strong_reversal_025,0
51,40,48,27,ordinary_default,reversal_given_true_margin_025,0.00588157254676513
51,40,48,27,ordinary_default,x1_wrong_sign_true_margin_025,0.00583735019678946
51,40,48,27,ordinary_default,x2_wrong_sign_true_margin_025,0.0116304780436032
51,40,48,27,ordinary_default,mean_absolute_prediction_change,0.0720274750900239
51,100,108,31,ordinary_default,cate_correlation,0.929860212991144
51,100,108,31,ordinary_default,cate_rank_correlation,0.849148949822165
51,100,108,31,ordinary_default,sign_reversal,0.234233333333333
51,100,108,31,ordinary_default,strong_reversal_010,0.1782
51,100,108,31,ordinary_default,strong_reversal_025,0
51,100,108,31,ordinary_default,reversal_given_true_margin_025,0.01729093884049
51,100,108,31,ordinary_default,x1_wrong_sign_true_margin_025,0.00393578914783532
51,100,108,31,ordinary_default,x2_wrong_sign_true_margin_025,0.0212267279883253
51,100,108,31,ordinary_default,mean_absolute_prediction_change,0.199994690106209
51,250,258,37,ordinary_default,cate_correlation,0.734560479038575
51,250,258,37,ordinary_default,cate_rank_correlation,0.799875613263417
51,250,258,37,ordinary_default,sign_reversal,0.431766666666667
51,250,258,37,ordinary_default,strong_reversal_010,0.2386
51,250,258,37,ordinary_default,strong_reversal_025,0.0656666666666667
51,250,258,37,ordinary_default,reversal_given_true_margin_025,0.256710741608809
51,250,258,37,ordinary_default,x1_wrong_sign_true_margin_025,0.00234378454871092
51,250,258,37,ordinary_default,x2_wrong_sign_true_margin_025,0.25905452615752
51,250,258,37,ordinary_default,mean_absolute_prediction_change,0.327603097052116
51,500,508,43,ordinary_default,cate_correlation,0.589567524222717
51,500,508,43,ordinary_default,cate_rank_correlation,0.781184799941317
51,500,508,43,ordinary_default,sign_reversal,0.4694
51,500,508,43,ordinary_default,strong_reversal_010,0.2892
51,500,508,43,ordinary_default,strong_reversal_025,0.175366666666667
51,500,508,43,ordinary_default,reversal_given_true_margin_025,0.303940211382833
51,500,508,43,ordinary_default,x1_wrong_sign_true_margin_025,0.000442223499756777
51,500,508,43,ordinary_default,x2_wrong_sign_true_margin_025,0.30376332198293
51,500,508,43,ordinary_default,mean_absolute_prediction_change,0.381305977023499
51,500,508,43,class_sampled_default,cate_correlation,1
51,500,508,43,class_sampled_default,cate_rank_correlation,1
51,500,508,43,class_sampled_default,sign_reversal,0
51,500,508,43,class_sampled_default,strong_reversal_010,0
51,500,508,43,class_sampled_default,strong_reversal_025,0
51,500,508,43,class_sampled_default,reversal_given_true_margin_025,0
51,500,508,43,class_sampled_default,x1_wrong_sign_true_margin_025,0.00305134214832176
51,500,508,43,class_sampled_default,x2_wrong_sign_true_margin_025,0.00305134214832176
51,500,508,43,class_sampled_default,mean_absolute_prediction_change,0
52,40,48,27,ordinary_default,cate_correlation,0.992739873727596
52,40,48,27,ordinary_default,cate_rank_correlation,0.952589776324211
52,40,48,27,ordinary_default,sign_reversal,0.01
52,40,48,27,ordinary_default,strong_reversal_010,3.33333333333333e-05
52,40,48,27,ordinary_default,strong_reversal_025,0
52,40,48,27,ordinary_default,reversal_given_true_margin_025,0.00315934677168157
52,40,48,27,ordinary_default,x1_wrong_sign_true_margin_025,0.0105459885195568
52,40,48,27,ordinary_default,x2_wrong_sign_true_margin_025,0.0132603568726917
52,40,48,27,ordinary_default,mean_absolute_prediction_change,0.0719015380126804
52,100,108,31,ordinary_default,cate_correlation,0.924384160310705
52,100,108,31,ordinary_default,cate_rank_correlation,0.817496570053663
52,100,108,31,ordinary_default,sign_reversal,0.0895333333333333
52,100,108,31,ordinary_default,strong_reversal_010,0.0177
52,100,108,31,ordinary_default,strong_reversal_025,0
52,100,108,31,ordinary_default,reversal_given_true_margin_025,0.0129933698215637
52,100,108,31,ordinary_default,x1_wrong_sign_true_margin_025,0.00845458995238731
52,100,108,31,ordinary_default,x2_wrong_sign_true_margin_025,0.0208249899879856
52,100,108,31,ordinary_default,mean_absolute_prediction_change,0.197030315503641
52,250,258,37,ordinary_default,cate_correlation,0.718721488959338
52,250,258,37,ordinary_default,cate_rank_correlation,0.784616064797129
52,250,258,37,ordinary_default,sign_reversal,0.405933333333333
52,250,258,37,ordinary_default,strong_reversal_010,0.125333333333333
52,250,258,37,ordinary_default,strong_reversal_025,0.0101666666666667
52,250,258,37,ordinary_default,reversal_given_true_margin_025,0.21648200062297
52,250,258,37,ordinary_default,x1_wrong_sign_true_margin_025,0.00685266764561919
52,250,258,37,ordinary_default,x2_wrong_sign_true_margin_025,0.222266720064077
52,250,258,37,ordinary_default,mean_absolute_prediction_change,0.335272049654606
52,500,508,43,ordinary_default,cate_correlation,0.544983007006455
52,500,508,43,ordinary_default,cate_rank_correlation,0.769315748342795
52,500,508,43,ordinary_default,sign_reversal,0.4879
52,500,508,43,ordinary_default,strong_reversal_010,0.270266666666667
52,500,508,43,ordinary_default,strong_reversal_025,0.0107333333333333
52,500,508,43,ordinary_default,reversal_given_true_margin_025,0.323276821074178
52,500,508,43,ordinary_default,x1_wrong_sign_true_margin_025,0.00533974102256041
52,500,508,43,ordinary_default,x2_wrong_sign_true_margin_025,0.327192631157389
52,500,508,43,ordinary_default,mean_absolute_prediction_change,0.387150654818596
52,500,508,43,class_sampled_default,cate_correlation,1
52,500,508,43,class_sampled_default,cate_rank_correlation,1
52,500,508,43,class_sampled_default,sign_reversal,0
52,500,508,43,class_sampled_default,strong_reversal_010,0
52,500,508,43,class_sampled_default,strong_reversal_025,0
52,500,508,43,class_sampled_default,reversal_given_true_margin_025,0
52,500,508,43,class_sampled_default,x1_wrong_sign_true_margin_025,0.00333733813910025
52,500,508,43,class_sampled_default,x2_wrong_sign_true_margin_025,0.00333733813910025
52,500,508,43,class_sampled_default,mean_absolute_prediction_change,0
53,40,48,27,ordinary_default,cate_correlation,0.994313008498538
53,40,48,27,ordinary_default,cate_rank_correlation,0.989392780337103
53,40,48,27,ordinary_default,sign_reversal,0.200966666666667
53,40,48,27,ordinary_default,strong_reversal_010,7e-04
53,40,48,27,ordinary_default,strong_reversal_025,0
53,40,48,27,ordinary_default,reversal_given_true_margin_025,0.00421622581217824
53,40,48,27,ordinary_default,x1_wrong_sign_true_margin_025,0.00687910527250133
53,40,48,27,ordinary_default,x2_wrong_sign_true_margin_025,0.0110065684360021
53,40,48,27,ordinary_default,mean_absolute_prediction_change,0.0773597533541084
53,100,108,31,ordinary_default,cate_correlation,0.938417658194372
53,100,108,31,ordinary_default,cate_rank_correlation,0.879361733759735
53,100,108,31,ordinary_default,sign_reversal,0.245533333333333
53,100,108,31,ordinary_default,strong_reversal_010,0.231833333333333
53,100,108,31,ordinary_default,strong_reversal_025,1e-04
53,100,108,31,ordinary_default,reversal_given_true_margin_025,0.0118941949227765
53,100,108,31,ordinary_default,x1_wrong_sign_true_margin_025,0.00403870051482336
53,100,108,31,ordinary_default,x2_wrong_sign_true_margin_025,0.0159328954375999
53,100,108,31,ordinary_default,mean_absolute_prediction_change,0.20963687319745
53,250,258,37,ordinary_default,cate_correlation,0.758352011493565
53,250,258,37,ordinary_default,cate_rank_correlation,0.796771055319079
53,250,258,37,ordinary_default,sign_reversal,0.4006
53,250,258,37,ordinary_default,strong_reversal_010,0.249233333333333
53,250,258,37,ordinary_default,strong_reversal_025,0.226633333333333
53,250,258,37,ordinary_default,reversal_given_true_margin_025,0.211033197230605
53,250,258,37,ordinary_default,x1_wrong_sign_true_margin_025,0.0021746848925972
53,250,258,37,ordinary_default,x2_wrong_sign_true_margin_025,0.213207882123203
53,250,258,37,ordinary_default,mean_absolute_prediction_change,0.348772829959096
53,500,508,43,ordinary_default,cate_correlation,0.583895197916556
53,500,508,43,ordinary_default,cate_rank_correlation,0.7817798483642
53,500,508,43,ordinary_default,sign_reversal,0.477633333333333
53,500,508,43,ordinary_default,strong_reversal_010,0.323333333333333
53,500,508,43,ordinary_default,strong_reversal_025,0.235733333333333
53,500,508,43,ordinary_default,reversal_given_true_margin_025,0.309470974613882
53,500,508,43,ordinary_default,x1_wrong_sign_true_margin_025,8.87626486774365e-05
53,500,508,43,ordinary_default,x2_wrong_sign_true_margin_025,0.30955973726256
53,500,508,43,ordinary_default,mean_absolute_prediction_change,0.430552361205604
53,500,508,43,class_sampled_default,cate_correlation,1
53,500,508,43,class_sampled_default,cate_rank_correlation,1
53,500,508,43,class_sampled_default,sign_reversal,0
53,500,508,43,class_sampled_default,strong_reversal_010,0
53,500,508,43,class_sampled_default,strong_reversal_025,0
53,500,508,43,class_sampled_default,reversal_given_true_margin_025,0
53,500,508,43,class_sampled_default,x1_wrong_sign_true_margin_025,0.00226344754127463
53,500,508,43,class_sampled_default,x2_wrong_sign_true_margin_025,0.00226344754127463
53,500,508,43,class_sampled_default,mean_absolute_prediction_change,0
54,40,48,27,ordinary_default,cate_correlation,0.993377222374204
54,40,48,27,ordinary_default,cate_rank_correlation,0.978601794305557
54,40,48,27,ordinary_default,sign_reversal,0.0372
54,40,48,27,ordinary_default,strong_reversal_010,0
54,40,48,27,ordinary_default,strong_reversal_025,0
54,40,48,27,ordinary_default,reversal_given_true_margin_025,0.00693579939534057
54,40,48,27,ordinary_default,x1_wrong_sign_true_margin_025,0.0082696069713676
54,40,48,27,ordinary_default,x2_wrong_sign_true_margin_025,0.0152054063667082
54,40,48,27,ordinary_default,mean_absolute_prediction_change,0.0763073915586412
54,100,108,31,ordinary_default,cate_correlation,0.929293270186953
54,100,108,31,ordinary_default,cate_rank_correlation,0.803801094239335
54,100,108,31,ordinary_default,sign_reversal,0.254033333333333
54,100,108,31,ordinary_default,strong_reversal_010,0.0537666666666667
54,100,108,31,ordinary_default,strong_reversal_025,0
54,100,108,31,ordinary_default,reversal_given_true_margin_025,0.0208073981860217
54,100,108,31,ordinary_default,x1_wrong_sign_true_margin_025,0.000622443535479282
54,100,108,31,ordinary_default,x2_wrong_sign_true_margin_025,0.0211630802062956
54,100,108,31,ordinary_default,mean_absolute_prediction_change,0.207394803242659
54,250,258,37,ordinary_default,cate_correlation,0.729032351820707
54,250,258,37,ordinary_default,cate_rank_correlation,0.781754208060171
54,250,258,37,ordinary_default,sign_reversal,0.364433333333333
54,250,258,37,ordinary_default,strong_reversal_010,0.2583
54,250,258,37,ordinary_default,strong_reversal_025,0.00326666666666667
54,250,258,37,ordinary_default,reversal_given_true_margin_025,0.159034323314956
54,250,258,37,ordinary_default,x1_wrong_sign_true_margin_025,0.000622443535479282
54,250,258,37,ordinary_default,x2_wrong_sign_true_margin_025,0.158411879779477
54,250,258,37,ordinary_default,mean_absolute_prediction_change,0.340509848828861
54,500,508,43,ordinary_default,cate_correlation,0.562821842999452
54,500,508,43,ordinary_default,cate_rank_correlation,0.766794598585772
54,500,508,43,ordinary_default,sign_reversal,0.489433333333333
54,500,508,43,ordinary_default,strong_reversal_010,0.2906
54,500,508,43,ordinary_default,strong_reversal_025,0.0156666666666667
54,500,508,43,ordinary_default,reversal_given_true_margin_025,0.324159701227103
54,500,508,43,ordinary_default,x1_wrong_sign_true_margin_025,0.000844744798150454
54,500,508,43,ordinary_default,x2_wrong_sign_true_margin_025,0.323314956428953
54,500,508,43,ordinary_default,mean_absolute_prediction_change,0.402090089716639
54,500,508,43,class_sampled_default,cate_correlation,1
54,500,508,43,class_sampled_default,cate_rank_correlation,1
54,500,508,43,class_sampled_default,sign_reversal,0
54,500,508,43,class_sampled_default,strong_reversal_010,0
54,500,508,43,class_sampled_default,strong_reversal_025,0
54,500,508,43,class_sampled_default,reversal_given_true_margin_025,0
54,500,508,43,class_sampled_default,x1_wrong_sign_true_margin_025,0.00431264449582074
54,500,508,43,class_sampled_default,x2_wrong_sign_true_margin_025,0.00431264449582074
54,500,508,43,class_sampled_default,mean_absolute_prediction_change,0
55,40,48,27,ordinary_default,cate_correlation,0.992603980333555
55,40,48,27,ordinary_default,cate_rank_correlation,0.966872014911191
55,40,48,27,ordinary_default,sign_reversal,0.1171
55,40,48,27,ordinary_default,strong_reversal_010,1e-04
55,40,48,27,ordinary_default,strong_reversal_025,0
55,40,48,27,ordinary_default,reversal_given_true_margin_025,0.001953125
55,40,48,27,ordinary_default,x1_wrong_sign_true_margin_025,0.00816761363636364
55,40,48,27,ordinary_default,x2_wrong_sign_true_margin_025,0.0101207386363636
55,40,48,27,ordinary_default,mean_absolute_prediction_change,0.0729138864098397
55,100,108,31,ordinary_default,cate_correlation,0.922510508939089
55,100,108,31,ordinary_default,cate_rank_correlation,0.814113106134792
55,100,108,31,ordinary_default,sign_reversal,0.287533333333333
55,100,108,31,ordinary_default,strong_reversal_010,0.1785
55,100,108,31,ordinary_default,strong_reversal_025,0
55,100,108,31,ordinary_default,reversal_given_true_margin_025,0.0660955255681818
55,100,108,31,ordinary_default,x1_wrong_sign_true_margin_025,0.00514914772727273
55,100,108,31,ordinary_default,x2_wrong_sign_true_margin_025,0.0712446732954545
55,100,108,31,ordinary_default,mean_absolute_prediction_change,0.203474713289253
55,250,258,37,ordinary_default,cate_correlation,0.723267900627348
55,250,258,37,ordinary_default,cate_rank_correlation,0.785185540328428
55,250,258,37,ordinary_default,sign_reversal,0.4758
55,250,258,37,ordinary_default,strong_reversal_010,0.393066666666667
55,250,258,37,ordinary_default,strong_reversal_025,0.0337666666666667
55,250,258,37,ordinary_default,reversal_given_true_margin_025,0.307350852272727
55,250,258,37,ordinary_default,x1_wrong_sign_true_margin_025,0.00319602272727273
55,250,258,37,ordinary_default,x2_wrong_sign_true_margin_025,0.310546875
55,250,258,37,ordinary_default,mean_absolute_prediction_change,0.320846741748495
55,500,508,43,ordinary_default,cate_correlation,0.544017764251782
55,500,508,43,ordinary_default,cate_rank_correlation,0.769908411529232
55,500,508,43,ordinary_default,sign_reversal,0.489166666666667
55,500,508,43,ordinary_default,strong_reversal_010,0.4636
55,500,508,43,ordinary_default,strong_reversal_025,0.1874
55,500,508,43,ordinary_default,reversal_given_true_margin_025,0.321244673295455
55,500,508,43,ordinary_default,x1_wrong_sign_true_margin_025,0.00150923295454545
55,500,508,43,ordinary_default,x2_wrong_sign_true_margin_025,0.32275390625
55,500,508,43,ordinary_default,mean_absolute_prediction_change,0.375615245665561
55,500,508,43,class_sampled_default,cate_correlation,1
55,500,508,43,class_sampled_default,cate_rank_correlation,1
55,500,508,43,class_sampled_default,sign_reversal,0
55,500,508,43,class_sampled_default,strong_reversal_010,0
55,500,508,43,class_sampled_default,strong_reversal_025,0
55,500,508,43,class_sampled_default,reversal_given_true_margin_025,0
55,500,508,43,class_sampled_default,x1_wrong_sign_true_margin_025,0.00315163352272727
55,500,508,43,class_sampled_default,x2_wrong_sign_true_margin_025,0.00315163352272727
55,500,508,43,class_sampled_default,mean_absolute_prediction_change,0
56,40,48,27,ordinary_default,cate_correlation,0.990346985130032
56,40,48,27,ordinary_default,cate_rank_correlation,0.983389196511766
56,40,48,27,ordinary_default,sign_reversal,0.0116666666666667
56,40,48,27,ordinary_default,strong_reversal_010,0
56,40,48,27,ordinary_default,strong_reversal_025,0
56,40,48,27,ordinary_default,reversal_given_true_margin_025,0.000981529401267065
56,40,48,27,ordinary_default,x1_wrong_sign_true_margin_025,0.00156152404747033
56,40,48,27,ordinary_default,x2_wrong_sign_true_margin_025,0.00245382350316766
56,40,48,27,ordinary_default,mean_absolute_prediction_change,0.0854561123128874
56,100,108,31,ordinary_default,cate_correlation,0.911924447886896
56,100,108,31,ordinary_default,cate_rank_correlation,0.807814937081572
56,100,108,31,ordinary_default,sign_reversal,0.230233333333333
56,100,108,31,ordinary_default,strong_reversal_010,0.0194
56,100,108,31,ordinary_default,strong_reversal_025,0
56,100,108,31,ordinary_default,reversal_given_true_margin_025,0.00571071651646292
56,100,108,31,ordinary_default,x1_wrong_sign_true_margin_025,0.000535379673418399
56,100,108,31,ordinary_default,x2_wrong_sign_true_margin_025,0.00579994646203266
56,100,108,31,ordinary_default,mean_absolute_prediction_change,0.21060700842678
56,250,258,37,ordinary_default,cate_correlation,0.69744973469255
56,250,258,37,ordinary_default,cate_rank_correlation,0.786154967706394
56,250,258,37,ordinary_default,sign_reversal,0.415266666666667
56,250,258,37,ordinary_default,strong_reversal_010,0.244733333333333
56,250,258,37,ordinary_default,strong_reversal_025,0.00673333333333333
56,250,258,37,ordinary_default,reversal_given_true_margin_025,0.227000981529401
56,250,258,37,ordinary_default,x1_wrong_sign_true_margin_025,0.00115998929240653
56,250,258,37,ordinary_default,x2_wrong_sign_true_margin_025,0.225840992236995
56,250,258,37,ordinary_default,mean_absolute_prediction_change,0.32822389729921
56,500,508,43,ordinary_default,cate_correlation,0.552290875653119
56,500,508,43,ordinary_default,cate_rank_correlation,0.776153223615726
56,500,508,43,ordinary_default,sign_reversal,0.479033333333333
56,500,508,43,ordinary_default,strong_reversal_010,0.272833333333333
56,500,508,43,ordinary_default,strong_reversal_025,0.0117333333333333
56,500,508,43,ordinary_default,reversal_given_true_margin_025,0.310475595609887
56,500,508,43,ordinary_default,x1_wrong_sign_true_margin_025,0.00205228874810386
56,500,508,43,ordinary_default,x2_wrong_sign_true_margin_025,0.308512536807353
56,500,508,43,ordinary_default,mean_absolute_prediction_change,0.366723015348583
56,500,508,43,class_sampled_default,cate_correlation,1
56,500,508,43,class_sampled_default,cate_rank_correlation,1
56,500,508,43,class_sampled_default,sign_reversal,0
56,500,508,43,class_sampled_default,strong_reversal_010,0
56,500,508,43,class_sampled_default,strong_reversal_025,0
56,500,508,43,class_sampled_default,reversal_given_true_margin_025,0
56,500,508,43,class_sampled_default,x1_wrong_sign_true_margin_025,0.00231997858481306
56,500,508,43,class_sampled_default,x2_wrong_sign_true_margin_025,0.00231997858481306
56,500,508,43,class_sampled_default,mean_absolute_prediction_change,0
57,40,48,27,ordinary_default,cate_correlation,0.991132550784722
57,40,48,27,ordinary_default,cate_rank_correlation,0.936866567168074
57,40,48,27,ordinary_default,sign_reversal,0.0135
57,40,48,27,ordinary_default,strong_reversal_010,0
57,40,48,27,ordinary_default,strong_reversal_025,0
57,40,48,27,ordinary_default,reversal_given_true_margin_025,0.0106204088857421
57,40,48,27,ordinary_default,x1_wrong_sign_true_margin_025,0.00323037436941322
57,40,48,27,ordinary_default,x2_wrong_sign_true_margin_025,0.0138507832551553
57,40,48,27,ordinary_default,mean_absolute_prediction_change,0.0803001146446012
57,100,108,31,ordinary_default,cate_correlation,0.918012004991268
57,100,108,31,ordinary_default,cate_rank_correlation,0.811764774846405
57,100,108,31,ordinary_default,sign_reversal,0.0908666666666667
57,100,108,31,ordinary_default,strong_reversal_010,0.0162666666666667
57,100,108,31,ordinary_default,strong_reversal_025,0
57,100,108,31,ordinary_default,reversal_given_true_margin_025,0.0283653420656695
57,100,108,31,ordinary_default,x1_wrong_sign_true_margin_025,0.000265510222143553
57,100,108,31,ordinary_default,x2_wrong_sign_true_margin_025,0.0284538454730507
57,100,108,31,ordinary_default,mean_absolute_prediction_change,0.205593287654489
57,250,258,37,ordinary_default,cate_correlation,0.709885232693371
57,250,258,37,ordinary_default,cate_rank_correlation,0.787020254719356
57,250,258,37,ordinary_default,sign_reversal,0.4355
57,250,258,37,ordinary_default,strong_reversal_010,0.198433333333333
57,250,258,37,ordinary_default,strong_reversal_025,8e-04
57,250,258,37,ordinary_default,reversal_given_true_margin_025,0.265642977254624
57,250,258,37,ordinary_default,x1_wrong_sign_true_margin_025,0.000398265333215329
57,250,258,37,ordinary_default,x2_wrong_sign_true_margin_025,0.265244711921409
57,250,258,37,ordinary_default,mean_absolute_prediction_change,0.333372724095015
57,500,508,43,ordinary_default,cate_correlation,0.547499378438972
57,500,508,43,ordinary_default,cate_rank_correlation,0.769634504708927
57,500,508,43,ordinary_default,sign_reversal,0.4916
57,500,508,43,ordinary_default,strong_reversal_010,0.318633333333333
57,500,508,43,ordinary_default,strong_reversal_025,0.003
57,500,508,43,ordinary_default,reversal_given_true_margin_025,0.334985396937782
57,500,508,43,ordinary_default,x1_wrong_sign_true_margin_025,0.00137180281440835
57,500,508,43,ordinary_default,x2_wrong_sign_true_margin_025,0.333613594123374
57,500,508,43,ordinary_default,mean_absolute_prediction_change,0.378836457216729
57,500,508,43,class_sampled_default,cate_correlation,1
57,500,508,43,class_sampled_default,cate_rank_correlation,1
57,500,508,43,class_sampled_default,sign_reversal,0
57,500,508,43,class_sampled_default,strong_reversal_010,0
57,500,508,43,class_sampled_default,strong_reversal_025,0
57,500,508,43,class_sampled_default,reversal_given_true_margin_025,0
57,500,508,43,class_sampled_default,x1_wrong_sign_true_margin_025,0.00203557836976724
57,500,508,43,class_sampled_default,x2_wrong_sign_true_margin_025,0.00203557836976724
57,500,508,43,class_sampled_default,mean_absolute_prediction_change,0
58,40,48,27,ordinary_default,cate_correlation,0.992761972360993
58,40,48,27,ordinary_default,cate_rank_correlation,0.984476856967197
58,40,48,27,ordinary_default,sign_reversal,0.0460666666666667
58,40,48,27,ordinary_default,strong_reversal_010,0.000566666666666667
58,40,48,27,ordinary_default,strong_reversal_025,0
58,40,48,27,ordinary_default,reversal_given_true_margin_025,0
58,40,48,27,ordinary_default,x1_wrong_sign_true_margin_025,0.000265957446808511
58,40,48,27,ordinary_default,x2_wrong_sign_true_margin_025,0.000265957446808511
58,40,48,27,ordinary_default,mean_absolute_prediction_change,0.0725256916421916
58,100,108,31,ordinary_default,cate_correlation,0.926125476031263
58,100,108,31,ordinary_default,cate_rank_correlation,0.830454123227171
58,100,108,31,ordinary_default,sign_reversal,0.218133333333333
58,100,108,31,ordinary_default,strong_reversal_010,0.0621333333333333
58,100,108,31,ordinary_default,strong_reversal_025,0
58,100,108,31,ordinary_default,reversal_given_true_margin_025,0.00305851063829787
58,100,108,31,ordinary_default,x1_wrong_sign_true_margin_025,4.43262411347518e-05
58,100,108,31,ordinary_default,x2_wrong_sign_true_margin_025,0.00301418439716312
58,100,108,31,ordinary_default,mean_absolute_prediction_change,0.195536875767543
58,250,258,37,ordinary_default,cate_correlation,0.736248984091827
58,250,258,37,ordinary_default,cate_rank_correlation,0.802366527491518
58,250,258,37,ordinary_default,sign_reversal,0.394866666666667
58,250,258,37,ordinary_default,strong_reversal_010,0.2375
58,250,258,37,ordinary_default,strong_reversal_025,0.0292333333333333
58,250,258,37,ordinary_default,reversal_given_true_margin_025,0.199335106382979
58,250,258,37,ordinary_default,x1_wrong_sign_true_margin_025,0.00048758865248227
58,250,258,37,ordinary_default,x2_wrong_sign_true_margin_025,0.199024822695035
58,250,258,37,ordinary_default,mean_absolute_prediction_change,0.32059490450509
58,500,508,43,ordinary_default,cate_correlation,0.577578195592835
58,500,508,43,ordinary_default,cate_rank_correlation,0.789205406000895
58,500,508,43,ordinary_default,sign_reversal,0.4762
58,500,508,43,ordinary_default,strong_reversal_010,0.2755
58,500,508,43,ordinary_default,strong_reversal_025,0.0488
58,500,508,43,ordinary_default,reversal_given_true_margin_025,0.305718085106383
58,500,508,43,ordinary_default,x1_wrong_sign_true_margin_025,0.000664893617021277
58,500,508,43,ordinary_default,x2_wrong_sign_true_margin_025,0.305230496453901
58,500,508,43,ordinary_default,mean_absolute_prediction_change,0.368650721226097
58,500,508,43,class_sampled_default,cate_correlation,1
58,500,508,43,class_sampled_default,cate_rank_correlation,1
58,500,508,43,class_sampled_default,sign_reversal,0
58,500,508,43,class_sampled_default,strong_reversal_010,0
58,500,508,43,class_sampled_default,strong_reversal_025,0
58,500,508,43,class_sampled_default,reversal_given_true_margin_025,0
58,500,508,43,class_sampled_default,x1_wrong_sign_true_margin_025,0.00359042553191489
58,500,508,43,class_sampled_default,x2_wrong_sign_true_margin_025,0.00359042553191489
58,500,508,43,class_sampled_default,mean_absolute_prediction_change,0
59,40,48,27,ordinary_default,cate_correlation,0.99241283881406
59,40,48,27,ordinary_default,cate_rank_correlation,0.987188926201766
59,40,48,27,ordinary_default,sign_reversal,0.0892666666666667
59,40,48,27,ordinary_default,strong_reversal_010,0.000933333333333333
59,40,48,27,ordinary_default,strong_reversal_025,0
59,40,48,27,ordinary_default,reversal_given_true_margin_025,0.00714413288087158
59,40,48,27,ordinary_default,x1_wrong_sign_true_margin_025,0.00343811394891945
59,40,48,27,ordinary_default,x2_wrong_sign_true_margin_025,0.010582246829791
59,40,48,27,ordinary_default,mean_absolute_prediction_change,0.080806029915642
59,100,108,31,ordinary_default,cate_correlation,0.928275590993496
59,100,108,31,ordinary_default,cate_rank_correlation,0.832945517410828
59,100,108,31,ordinary_default,sign_reversal,0.241666666666667
59,100,108,31,ordinary_default,strong_reversal_010,0.1531
59,100,108,31,ordinary_default,strong_reversal_025,3.33333333333333e-05
59,100,108,31,ordinary_default,reversal_given_true_margin_025,0.0136631541346669
59,100,108,31,ordinary_default,x1_wrong_sign_true_margin_025,0.00200928737274513
59,100,108,31,ordinary_default,x2_wrong_sign_true_margin_025,0.015672441507412
59,100,108,31,ordinary_default,mean_absolute_prediction_change,0.205006559577496
59,250,258,37,ordinary_default,cate_correlation,0.740270609811524
59,250,258,37,ordinary_default,cate_rank_correlation,0.784779998129311
59,250,258,37,ordinary_default,sign_reversal,0.346233333333333
59,250,258,37,ordinary_default,strong_reversal_010,0.2509
59,250,258,37,ordinary_default,strong_reversal_025,0.0726333333333333
59,250,258,37,ordinary_default,reversal_given_true_margin_025,0.134443650651902
59,250,258,37,ordinary_default,x1_wrong_sign_true_margin_025,0.00116092159314163
59,250,258,37,ordinary_default,x2_wrong_sign_true_margin_025,0.13328272905876
59,250,258,37,ordinary_default,mean_absolute_prediction_change,0.33159361160595
59,500,508,43,ordinary_default,cate_correlation,0.566906908109558
59,500,508,43,ordinary_default,cate_rank_correlation,0.771167105018186
59,500,508,43,ordinary_default,sign_reversal,0.4974
59,500,508,43,ordinary_default,strong_reversal_010,0.279133333333333
59,500,508,43,ordinary_default,strong_reversal_025,0.2112
59,500,508,43,ordinary_default,reversal_given_true_margin_025,0.335640292909448
59,500,508,43,ordinary_default,x1_wrong_sign_true_margin_025,0.00191998571173424
59,500,508,43,ordinary_default,x2_wrong_sign_true_margin_025,0.333720307197714
59,500,508,43,ordinary_default,mean_absolute_prediction_change,0.398834836658617
59,500,508,43,class_sampled_default,cate_correlation,1
59,500,508,43,class_sampled_default,cate_rank_correlation,1
59,500,508,43,class_sampled_default,sign_reversal,0
59,500,508,43,class_sampled_default,strong_reversal_010,0
59,500,508,43,class_sampled_default,strong_reversal_025,0
59,500,508,43,class_sampled_default,reversal_given_true_margin_025,0
59,500,508,43,class_sampled_default,x1_wrong_sign_true_margin_025,0.00272370066083229
59,500,508,43,class_sampled_default,x2_wrong_sign_true_margin_025,0.00272370066083229
59,500,508,43,class_sampled_default,mean_absolute_prediction_change,0
60,40,48,27,ordinary_default,cate_correlation,0.994286993520218
60,40,48,27,ordinary_default,cate_rank_correlation,0.982468925761854
60,40,48,27,ordinary_default,sign_reversal,0.0047
60,40,48,27,ordinary_default,strong_reversal_010,0
60,40,48,27,ordinary_default,strong_reversal_025,0
60,40,48,27,ordinary_default,reversal_given_true_margin_025,0.000796777477756629
60,40,48,27,ordinary_default,x1_wrong_sign_true_margin_025,0.00154928954008233
60,40,48,27,ordinary_default,x2_wrong_sign_true_margin_025,0.0009295737240494
60,40,48,27,ordinary_default,mean_absolute_prediction_change,0.0714524289290421
60,100,108,31,ordinary_default,cate_correlation,0.934249769659203
60,100,108,31,ordinary_default,cate_rank_correlation,0.829685903787207
60,100,108,31,ordinary_default,sign_reversal,0.103366666666667
60,100,108,31,ordinary_default,strong_reversal_010,0.00883333333333333
60,100,108,31,ordinary_default,strong_reversal_025,0
60,100,108,31,ordinary_default,reversal_given_true_margin_025,0.00792350936213536
60,100,108,31,ordinary_default,x1_wrong_sign_true_margin_025,0.00314284449559559
60,100,108,31,ordinary_default,x2_wrong_sign_true_margin_025,0.00548891151343455
60,100,108,31,ordinary_default,mean_absolute_prediction_change,0.202984673057143
60,250,258,37,ordinary_default,cate_correlation,0.746723364125526
60,250,258,37,ordinary_default,cate_rank_correlation,0.796789242444877
60,250,258,37,ordinary_default,sign_reversal,0.368733333333333
60,250,258,37,ordinary_default,strong_reversal_010,0.235033333333333
60,250,258,37,ordinary_default,strong_reversal_025,0.00233333333333333
60,250,258,37,ordinary_default,reversal_given_true_margin_025,0.181930857421097
60,250,258,37,ordinary_default,x1_wrong_sign_true_margin_025,0.00571023859058917
60,250,258,37,ordinary_default,x2_wrong_sign_true_margin_025,0.176663272984817
60,250,258,37,ordinary_default,mean_absolute_prediction_change,0.345926864027925
60,500,508,43,ordinary_default,cate_correlation,0.583859302276881
60,500,508,43,ordinary_default,cate_rank_correlation,0.788216316309129
60,500,508,43,ordinary_default,sign_reversal,0.455933333333333
60,500,508,43,ordinary_default,strong_reversal_010,0.305133333333333
60,500,508,43,ordinary_default,strong_reversal_025,0.0179666666666667
60,500,508,43,ordinary_default,reversal_given_true_margin_025,0.295338851755124
60,500,508,43,ordinary_default,x1_wrong_sign_true_margin_025,0.0065070160683458
60,500,508,43,ordinary_default,x2_wrong_sign_true_margin_025,0.289363020671949
60,500,508,43,ordinary_default,mean_absolute_prediction_change,0.409846871546336
60,500,508,43,class_sampled_default,cate_correlation,1
60,500,508,43,class_sampled_default,cate_rank_correlation,1
60,500,508,43,class_sampled_default,sign_reversal,0
60,500,508,43,class_sampled_default,strong_reversal_010,0
60,500,508,43,class_sampled_default,strong_reversal_025,0
60,500,508,43,class_sampled_default,reversal_given_true_margin_025,0
60,500,508,43,class_sampled_default,x1_wrong_sign_true_margin_025,0.0109335576114382
60,500,508,43,class_sampled_default,x2_wrong_sign_true_margin_025,0.0109335576114382
60,500,508,43,class_sampled_default,mean_absolute_prediction_change,0
61,40,48,27,ordinary_default,cate_correlation,0.994230450920989
61,40,48,27,ordinary_default,cate_rank_correlation,0.988952495517947
61,40,48,27,ordinary_default,sign_reversal,0.1935
61,40,48,27,ordinary_default,strong_reversal_010,0
61,40,48,27,ordinary_default,strong_reversal_025,0
61,40,48,27,ordinary_default,reversal_given_true_margin_025,0.000312179458591625
61,40,48,27,ordinary_default,x1_wrong_sign_true_margin_025,0.00142710609641886
61,40,48,27,ordinary_default,x2_wrong_sign_true_margin_025,0.00173928555501048
61,40,48,27,ordinary_default,mean_absolute_prediction_change,0.0704252299426114
61,100,108,31,ordinary_default,cate_correlation,0.933058073757505
61,100,108,31,ordinary_default,cate_rank_correlation,0.820621919286024
61,100,108,31,ordinary_default,sign_reversal,0.239266666666667
61,100,108,31,ordinary_default,strong_reversal_010,0.215166666666667
61,100,108,31,ordinary_default,strong_reversal_025,0
61,100,108,31,ordinary_default,reversal_given_true_margin_025,0.0108370869196807
61,100,108,31,ordinary_default,x1_wrong_sign_true_margin_025,0.000535164786157071
61,100,108,31,ordinary_default,x2_wrong_sign_true_margin_025,0.0113722517058378
61,100,108,31,ordinary_default,mean_absolute_prediction_change,0.196649540643188
61,250,258,37,ordinary_default,cate_correlation,0.744601661086494
61,250,258,37,ordinary_default,cate_rank_correlation,0.781122879398137
61,250,258,37,ordinary_default,sign_reversal,0.476233333333333
61,250,258,37,ordinary_default,strong_reversal_010,0.253733333333333
61,250,258,37,ordinary_default,strong_reversal_025,0.2111
61,250,258,37,ordinary_default,reversal_given_true_margin_025,0.318333853632431
61,250,258,37,ordinary_default,x1_wrong_sign_true_margin_025,4.45970655130892e-05
61,250,258,37,ordinary_default,x2_wrong_sign_true_margin_025,0.318378450697944
61,250,258,37,ordinary_default,mean_absolute_prediction_change,0.32936330230291
61,500,508,43,ordinary_default,cate_correlation,0.558091488675762
61,500,508,43,ordinary_default,cate_rank_correlation,0.761887207422986
61,500,508,43,ordinary_default,sign_reversal,0.482633333333333
61,500,508,43,ordinary_default,strong_reversal_010,0.4676
61,500,508,43,ordinary_default,strong_reversal_025,0.2201
61,500,508,43,ordinary_default,reversal_given_true_margin_025,0.325112607590421
61,500,508,43,ordinary_default,x1_wrong_sign_true_margin_025,0.000624358917183249
61,500,508,43,ordinary_default,x2_wrong_sign_true_margin_025,0.324488248673237
61,500,508,43,ordinary_default,mean_absolute_prediction_change,0.402601341773366
61,500,508,43,class_sampled_default,cate_correlation,1
61,500,508,43,class_sampled_default,cate_rank_correlation,1
61,500,508,43,class_sampled_default,sign_reversal,0
61,500,508,43,class_sampled_default,strong_reversal_010,0
61,500,508,43,class_sampled_default,strong_reversal_025,0
61,500,508,43,class_sampled_default,reversal_given_true_margin_025,0
61,500,508,43,class_sampled_default,x1_wrong_sign_true_margin_025,0.00169468848949739
61,500,508,43,class_sampled_default,x2_wrong_sign_true_margin_025,0.00169468848949739
61,500,508,43,class_sampled_default,mean_absolute_prediction_change,0
62,40,48,27,ordinary_default,cate_correlation,0.993263680241662
62,40,48,27,ordinary_default,cate_rank_correlation,0.99419460004955
62,40,48,27,ordinary_default,sign_reversal,0.0998
62,40,48,27,ordinary_default,strong_reversal_010,0
62,40,48,27,ordinary_default,strong_reversal_025,0
62,40,48,27,ordinary_default,reversal_given_true_margin_025,0.00283537125642389
62,40,48,27,ordinary_default,x1_wrong_sign_true_margin_025,0.0148856990962254
62,40,48,27,ordinary_default,x2_wrong_sign_true_margin_025,0.0176324650008861
62,40,48,27,ordinary_default,mean_absolute_prediction_change,0.0762149626364123
62,100,108,31,ordinary_default,cate_correlation,0.933910860780757
62,100,108,31,ordinary_default,cate_rank_correlation,0.965442055656269
62,100,108,31,ordinary_default,sign_reversal,0.242466666666667
62,100,108,31,ordinary_default,strong_reversal_010,0.153566666666667
62,100,108,31,ordinary_default,strong_reversal_025,0
62,100,108,31,ordinary_default,reversal_given_true_margin_025,0.00611376927166401
62,100,108,31,ordinary_default,x1_wrong_sign_true_margin_025,0.0128034733297891
62,100,108,31,ordinary_default,x2_wrong_sign_true_margin_025,0.0188286372496899
62,100,108,31,ordinary_default,mean_absolute_prediction_change,0.191231746077166
62,250,258,37,ordinary_default,cate_correlation,0.765310143954256
62,250,258,37,ordinary_default,cate_rank_correlation,0.800092455952547
62,250,258,37,ordinary_default,sign_reversal,0.2564
62,250,258,37,ordinary_default,strong_reversal_010,0.241566666666667
62,250,258,37,ordinary_default,strong_reversal_025,0.071
62,250,258,37,ordinary_default,reversal_given_true_margin_025,0.0160375686691476
62,250,258,37,ordinary_default,x1_wrong_sign_true_margin_025,0.00815169236221868
62,250,258,37,ordinary_default,x2_wrong_sign_true_margin_025,0.0234804182172603
62,250,258,37,ordinary_default,mean_absolute_prediction_change,0.315165783940976
62,500,508,43,ordinary_default,cate_correlation,0.599875442212064
62,500,508,43,ordinary_default,cate_rank_correlation,0.775401077549557
62,500,508,43,ordinary_default,sign_reversal,0.2837
62,500,508,43,ordinary_default,strong_reversal_010,0.2473
62,500,508,43,ordinary_default,strong_reversal_025,0.145133333333333
62,500,508,43,ordinary_default,reversal_given_true_margin_025,0.0482013113592061
62,500,508,43,ordinary_default,x1_wrong_sign_true_margin_025,0.00633528265107212
62,500,508,43,ordinary_default,x2_wrong_sign_true_margin_025,0.0525872762714868
62,500,508,43,ordinary_default,mean_absolute_prediction_change,0.393399829859869
62,500,508,43,class_sampled_default,cate_correlation,1
62,500,508,43,class_sampled_default,cate_rank_correlation,1
62,500,508,43,class_sampled_default,sign_reversal,0
62,500,508,43,class_sampled_default,strong_reversal_010,0
62,500,508,43,class_sampled_default,strong_reversal_025,0
62,500,508,43,class_sampled_default,reversal_given_true_margin_025,0
62,500,508,43,class_sampled_default,x1_wrong_sign_true_margin_025,0.00434166223639908
62,500,508,43,class_sampled_default,x2_wrong_sign_true_margin_025,0.00434166223639908
62,500,508,43,class_sampled_default,mean_absolute_prediction_change,0
63,40,48,27,ordinary_default,cate_correlation,0.991797823394029
63,40,48,27,ordinary_default,cate_rank_correlation,0.850660558239401
63,40,48,27,ordinary_default,sign_reversal,0.0122333333333333
63,40,48,27,ordinary_default,strong_reversal_010,6.66666666666667e-05
63,40,48,27,ordinary_default,strong_reversal_025,0
63,40,48,27,ordinary_default,reversal_given_true_margin_025,0.00315471429840931
63,40,48,27,ordinary_default,x1_wrong_sign_true_margin_025,0.000444325957522438
63,40,48,27,ordinary_default,x2_wrong_sign_true_margin_025,0.0032435794899138
63,40,48,27,ordinary_default,mean_absolute_prediction_change,0.0786041830460756
63,100,108,31,ordinary_default,cate_correlation,0.919741646675328
63,100,108,31,ordinary_default,cate_rank_correlation,0.798342553710158
63,100,108,31,ordinary_default,sign_reversal,0.1875
63,100,108,31,ordinary_default,strong_reversal_010,0.0123
63,100,108,31,ordinary_default,strong_reversal_025,0
63,100,108,31,ordinary_default,reversal_given_true_margin_025,0.0674931129476584
63,100,108,31,ordinary_default,x1_wrong_sign_true_margin_025,0.00195503421309873
63,100,108,31,ordinary_default,x2_wrong_sign_true_margin_025,0.0657158091175686
63,100,108,31,ordinary_default,mean_absolute_prediction_change,0.205056712994254
63,250,258,37,ordinary_default,cate_correlation,0.721476856491646
63,250,258,37,ordinary_default,cate_rank_correlation,0.783232222108036
63,250,258,37,ordinary_default,sign_reversal,0.485666666666667
63,250,258,37,ordinary_default,strong_reversal_010,0.326966666666667
63,250,258,37,ordinary_default,strong_reversal_025,0.00156666666666667
63,250,258,37,ordinary_default,reversal_given_true_margin_025,0.330578512396694
63,250,258,37,ordinary_default,x1_wrong_sign_true_margin_025,0.00497645072425131
63,250,258,37,ordinary_default,x2_wrong_sign_true_margin_025,0.325690926863947
63,250,258,37,ordinary_default,mean_absolute_prediction_change,0.325885009417253
63,500,508,43,ordinary_default,cate_correlation,0.537919692891181
63,500,508,43,ordinary_default,cate_rank_correlation,0.772960950461957
63,500,508,43,ordinary_default,sign_reversal,0.490533333333333
63,500,508,43,ordinary_default,strong_reversal_010,0.4734
63,500,508,43,ordinary_default,strong_reversal_025,0.0023
63,500,508,43,ordinary_default,reversal_given_true_margin_025,0.33644361503599
63,500,508,43,ordinary_default,x1_wrong_sign_true_margin_025,0.00626499600106638
63,500,508,43,ordinary_default,x2_wrong_sign_true_margin_025,0.330356349417933
63,500,508,43,ordinary_default,mean_absolute_prediction_change,0.378508625422182
63,500,508,43,class_sampled_default,cate_correlation,1
63,500,508,43,class_sampled_default,cate_rank_correlation,1
63,500,508,43,class_sampled_default,sign_reversal,0
63,500,508,43,class_sampled_default,strong_reversal_010,0
63,500,508,43,class_sampled_default,strong_reversal_025,0
63,500,508,43,class_sampled_default,reversal_given_true_margin_025,0
63,500,508,43,class_sampled_default,x1_wrong_sign_true_margin_025,0.014573891406736
63,500,508,43,class_sampled_default,x2_wrong_sign_true_margin_025,0.014573891406736
63,500,508,43,class_sampled_default,mean_absolute_prediction_change,0
64,40,48,27,ordinary_default,cate_correlation,0.99292637408034
64,40,48,27,ordinary_default,cate_rank_correlation,0.994767582066631
64,40,48,27,ordinary_default,sign_reversal,0.0759666666666667
64,40,48,27,ordinary_default,strong_reversal_010,0.000566666666666667
64,40,48,27,ordinary_default,strong_reversal_025,0
64,40,48,27,ordinary_default,reversal_given_true_margin_025,0.0014158039111583
64,40,48,27,ordinary_default,x1_wrong_sign_true_margin_025,0.000707901955579152
64,40,48,27,ordinary_default,x2_wrong_sign_true_margin_025,0.00159277940005309
64,40,48,27,ordinary_default,mean_absolute_prediction_change,0.077340595974557
64,100,108,31,ordinary_default,cate_correlation,0.931577821565888
64,100,108,31,ordinary_default,cate_rank_correlation,0.979896678785218
64,100,108,31,ordinary_default,sign_reversal,0.233566666666667
64,100,108,31,ordinary_default,strong_reversal_010,0.148766666666667
64,100,108,31,ordinary_default,strong_reversal_025,0.000133333333333333
64,100,108,31,ordinary_default,reversal_given_true_margin_025,0.00716750730023892
64,100,108,31,ordinary_default,x1_wrong_sign_true_margin_025,4.4243872223697e-05
64,100,108,31,ordinary_default,x2_wrong_sign_true_margin_025,0.00712326342801522
64,100,108,31,ordinary_default,mean_absolute_prediction_change,0.192607040122623
64,250,258,37,ordinary_default,cate_correlation,0.765560747010693
64,250,258,37,ordinary_default,cate_rank_correlation,0.817606000794229
64,250,258,37,ordinary_default,sign_reversal,0.2548
64,250,258,37,ordinary_default,strong_reversal_010,0.241066666666667
64,250,258,37,ordinary_default,strong_reversal_025,0.197666666666667
64,250,258,37,ordinary_default,reversal_given_true_margin_025,0.0134501371560039
64,250,258,37,ordinary_default,x1_wrong_sign_true_margin_025,0.000132731616671091
64,250,258,37,ordinary_default,x2_wrong_sign_true_margin_025,0.0133174055393328
64,250,258,37,ordinary_default,mean_absolute_prediction_change,0.331975457786777
64,500,508,43,ordinary_default,cate_correlation,0.627338580170864
64,500,508,43,ordinary_default,cate_rank_correlation,0.787436991284708
64,500,508,43,ordinary_default,sign_reversal,0.267666666666667
64,500,508,43,ordinary_default,strong_reversal_010,0.246666666666667
64,500,508,43,ordinary_default,strong_reversal_025,0.2239
64,500,508,43,ordinary_default,reversal_given_true_margin_025,0.0299973453676666
64,500,508,43,ordinary_default,x1_wrong_sign_true_margin_025,0.000398194850013273
64,500,508,43,ordinary_default,x2_wrong_sign_true_margin_025,0.0295991505176533
64,500,508,43,ordinary_default,mean_absolute_prediction_change,0.399404814223344
64,500,508,43,class_sampled_default,cate_correlation,1
64,500,508,43,class_sampled_default,cate_rank_correlation,1
64,500,508,43,class_sampled_default,sign_reversal,0
64,500,508,43,class_sampled_default,strong_reversal_010,0
64,500,508,43,class_sampled_default,strong_reversal_025,0
64,500,508,43,class_sampled_default,reversal_given_true_margin_025,0
64,500,508,43,class_sampled_default,x1_wrong_sign_true_margin_025,0.00309707105565879
64,500,508,43,class_sampled_default,x2_wrong_sign_true_margin_025,0.00309707105565879
64,500,508,43,class_sampled_default,mean_absolute_prediction_change,0
65,40,48,27,ordinary_default,cate_correlation,0.993788978537046
65,40,48,27,ordinary_default,cate_rank_correlation,0.991095771194106
65,40,48,27,ordinary_default,sign_reversal,0.133566666666667
65,40,48,27,ordinary_default,strong_reversal_010,3.33333333333333e-05
65,40,48,27,ordinary_default,strong_reversal_025,0
65,40,48,27,ordinary_default,reversal_given_true_margin_025,0.0023849483261196
65,40,48,27,ordinary_default,x1_wrong_sign_true_margin_025,0.000441657097429556
65,40,48,27,ordinary_default,x2_wrong_sign_true_margin_025,0.00282660542354916
65,40,48,27,ordinary_default,mean_absolute_prediction_change,0.0785195624695462
65,100,108,31,ordinary_default,cate_correlation,0.939885001991884
65,100,108,31,ordinary_default,cate_rank_correlation,0.942093399359215
65,100,108,31,ordinary_default,sign_reversal,0.242333333333333
65,100,108,31,ordinary_default,strong_reversal_010,0.197233333333333
65,100,108,31,ordinary_default,strong_reversal_025,0
65,100,108,31,ordinary_default,reversal_given_true_margin_025,0.00529988516915467
65,100,108,31,ordinary_default,x1_wrong_sign_true_margin_025,0.000220828548714778
65,100,108,31,ordinary_default,x2_wrong_sign_true_margin_025,0.0051673880399258
65,100,108,31,ordinary_default,mean_absolute_prediction_change,0.19879736556676
65,250,258,37,ordinary_default,cate_correlation,0.768215403224924
65,250,258,37,ordinary_default,cate_rank_correlation,0.805876091468751
65,250,258,37,ordinary_default,sign_reversal,0.261666666666667
65,250,258,37,ordinary_default,strong_reversal_010,0.242833333333333
65,250,258,37,ordinary_default,strong_reversal_025,0.142733333333333
65,250,258,37,ordinary_default,reversal_given_true_margin_025,0.0253511173924565
65,250,258,37,ordinary_default,x1_wrong_sign_true_margin_025,0.000706651355887289
65,250,258,37,ordinary_default,x2_wrong_sign_true_margin_025,0.0247327974560551
65,250,258,37,ordinary_default,mean_absolute_prediction_change,0.324192556967107
65,500,508,43,ordinary_default,cate_correlation,0.616881976954605
65,500,508,43,ordinary_default,cate_rank_correlation,0.793584004060871
65,500,508,43,ordinary_default,sign_reversal,0.421233333333333
65,500,508,43,ordinary_default,strong_reversal_010,0.246033333333333
65,500,508,43,ordinary_default,strong_reversal_025,0.202533333333333
65,500,508,43,ordinary_default,reversal_given_true_margin_025,0.235889055737126
65,500,508,43,ordinary_default,x1_wrong_sign_true_margin_025,0.000750817065630245
65,500,508,43,ordinary_default,x2_wrong_sign_true_margin_025,0.235226570090981
65,500,508,43,ordinary_default,mean_absolute_prediction_change,0.398215920331739
65,500,508,43,class_sampled_default,cate_correlation,1
65,500,508,43,class_sampled_default,cate_rank_correlation,1
65,500,508,43,class_sampled_default,sign_reversal,0
65,500,508,43,class_sampled_default,strong_reversal_010,0
65,500,508,43,class_sampled_default,strong_reversal_025,0
65,500,508,43,class_sampled_default,reversal_given_true_margin_025,0
65,500,508,43,class_sampled_default,x1_wrong_sign_true_margin_025,0.00428407384506669
65,500,508,43,class_sampled_default,x2_wrong_sign_true_margin_025,0.00428407384506669
65,500,508,43,class_sampled_default,mean_absolute_prediction_change,0
66,40,48,27,ordinary_default,cate_correlation,0.992633975193414
66,40,48,27,ordinary_default,cate_rank_correlation,0.954551686611724
66,40,48,27,ordinary_default,sign_reversal,0.180666666666667
66,40,48,27,ordinary_default,strong_reversal_010,8e-04
66,40,48,27,ordinary_default,strong_reversal_025,0
66,40,48,27,ordinary_default,reversal_given_true_margin_025,0.205555060981038
66,40,48,27,ordinary_default,x1_wrong_sign_true_margin_025,0.0342295023591205
66,40,48,27,ordinary_default,x2_wrong_sign_true_margin_025,0.239784563340158
66,40,48,27,ordinary_default,mean_absolute_prediction_change,0.0683106571234958
66,100,108,31,ordinary_default,cate_correlation,0.923369638516512
66,100,108,31,ordinary_default,cate_rank_correlation,0.835618833208465
66,100,108,31,ordinary_default,sign_reversal,0.3425
66,100,108,31,ordinary_default,strong_reversal_010,0.231766666666667
66,100,108,31,ordinary_default,strong_reversal_025,0
66,100,108,31,ordinary_default,reversal_given_true_margin_025,0.313718507967595
66,100,108,31,ordinary_default,x1_wrong_sign_true_margin_025,0.0116620671236535
66,100,108,31,ordinary_default,x2_wrong_sign_true_margin_025,0.325024481438618
66,100,108,31,ordinary_default,mean_absolute_prediction_change,0.193631450000539
66,250,258,37,ordinary_default,cate_correlation,0.726529603832065
66,250,258,37,ordinary_default,cate_rank_correlation,0.793438498459821
66,250,258,37,ordinary_default,sign_reversal,0.468066666666667
66,250,258,37,ordinary_default,strong_reversal_010,0.3798
66,250,258,37,ordinary_default,strong_reversal_025,0.0561666666666667
66,250,258,37,ordinary_default,reversal_given_true_margin_025,0.335573755897801
66,250,258,37,ordinary_default,x1_wrong_sign_true_margin_025,0.00262619068815098
66,250,258,37,ordinary_default,x2_wrong_sign_true_margin_025,0.334549986646488
66,250,258,37,ordinary_default,mean_absolute_prediction_change,0.323463218848962
66,500,508,43,ordinary_default,cate_correlation,0.562425235421203
66,500,508,43,ordinary_default,cate_rank_correlation,0.764657972842509
66,500,508,43,ordinary_default,sign_reversal,0.473566666666667
66,500,508,43,ordinary_default,strong_reversal_010,0.449166666666667
66,500,508,43,ordinary_default,strong_reversal_025,0.127
66,500,508,43,ordinary_default,reversal_given_true_margin_025,0.341938929938574
66,500,508,43,ordinary_default,x1_wrong_sign_true_margin_025,0.00694382622629752
66,500,508,43,ordinary_default,x2_wrong_sign_true_margin_025,0.335173150538592
66,500,508,43,ordinary_default,mean_absolute_prediction_change,0.367009309069699
66,500,508,43,class_sampled_default,cate_correlation,1
66,500,508,43,class_sampled_default,cate_rank_correlation,1
66,500,508,43,class_sampled_default,sign_reversal,0
66,500,508,43,class_sampled_default,strong_reversal_010,0
66,500,508,43,class_sampled_default,strong_reversal_025,0
66,500,508,43,class_sampled_default,reversal_given_true_margin_025,0
66,500,508,43,class_sampled_default,x1_wrong_sign_true_margin_025,0.0139766758657527
66,500,508,43,class_sampled_default,x2_wrong_sign_true_margin_025,0.0139766758657527
66,500,508,43,class_sampled_default,mean_absolute_prediction_change,0
67,40,48,27,ordinary_default,cate_correlation,0.992126478601683
67,40,48,27,ordinary_default,cate_rank_correlation,0.983475263279417
67,40,48,27,ordinary_default,sign_reversal,0.0862666666666667
67,40,48,27,ordinary_default,strong_reversal_010,5e-04
67,40,48,27,ordinary_default,strong_reversal_025,0
67,40,48,27,ordinary_default,reversal_given_true_margin_025,0.00102272221975188
67,40,48,27,ordinary_default,x1_wrong_sign_true_margin_025,0.00128951932055672
67,40,48,27,ordinary_default,x2_wrong_sign_true_margin_025,0.000622526568544622
67,40,48,27,ordinary_default,mean_absolute_prediction_change,0.0783350031767417
67,100,108,31,ordinary_default,cate_correlation,0.921261342509932
67,100,108,31,ordinary_default,cate_rank_correlation,0.820757014778174
67,100,108,31,ordinary_default,sign_reversal,0.233866666666667
67,100,108,31,ordinary_default,strong_reversal_010,0.1172
67,100,108,31,ordinary_default,strong_reversal_025,1e-04
67,100,108,31,ordinary_default,reversal_given_true_margin_025,0.00431321979634488
67,100,108,31,ordinary_default,x1_wrong_sign_true_margin_025,0.00200097825603628
67,100,108,31,ordinary_default,x2_wrong_sign_true_margin_025,0.00302370047578816
67,100,108,31,ordinary_default,mean_absolute_prediction_change,0.202776908076494
67,250,258,37,ordinary_default,cate_correlation,0.720894289731924
67,250,258,37,ordinary_default,cate_rank_correlation,0.794005249773784
67,250,258,37,ordinary_default,sign_reversal,0.419033333333333
67,250,258,37,ordinary_default,strong_reversal_010,0.2403
67,250,258,37,ordinary_default,strong_reversal_025,0.0291333333333333
67,250,258,37,ordinary_default,reversal_given_true_margin_025,0.237849615367513
67,250,258,37,ordinary_default,x1_wrong_sign_true_margin_025,0.00458001689714972
67,250,258,37,ordinary_default,x2_wrong_sign_true_margin_025,0.233981057405843
67,250,258,37,ordinary_default,mean_absolute_prediction_change,0.319554651003575
67,500,508,43,ordinary_default,cate_correlation,0.56854652952327
67,500,508,43,ordinary_default,cate_rank_correlation,0.779274595690305
67,500,508,43,ordinary_default,sign_reversal,0.471533333333333
67,500,508,43,ordinary_default,strong_reversal_010,0.262166666666667
67,500,508,43,ordinary_default,strong_reversal_025,0.0856333333333333
67,500,508,43,ordinary_default,reversal_given_true_margin_025,0.307572591044511
67,500,508,43,ordinary_default,x1_wrong_sign_true_margin_025,0.006580995153186
67,500,508,43,ordinary_default,x2_wrong_sign_true_margin_025,0.301703054826804
67,500,508,43,ordinary_default,mean_absolute_prediction_change,0.367599555393928
67,500,508,43,class_sampled_default,cate_correlation,1
67,500,508,43,class_sampled_default,cate_rank_correlation,1
67,500,508,43,class_sampled_default,sign_reversal,0
67,500,508,43,class_sampled_default,strong_reversal_010,0
67,500,508,43,class_sampled_default,strong_reversal_025,0
67,500,508,43,class_sampled_default,reversal_given_true_margin_025,0
67,500,508,43,class_sampled_default,x1_wrong_sign_true_margin_025,0.0168971497176397
67,500,508,43,class_sampled_default,x2_wrong_sign_true_margin_025,0.0168971497176397
67,500,508,43,class_sampled_default,mean_absolute_prediction_change,0
68,40,48,27,ordinary_default,cate_correlation,0.994073860142401
68,40,48,27,ordinary_default,cate_rank_correlation,0.930015133893795
68,40,48,27,ordinary_default,sign_reversal,0.0141333333333333
68,40,48,27,ordinary_default,strong_reversal_010,0.000133333333333333
68,40,48,27,ordinary_default,strong_reversal_025,0
68,40,48,27,ordinary_default,reversal_given_true_margin_025,0.00492195814118482
68,40,48,27,ordinary_default,x1_wrong_sign_true_margin_025,0.00203973040085137
68,40,48,27,ordinary_default,x2_wrong_sign_true_margin_025,0.00687300461156438
68,40,48,27,ordinary_default,mean_absolute_prediction_change,0.0734922076649693
68,100,108,31,ordinary_default,cate_correlation,0.933632875668418
68,100,108,31,ordinary_default,cate_rank_correlation,0.813879495589644
68,100,108,31,ordinary_default,sign_reversal,0.2436
68,100,108,31,ordinary_default,strong_reversal_010,0.0296
68,100,108,31,ordinary_default,strong_reversal_025,0
68,100,108,31,ordinary_default,reversal_given_true_margin_025,0.0384001418942888
68,100,108,31,ordinary_default,x1_wrong_sign_true_margin_025,0.000221709826179496
68,100,108,31,ordinary_default,x2_wrong_sign_true_margin_025,0.0383557999290529
68,100,108,31,ordinary_default,mean_absolute_prediction_change,0.20998882472116
68,250,258,37,ordinary_default,cate_correlation,0.736211855647811
68,250,258,37,ordinary_default,cate_rank_correlation,0.790166812954408
68,250,258,37,ordinary_default,sign_reversal,0.4675
68,250,258,37,ordinary_default,strong_reversal_010,0.3144
68,250,258,37,ordinary_default,strong_reversal_025,0.0107666666666667
68,250,258,37,ordinary_default,reversal_given_true_margin_025,0.298731819794253
68,250,258,37,ordinary_default,x1_wrong_sign_true_margin_025,0.000842497339482086
68,250,258,37,ordinary_default,x2_wrong_sign_true_margin_025,0.298066690315715
68,250,258,37,ordinary_default,mean_absolute_prediction_change,0.359415339510223
68,500,508,43,ordinary_default,cate_correlation,0.567566418149801
68,500,508,43,ordinary_default,cate_rank_correlation,0.782560465520178
68,500,508,43,ordinary_default,sign_reversal,0.478166666666667
68,500,508,43,ordinary_default,strong_reversal_010,0.463833333333333
68,500,508,43,ordinary_default,strong_reversal_025,0.0742
68,500,508,43,ordinary_default,reversal_given_true_margin_025,0.311191912025541
68,500,508,43,ordinary_default,x1_wrong_sign_true_margin_025,0.00133025895707698
68,500,508,43,ordinary_default,x2_wrong_sign_true_margin_025,0.309950336998936
68,500,508,43,ordinary_default,mean_absolute_prediction_change,0.422396287619915
68,500,508,43,class_sampled_default,cate_correlation,1
68,500,508,43,class_sampled_default,cate_rank_correlation,1
68,500,508,43,class_sampled_default,sign_reversal,0
68,500,508,43,class_sampled_default,strong_reversal_010,0
68,500,508,43,class_sampled_default,strong_reversal_025,0
68,500,508,43,class_sampled_default,reversal_given_true_margin_025,0
68,500,508,43,class_sampled_default,x1_wrong_sign_true_margin_025,0.00150762681802057
68,500,508,43,class_sampled_default,x2_wrong_sign_true_margin_025,0.00150762681802057
68,500,508,43,class_sampled_default,mean_absolute_prediction_change,0
69,40,48,27,ordinary_default,cate_correlation,0.990427237821248
69,40,48,27,ordinary_default,cate_rank_correlation,0.984194834333994
69,40,48,27,ordinary_default,sign_reversal,0.0729666666666667
69,40,48,27,ordinary_default,strong_reversal_010,3.33333333333333e-05
69,40,48,27,ordinary_default,strong_reversal_025,0
69,40,48,27,ordinary_default,reversal_given_true_margin_025,0.00781180648024856
69,40,48,27,ordinary_default,x1_wrong_sign_true_margin_025,0.00297381269418553
69,40,48,27,ordinary_default,x2_wrong_sign_true_margin_025,0.0106968486462494
69,40,48,27,ordinary_default,mean_absolute_prediction_change,0.082121531328232
69,100,108,31,ordinary_default,cate_correlation,0.912622204760841
69,100,108,31,ordinary_default,cate_rank_correlation,0.831079604633644
69,100,108,31,ordinary_default,sign_reversal,0.2773
69,100,108,31,ordinary_default,strong_reversal_010,0.184733333333333
69,100,108,31,ordinary_default,strong_reversal_025,0
69,100,108,31,ordinary_default,reversal_given_true_margin_025,0.0647137150466045
69,100,108,31,ordinary_default,x1_wrong_sign_true_margin_025,0.000399467376830892
69,100,108,31,ordinary_default,x2_wrong_sign_true_margin_025,0.0644030181979583
69,100,108,31,ordinary_default,mean_absolute_prediction_change,0.205188276569399
69,250,258,37,ordinary_default,cate_correlation,0.723975699645828
69,250,258,37,ordinary_default,cate_rank_correlation,0.791545154503939
69,250,258,37,ordinary_default,sign_reversal,0.477566666666667
69,250,258,37,ordinary_default,strong_reversal_010,0.268566666666667
69,250,258,37,ordinary_default,strong_reversal_025,0.207133333333333
69,250,258,37,ordinary_default,reversal_given_true_margin_025,0.311407012871727
69,250,258,37,ordinary_default,x1_wrong_sign_true_margin_025,0.00102086107412339
69,250,258,37,ordinary_default,x2_wrong_sign_true_margin_025,0.310474922325788
69,250,258,37,ordinary_default,mean_absolute_prediction_change,0.316038432428213
69,500,508,43,ordinary_default,cate_correlation,0.577893491567112
69,500,508,43,ordinary_default,cate_rank_correlation,0.762844832964939
69,500,508,43,ordinary_default,sign_reversal,0.4833
69,500,508,43,ordinary_default,strong_reversal_010,0.315866666666667
69,500,508,43,ordinary_default,strong_reversal_025,0.2123
69,500,508,43,ordinary_default,reversal_given_true_margin_025,0.320594762538837
69,500,508,43,ordinary_default,x1_wrong_sign_true_margin_025,0.00173102529960053
69,500,508,43,ordinary_default,x2_wrong_sign_true_margin_025,0.318952507767421
69,500,508,43,ordinary_default,mean_absolute_prediction_change,0.365108716178002
69,500,508,43,class_sampled_default,cate_correlation,1
69,500,508,43,class_sampled_default,cate_rank_correlation,1
69,500,508,43,class_sampled_default,sign_reversal,0
69,500,508,43,class_sampled_default,strong_reversal_010,0
69,500,508,43,class_sampled_default,strong_reversal_025,0
69,500,508,43,class_sampled_default,reversal_given_true_margin_025,0
69,500,508,43,class_sampled_default,x1_wrong_sign_true_margin_025,0.00510430537061696
69,500,508,43,class_sampled_default,x2_wrong_sign_true_margin_025,0.00510430537061696
69,500,508,43,class_sampled_default,mean_absolute_prediction_change,0
70,40,48,27,ordinary_default,cate_correlation,0.991678822106141
70,40,48,27,ordinary_default,cate_rank_correlation,0.975574456511527
70,40,48,27,ordinary_default,sign_reversal,0.0461333333333333
70,40,48,27,ordinary_default,strong_reversal_010,1e-04
70,40,48,27,ordinary_default,strong_reversal_025,0
70,40,48,27,ordinary_default,reversal_given_true_margin_025,0.000267105907492321
70,40,48,27,ordinary_default,x1_wrong_sign_true_margin_025,0.00235943551618217
70,40,48,27,ordinary_default,x2_wrong_sign_true_margin_025,0.00244847081867961
70,40,48,27,ordinary_default,mean_absolute_prediction_change,0.0885658553792271
70,100,108,31,ordinary_default,cate_correlation,0.919347878620434
70,100,108,31,ordinary_default,cate_rank_correlation,0.80446183346318
70,100,108,31,ordinary_default,sign_reversal,0.228666666666667
70,100,108,31,ordinary_default,strong_reversal_010,0.1653
70,100,108,31,ordinary_default,strong_reversal_025,0
70,100,108,31,ordinary_default,reversal_given_true_margin_025,0.0127765659083827
70,100,108,31,ordinary_default,x1_wrong_sign_true_margin_025,0.000534211814984641
70,100,108,31,ordinary_default,x2_wrong_sign_true_margin_025,0.0127765659083827
70,100,108,31,ordinary_default,mean_absolute_prediction_change,0.222442796132045
70,250,258,37,ordinary_default,cate_correlation,0.719173355918032
70,250,258,37,ordinary_default,cate_rank_correlation,0.780860359758289
70,250,258,37,ordinary_default,sign_reversal,0.4834
70,250,258,37,ordinary_default,strong_reversal_010,0.261566666666667
70,250,258,37,ordinary_default,strong_reversal_025,0.0836666666666667
70,250,258,37,ordinary_default,reversal_given_true_margin_025,0.333748831411655
70,250,258,37,ordinary_default,x1_wrong_sign_true_margin_025,0.00129101188621288
70,250,258,37,ordinary_default,x2_wrong_sign_true_margin_025,0.332457819525442
70,250,258,37,ordinary_default,mean_absolute_prediction_change,0.341945085608782
70,500,508,43,ordinary_default,cate_correlation,0.551801307993839
70,500,508,43,ordinary_default,cate_rank_correlation,0.764367546512408
70,500,508,43,ordinary_default,sign_reversal,0.491833333333333
70,500,508,43,ordinary_default,strong_reversal_010,0.4619
70,500,508,43,ordinary_default,strong_reversal_025,0.207233333333333
70,500,508,43,ordinary_default,reversal_given_true_margin_025,0.339001914259004
70,500,508,43,ordinary_default,x1_wrong_sign_true_margin_025,0.00560922405733873
70,500,508,43,ordinary_default,x2_wrong_sign_true_margin_025,0.333392690201665
70,500,508,43,ordinary_default,mean_absolute_prediction_change,0.397511094182683
70,500,508,43,class_sampled_default,cate_correlation,1
70,500,508,43,class_sampled_default,cate_rank_correlation,1
70,500,508,43,class_sampled_default,sign_reversal,0
70,500,508,43,class_sampled_default,strong_reversal_010,0
70,500,508,43,class_sampled_default,strong_reversal_025,0
70,500,508,43,class_sampled_default,reversal_given_true_margin_025,0
70,500,508,43,class_sampled_default,x1_wrong_sign_true_margin_025,0.00480790633486177
70,500,508,43,class_sampled_default,x2_wrong_sign_true_margin_025,0.00480790633486177
70,500,508,43,class_sampled_default,mean_absolute_prediction_change,0
71,40,48,27,ordinary_default,cate_correlation,0.993632769651971
71,40,48,27,ordinary_default,cate_rank_correlation,0.982794136036882
71,40,48,27,ordinary_default,sign_reversal,0.0526666666666667
71,40,48,27,ordinary_default,strong_reversal_010,0
71,40,48,27,ordinary_default,strong_reversal_025,0
71,40,48,27,ordinary_default,reversal_given_true_margin_025,0.00399680255795364
71,40,48,27,ordinary_default,x1_wrong_sign_true_margin_025,0.00297539745980993
71,40,48,27,ordinary_default,x2_wrong_sign_true_margin_025,0.00581756816768807
71,40,48,27,ordinary_default,mean_absolute_prediction_change,0.0684545394527928
71,100,108,31,ordinary_default,cate_correlation,0.92897761542578
71,100,108,31,ordinary_default,cate_rank_correlation,0.871503990237227
71,100,108,31,ordinary_default,sign_reversal,0.2432
71,100,108,31,ordinary_default,strong_reversal_010,0.0748
71,100,108,31,ordinary_default,strong_reversal_025,0
71,100,108,31,ordinary_default,reversal_given_true_margin_025,0.033084643396394
71,100,108,31,ordinary_default,x1_wrong_sign_true_margin_025,0.00586197708499867
71,100,108,31,ordinary_default,x2_wrong_sign_true_margin_025,0.0309530153654854
71,100,108,31,ordinary_default,mean_absolute_prediction_change,0.19104655339924
71,250,258,37,ordinary_default,cate_correlation,0.732004659410495
71,250,258,37,ordinary_default,cate_rank_correlation,0.799148316795054
71,250,258,37,ordinary_default,sign_reversal,0.419966666666667
71,250,258,37,ordinary_default,strong_reversal_010,0.2767
71,250,258,37,ordinary_default,strong_reversal_025,0.0119
71,250,258,37,ordinary_default,reversal_given_true_margin_025,0.253619326760814
71,250,258,37,ordinary_default,x1_wrong_sign_true_margin_025,0.00812683186783906
71,250,258,37,ordinary_default,x2_wrong_sign_true_margin_025,0.248778754773959
71,250,258,37,ordinary_default,mean_absolute_prediction_change,0.325302648461148
71,500,508,43,ordinary_default,cate_correlation,0.564687917653159
71,500,508,43,ordinary_default,cate_rank_correlation,0.767486234585651
71,500,508,43,ordinary_default,sign_reversal,0.432333333333333
71,500,508,43,ordinary_default,strong_reversal_010,0.386566666666667
71,500,508,43,ordinary_default,strong_reversal_025,0.0652
71,500,508,43,ordinary_default,reversal_given_true_margin_025,0.268229860556
71,500,508,43,ordinary_default,x1_wrong_sign_true_margin_025,0.00941469046984635
71,500,508,43,ordinary_default,x2_wrong_sign_true_margin_025,0.262190247801759
71,500,508,43,ordinary_default,mean_absolute_prediction_change,0.383584646158215
71,500,508,43,class_sampled_default,cate_correlation,1
71,500,508,43,class_sampled_default,cate_rank_correlation,1
71,500,508,43,class_sampled_default,sign_reversal,0
71,500,508,43,class_sampled_default,strong_reversal_010,0
71,500,508,43,class_sampled_default,strong_reversal_025,0
71,500,508,43,class_sampled_default,reversal_given_true_margin_025,0
71,500,508,43,class_sampled_default,x1_wrong_sign_true_margin_025,0.0208721911359801
71,500,508,43,class_sampled_default,x2_wrong_sign_true_margin_025,0.0208721911359801
71,500,508,43,class_sampled_default,mean_absolute_prediction_change,0
72,40,48,27,ordinary_default,cate_correlation,0.991849026271461
72,40,48,27,ordinary_default,cate_rank_correlation,0.991797550161108
72,40,48,27,ordinary_default,sign_reversal,0.0565666666666667
72,40,48,27,ordinary_default,strong_reversal_010,0
72,40,48,27,ordinary_default,strong_reversal_025,0
72,40,48,27,ordinary_default,reversal_given_true_margin_025,0.000980261105912757
72,40,48,27,ordinary_default,x1_wrong_sign_true_margin_025,0.0054359934055162
72,40,48,27,ordinary_default,x2_wrong_sign_true_margin_025,0.00499042017555585
72,40,48,27,ordinary_default,mean_absolute_prediction_change,0.0806221317229845
72,100,108,31,ordinary_default,cate_correlation,0.926529018548061
72,100,108,31,ordinary_default,cate_rank_correlation,0.82891763070902
72,100,108,31,ordinary_default,sign_reversal,0.2365
72,100,108,31,ordinary_default,strong_reversal_010,0.1022
72,100,108,31,ordinary_default,strong_reversal_025,0
72,100,108,31,ordinary_default,reversal_given_true_margin_025,0.00810943278527826
72,100,108,31,ordinary_default,x1_wrong_sign_true_margin_025,0.000668359844940516
72,100,108,31,ordinary_default,x2_wrong_sign_true_margin_025,0.00851044869224257
72,100,108,31,ordinary_default,mean_absolute_prediction_change,0.202093463530916
72,250,258,37,ordinary_default,cate_correlation,0.746757465156547
72,250,258,37,ordinary_default,cate_rank_correlation,0.7857100383379
72,250,258,37,ordinary_default,sign_reversal,0.366533333333333
72,250,258,37,ordinary_default,strong_reversal_010,0.240433333333333
72,250,258,37,ordinary_default,strong_reversal_025,0.0343
72,250,258,37,ordinary_default,reversal_given_true_margin_025,0.163124359488482
72,250,258,37,ordinary_default,x1_wrong_sign_true_margin_025,0.000802031813928619
72,250,258,37,ordinary_default,x2_wrong_sign_true_margin_025,0.162678786258522
72,250,258,37,ordinary_default,mean_absolute_prediction_change,0.311971250325249
72,500,508,43,ordinary_default,cate_correlation,0.570522014015776
72,500,508,43,ordinary_default,cate_rank_correlation,0.771097262877219
72,500,508,43,ordinary_default,sign_reversal,0.480666666666667
72,500,508,43,ordinary_default,strong_reversal_010,0.290466666666667
72,500,508,43,ordinary_default,strong_reversal_025,0.1511
72,500,508,43,ordinary_default,reversal_given_true_margin_025,0.314752929643987
72,500,508,43,ordinary_default,x1_wrong_sign_true_margin_025,0.00182685024283741
72,500,508,43,ordinary_default,x2_wrong_sign_true_margin_025,0.313282537985118
72,500,508,43,ordinary_default,mean_absolute_prediction_change,0.375541943552629
72,500,508,43,class_sampled_default,cate_correlation,1
72,500,508,43,class_sampled_default,cate_rank_correlation,1
72,500,508,43,class_sampled_default,sign_reversal,0
72,500,508,43,class_sampled_default,strong_reversal_010,0
72,500,508,43,class_sampled_default,strong_reversal_025,0
72,500,508,43,class_sampled_default,reversal_given_true_margin_025,0
72,500,508,43,class_sampled_default,x1_wrong_sign_true_margin_025,0.00392104442365103
72,500,508,43,class_sampled_default,x2_wrong_sign_true_margin_025,0.00392104442365103
72,500,508,43,class_sampled_default,mean_absolute_prediction_change,0
73,40,48,27,ordinary_default,cate_correlation,0.993405337867623
73,40,48,27,ordinary_default,cate_rank_correlation,0.986825967742696
73,40,48,27,ordinary_default,sign_reversal,0.0350333333333333
73,40,48,27,ordinary_default,strong_reversal_010,3.33333333333333e-05
73,40,48,27,ordinary_default,strong_reversal_025,0
73,40,48,27,ordinary_default,reversal_given_true_margin_025,0.00666400106624017
73,40,48,27,ordinary_default,x1_wrong_sign_true_margin_025,0.0106179750322093
73,40,48,27,ordinary_default,x2_wrong_sign_true_margin_025,0.0171931227508996
73,40,48,27,ordinary_default,mean_absolute_prediction_change,0.0782953717023935
73,100,108,31,ordinary_default,cate_correlation,0.930999816841293
73,100,108,31,ordinary_default,cate_rank_correlation,0.82763153546448
73,100,108,31,ordinary_default,sign_reversal,0.248633333333333
73,100,108,31,ordinary_default,strong_reversal_010,0.0852666666666667
73,100,108,31,ordinary_default,strong_reversal_025,0
73,100,108,31,ordinary_default,reversal_given_true_margin_025,0.0159047492114265
73,100,108,31,ordinary_default,x1_wrong_sign_true_margin_025,0.00710826780398952
73,100,108,31,ordinary_default,x2_wrong_sign_true_margin_025,0.0230130170154161
73,100,108,31,ordinary_default,mean_absolute_prediction_change,0.203970351404892
73,250,258,37,ordinary_default,cate_correlation,0.749346655497015
73,250,258,37,ordinary_default,cate_rank_correlation,0.784801398634224
73,250,258,37,ordinary_default,sign_reversal,0.282966666666667
73,250,258,37,ordinary_default,strong_reversal_010,0.247066666666667
73,250,258,37,ordinary_default,strong_reversal_025,0.0156666666666667
73,250,258,37,ordinary_default,reversal_given_true_margin_025,0.0533120085299214
73,250,258,37,ordinary_default,x1_wrong_sign_true_margin_025,0.00550890754809187
73,250,258,37,ordinary_default,x2_wrong_sign_true_margin_025,0.0588209160780132
73,250,258,37,ordinary_default,mean_absolute_prediction_change,0.317016813216256
73,500,508,43,ordinary_default,cate_correlation,0.577156831306878
73,500,508,43,ordinary_default,cate_rank_correlation,0.770247685946053
73,500,508,43,ordinary_default,sign_reversal,0.4389
73,500,508,43,ordinary_default,strong_reversal_010,0.254733333333333
73,500,508,43,ordinary_default,strong_reversal_025,0.0388666666666667
73,500,508,43,ordinary_default,reversal_given_true_margin_025,0.260073748278466
73,500,508,43,ordinary_default,x1_wrong_sign_true_margin_025,0.000577546759074148
73,500,508,43,ordinary_default,x2_wrong_sign_true_margin_025,0.260207028299791
73,500,508,43,ordinary_default,mean_absolute_prediction_change,0.374509863523536
73,500,508,43,class_sampled_default,cate_correlation,1
73,500,508,43,class_sampled_default,cate_rank_correlation,1
73,500,508,43,class_sampled_default,sign_reversal,0
73,500,508,43,class_sampled_default,strong_reversal_010,0
73,500,508,43,class_sampled_default,strong_reversal_025,0
73,500,508,43,class_sampled_default,reversal_given_true_margin_025,0
73,500,508,43,class_sampled_default,x1_wrong_sign_true_margin_025,0.00604202763339109
73,500,508,43,class_sampled_default,x2_wrong_sign_true_margin_025,0.00604202763339109
73,500,508,43,class_sampled_default,mean_absolute_prediction_change,0
74,40,48,27,ordinary_default,cate_correlation,0.992370354127702
74,40,48,27,ordinary_default,cate_rank_correlation,0.985756946866841
74,40,48,27,ordinary_default,sign_reversal,0.224833333333333
74,40,48,27,ordinary_default,strong_reversal_010,0
74,40,48,27,ordinary_default,strong_reversal_025,0
74,40,48,27,ordinary_default,reversal_given_true_margin_025,0.00920598388952819
74,40,48,27,ordinary_default,x1_wrong_sign_true_margin_025,0.00814375497919802
74,40,48,27,ordinary_default,x2_wrong_sign_true_margin_025,0.0173497388687262
74,40,48,27,ordinary_default,mean_absolute_prediction_change,0.0749888405292263
74,100,108,31,ordinary_default,cate_correlation,0.922438233747501
74,100,108,31,ordinary_default,cate_rank_correlation,0.837218111056465
74,100,108,31,ordinary_default,sign_reversal,0.271766666666667
74,100,108,31,ordinary_default,strong_reversal_010,0.239266666666667
74,100,108,31,ordinary_default,strong_reversal_025,0
74,100,108,31,ordinary_default,reversal_given_true_margin_025,0.0463839957510844
74,100,108,31,ordinary_default,x1_wrong_sign_true_margin_025,0.00385057979994689
74,100,108,31,ordinary_default,x2_wrong_sign_true_margin_025,0.0502345755510312
74,100,108,31,ordinary_default,mean_absolute_prediction_change,0.203348472642495
74,250,258,37,ordinary_default,cate_correlation,0.724261885435818
74,250,258,37,ordinary_default,cate_rank_correlation,0.799149822662611
74,250,258,37,ordinary_default,sign_reversal,0.4555
74,250,258,37,ordinary_default,strong_reversal_010,0.3494
74,250,258,37,ordinary_default,strong_reversal_025,0.1991
74,250,258,37,ordinary_default,reversal_given_true_margin_025,0.284456050278835
74,250,258,37,ordinary_default,x1_wrong_sign_true_margin_025,0.00154908382756484
74,250,258,37,ordinary_default,x2_wrong_sign_true_margin_025,0.2860051341064
74,250,258,37,ordinary_default,mean_absolute_prediction_change,0.335263052995209
74,500,508,43,ordinary_default,cate_correlation,0.567152947904599
74,500,508,43,ordinary_default,cate_rank_correlation,0.781612721381792
74,500,508,43,ordinary_default,sign_reversal,0.467933333333333
74,500,508,43,ordinary_default,strong_reversal_010,0.440533333333333
74,500,508,43,ordinary_default,strong_reversal_025,0.223166666666667
74,500,508,43,ordinary_default,reversal_given_true_margin_025,0.296671682747632
74,500,508,43,ordinary_default,x1_wrong_sign_true_margin_025,0.00141630521377357
74,500,508,43,ordinary_default,x2_wrong_sign_true_margin_025,0.298087987961406
74,500,508,43,ordinary_default,mean_absolute_prediction_change,0.391722498443924
74,500,508,43,class_sampled_default,cate_correlation,1
74,500,508,43,class_sampled_default,cate_rank_correlation,1
74,500,508,43,class_sampled_default,sign_reversal,0
74,500,508,43,class_sampled_default,strong_reversal_010,0
74,500,508,43,class_sampled_default,strong_reversal_025,0
74,500,508,43,class_sampled_default,reversal_given_true_margin_025,0
74,500,508,43,class_sampled_default,x1_wrong_sign_true_margin_025,0.00269983181375586
74,500,508,43,class_sampled_default,x2_wrong_sign_true_margin_025,0.00269983181375586
74,500,508,43,class_sampled_default,mean_absolute_prediction_change,0
75,40,48,27,ordinary_default,cate_correlation,0.99501020727447
75,40,48,27,ordinary_default,cate_rank_correlation,0.963776123009529
75,40,48,27,ordinary_default,sign_reversal,0.0106333333333333
75,40,48,27,ordinary_default,strong_reversal_010,0.000133333333333333
75,40,48,27,ordinary_default,strong_reversal_025,0
75,40,48,27,ordinary_default,reversal_given_true_margin_025,0.0049913097731628
75,40,48,27,ordinary_default,x1_wrong_sign_true_margin_025,0.00619457195062169
75,40,48,27,ordinary_default,x2_wrong_sign_true_margin_025,0.0110967511921209
75,40,48,27,ordinary_default,mean_absolute_prediction_change,0.0687149849463768
75,100,108,31,ordinary_default,cate_correlation,0.938664010722205
75,100,108,31,ordinary_default,cate_rank_correlation,0.811226213729807
75,100,108,31,ordinary_default,sign_reversal,0.0331
75,100,108,31,ordinary_default,strong_reversal_010,0.0153333333333333
75,100,108,31,ordinary_default,strong_reversal_025,0
75,100,108,31,ordinary_default,reversal_given_true_margin_025,0.0162663220286109
75,100,108,31,ordinary_default,x1_wrong_sign_true_margin_025,0.00432283078568564
75,100,108,31,ordinary_default,x2_wrong_sign_true_margin_025,0.0205891528142965
75,100,108,31,ordinary_default,mean_absolute_prediction_change,0.205513598850518
75,250,258,37,ordinary_default,cate_correlation,0.753506217987869
75,250,258,37,ordinary_default,cate_rank_correlation,0.789986702175096
75,250,258,37,ordinary_default,sign_reversal,0.2973
75,250,258,37,ordinary_default,strong_reversal_010,0.114866666666667
75,250,258,37,ordinary_default,strong_reversal_025,0.00186666666666667
75,250,258,37,ordinary_default,reversal_given_true_margin_025,0.0673381166718659
75,250,258,37,ordinary_default,x1_wrong_sign_true_margin_025,0.0024956548865814
75,250,258,37,ordinary_default,x2_wrong_sign_true_margin_025,0.0697446410267837
75,250,258,37,ordinary_default,mean_absolute_prediction_change,0.349404376618578
75,500,508,43,ordinary_default,cate_correlation,0.57697424593899
75,500,508,43,ordinary_default,cate_rank_correlation,0.781759748151289
75,500,508,43,ordinary_default,sign_reversal,0.4759
75,500,508,43,ordinary_default,strong_reversal_010,0.271833333333333
75,500,508,43,ordinary_default,strong_reversal_025,0.00646666666666667
75,500,508,43,ordinary_default,reversal_given_true_margin_025,0.302375328668835
75,500,508,43,ordinary_default,x1_wrong_sign_true_margin_025,0.00147065377244975
75,500,508,43,ordinary_default,x2_wrong_sign_true_margin_025,0.303756851909622
75,500,508,43,ordinary_default,mean_absolute_prediction_change,0.416154695187777
75,500,508,43,class_sampled_default,cate_correlation,1
75,500,508,43,class_sampled_default,cate_rank_correlation,1
75,500,508,43,class_sampled_default,sign_reversal,0
75,500,508,43,class_sampled_default,strong_reversal_010,0
75,500,508,43,class_sampled_default,strong_reversal_025,0
75,500,508,43,class_sampled_default,reversal_given_true_margin_025,0
75,500,508,43,class_sampled_default,x1_wrong_sign_true_margin_025,0.00369891706404029
75,500,508,43,class_sampled_default,x2_wrong_sign_true_margin_025,0.00369891706404029
75,500,508,43,class_sampled_default,mean_absolute_prediction_change,0
76,40,48,27,ordinary_default,cate_correlation,0.992443785534487
76,40,48,27,ordinary_default,cate_rank_correlation,0.992481145255646
76,40,48,27,ordinary_default,sign_reversal,0.131533333333333
76,40,48,27,ordinary_default,strong_reversal_010,0
76,40,48,27,ordinary_default,strong_reversal_025,0
76,40,48,27,ordinary_default,reversal_given_true_margin_025,0.0039457350594077
76,40,48,27,ordinary_default,x1_wrong_sign_true_margin_025,0.00332505763433233
76,40,48,27,ordinary_default,x2_wrong_sign_true_margin_025,0.00115268664656854
76,40,48,27,ordinary_default,mean_absolute_prediction_change,0.0823058897841663
76,100,108,31,ordinary_default,cate_correlation,0.933916004800558
76,100,108,31,ordinary_default,cate_rank_correlation,0.971592007689324
76,100,108,31,ordinary_default,sign_reversal,0.2283
76,100,108,31,ordinary_default,strong_reversal_010,0.1802
76,100,108,31,ordinary_default,strong_reversal_025,0
76,100,108,31,ordinary_default,reversal_given_true_margin_025,0.0121032097889697
76,100,108,31,ordinary_default,x1_wrong_sign_true_margin_025,0.00438907607731867
76,100,108,31,ordinary_default,x2_wrong_sign_true_margin_025,0.007714133711651
76,100,108,31,ordinary_default,mean_absolute_prediction_change,0.193414043838044
76,250,258,37,ordinary_default,cate_correlation,0.766354199792768
76,250,258,37,ordinary_default,cate_rank_correlation,0.802345915667495
76,250,258,37,ordinary_default,sign_reversal,0.247666666666667
76,250,258,37,ordinary_default,strong_reversal_010,0.228733333333333
76,250,258,37,ordinary_default,strong_reversal_025,0.188433333333333
76,250,258,37,ordinary_default,reversal_given_true_margin_025,0.0205266891292782
76,250,258,37,ordinary_default,x1_wrong_sign_true_margin_025,0.00554176272388721
76,250,258,37,ordinary_default,x2_wrong_sign_true_margin_025,0.014984926405391
76,250,258,37,ordinary_default,mean_absolute_prediction_change,0.314797239634761
76,500,508,43,ordinary_default,cate_correlation,0.614577584786393
76,500,508,43,ordinary_default,cate_rank_correlation,0.777598498864443
76,500,508,43,ordinary_default,sign_reversal,0.2807
76,500,508,43,ordinary_default,strong_reversal_010,0.237833333333333
76,500,508,43,ordinary_default,strong_reversal_025,0.202333333333333
76,500,508,43,ordinary_default,reversal_given_true_margin_025,0.0582550097535024
76,500,508,43,ordinary_default,x1_wrong_sign_true_margin_025,0.00793580422060649
76,500,508,43,ordinary_default,x2_wrong_sign_true_margin_025,0.0503192055328959
76,500,508,43,ordinary_default,mean_absolute_prediction_change,0.388234982896946
76,500,508,43,class_sampled_default,cate_correlation,1
76,500,508,43,class_sampled_default,cate_rank_correlation,1
76,500,508,43,class_sampled_default,sign_reversal,0
76,500,508,43,class_sampled_default,strong_reversal_010,0
76,500,508,43,class_sampled_default,strong_reversal_025,0
76,500,508,43,class_sampled_default,reversal_given_true_margin_025,0
76,500,508,43,class_sampled_default,x1_wrong_sign_true_margin_025,0.0121918779925519
76,500,508,43,class_sampled_default,x2_wrong_sign_true_margin_025,0.0121918779925519
76,500,508,43,class_sampled_default,mean_absolute_prediction_change,0
77,40,48,27,ordinary_default,cate_correlation,0.991447517916238
77,40,48,27,ordinary_default,cate_rank_correlation,0.988615008829128
77,40,48,27,ordinary_default,sign_reversal,0.165766666666667
77,40,48,27,ordinary_default,strong_reversal_010,0.000266666666666667
77,40,48,27,ordinary_default,strong_reversal_025,0
77,40,48,27,ordinary_default,reversal_given_true_margin_025,0.0012840380783706
77,40,48,27,ordinary_default,x1_wrong_sign_true_margin_025,0.00115120655302192
77,40,48,27,ordinary_default,x2_wrong_sign_true_margin_025,0.00119548372813814
77,40,48,27,ordinary_default,mean_absolute_prediction_change,0.0822643620256186
77,100,108,31,ordinary_default,cate_correlation,0.920599282491359
77,100,108,31,ordinary_default,cate_rank_correlation,0.856238129064709
77,100,108,31,ordinary_default,sign_reversal,0.230066666666667
77,100,108,31,ordinary_default,strong_reversal_010,0.213366666666667
77,100,108,31,ordinary_default,strong_reversal_025,0
77,100,108,31,ordinary_default,reversal_given_true_margin_025,0.0072171795439451
77,100,108,31,ordinary_default,x1_wrong_sign_true_margin_025,0.00332078813371707
77,100,108,31,ordinary_default,x2_wrong_sign_true_margin_025,0.00487048926278503
77,100,108,31,ordinary_default,mean_absolute_prediction_change,0.204326118868159
77,250,258,37,ordinary_default,cate_correlation,0.718468935191951
77,250,258,37,ordinary_default,cate_rank_correlation,0.785040381895823
77,250,258,37,ordinary_default,sign_reversal,0.376633333333333
77,250,258,37,ordinary_default,strong_reversal_010,0.2309
77,250,258,37,ordinary_default,strong_reversal_025,0.1908
77,250,258,37,ordinary_default,reversal_given_true_margin_025,0.190214744299314
77,250,258,37,ordinary_default,x1_wrong_sign_true_margin_025,0.00478193491255258
77,250,258,37,ordinary_default,x2_wrong_sign_true_margin_025,0.186495461589551
77,250,258,37,ordinary_default,mean_absolute_prediction_change,0.319851459392639
77,500,508,43,ordinary_default,cate_correlation,0.549544868004005
77,500,508,43,ordinary_default,cate_rank_correlation,0.763442590711381
77,500,508,43,ordinary_default,sign_reversal,0.476933333333333
77,500,508,43,ordinary_default,strong_reversal_010,0.274
77,500,508,43,ordinary_default,strong_reversal_025,0.213633333333333
77,500,508,43,ordinary_default,reversal_given_true_margin_025,0.321850785919858
77,500,508,43,ordinary_default,x1_wrong_sign_true_margin_025,0.0081912773965021
77,500,508,43,ordinary_default,x2_wrong_sign_true_margin_025,0.31560770422847
77,500,508,43,ordinary_default,mean_absolute_prediction_change,0.381668367101308
77,500,508,43,class_sampled_default,cate_correlation,1
77,500,508,43,class_sampled_default,cate_rank_correlation,1
77,500,508,43,class_sampled_default,sign_reversal,0
77,500,508,43,class_sampled_default,strong_reversal_010,0
77,500,508,43,class_sampled_default,strong_reversal_025,0
77,500,508,43,class_sampled_default,reversal_given_true_margin_025,0
77,500,508,43,class_sampled_default,x1_wrong_sign_true_margin_025,0.0150985167146336
77,500,508,43,class_sampled_default,x2_wrong_sign_true_margin_025,0.0150985167146336
77,500,508,43,class_sampled_default,mean_absolute_prediction_change,0
78,40,48,27,ordinary_default,cate_correlation,0.992612515239541
78,40,48,27,ordinary_default,cate_rank_correlation,0.986410888957346
78,40,48,27,ordinary_default,sign_reversal,0.0763666666666667
78,40,48,27,ordinary_default,strong_reversal_010,4e-04
78,40,48,27,ordinary_default,strong_reversal_025,0
78,40,48,27,ordinary_default,reversal_given_true_margin_025,0.00555704938603567
78,40,48,27,ordinary_default,x1_wrong_sign_true_margin_025,0.00192704131935108
78,40,48,27,ordinary_default,x2_wrong_sign_true_margin_025,0.00748409070538675
78,40,48,27,ordinary_default,mean_absolute_prediction_change,0.0801748027311049
78,100,108,31,ordinary_default,cate_correlation,0.926759707996741
78,100,108,31,ordinary_default,cate_rank_correlation,0.852090346686323
78,100,108,31,ordinary_default,sign_reversal,0.2344
78,100,108,31,ordinary_default,strong_reversal_010,0.1624
78,100,108,31,ordinary_default,strong_reversal_025,0
78,100,108,31,ordinary_default,reversal_given_true_margin_025,0.01326521466344
78,100,108,31,ordinary_default,x1_wrong_sign_true_margin_025,0.00197185623375459
78,100,108,31,ordinary_default,x2_wrong_sign_true_margin_025,0.0112933584296854
78,100,108,31,ordinary_default,mean_absolute_prediction_change,0.210255051770554
78,250,258,37,ordinary_default,cate_correlation,0.736586351053323
78,250,258,37,ordinary_default,cate_rank_correlation,0.78104302391227
78,250,258,37,ordinary_default,sign_reversal,0.3938
78,250,258,37,ordinary_default,strong_reversal_010,0.2391
78,250,258,37,ordinary_default,strong_reversal_025,0.0972666666666667
78,250,258,37,ordinary_default,reversal_given_true_margin_025,0.212108989871829
78,250,258,37,ordinary_default,x1_wrong_sign_true_margin_025,0.00542260464282513
78,250,258,37,ordinary_default,x2_wrong_sign_true_margin_025,0.206686385229004
78,250,258,37,ordinary_default,mean_absolute_prediction_change,0.3334374416349
78,500,508,43,ordinary_default,cate_correlation,0.573802020501539
78,500,508,43,ordinary_default,cate_rank_correlation,0.762835740749818
78,500,508,43,ordinary_default,sign_reversal,0.485333333333333
78,500,508,43,ordinary_default,strong_reversal_010,0.2565
78,500,508,43,ordinary_default,strong_reversal_025,0.1894
78,500,508,43,ordinary_default,reversal_given_true_margin_025,0.330241104239491
78,500,508,43,ordinary_default,x1_wrong_sign_true_margin_025,0.00596038361566729
78,500,508,43,ordinary_default,x2_wrong_sign_true_margin_025,0.324280720623824
78,500,508,43,ordinary_default,mean_absolute_prediction_change,0.394997784968934
78,500,508,43,class_sampled_default,cate_correlation,1
78,500,508,43,class_sampled_default,cate_rank_correlation,1
78,500,508,43,class_sampled_default,sign_reversal,0
78,500,508,43,class_sampled_default,strong_reversal_010,0
78,500,508,43,class_sampled_default,strong_reversal_025,0
78,500,508,43,class_sampled_default,reversal_given_true_margin_025,0
78,500,508,43,class_sampled_default,x1_wrong_sign_true_margin_025,0.00972483642556243
78,500,508,43,class_sampled_default,x2_wrong_sign_true_margin_025,0.00972483642556243
78,500,508,43,class_sampled_default,mean_absolute_prediction_change,0
79,40,48,27,ordinary_default,cate_correlation,0.993626576631235
79,40,48,27,ordinary_default,cate_rank_correlation,0.983469516546522
79,40,48,27,ordinary_default,sign_reversal,0.1777
79,40,48,27,ordinary_default,strong_reversal_010,0.000766666666666667
79,40,48,27,ordinary_default,strong_reversal_025,0
79,40,48,27,ordinary_default,reversal_given_true_margin_025,0.0195581633106636
79,40,48,27,ordinary_default,x1_wrong_sign_true_margin_025,0.00284482375427835
79,40,48,27,ordinary_default,x2_wrong_sign_true_margin_025,0.022402987064942
79,40,48,27,ordinary_default,mean_absolute_prediction_change,0.0737464413464829
79,100,108,31,ordinary_default,cate_correlation,0.934696097155059
79,100,108,31,ordinary_default,cate_rank_correlation,0.823235823163151
79,100,108,31,ordinary_default,sign_reversal,0.267133333333333
79,100,108,31,ordinary_default,strong_reversal_010,0.23
79,100,108,31,ordinary_default,strong_reversal_025,0
79,100,108,31,ordinary_default,reversal_given_true_margin_025,0.056674223229764
79,100,108,31,ordinary_default,x1_wrong_sign_true_margin_025,0.00111125927901498
79,100,108,31,ordinary_default,x2_wrong_sign_true_margin_025,0.057785482508779
79,100,108,31,ordinary_default,mean_absolute_prediction_change,0.199112754415665
79,250,258,37,ordinary_default,cate_correlation,0.741925190879316
79,250,258,37,ordinary_default,cate_rank_correlation,0.789785055801094
79,250,258,37,ordinary_default,sign_reversal,0.472266666666667
79,250,258,37,ordinary_default,strong_reversal_010,0.3332
79,250,258,37,ordinary_default,strong_reversal_025,0.218833333333333
79,250,258,37,ordinary_default,reversal_given_true_margin_025,0.316708894519269
79,250,258,37,ordinary_default,x1_wrong_sign_true_margin_025,0.000311152598124194
79,250,258,37,ordinary_default,x2_wrong_sign_true_margin_025,0.317020047117393
79,250,258,37,ordinary_default,mean_absolute_prediction_change,0.336708937753859
79,500,508,43,ordinary_default,cate_correlation,0.580373828139397
79,500,508,43,ordinary_default,cate_rank_correlation,0.774622659470025
79,500,508,43,ordinary_default,sign_reversal,0.481966666666667
79,500,508,43,ordinary_default,strong_reversal_010,0.460233333333333
79,500,508,43,ordinary_default,strong_reversal_025,0.228466666666667
79,500,508,43,ordinary_default,reversal_given_true_margin_025,0.325598968751389
79,500,508,43,ordinary_default,x1_wrong_sign_true_margin_025,0.000933457794372583
79,500,508,43,ordinary_default,x2_wrong_sign_true_margin_025,0.324665510957017
79,500,508,43,ordinary_default,mean_absolute_prediction_change,0.395930475811453
79,500,508,43,class_sampled_default,cate_correlation,1
79,500,508,43,class_sampled_default,cate_rank_correlation,1
79,500,508,43,class_sampled_default,sign_reversal,0
79,500,508,43,class_sampled_default,strong_reversal_010,0
79,500,508,43,class_sampled_default,strong_reversal_025,0
79,500,508,43,class_sampled_default,reversal_given_true_margin_025,0
79,500,508,43,class_sampled_default,x1_wrong_sign_true_margin_025,0.00115570965017558
79,500,508,43,class_sampled_default,x2_wrong_sign_true_margin_025,0.00115570965017558
79,500,508,43,class_sampled_default,mean_absolute_prediction_change,0
80,40,48,27,ordinary_default,cate_correlation,0.992339102943842
80,40,48,27,ordinary_default,cate_rank_correlation,0.882510287825011
80,40,48,27,ordinary_default,sign_reversal,0.0231666666666667
80,40,48,27,ordinary_default,strong_reversal_010,0
80,40,48,27,ordinary_default,strong_reversal_025,0
80,40,48,27,ordinary_default,reversal_given_true_margin_025,0.0212926073483842
80,40,48,27,ordinary_default,x1_wrong_sign_true_margin_025,0.00146082337317397
80,40,48,27,ordinary_default,x2_wrong_sign_true_margin_025,0.0227534307215582
80,40,48,27,ordinary_default,mean_absolute_prediction_change,0.0759607634425682
80,100,108,31,ordinary_default,cate_correlation,0.926413603171039
80,100,108,31,ordinary_default,cate_rank_correlation,0.802115174458795
80,100,108,31,ordinary_default,sign_reversal,0.209666666666667
80,100,108,31,ordinary_default,strong_reversal_010,0.0250333333333333
80,100,108,31,ordinary_default,strong_reversal_025,0
80,100,108,31,ordinary_default,reversal_given_true_margin_025,0.229969012837539
80,100,108,31,ordinary_default,x1_wrong_sign_true_margin_025,0.000442673749446658
80,100,108,31,ordinary_default,x2_wrong_sign_true_margin_025,0.229526339088092
80,100,108,31,ordinary_default,mean_absolute_prediction_change,0.200093183831942
80,250,258,37,ordinary_default,cate_correlation,0.732700897349058
80,250,258,37,ordinary_default,cate_rank_correlation,0.792258461875398
80,250,258,37,ordinary_default,sign_reversal,0.486366666666667
80,250,258,37,ordinary_default,strong_reversal_010,0.3369
80,250,258,37,ordinary_default,strong_reversal_025,0.00386666666666667
80,250,258,37,ordinary_default,reversal_given_true_margin_025,0.330411686586985
80,250,258,37,ordinary_default,x1_wrong_sign_true_margin_025,0.000973882248782647
80,250,258,37,ordinary_default,x2_wrong_sign_true_margin_025,0.329437804338203
80,250,258,37,ordinary_default,mean_absolute_prediction_change,0.323955857917018
80,500,508,43,ordinary_default,cate_correlation,0.551876995450421
80,500,508,43,ordinary_default,cate_rank_correlation,0.785600910041334
80,500,508,43,ordinary_default,sign_reversal,0.4945
80,500,508,43,ordinary_default,strong_reversal_010,0.474333333333333
80,500,508,43,ordinary_default,strong_reversal_025,0.0180666666666667
80,500,508,43,ordinary_default,reversal_given_true_margin_025,0.332979194333776
80,500,508,43,ordinary_default,x1_wrong_sign_true_margin_025,0.00101814962372731
80,500,508,43,ordinary_default,x2_wrong_sign_true_margin_025,0.331961044710049
80,500,508,43,ordinary_default,mean_absolute_prediction_change,0.375336732822353
80,500,508,43,class_sampled_default,cate_correlation,1
80,500,508,43,class_sampled_default,cate_rank_correlation,1
80,500,508,43,class_sampled_default,sign_reversal,0
80,500,508,43,class_sampled_default,strong_reversal_010,0
80,500,508,43,class_sampled_default,strong_reversal_025,0
80,500,508,43,class_sampled_default,reversal_given_true_margin_025,0
80,500,508,43,class_sampled_default,x1_wrong_sign_true_margin_025,0.0030987162461266
80,500,508,43,class_sampled_default,x2_wrong_sign_true_margin_025,0.0030987162461266
80,500,508,43,class_sampled_default,mean_absolute_prediction_change,0
81,40,48,27,ordinary_default,cate_correlation,0.99413850193849
81,40,48,27,ordinary_default,cate_rank_correlation,0.990935386353039
81,40,48,27,ordinary_default,sign_reversal,0.0988666666666667
81,40,48,27,ordinary_default,strong_reversal_010,5e-04
81,40,48,27,ordinary_default,strong_reversal_025,0
81,40,48,27,ordinary_default,reversal_given_true_margin_025,0.000669075337883046
81,40,48,27,ordinary_default,x1_wrong_sign_true_margin_025,0.0126232213747268
81,40,48,27,ordinary_default,x2_wrong_sign_true_margin_025,0.0132922967126098
81,40,48,27,ordinary_default,mean_absolute_prediction_change,0.0761961226319995
81,100,108,31,ordinary_default,cate_correlation,0.93588784364261
81,100,108,31,ordinary_default,cate_rank_correlation,0.870324271737694
81,100,108,31,ordinary_default,sign_reversal,0.243366666666667
81,100,108,31,ordinary_default,strong_reversal_010,0.182066666666667
81,100,108,31,ordinary_default,strong_reversal_025,0.000166666666666667
81,100,108,31,ordinary_default,reversal_given_true_margin_025,0.00428208216245149
81,100,108,31,ordinary_default,x1_wrong_sign_true_margin_025,0.00936705473036264
81,100,108,31,ordinary_default,x2_wrong_sign_true_margin_025,0.0136491368928141
81,100,108,31,ordinary_default,mean_absolute_prediction_change,0.208624260776207
81,250,258,37,ordinary_default,cate_correlation,0.756791276136851
81,250,258,37,ordinary_default,cate_rank_correlation,0.785572621824414
81,250,258,37,ordinary_default,sign_reversal,0.366033333333333
81,250,258,37,ordinary_default,strong_reversal_010,0.247066666666667
81,250,258,37,ordinary_default,strong_reversal_025,0.173166666666667
81,250,258,37,ordinary_default,reversal_given_true_margin_025,0.155760738659173
81,250,258,37,ordinary_default,x1_wrong_sign_true_margin_025,0.00771666889691779
81,250,258,37,ordinary_default,x2_wrong_sign_true_margin_025,0.163477407556091
81,250,258,37,ordinary_default,mean_absolute_prediction_change,0.332610723462458
81,500,508,43,ordinary_default,cate_correlation,0.588155383501433
81,500,508,43,ordinary_default,cate_rank_correlation,0.776042477151158
81,500,508,43,ordinary_default,sign_reversal,0.490033333333333
81,500,508,43,ordinary_default,strong_reversal_010,0.2952
81,500,508,43,ordinary_default,strong_reversal_025,0.2387
81,500,508,43,ordinary_default,reversal_given_true_margin_025,0.319818011508096
81,500,508,43,ordinary_default,x1_wrong_sign_true_margin_025,0.00691377849145814
81,500,508,43,ordinary_default,x2_wrong_sign_true_margin_025,0.325661269458941
81,500,508,43,ordinary_default,mean_absolute_prediction_change,0.410720246764418
81,500,508,43,class_sampled_default,cate_correlation,1
81,500,508,43,class_sampled_default,cate_rank_correlation,1
81,500,508,43,class_sampled_default,sign_reversal,0
81,500,508,43,class_sampled_default,strong_reversal_010,0
81,500,508,43,class_sampled_default,strong_reversal_025,0
81,500,508,43,class_sampled_default,reversal_given_true_margin_025,0
81,500,508,43,class_sampled_default,x1_wrong_sign_true_margin_025,0.00628930817610063
81,500,508,43,class_sampled_default,x2_wrong_sign_true_margin_025,0.00628930817610063
81,500,508,43,class_sampled_default,mean_absolute_prediction_change,0
82,40,48,27,ordinary_default,cate_correlation,0.991385683593442
82,40,48,27,ordinary_default,cate_rank_correlation,0.993346487463274
82,40,48,27,ordinary_default,sign_reversal,0.178566666666667
82,40,48,27,ordinary_default,strong_reversal_010,0
82,40,48,27,ordinary_default,strong_reversal_025,0
82,40,48,27,ordinary_default,reversal_given_true_margin_025,0.00164495620859823
82,40,48,27,ordinary_default,x1_wrong_sign_true_margin_025,0.00449028586671409
82,40,48,27,ordinary_default,x2_wrong_sign_true_margin_025,0.00613524207531232
82,40,48,27,ordinary_default,mean_absolute_prediction_change,0.0802522740454082
82,100,108,31,ordinary_default,cate_correlation,0.921078247332814
82,100,108,31,ordinary_default,cate_rank_correlation,0.85307104392519
82,100,108,31,ordinary_default,sign_reversal,0.2489
82,100,108,31,ordinary_default,strong_reversal_010,0.227666666666667
82,100,108,31,ordinary_default,strong_reversal_025,0
82,100,108,31,ordinary_default,reversal_given_true_margin_025,0.00809140621526697
82,100,108,31,ordinary_default,x1_wrong_sign_true_margin_025,0.00102254034588539
82,100,108,31,ordinary_default,x2_wrong_sign_true_margin_025,0.00902503000933624
82,100,108,31,ordinary_default,mean_absolute_prediction_change,0.201596806828155
82,250,258,37,ordinary_default,cate_correlation,0.738135142379125
82,250,258,37,ordinary_default,cate_rank_correlation,0.799044356495383
82,250,258,37,ordinary_default,sign_reversal,0.3421
82,250,258,37,ordinary_default,strong_reversal_010,0.249733333333333
82,250,258,37,ordinary_default,strong_reversal_025,0.0821
82,250,258,37,ordinary_default,reversal_given_true_margin_025,0.12559462944027
82,250,258,37,ordinary_default,x1_wrong_sign_true_margin_025,0.000533499310896723
82,250,258,37,ordinary_default,x2_wrong_sign_true_margin_025,0.125772462543903
82,250,258,37,ordinary_default,mean_absolute_prediction_change,0.313760945029914
82,500,508,43,ordinary_default,cate_correlation,0.564860468753039
82,500,508,43,ordinary_default,cate_rank_correlation,0.778248132191831
82,500,508,43,ordinary_default,sign_reversal,0.474466666666667
82,500,508,43,ordinary_default,strong_reversal_010,0.273133333333333
82,500,508,43,ordinary_default,strong_reversal_025,0.2091
82,500,508,43,ordinary_default,reversal_given_true_margin_025,0.301604943760281
82,500,508,43,ordinary_default,x1_wrong_sign_true_margin_025,0.000622415862712844
82,500,508,43,ordinary_default,x2_wrong_sign_true_margin_025,0.301249277553017
82,500,508,43,ordinary_default,mean_absolute_prediction_change,0.380261084331186
82,500,508,43,class_sampled_default,cate_correlation,1
82,500,508,43,class_sampled_default,cate_rank_correlation,1
82,500,508,43,class_sampled_default,sign_reversal,0
82,500,508,43,class_sampled_default,strong_reversal_010,0
82,500,508,43,class_sampled_default,strong_reversal_025,0
82,500,508,43,class_sampled_default,reversal_given_true_margin_025,0
82,500,508,43,class_sampled_default,x1_wrong_sign_true_margin_025,0.00573511759213978
82,500,508,43,class_sampled_default,x2_wrong_sign_true_margin_025,0.00573511759213978
82,500,508,43,class_sampled_default,mean_absolute_prediction_change,0
83,40,48,27,ordinary_default,cate_correlation,0.992672513874994
83,40,48,27,ordinary_default,cate_rank_correlation,0.972495284428995
83,40,48,27,ordinary_default,sign_reversal,0.0409
83,40,48,27,ordinary_default,strong_reversal_010,3.33333333333333e-05
83,40,48,27,ordinary_default,strong_reversal_025,0
83,40,48,27,ordinary_default,reversal_given_true_margin_025,0.00560573030208658
83,40,48,27,ordinary_default,x1_wrong_sign_true_margin_025,0.00160163722916759
83,40,48,27,ordinary_default,x2_wrong_sign_true_margin_025,0.0071183876851893
83,40,48,27,ordinary_default,mean_absolute_prediction_change,0.0714699005284296
83,100,108,31,ordinary_default,cate_correlation,0.921130062807059
83,100,108,31,ordinary_default,cate_rank_correlation,0.80325474012495
83,100,108,31,ordinary_default,sign_reversal,0.268566666666667
83,100,108,31,ordinary_default,strong_reversal_010,0.056
83,100,108,31,ordinary_default,strong_reversal_025,0
83,100,108,31,ordinary_default,reversal_given_true_margin_025,0.0349690795034925
83,100,108,31,ordinary_default,x1_wrong_sign_true_margin_025,0.000311429461227032
83,100,108,31,ordinary_default,x2_wrong_sign_true_margin_025,0.03492458958046
83,100,108,31,ordinary_default,mean_absolute_prediction_change,0.19997461017419
83,250,258,37,ordinary_default,cate_correlation,0.734596171906491
83,250,258,37,ordinary_default,cate_rank_correlation,0.793040553550934
83,250,258,37,ordinary_default,sign_reversal,0.432666666666667
83,250,258,37,ordinary_default,strong_reversal_010,0.265866666666667
83,250,258,37,ordinary_default,strong_reversal_025,0.0013
83,250,258,37,ordinary_default,reversal_given_true_margin_025,0.250967655825955
83,250,258,37,ordinary_default,x1_wrong_sign_true_margin_025,0.000889798460648663
83,250,258,37,ordinary_default,x2_wrong_sign_true_margin_025,0.250077857365307
83,250,258,37,ordinary_default,mean_absolute_prediction_change,0.310119375433071
83,500,508,43,ordinary_default,cate_correlation,0.547211209993568
83,500,508,43,ordinary_default,cate_rank_correlation,0.78397212700308
83,500,508,43,ordinary_default,sign_reversal,0.461966666666667
83,500,508,43,ordinary_default,strong_reversal_010,0.351733333333333
83,500,508,43,ordinary_default,strong_reversal_025,0.00583333333333333
83,500,508,43,ordinary_default,reversal_given_true_margin_025,0.289140009787783
83,500,508,43,ordinary_default,x1_wrong_sign_true_margin_025,0.00133469769097299
83,500,508,43,ordinary_default,x2_wrong_sign_true_margin_025,0.28780531209681
83,500,508,43,ordinary_default,mean_absolute_prediction_change,0.363488013752993
83,500,508,43,class_sampled_default,cate_correlation,1
83,500,508,43,class_sampled_default,cate_rank_correlation,1
83,500,508,43,class_sampled_default,sign_reversal,0
83,500,508,43,class_sampled_default,strong_reversal_010,0
83,500,508,43,class_sampled_default,strong_reversal_025,0
83,500,508,43,class_sampled_default,reversal_given_true_margin_025,0
83,500,508,43,class_sampled_default,x1_wrong_sign_true_margin_025,0.00329225430440005
83,500,508,43,class_sampled_default,x2_wrong_sign_true_margin_025,0.00329225430440005
83,500,508,43,class_sampled_default,mean_absolute_prediction_change,0
84,40,48,27,ordinary_default,cate_correlation,0.991377654551313
84,40,48,27,ordinary_default,cate_rank_correlation,0.981469046950966
84,40,48,27,ordinary_default,sign_reversal,0.0429
84,40,48,27,ordinary_default,strong_reversal_010,0
84,40,48,27,ordinary_default,strong_reversal_025,0
84,40,48,27,ordinary_default,reversal_given_true_margin_025,0.00418820174656924
84,40,48,27,ordinary_default,x1_wrong_sign_true_margin_025,0.0006683300659419
84,40,48,27,ordinary_default,x2_wrong_sign_true_margin_025,0.00458919978613438
84,40,48,27,ordinary_default,mean_absolute_prediction_change,0.0758088376249322
84,100,108,31,ordinary_default,cate_correlation,0.91824819577073
84,100,108,31,ordinary_default,cate_rank_correlation,0.811128244506143
84,100,108,31,ordinary_default,sign_reversal,0.2456
84,100,108,31,ordinary_default,strong_reversal_010,0.0826
84,100,108,31,ordinary_default,strong_reversal_025,0
84,100,108,31,ordinary_default,reversal_given_true_margin_025,0.0168419176617359
84,100,108,31,ordinary_default,x1_wrong_sign_true_margin_025,0.00102477276777758
84,100,108,31,ordinary_default,x2_wrong_sign_true_margin_025,0.0163518089467118
84,100,108,31,ordinary_default,mean_absolute_prediction_change,0.194000667230079
84,250,258,37,ordinary_default,cate_correlation,0.705308561432796
84,250,258,37,ordinary_default,cate_rank_correlation,0.783136494208818
84,250,258,37,ordinary_default,sign_reversal,0.462666666666667
84,250,258,37,ordinary_default,strong_reversal_010,0.2538
84,250,258,37,ordinary_default,strong_reversal_025,0.00753333333333333
84,250,258,37,ordinary_default,reversal_given_true_margin_025,0.291570130101586
84,250,258,37,ordinary_default,x1_wrong_sign_true_margin_025,0.00191587952236678
84,250,258,37,ordinary_default,x2_wrong_sign_true_margin_025,0.290099803956514
84,250,258,37,ordinary_default,mean_absolute_prediction_change,0.312964887098277
84,500,508,43,ordinary_default,cate_correlation,0.528959155962985
84,500,508,43,ordinary_default,cate_rank_correlation,0.767758660308176
84,500,508,43,ordinary_default,sign_reversal,0.4836
84,500,508,43,ordinary_default,strong_reversal_010,0.389766666666667
84,500,508,43,ordinary_default,strong_reversal_025,0.0646
84,500,508,43,ordinary_default,reversal_given_true_margin_025,0.319105328818392
84,500,508,43,ordinary_default,x1_wrong_sign_true_margin_025,0.00343076100516842
84,500,508,43,ordinary_default,x2_wrong_sign_true_margin_025,0.316120121190519
84,500,508,43,ordinary_default,mean_absolute_prediction_change,0.365363722333959
84,500,508,43,class_sampled_default,cate_correlation,1
84,500,508,43,class_sampled_default,cate_rank_correlation,1
84,500,508,43,class_sampled_default,sign_reversal,0
84,500,508,43,class_sampled_default,strong_reversal_010,0
84,500,508,43,class_sampled_default,strong_reversal_025,0
84,500,508,43,class_sampled_default,reversal_given_true_margin_025,0
84,500,508,43,class_sampled_default,x1_wrong_sign_true_margin_025,0.0112279451078239
84,500,508,43,class_sampled_default,x2_wrong_sign_true_margin_025,0.0112279451078239
84,500,508,43,class_sampled_default,mean_absolute_prediction_change,0
85,40,48,27,ordinary_default,cate_correlation,0.991699969765904
85,40,48,27,ordinary_default,cate_rank_correlation,0.991911584134124
85,40,48,27,ordinary_default,sign_reversal,0.1168
85,40,48,27,ordinary_default,strong_reversal_010,0
85,40,48,27,ordinary_default,strong_reversal_025,0
85,40,48,27,ordinary_default,reversal_given_true_margin_025,0.000267510811895314
85,40,48,27,ordinary_default,x1_wrong_sign_true_margin_025,0.00646484462080342
85,40,48,27,ordinary_default,x2_wrong_sign_true_margin_025,0.00673235543269874
85,40,48,27,ordinary_default,mean_absolute_prediction_change,0.0854155514887528
85,100,108,31,ordinary_default,cate_correlation,0.92186033028847
85,100,108,31,ordinary_default,cate_rank_correlation,0.927532613486147
85,100,108,31,ordinary_default,sign_reversal,0.2487
85,100,108,31,ordinary_default,strong_reversal_010,0.214533333333333
85,100,108,31,ordinary_default,strong_reversal_025,0
85,100,108,31,ordinary_default,reversal_given_true_margin_025,0.00178340541263543
85,100,108,31,ordinary_default,x1_wrong_sign_true_margin_025,0.00610816353827634
85,100,108,31,ordinary_default,x2_wrong_sign_true_margin_025,0.00789156895091177
85,100,108,31,ordinary_default,mean_absolute_prediction_change,0.216697207862118
85,250,258,37,ordinary_default,cate_correlation,0.741868460218016
85,250,258,37,ordinary_default,cate_rank_correlation,0.79445112530939
85,250,258,37,ordinary_default,sign_reversal,0.2618
85,250,258,37,ordinary_default,strong_reversal_010,0.248733333333333
85,250,258,37,ordinary_default,strong_reversal_025,0.0962333333333333
85,250,258,37,ordinary_default,reversal_given_true_margin_025,0.0171206919613001
85,250,258,37,ordinary_default,x1_wrong_sign_true_margin_025,0.00352222568995497
85,250,258,37,ordinary_default,x2_wrong_sign_true_margin_025,0.0206429176512551
85,250,258,37,ordinary_default,mean_absolute_prediction_change,0.340307548428879
85,500,508,43,ordinary_default,cate_correlation,0.583937757748038
85,500,508,43,ordinary_default,cate_rank_correlation,0.785799312892221
85,500,508,43,ordinary_default,sign_reversal,0.3429
85,500,508,43,ordinary_default,strong_reversal_010,0.251733333333333
85,500,508,43,ordinary_default,strong_reversal_025,0.209366666666667
85,500,508,43,ordinary_default,reversal_given_true_margin_025,0.124169601854742
85,500,508,43,ordinary_default,x1_wrong_sign_true_margin_025,0.00120379865352891
85,500,508,43,ordinary_default,x2_wrong_sign_true_margin_025,0.125373400508271
85,500,508,43,ordinary_default,mean_absolute_prediction_change,0.410899695533081
85,500,508,43,class_sampled_default,cate_correlation,1
85,500,508,43,class_sampled_default,cate_rank_correlation,1
85,500,508,43,class_sampled_default,sign_reversal,0
85,500,508,43,class_sampled_default,strong_reversal_010,0
85,500,508,43,class_sampled_default,strong_reversal_025,0
85,500,508,43,class_sampled_default,reversal_given_true_margin_025,0
85,500,508,43,class_sampled_default,x1_wrong_sign_true_margin_025,0.00227384190111017
85,500,508,43,class_sampled_default,x2_wrong_sign_true_margin_025,0.00227384190111017
85,500,508,43,class_sampled_default,mean_absolute_prediction_change,0
86,40,48,27,ordinary_default,cate_correlation,0.991365503724057
86,40,48,27,ordinary_default,cate_rank_correlation,0.99011491767035
86,40,48,27,ordinary_default,sign_reversal,0.0305333333333333
86,40,48,27,ordinary_default,strong_reversal_010,6.66666666666667e-05
86,40,48,27,ordinary_default,strong_reversal_025,0
86,40,48,27,ordinary_default,reversal_given_true_margin_025,0.000177635669242384
86,40,48,27,ordinary_default,x1_wrong_sign_true_margin_025,0.000399680255795364
86,40,48,27,ordinary_default,x2_wrong_sign_true_margin_025,0.000577315925037748
86,40,48,27,ordinary_default,mean_absolute_prediction_change,0.0835343491903902
86,100,108,31,ordinary_default,cate_correlation,0.920022363124377
86,100,108,31,ordinary_default,cate_rank_correlation,0.880141223971268
86,100,108,31,ordinary_default,sign_reversal,0.2376
86,100,108,31,ordinary_default,strong_reversal_010,0.0711666666666667
86,100,108,31,ordinary_default,strong_reversal_025,0
86,100,108,31,ordinary_default,reversal_given_true_margin_025,0.00288657962518874
86,100,108,31,ordinary_default,x1_wrong_sign_true_margin_025,0.00168753885780265
86,100,108,31,ordinary_default,x2_wrong_sign_true_margin_025,0.00164312994049205
86,100,108,31,ordinary_default,mean_absolute_prediction_change,0.201468800492452
86,250,258,37,ordinary_default,cate_correlation,0.740346870210822
86,250,258,37,ordinary_default,cate_rank_correlation,0.784244689204272
86,250,258,37,ordinary_default,sign_reversal,0.250133333333333
86,250,258,37,ordinary_default,strong_reversal_010,0.238466666666667
86,250,258,37,ordinary_default,strong_reversal_025,0.00793333333333333
86,250,258,37,ordinary_default,reversal_given_true_margin_025,0.013633537614353
86,250,258,37,ordinary_default,x1_wrong_sign_true_margin_025,0.00381916688871125
86,250,258,37,ordinary_default,x2_wrong_sign_true_margin_025,0.0101696420641265
86,250,258,37,ordinary_default,mean_absolute_prediction_change,0.305976388790855
86,500,508,43,ordinary_default,cate_correlation,0.573008759086337
86,500,508,43,ordinary_default,cate_rank_correlation,0.772441780700046
86,500,508,43,ordinary_default,sign_reversal,0.3081
86,500,508,43,ordinary_default,strong_reversal_010,0.241333333333333
86,500,508,43,ordinary_default,strong_reversal_025,0.0541
86,500,508,43,ordinary_default,reversal_given_true_margin_025,0.089794830802025
86,500,508,43,ordinary_default,x1_wrong_sign_true_margin_025,0.00470734523492317
86,500,508,43,ordinary_default,x2_wrong_sign_true_margin_025,0.0854427569055866
86,500,508,43,ordinary_default,mean_absolute_prediction_change,0.371522026540756
86,500,508,43,class_sampled_default,cate_correlation,1
86,500,508,43,class_sampled_default,cate_rank_correlation,1
86,500,508,43,class_sampled_default,sign_reversal,0
86,500,508,43,class_sampled_default,strong_reversal_010,0
86,500,508,43,class_sampled_default,strong_reversal_025,0
86,500,508,43,class_sampled_default,reversal_given_true_margin_025,0
86,500,508,43,class_sampled_default,x1_wrong_sign_true_margin_025,0.0116351363353761
86,500,508,43,class_sampled_default,x2_wrong_sign_true_margin_025,0.0116351363353761
86,500,508,43,class_sampled_default,mean_absolute_prediction_change,0
87,40,48,27,ordinary_default,cate_correlation,0.991727245547027
87,40,48,27,ordinary_default,cate_rank_correlation,0.980583802665538
87,40,48,27,ordinary_default,sign_reversal,0.139066666666667
87,40,48,27,ordinary_default,strong_reversal_010,3.33333333333333e-05
87,40,48,27,ordinary_default,strong_reversal_025,0
87,40,48,27,ordinary_default,reversal_given_true_margin_025,0.00115499089334103
87,40,48,27,ordinary_default,x1_wrong_sign_true_margin_025,0.00031095908666874
87,40,48,27,ordinary_default,x2_wrong_sign_true_margin_025,0.00111056816667407
87,40,48,27,ordinary_default,mean_absolute_prediction_change,0.0745133004370217
87,100,108,31,ordinary_default,cate_correlation,0.917920873313577
87,100,108,31,ordinary_default,cate_rank_correlation,0.812778685995976
87,100,108,31,ordinary_default,sign_reversal,0.259766666666667
87,100,108,31,ordinary_default,strong_reversal_010,0.1977
87,100,108,31,ordinary_default,strong_reversal_025,0
87,100,108,31,ordinary_default,reversal_given_true_margin_025,0.0306961041268713
87,100,108,31,ordinary_default,x1_wrong_sign_true_margin_025,0.00279863178001866
87,100,108,31,ordinary_default,x2_wrong_sign_true_margin_025,0.0283416996135223
87,100,108,31,ordinary_default,mean_absolute_prediction_change,0.19913922390838
87,250,258,37,ordinary_default,cate_correlation,0.718849254947391
87,250,258,37,ordinary_default,cate_rank_correlation,0.792259915260733
87,250,258,37,ordinary_default,sign_reversal,0.486166666666667
87,250,258,37,ordinary_default,strong_reversal_010,0.384033333333333
87,250,258,37,ordinary_default,strong_reversal_025,0.0787333333333333
87,250,258,37,ordinary_default,reversal_given_true_margin_025,0.325529741015504
87,250,258,37,ordinary_default,x1_wrong_sign_true_margin_025,0.00506419084003376
87,250,258,37,ordinary_default,x2_wrong_sign_true_margin_025,0.320732086535472
87,250,258,37,ordinary_default,mean_absolute_prediction_change,0.311850378361605
87,500,508,43,ordinary_default,cate_correlation,0.553262942597703
87,500,508,43,ordinary_default,cate_rank_correlation,0.776902783444559
87,500,508,43,ordinary_default,sign_reversal,0.4911
87,500,508,43,ordinary_default,strong_reversal_010,0.475033333333333
87,500,508,43,ordinary_default,strong_reversal_025,0.186866666666667
87,500,508,43,ordinary_default,reversal_given_true_margin_025,0.331882190928879
87,500,508,43,ordinary_default,x1_wrong_sign_true_margin_025,0.00581937719337213
87,500,508,43,ordinary_default,x2_wrong_sign_true_margin_025,0.326418195548843
87,500,508,43,ordinary_default,mean_absolute_prediction_change,0.362720935824811
87,500,508,43,class_sampled_default,cate_correlation,1
87,500,508,43,class_sampled_default,cate_rank_correlation,1
87,500,508,43,class_sampled_default,sign_reversal,0
87,500,508,43,class_sampled_default,strong_reversal_010,0
87,500,508,43,class_sampled_default,strong_reversal_025,0
87,500,508,43,class_sampled_default,reversal_given_true_margin_025,0
87,500,508,43,class_sampled_default,x1_wrong_sign_true_margin_025,0.00661898627337746
87,500,508,43,class_sampled_default,x2_wrong_sign_true_margin_025,0.00661898627337746
87,500,508,43,class_sampled_default,mean_absolute_prediction_change,0
88,40,48,27,ordinary_default,cate_correlation,0.99304946017174
88,40,48,27,ordinary_default,cate_rank_correlation,0.94611571642324
88,40,48,27,ordinary_default,sign_reversal,0.178433333333333
88,40,48,27,ordinary_default,strong_reversal_010,4e-04
88,40,48,27,ordinary_default,strong_reversal_025,0
88,40,48,27,ordinary_default,reversal_given_true_margin_025,0.0188038769038367
88,40,48,27,ordinary_default,x1_wrong_sign_true_margin_025,0.00763767921747287
88,40,48,27,ordinary_default,x2_wrong_sign_true_margin_025,0.0264415561213096
88,40,48,27,ordinary_default,mean_absolute_prediction_change,0.0763426498046353
88,100,108,31,ordinary_default,cate_correlation,0.930935707401178
88,100,108,31,ordinary_default,cate_rank_correlation,0.805789017013543
88,100,108,31,ordinary_default,sign_reversal,0.450533333333333
88,100,108,31,ordinary_default,strong_reversal_010,0.241066666666667
88,100,108,31,ordinary_default,strong_reversal_025,0
88,100,108,31,ordinary_default,reversal_given_true_margin_025,0.272365893965787
88,100,108,31,ordinary_default,x1_wrong_sign_true_margin_025,0.00200991558354549
88,100,108,31,ordinary_default,x2_wrong_sign_true_margin_025,0.274375809549332
88,100,108,31,ordinary_default,mean_absolute_prediction_change,0.204325491434581
88,250,258,37,ordinary_default,cate_correlation,0.737862126565535
88,250,258,37,ordinary_default,cate_rank_correlation,0.792569357331299
88,250,258,37,ordinary_default,sign_reversal,0.491833333333333
88,250,258,37,ordinary_default,strong_reversal_010,0.4758
88,250,258,37,ordinary_default,strong_reversal_025,0.184766666666667
88,250,258,37,ordinary_default,reversal_given_true_margin_025,0.32176515253026
88,250,258,37,ordinary_default,x1_wrong_sign_true_margin_025,0.00160793246683639
88,250,258,37,ordinary_default,x2_wrong_sign_true_margin_025,0.323373084997097
88,250,258,37,ordinary_default,mean_absolute_prediction_change,0.339641544846182
88,500,508,43,ordinary_default,cate_correlation,0.556688300531469
88,500,508,43,ordinary_default,cate_rank_correlation,0.783787997233098
88,500,508,43,ordinary_default,sign_reversal,0.495533333333333
88,500,508,43,ordinary_default,strong_reversal_010,0.483166666666667
88,500,508,43,ordinary_default,strong_reversal_025,0.254533333333333
88,500,508,43,ordinary_default,reversal_given_true_margin_025,0.326231631604806
88,500,508,43,ordinary_default,x1_wrong_sign_true_margin_025,0.000133994372236366
88,500,508,43,ordinary_default,x2_wrong_sign_true_margin_025,0.326276296395551
88,500,508,43,ordinary_default,mean_absolute_prediction_change,0.40525664510795
88,500,508,43,class_sampled_default,cate_correlation,1
88,500,508,43,class_sampled_default,cate_rank_correlation,1
88,500,508,43,class_sampled_default,sign_reversal,0
88,500,508,43,class_sampled_default,strong_reversal_010,0
88,500,508,43,class_sampled_default,strong_reversal_025,0
88,500,508,43,class_sampled_default,reversal_given_true_margin_025,0
88,500,508,43,class_sampled_default,x1_wrong_sign_true_margin_025,0.00339452409665461
88,500,508,43,class_sampled_default,x2_wrong_sign_true_margin_025,0.00339452409665461
88,500,508,43,class_sampled_default,mean_absolute_prediction_change,0
89,40,48,27,ordinary_default,cate_correlation,0.993165388425483
89,40,48,27,ordinary_default,cate_rank_correlation,0.979418509051798
89,40,48,27,ordinary_default,sign_reversal,0.0263
89,40,48,27,ordinary_default,strong_reversal_010,0
89,40,48,27,ordinary_default,strong_reversal_025,0
89,40,48,27,ordinary_default,reversal_given_true_margin_025,0.00164203612479475
89,40,48,27,ordinary_default,x1_wrong_sign_true_margin_025,0.00679004127279989
89,40,48,27,ordinary_default,x2_wrong_sign_true_margin_025,0.00843207739759464
89,40,48,27,ordinary_default,mean_absolute_prediction_change,0.0709773401589077
89,100,108,31,ordinary_default,cate_correlation,0.923958888861537
89,100,108,31,ordinary_default,cate_rank_correlation,0.815359851145955
89,100,108,31,ordinary_default,sign_reversal,0.228933333333333
89,100,108,31,ordinary_default,strong_reversal_010,0.0368
89,100,108,31,ordinary_default,strong_reversal_025,0
89,100,108,31,ordinary_default,reversal_given_true_margin_025,0.00918652642790574
89,100,108,31,ordinary_default,x1_wrong_sign_true_margin_025,0.00337283095903786
89,100,108,31,ordinary_default,x2_wrong_sign_true_margin_025,0.0124705986774952
89,100,108,31,ordinary_default,mean_absolute_prediction_change,0.199801546236146
89,250,258,37,ordinary_default,cate_correlation,0.722911065350731
89,250,258,37,ordinary_default,cate_rank_correlation,0.791317230291686
89,250,258,37,ordinary_default,sign_reversal,0.436766666666667
89,250,258,37,ordinary_default,strong_reversal_010,0.2355
89,250,258,37,ordinary_default,strong_reversal_025,0.0059
89,250,258,37,ordinary_default,reversal_given_true_margin_025,0.268095681888785
89,250,258,37,ordinary_default,x1_wrong_sign_true_margin_025,0.00235210580038166
89,250,258,37,ordinary_default,x2_wrong_sign_true_margin_025,0.270447787689167
89,250,258,37,ordinary_default,mean_absolute_prediction_change,0.319970210439934
89,500,508,43,ordinary_default,cate_correlation,0.552965986869118
89,500,508,43,ordinary_default,cate_rank_correlation,0.775061698643846
89,500,508,43,ordinary_default,sign_reversal,0.472766666666667
89,500,508,43,ordinary_default,strong_reversal_010,0.303733333333333
89,500,508,43,ordinary_default,strong_reversal_025,0.0170333333333333
89,500,508,43,ordinary_default,reversal_given_true_margin_025,0.310433586295655
89,500,508,43,ordinary_default,x1_wrong_sign_true_margin_025,0.00133138064172547
89,500,508,43,ordinary_default,x2_wrong_sign_true_margin_025,0.311764966937381
89,500,508,43,ordinary_default,mean_absolute_prediction_change,0.373195369780982
89,500,508,43,class_sampled_default,cate_correlation,1
89,500,508,43,class_sampled_default,cate_rank_correlation,1
89,500,508,43,class_sampled_default,sign_reversal,0
89,500,508,43,class_sampled_default,strong_reversal_010,0
89,500,508,43,class_sampled_default,strong_reversal_025,0
89,500,508,43,class_sampled_default,reversal_given_true_margin_025,0
89,500,508,43,class_sampled_default,x1_wrong_sign_true_margin_025,0.00190831225313984
89,500,508,43,class_sampled_default,x2_wrong_sign_true_margin_025,0.00190831225313984
89,500,508,43,class_sampled_default,mean_absolute_prediction_change,0
90,40,48,27,ordinary_default,cate_correlation,0.992686261966596
90,40,48,27,ordinary_default,cate_rank_correlation,0.989375358630417
90,40,48,27,ordinary_default,sign_reversal,0.168
90,40,48,27,ordinary_default,strong_reversal_010,0.000133333333333333
90,40,48,27,ordinary_default,strong_reversal_025,0
90,40,48,27,ordinary_default,reversal_given_true_margin_025,0.00279230564666253
90,40,48,27,ordinary_default,x1_wrong_sign_true_margin_025,0.0051413881748072
90,40,48,27,ordinary_default,x2_wrong_sign_true_margin_025,0.00793369382146973
90,40,48,27,ordinary_default,mean_absolute_prediction_change,0.0867361851433295
90,100,108,31,ordinary_default,cate_correlation,0.931196261314541
90,100,108,31,ordinary_default,cate_rank_correlation,0.911223428099582
90,100,108,31,ordinary_default,sign_reversal,0.2486
90,100,108,31,ordinary_default,strong_reversal_010,0.233
90,100,108,31,ordinary_default,strong_reversal_025,0
90,100,108,31,ordinary_default,reversal_given_true_margin_025,0.0126761811896108
90,100,108,31,ordinary_default,x1_wrong_sign_true_margin_025,0.000975090860739296
90,100,108,31,ordinary_default,x2_wrong_sign_true_margin_025,0.0133853381792394
90,100,108,31,ordinary_default,mean_absolute_prediction_change,0.21207711157008
90,250,258,37,ordinary_default,cate_correlation,0.753191775611358
90,250,258,37,ordinary_default,cate_rank_correlation,0.784242049931825
90,250,258,37,ordinary_default,sign_reversal,0.3073
90,250,258,37,ordinary_default,strong_reversal_010,0.248766666666667
90,250,258,37,ordinary_default,strong_reversal_025,0.2112
90,250,258,37,ordinary_default,reversal_given_true_margin_025,0.0856307064976509
90,250,258,37,ordinary_default,x1_wrong_sign_true_margin_025,0.000487545430369648
90,250,258,37,ordinary_default,x2_wrong_sign_true_margin_025,0.0851431610672813
90,250,258,37,ordinary_default,mean_absolute_prediction_change,0.326661264311776
90,500,508,43,ordinary_default,cate_correlation,0.605542912545965
90,500,508,43,ordinary_default,cate_rank_correlation,0.775135714183484
90,500,508,43,ordinary_default,sign_reversal,0.454266666666667
90,500,508,43,ordinary_default,strong_reversal_010,0.252433333333333
90,500,508,43,ordinary_default,strong_reversal_025,0.2281
90,500,508,43,ordinary_default,reversal_given_true_margin_025,0.280870490204769
90,500,508,43,ordinary_default,x1_wrong_sign_true_margin_025,0.00208314865703395
90,500,508,43,ordinary_default,x2_wrong_sign_true_margin_025,0.278787341547735
90,500,508,43,ordinary_default,mean_absolute_prediction_change,0.391871229324813
90,500,508,43,class_sampled_default,cate_correlation,1
90,500,508,43,class_sampled_default,cate_rank_correlation,1
90,500,508,43,class_sampled_default,sign_reversal,0
90,500,508,43,class_sampled_default,strong_reversal_010,0
90,500,508,43,class_sampled_default,strong_reversal_025,0
90,500,508,43,class_sampled_default,reversal_given_true_margin_025,0
90,500,508,43,class_sampled_default,x1_wrong_sign_true_margin_025,0.00948497473628224
90,500,508,43,class_sampled_default,x2_wrong_sign_true_margin_025,0.00948497473628224
90,500,508,43,class_sampled_default,mean_absolute_prediction_change,0
91,40,48,27,ordinary_default,cate_correlation,0.992044514790142
91,40,48,27,ordinary_default,cate_rank_correlation,0.956807282724008
91,40,48,27,ordinary_default,sign_reversal,0.1914
91,40,48,27,ordinary_default,strong_reversal_010,3.33333333333333e-05
91,40,48,27,ordinary_default,strong_reversal_025,0
91,40,48,27,ordinary_default,reversal_given_true_margin_025,0.00379024346740391
91,40,48,27,ordinary_default,x1_wrong_sign_true_margin_025,0.00579684295014715
91,40,48,27,ordinary_default,x2_wrong_sign_true_margin_025,0.00958708641755106
91,40,48,27,ordinary_default,mean_absolute_prediction_change,0.0841876546518373
91,100,108,31,ordinary_default,cate_correlation,0.924332934883043
91,100,108,31,ordinary_default,cate_rank_correlation,0.804979473293533
91,100,108,31,ordinary_default,sign_reversal,0.445366666666667
91,100,108,31,ordinary_default,strong_reversal_010,0.216333333333333
91,100,108,31,ordinary_default,strong_reversal_025,0
91,100,108,31,ordinary_default,reversal_given_true_margin_025,0.283956122357977
91,100,108,31,ordinary_default,x1_wrong_sign_true_margin_025,0.00526174975474895
91,100,108,31,ordinary_default,x2_wrong_sign_true_margin_025,0.289217872112726
91,100,108,31,ordinary_default,mean_absolute_prediction_change,0.207658104894962
91,250,258,37,ordinary_default,cate_correlation,0.721224892431794
91,250,258,37,ordinary_default,cate_rank_correlation,0.784456942840508
91,250,258,37,ordinary_default,sign_reversal,0.492166666666667
91,250,258,37,ordinary_default,strong_reversal_010,0.477233333333333
91,250,258,37,ordinary_default,strong_reversal_025,0.207566666666667
91,250,258,37,ordinary_default,reversal_given_true_margin_025,0.32783376438063
91,250,258,37,ordinary_default,x1_wrong_sign_true_margin_025,0.00334433247123874
91,250,258,37,ordinary_default,x2_wrong_sign_true_margin_025,0.331178096851868
91,250,258,37,ordinary_default,mean_absolute_prediction_change,0.329563059152683
91,500,508,43,ordinary_default,cate_correlation,0.562492211748582
91,500,508,43,ordinary_default,cate_rank_correlation,0.772549481399722
91,500,508,43,ordinary_default,sign_reversal,0.495666666666667
91,500,508,43,ordinary_default,strong_reversal_010,0.484766666666667
91,500,508,43,ordinary_default,strong_reversal_025,0.241233333333333
91,500,508,43,ordinary_default,reversal_given_true_margin_025,0.331891554445733
91,500,508,43,ordinary_default,x1_wrong_sign_true_margin_025,0.000847230892713814
91,500,508,43,ordinary_default,x2_wrong_sign_true_margin_025,0.332471238740747
91,500,508,43,ordinary_default,mean_absolute_prediction_change,0.374363935714625
91,500,508,43,class_sampled_default,cate_correlation,1
91,500,508,43,class_sampled_default,cate_rank_correlation,1
91,500,508,43,class_sampled_default,sign_reversal,0
91,500,508,43,class_sampled_default,strong_reversal_010,0
91,500,508,43,class_sampled_default,strong_reversal_025,0
91,500,508,43,class_sampled_default,reversal_given_true_margin_025,0
91,500,508,43,class_sampled_default,x1_wrong_sign_true_margin_025,0.00445910996165165
91,500,508,43,class_sampled_default,x2_wrong_sign_true_margin_025,0.00445910996165165
91,500,508,43,class_sampled_default,mean_absolute_prediction_change,0
92,40,48,27,ordinary_default,cate_correlation,0.993815035716629
92,40,48,27,ordinary_default,cate_rank_correlation,0.986696204058996
92,40,48,27,ordinary_default,sign_reversal,0.147766666666667
92,40,48,27,ordinary_default,strong_reversal_010,0.000166666666666667
92,40,48,27,ordinary_default,strong_reversal_025,0
92,40,48,27,ordinary_default,reversal_given_true_margin_025,0.000487005799796343
92,40,48,27,ordinary_default,x1_wrong_sign_true_margin_025,0.0065967149245141
92,40,48,27,ordinary_default,x2_wrong_sign_true_margin_025,0.0068180811971488
92,40,48,27,ordinary_default,mean_absolute_prediction_change,0.0736440738749196
92,100,108,31,ordinary_default,cate_correlation,0.934417500612671
92,100,108,31,ordinary_default,cate_rank_correlation,0.825662277219625
92,100,108,31,ordinary_default,sign_reversal,0.2425
92,100,108,31,ordinary_default,strong_reversal_010,0.2186
92,100,108,31,ordinary_default,strong_reversal_025,0
92,100,108,31,ordinary_default,reversal_given_true_margin_025,0.00544561030681365
92,100,108,31,ordinary_default,x1_wrong_sign_true_margin_025,0.00531279054323283
92,100,108,31,ordinary_default,x2_wrong_sign_true_margin_025,0.0107584008500465
92,100,108,31,ordinary_default,mean_absolute_prediction_change,0.207000714384065
92,250,258,37,ordinary_default,cate_correlation,0.755278253171751
92,250,258,37,ordinary_default,cate_rank_correlation,0.792072108425413
92,250,258,37,ordinary_default,sign_reversal,0.474466666666667
92,250,258,37,ordinary_default,strong_reversal_010,0.261833333333333
92,250,258,37,ordinary_default,strong_reversal_025,0.113333333333333
92,250,258,37,ordinary_default,reversal_given_true_margin_025,0.305928188781157
92,250,258,37,ordinary_default,x1_wrong_sign_true_margin_025,0.00522424403417895
92,250,258,37,ordinary_default,x2_wrong_sign_true_margin_025,0.311063886306282
92,250,258,37,ordinary_default,mean_absolute_prediction_change,0.336292877611184
92,500,508,43,ordinary_default,cate_correlation,0.576932220398652
92,500,508,43,ordinary_default,cate_rank_correlation,0.782649146638499
92,500,508,43,ordinary_default,sign_reversal,0.485266666666667
92,500,508,43,ordinary_default,strong_reversal_010,0.4554
92,500,508,43,ordinary_default,strong_reversal_025,0.214466666666667
92,500,508,43,ordinary_default,reversal_given_true_margin_025,0.318236153539647
92,500,508,43,ordinary_default,x1_wrong_sign_true_margin_025,0.00442732545269403
92,500,508,43,ordinary_default,x2_wrong_sign_true_margin_025,0.322574932483287
92,500,508,43,ordinary_default,mean_absolute_prediction_change,0.404974911642194
92,500,508,43,class_sampled_default,cate_correlation,1
92,500,508,43,class_sampled_default,cate_rank_correlation,1
92,500,508,43,class_sampled_default,sign_reversal,0
92,500,508,43,class_sampled_default,strong_reversal_010,0
92,500,508,43,class_sampled_default,strong_reversal_025,0
92,500,508,43,class_sampled_default,reversal_given_true_margin_025,0
92,500,508,43,class_sampled_default,x1_wrong_sign_true_margin_025,0.00495860450701731
92,500,508,43,class_sampled_default,x2_wrong_sign_true_margin_025,0.00495860450701731
92,500,508,43,class_sampled_default,mean_absolute_prediction_change,0
93,40,48,27,ordinary_default,cate_correlation,0.993505867531058
93,40,48,27,ordinary_default,cate_rank_correlation,0.990903973984116
93,40,48,27,ordinary_default,sign_reversal,0.0296666666666667
93,40,48,27,ordinary_default,strong_reversal_010,0.000233333333333333
93,40,48,27,ordinary_default,strong_reversal_025,0
93,40,48,27,ordinary_default,reversal_given_true_margin_025,0.000222588256243601
93,40,48,27,ordinary_default,x1_wrong_sign_true_margin_025,0.000489694163735921
93,40,48,27,ordinary_default,x2_wrong_sign_true_margin_025,0.000712282419979522
93,40,48,27,ordinary_default,mean_absolute_prediction_change,0.0853191562772573
93,100,108,31,ordinary_default,cate_correlation,0.941031926232994
93,100,108,31,ordinary_default,cate_rank_correlation,0.956682375771425
93,100,108,31,ordinary_default,sign_reversal,0.240633333333333
93,100,108,31,ordinary_default,strong_reversal_010,0.0773
93,100,108,31,ordinary_default,strong_reversal_025,3.33333333333333e-05
93,100,108,31,ordinary_default,reversal_given_true_margin_025,0.00547567110359257
93,100,108,31,ordinary_default,x1_wrong_sign_true_margin_025,0.001112941281218
93,100,108,31,ordinary_default,x2_wrong_sign_true_margin_025,0.00445176512487201
93,100,108,31,ordinary_default,mean_absolute_prediction_change,0.208212239319063
93,250,258,37,ordinary_default,cate_correlation,0.761893716482828
93,250,258,37,ordinary_default,cate_rank_correlation,0.788211450990457
93,250,258,37,ordinary_default,sign_reversal,0.468433333333333
93,250,258,37,ordinary_default,strong_reversal_010,0.254066666666667
93,250,258,37,ordinary_default,strong_reversal_025,0.2012
93,250,258,37,ordinary_default,reversal_given_true_margin_025,0.295241063081512
93,250,258,37,ordinary_default,x1_wrong_sign_true_margin_025,0.00169167074745136
93,250,258,37,ordinary_default,x2_wrong_sign_true_margin_025,0.293638427636558
93,250,258,37,ordinary_default,mean_absolute_prediction_change,0.351344137346374
93,500,508,43,ordinary_default,cate_correlation,0.598546142792486
93,500,508,43,ordinary_default,cate_rank_correlation,0.78256452463485
93,500,508,43,ordinary_default,sign_reversal,0.494866666666667
93,500,508,43,ordinary_default,strong_reversal_010,0.354366666666667
93,500,508,43,ordinary_default,strong_reversal_025,0.239766666666667
93,500,508,43,ordinary_default,reversal_given_true_margin_025,0.33009838400926
93,500,508,43,ordinary_default,x1_wrong_sign_true_margin_025,0.00213684725993857
93,500,508,43,ordinary_default,x2_wrong_sign_true_margin_025,0.328050572051819
93,500,508,43,ordinary_default,mean_absolute_prediction_change,0.43357683420409
93,500,508,43,class_sampled_default,cate_correlation,1
93,500,508,43,class_sampled_default,cate_rank_correlation,1
93,500,508,43,class_sampled_default,sign_reversal,0
93,500,508,43,class_sampled_default,strong_reversal_010,0
93,500,508,43,class_sampled_default,strong_reversal_025,0
93,500,508,43,class_sampled_default,reversal_given_true_margin_025,0
93,500,508,43,class_sampled_default,x1_wrong_sign_true_margin_025,0.00293816498241553
93,500,508,43,class_sampled_default,x2_wrong_sign_true_margin_025,0.00293816498241553
93,500,508,43,class_sampled_default,mean_absolute_prediction_change,0
94,40,48,27,ordinary_default,cate_correlation,0.993372229907794
94,40,48,27,ordinary_default,cate_rank_correlation,0.950667765412298
94,40,48,27,ordinary_default,sign_reversal,0.0143333333333333
94,40,48,27,ordinary_default,strong_reversal_010,1e-04
94,40,48,27,ordinary_default,strong_reversal_025,0
94,40,48,27,ordinary_default,reversal_given_true_margin_025,0.000309405940594059
94,40,48,27,ordinary_default,x1_wrong_sign_true_margin_025,0.00464108910891089
94,40,48,27,ordinary_default,x2_wrong_sign_true_margin_025,0.00495049504950495
94,40,48,27,ordinary_default,mean_absolute_prediction_change,0.0686277483646296
94,100,108,31,ordinary_default,cate_correlation,0.919065866010937
94,100,108,31,ordinary_default,cate_rank_correlation,0.814540013169044
94,100,108,31,ordinary_default,sign_reversal,0.0736333333333333
94,100,108,31,ordinary_default,strong_reversal_010,0.0210666666666667
94,100,108,31,ordinary_default,strong_reversal_025,0
94,100,108,31,ordinary_default,reversal_given_true_margin_025,0.00366867043847242
94,100,108,31,ordinary_default,x1_wrong_sign_true_margin_025,0.00322666195190948
94,100,108,31,ordinary_default,x2_wrong_sign_true_margin_025,0.0068953323903819
94,100,108,31,ordinary_default,mean_absolute_prediction_change,0.207403260717194
94,250,258,37,ordinary_default,cate_correlation,0.717263566679459
94,250,258,37,ordinary_default,cate_rank_correlation,0.793153314718615
94,250,258,37,ordinary_default,sign_reversal,0.411433333333333
94,250,258,37,ordinary_default,strong_reversal_010,0.134066666666667
94,250,258,37,ordinary_default,strong_reversal_025,0.00913333333333333
94,250,258,37,ordinary_default,reversal_given_true_margin_025,0.225512729844413
94,250,258,37,ordinary_default,x1_wrong_sign_true_margin_025,0.00137022630834512
94,250,258,37,ordinary_default,x2_wrong_sign_true_margin_025,0.226882956152758
94,250,258,37,ordinary_default,mean_absolute_prediction_change,0.33288681215867
94,500,508,43,ordinary_default,cate_correlation,0.551200043894647
94,500,508,43,ordinary_default,cate_rank_correlation,0.783559183689732
94,500,508,43,ordinary_default,sign_reversal,0.4861
94,500,508,43,ordinary_default,strong_reversal_010,0.2959
94,500,508,43,ordinary_default,strong_reversal_025,0.00933333333333333
94,500,508,43,ordinary_default,reversal_given_true_margin_025,0.323064002828854
94,500,508,43,ordinary_default,x1_wrong_sign_true_margin_025,0.000707213578500707
94,500,508,43,ordinary_default,x2_wrong_sign_true_margin_025,0.323771216407355
94,500,508,43,ordinary_default,mean_absolute_prediction_change,0.381636126622547
94,500,508,43,class_sampled_default,cate_correlation,1
94,500,508,43,class_sampled_default,cate_rank_correlation,1
94,500,508,43,class_sampled_default,sign_reversal,0
94,500,508,43,class_sampled_default,strong_reversal_010,0
94,500,508,43,class_sampled_default,strong_reversal_025,0
94,500,508,43,class_sampled_default,reversal_given_true_margin_025,0
94,500,508,43,class_sampled_default,x1_wrong_sign_true_margin_025,0.000795615275813296
94,500,508,43,class_sampled_default,x2_wrong_sign_true_margin_025,0.000795615275813296
94,500,508,43,class_sampled_default,mean_absolute_prediction_change,0
95,40,48,27,ordinary_default,cate_correlation,0.992758069719048
95,40,48,27,ordinary_default,cate_rank_correlation,0.989623327558248
95,40,48,27,ordinary_default,sign_reversal,0.0738666666666667
95,40,48,27,ordinary_default,strong_reversal_010,0.000133333333333333
95,40,48,27,ordinary_default,strong_reversal_025,0
95,40,48,27,ordinary_default,reversal_given_true_margin_025,0.00683921147914711
95,40,48,27,ordinary_default,x1_wrong_sign_true_margin_025,0.000536408743462518
95,40,48,27,ordinary_default,x2_wrong_sign_true_margin_025,0.00728621876536588
95,40,48,27,ordinary_default,mean_absolute_prediction_change,0.0755422861071092
95,100,108,31,ordinary_default,cate_correlation,0.925446296251857
95,100,108,31,ordinary_default,cate_rank_correlation,0.834563017552626
95,100,108,31,ordinary_default,sign_reversal,0.2532
95,100,108,31,ordinary_default,strong_reversal_010,0.0941333333333333
95,100,108,31,ordinary_default,strong_reversal_025,0
95,100,108,31,ordinary_default,reversal_given_true_margin_025,0.0147512404452193
95,100,108,31,ordinary_default,x1_wrong_sign_true_margin_025,0.000491708014840642
95,100,108,31,ordinary_default,x2_wrong_sign_true_margin_025,0.0144383353448661
95,100,108,31,ordinary_default,mean_absolute_prediction_change,0.198120352611476
95,250,258,37,ordinary_default,cate_correlation,0.725505204847303
95,250,258,37,ordinary_default,cate_rank_correlation,0.786662835633625
95,250,258,37,ordinary_default,sign_reversal,0.432166666666667
95,250,258,37,ordinary_default,strong_reversal_010,0.256033333333333
95,250,258,37,ordinary_default,strong_reversal_025,0.0138666666666667
95,250,258,37,ordinary_default,reversal_given_true_margin_025,0.246032810334808
95,250,258,37,ordinary_default,x1_wrong_sign_true_margin_025,0.000983416029681284
95,250,258,37,ordinary_default,x2_wrong_sign_true_margin_025,0.245138795762371
95,250,258,37,ordinary_default,mean_absolute_prediction_change,0.327486254485423
95,500,508,43,ordinary_default,cate_correlation,0.569020437896687
95,500,508,43,ordinary_default,cate_rank_correlation,0.774874523928083
95,500,508,43,ordinary_default,sign_reversal,0.472933333333333
95,500,508,43,ordinary_default,strong_reversal_010,0.300966666666667
95,500,508,43,ordinary_default,strong_reversal_025,0.0537333333333333
95,500,508,43,ordinary_default,reversal_given_true_margin_025,0.300165392695901
95,500,508,43,ordinary_default,x1_wrong_sign_true_margin_025,0.00125162040141254
95,500,508,43,ordinary_default,x2_wrong_sign_true_margin_025,0.299003173751732
95,500,508,43,ordinary_default,mean_absolute_prediction_change,0.381150340950584
95,500,508,43,class_sampled_default,cate_correlation,1
95,500,508,43,class_sampled_default,cate_rank_correlation,1
95,500,508,43,class_sampled_default,sign_reversal,0
95,500,508,43,class_sampled_default,strong_reversal_010,0
95,500,508,43,class_sampled_default,strong_reversal_025,0
95,500,508,43,class_sampled_default,reversal_given_true_margin_025,0
95,500,508,43,class_sampled_default,x1_wrong_sign_true_margin_025,0.00388896339010326
95,500,508,43,class_sampled_default,x2_wrong_sign_true_margin_025,0.00388896339010326
95,500,508,43,class_sampled_default,mean_absolute_prediction_change,0
96,40,48,27,ordinary_default,cate_correlation,0.993711462472657
96,40,48,27,ordinary_default,cate_rank_correlation,0.993037228129153
96,40,48,27,ordinary_default,sign_reversal,0.0733333333333333
96,40,48,27,ordinary_default,strong_reversal_010,3.33333333333333e-05
96,40,48,27,ordinary_default,strong_reversal_025,0
96,40,48,27,ordinary_default,reversal_given_true_margin_025,0.00440587449933244
96,40,48,27,ordinary_default,x1_wrong_sign_true_margin_025,0.00467289719626168
96,40,48,27,ordinary_default,x2_wrong_sign_true_margin_025,0.00907877169559413
96,40,48,27,ordinary_default,mean_absolute_prediction_change,0.0801594025117392
96,100,108,31,ordinary_default,cate_correlation,0.940114140478987
96,100,108,31,ordinary_default,cate_rank_correlation,0.957281536740091
96,100,108,31,ordinary_default,sign_reversal,0.258066666666667
96,100,108,31,ordinary_default,strong_reversal_010,0.1464
96,100,108,31,ordinary_default,strong_reversal_025,0
96,100,108,31,ordinary_default,reversal_given_true_margin_025,0.0138406764574989
96,100,108,31,ordinary_default,x1_wrong_sign_true_margin_025,0.00360480640854473
96,100,108,31,ordinary_default,x2_wrong_sign_true_margin_025,0.0174454828660436
96,100,108,31,ordinary_default,mean_absolute_prediction_change,0.202860030801688
96,250,258,37,ordinary_default,cate_correlation,0.755190602027161
96,250,258,37,ordinary_default,cate_rank_correlation,0.793538787904821
96,250,258,37,ordinary_default,sign_reversal,0.4297
96,250,258,37,ordinary_default,strong_reversal_010,0.265266666666667
96,250,258,37,ordinary_default,strong_reversal_025,0.2401
96,250,258,37,ordinary_default,reversal_given_true_margin_025,0.24076546506453
96,250,258,37,ordinary_default,x1_wrong_sign_true_margin_025,0.00186915887850467
96,250,258,37,ordinary_default,x2_wrong_sign_true_margin_025,0.242634623943035
96,250,258,37,ordinary_default,mean_absolute_prediction_change,0.351948402728911
96,500,508,43,ordinary_default,cate_correlation,0.596023086167647
96,500,508,43,ordinary_default,cate_rank_correlation,0.776484518860538
96,500,508,43,ordinary_default,sign_reversal,0.457
96,500,508,43,ordinary_default,strong_reversal_010,0.3576
96,500,508,43,ordinary_default,strong_reversal_025,0.243566666666667
96,500,508,43,ordinary_default,reversal_given_true_margin_025,0.277214063195372
96,500,508,43,ordinary_default,x1_wrong_sign_true_margin_025,0.000934579439252336
96,500,508,43,ordinary_default,x2_wrong_sign_true_margin_025,0.278059635068981
96,500,508,43,ordinary_default,mean_absolute_prediction_change,0.432522496545995
96,500,508,43,class_sampled_default,cate_correlation,1
96,500,508,43,class_sampled_default,cate_rank_correlation,1
96,500,508,43,class_sampled_default,sign_reversal,0
96,500,508,43,class_sampled_default,strong_reversal_010,0
96,500,508,43,class_sampled_default,strong_reversal_025,0
96,500,508,43,class_sampled_default,reversal_given_true_margin_025,0
96,500,508,43,class_sampled_default,x1_wrong_sign_true_margin_025,0.00244770805518469
96,500,508,43,class_sampled_default,x2_wrong_sign_true_margin_025,0.00244770805518469
96,500,508,43,class_sampled_default,mean_absolute_prediction_change,0
97,40,48,27,ordinary_default,cate_correlation,0.994542187701776
97,40,48,27,ordinary_default,cate_rank_correlation,0.991561726234624
97,40,48,27,ordinary_default,sign_reversal,0.163266666666667
97,40,48,27,ordinary_default,strong_reversal_010,0.000166666666666667
97,40,48,27,ordinary_default,strong_reversal_025,0
97,40,48,27,ordinary_default,reversal_given_true_margin_025,0.000309556449829744
97,40,48,27,ordinary_default,x1_wrong_sign_true_margin_025,0.000309556449829744
97,40,48,27,ordinary_default,x2_wrong_sign_true_margin_025,0
97,40,48,27,ordinary_default,mean_absolute_prediction_change,0.0747481511615265
97,100,108,31,ordinary_default,cate_correlation,0.940717546074003
97,100,108,31,ordinary_default,cate_rank_correlation,0.888887415816986
97,100,108,31,ordinary_default,sign_reversal,0.236033333333333
97,100,108,31,ordinary_default,strong_reversal_010,0.216733333333333
97,100,108,31,ordinary_default,strong_reversal_025,3.33333333333333e-05
97,100,108,31,ordinary_default,reversal_given_true_margin_025,0.00358201034802989
97,100,108,31,ordinary_default,x1_wrong_sign_true_margin_025,0
97,100,108,31,ordinary_default,x2_wrong_sign_true_margin_025,0.00358201034802989
97,100,108,31,ordinary_default,mean_absolute_prediction_change,0.199720469151876
97,250,258,37,ordinary_default,cate_correlation,0.7718751445446
97,250,258,37,ordinary_default,cate_rank_correlation,0.80225504740295
97,250,258,37,ordinary_default,sign_reversal,0.372033333333333
97,250,258,37,ordinary_default,strong_reversal_010,0.240233333333333
97,250,258,37,ordinary_default,strong_reversal_025,0.216866666666667
97,250,258,37,ordinary_default,reversal_given_true_margin_025,0.174368725954097
97,250,258,37,ordinary_default,x1_wrong_sign_true_margin_025,0
97,250,258,37,ordinary_default,x2_wrong_sign_true_margin_025,0.174368725954097
97,250,258,37,ordinary_default,mean_absolute_prediction_change,0.333399666200892
97,500,508,43,ordinary_default,cate_correlation,0.607934166346017
97,500,508,43,ordinary_default,cate_rank_correlation,0.793454097185171
97,500,508,43,ordinary_default,sign_reversal,0.4831
97,500,508,43,ordinary_default,strong_reversal_010,0.296266666666667
97,500,508,43,ordinary_default,strong_reversal_025,0.227166666666667
97,500,508,43,ordinary_default,reversal_given_true_margin_025,0.320258258523858
97,500,508,43,ordinary_default,x1_wrong_sign_true_margin_025,8.84446999513554e-05
97,500,508,43,ordinary_default,x2_wrong_sign_true_margin_025,0.320169813823907
97,500,508,43,ordinary_default,mean_absolute_prediction_change,0.407118523876521
97,500,508,43,class_sampled_default,cate_correlation,1
97,500,508,43,class_sampled_default,cate_rank_correlation,1
97,500,508,43,class_sampled_default,sign_reversal,0
97,500,508,43,class_sampled_default,strong_reversal_010,0
97,500,508,43,class_sampled_default,strong_reversal_025,0
97,500,508,43,class_sampled_default,reversal_given_true_margin_025,0
97,500,508,43,class_sampled_default,x1_wrong_sign_true_margin_025,0.00172467164905143
97,500,508,43,class_sampled_default,x2_wrong_sign_true_margin_025,0.00172467164905143
97,500,508,43,class_sampled_default,mean_absolute_prediction_change,0
98,40,48,27,ordinary_default,cate_correlation,0.993651682548396
98,40,48,27,ordinary_default,cate_rank_correlation,0.985864828969183
98,40,48,27,ordinary_default,sign_reversal,0.0258666666666667
98,40,48,27,ordinary_default,strong_reversal_010,6.66666666666667e-05
98,40,48,27,ordinary_default,strong_reversal_025,0
98,40,48,27,ordinary_default,reversal_given_true_margin_025,0.000356268091739034
98,40,48,27,ordinary_default,x1_wrong_sign_true_margin_025,0.00218214206190158
98,40,48,27,ordinary_default,x2_wrong_sign_true_margin_025,0.00253841015364061
98,40,48,27,ordinary_default,mean_absolute_prediction_change,0.0769483425595001
98,100,108,31,ordinary_default,cate_correlation,0.930144176584811
98,100,108,31,ordinary_default,cate_rank_correlation,0.805726936294808
98,100,108,31,ordinary_default,sign_reversal,0.236633333333333
98,100,108,31,ordinary_default,strong_reversal_010,0.0281333333333333
98,100,108,31,ordinary_default,strong_reversal_025,0
98,100,108,31,ordinary_default,reversal_given_true_margin_025,0.00659095969717212
98,100,108,31,ordinary_default,x1_wrong_sign_true_margin_025,0.00102427076374972
98,100,108,31,ordinary_default,x2_wrong_sign_true_margin_025,0.00743709641505233
98,100,108,31,ordinary_default,mean_absolute_prediction_change,0.212691412574024
98,250,258,37,ordinary_default,cate_correlation,0.732061031654546
98,250,258,37,ordinary_default,cate_rank_correlation,0.784776498638196
98,250,258,37,ordinary_default,sign_reversal,0.3875
98,250,258,37,ordinary_default,strong_reversal_010,0.240433333333333
98,250,258,37,ordinary_default,strong_reversal_025,0.00916666666666667
98,250,258,37,ordinary_default,reversal_given_true_margin_025,0.19812959251837
98,250,258,37,ordinary_default,x1_wrong_sign_true_margin_025,0.000623469160543309
98,250,258,37,ordinary_default,x2_wrong_sign_true_margin_025,0.197506123357827
98,250,258,37,ordinary_default,mean_absolute_prediction_change,0.340859221002856
98,500,508,43,ordinary_default,cate_correlation,0.562684388972396
98,500,508,43,ordinary_default,cate_rank_correlation,0.772108495081898
98,500,508,43,ordinary_default,sign_reversal,0.4828
98,500,508,43,ordinary_default,strong_reversal_010,0.298633333333333
98,500,508,43,ordinary_default,strong_reversal_025,0.0395
98,500,508,43,ordinary_default,reversal_given_true_margin_025,0.323224226230238
98,500,508,43,ordinary_default,x1_wrong_sign_true_margin_025,0.000757069694945446
98,500,508,43,ordinary_default,x2_wrong_sign_true_margin_025,0.322467156535293
98,500,508,43,ordinary_default,mean_absolute_prediction_change,0.407792025127031
98,500,508,43,class_sampled_default,cate_correlation,1
98,500,508,43,class_sampled_default,cate_rank_correlation,1
98,500,508,43,class_sampled_default,sign_reversal,0
98,500,508,43,class_sampled_default,strong_reversal_010,0
98,500,508,43,class_sampled_default,strong_reversal_025,0
98,500,508,43,class_sampled_default,reversal_given_true_margin_025,0
98,500,508,43,class_sampled_default,x1_wrong_sign_true_margin_025,0.00627922511690047
98,500,508,43,class_sampled_default,x2_wrong_sign_true_margin_025,0.00627922511690047
98,500,508,43,class_sampled_default,mean_absolute_prediction_change,0
99,40,48,27,ordinary_default,cate_correlation,0.992158987310329
99,40,48,27,ordinary_default,cate_rank_correlation,0.99135568126284
99,40,48,27,ordinary_default,sign_reversal,0.191333333333333
99,40,48,27,ordinary_default,strong_reversal_010,0
99,40,48,27,ordinary_default,strong_reversal_025,0
99,40,48,27,ordinary_default,reversal_given_true_margin_025,0
99,40,48,27,ordinary_default,x1_wrong_sign_true_margin_025,0.00222826329159053
99,40,48,27,ordinary_default,x2_wrong_sign_true_margin_025,0.00222826329159053
99,40,48,27,ordinary_default,mean_absolute_prediction_change,0.0926142028480675
99,100,108,31,ordinary_default,cate_correlation,0.934382854922348
99,100,108,31,ordinary_default,cate_rank_correlation,0.977904042567893
99,100,108,31,ordinary_default,sign_reversal,0.243566666666667
99,100,108,31,ordinary_default,strong_reversal_010,0.229633333333333
99,100,108,31,ordinary_default,strong_reversal_025,0
99,100,108,31,ordinary_default,reversal_given_true_margin_025,0.000534783189981728
99,100,108,31,ordinary_default,x1_wrong_sign_true_margin_025,0.00182717589910424
99,100,108,31,ordinary_default,x2_wrong_sign_true_margin_025,0.00236195908908597
99,100,108,31,ordinary_default,mean_absolute_prediction_change,0.208798802614815
99,250,258,37,ordinary_default,cate_correlation,0.780361701201583
99,250,258,37,ordinary_default,cate_rank_correlation,0.798327014211474
99,250,258,37,ordinary_default,sign_reversal,0.2537
99,250,258,37,ordinary_default,strong_reversal_010,0.2456
99,250,258,37,ordinary_default,strong_reversal_025,0.2307
99,250,258,37,ordinary_default,reversal_given_true_margin_025,0.0083337047105486
99,250,258,37,ordinary_default,x1_wrong_sign_true_margin_025,0.000534783189981728
99,250,258,37,ordinary_default,x2_wrong_sign_true_margin_025,0.00886848790053033
99,250,258,37,ordinary_default,mean_absolute_prediction_change,0.331606453476228
99,500,508,43,ordinary_default,cate_correlation,0.623628609105524
99,500,508,43,ordinary_default,cate_rank_correlation,0.781254419178283
99,500,508,43,ordinary_default,sign_reversal,0.285533333333333
99,500,508,43,ordinary_default,strong_reversal_010,0.248433333333333
99,500,508,43,ordinary_default,strong_reversal_025,0.2426
99,500,508,43,ordinary_default,reversal_given_true_margin_025,0.0475957039083738
99,500,508,43,ordinary_default,x1_wrong_sign_true_margin_025,0.00062391372164535
99,500,508,43,ordinary_default,x2_wrong_sign_true_margin_025,0.0469717901867285
99,500,508,43,ordinary_default,mean_absolute_prediction_change,0.423165122226168
99,500,508,43,class_sampled_default,cate_correlation,1
99,500,508,43,class_sampled_default,cate_rank_correlation,1
99,500,508,43,class_sampled_default,sign_reversal,0
99,500,508,43,class_sampled_default,strong_reversal_010,0
99,500,508,43,class_sampled_default,strong_reversal_025,0
99,500,508,43,class_sampled_default,reversal_given_true_margin_025,0
99,500,508,43,class_sampled_default,x1_wrong_sign_true_margin_025,0.00147065377244975
99,500,508,43,class_sampled_default,x2_wrong_sign_true_margin_025,0.00147065377244975
99,500,508,43,class_sampled_default,mean_absolute_prediction_change,0
100,40,48,27,ordinary_default,cate_correlation,0.992161607838383
100,40,48,27,ordinary_default,cate_rank_correlation,0.993286676250319
100,40,48,27,ordinary_default,sign_reversal,0.143966666666667
100,40,48,27,ordinary_default,strong_reversal_010,3.33333333333333e-05
100,40,48,27,ordinary_default,strong_reversal_025,0
100,40,48,27,ordinary_default,reversal_given_true_margin_025,0.000401284109149278
100,40,48,27,ordinary_default,x1_wrong_sign_true_margin_025,0.00133761369716426
100,40,48,27,ordinary_default,x2_wrong_sign_true_margin_025,0.0010255038344926
100,40,48,27,ordinary_default,mean_absolute_prediction_change,0.0786752810886244
100,100,108,31,ordinary_default,cate_correlation,0.933994889162089
100,100,108,31,ordinary_default,cate_rank_correlation,0.983640532868934
100,100,108,31,ordinary_default,sign_reversal,0.244533333333333
100,100,108,31,ordinary_default,strong_reversal_010,0.189166666666667
100,100,108,31,ordinary_default,strong_reversal_025,0
100,100,108,31,ordinary_default,reversal_given_true_margin_025,0.00138220082040307
100,100,108,31,ordinary_default,x1_wrong_sign_true_margin_025,0.000535045478865704
100,100,108,31,ordinary_default,x2_wrong_sign_true_margin_025,0.00191724629926877
100,100,108,31,ordinary_default,mean_absolute_prediction_change,0.188439928593696
100,250,258,37,ordinary_default,cate_correlation,0.772410678888767
100,250,258,37,ordinary_default,cate_rank_correlation,0.810772685391525
100,250,258,37,ordinary_default,sign_reversal,0.252866666666667
100,250,258,37,ordinary_default,strong_reversal_010,0.243666666666667
100,250,258,37,ordinary_default,strong_reversal_025,0.0302666666666667
100,250,258,37,ordinary_default,reversal_given_true_margin_025,0.00396825396825397
100,250,258,37,ordinary_default,x1_wrong_sign_true_margin_025,0.000267522739432852
100,250,258,37,ordinary_default,x2_wrong_sign_true_margin_025,0.00370073122882112
100,250,258,37,ordinary_default,mean_absolute_prediction_change,0.318158655434381
100,500,508,43,ordinary_default,cate_correlation,0.62246286160253
100,500,508,43,ordinary_default,cate_rank_correlation,0.786061822579624
100,500,508,43,ordinary_default,sign_reversal,0.2567
100,500,508,43,ordinary_default,strong_reversal_010,0.2472
100,500,508,43,ordinary_default,strong_reversal_025,0.169833333333333
100,500,508,43,ordinary_default,reversal_given_true_margin_025,0.00864990190832888
100,500,508,43,ordinary_default,x1_wrong_sign_true_margin_025,0.000490458355626895
100,500,508,43,ordinary_default,x2_wrong_sign_true_margin_025,0.00815944355270198
100,500,508,43,ordinary_default,mean_absolute_prediction_change,0.388120979547518
100,500,508,43,class_sampled_default,cate_correlation,1
100,500,508,43,class_sampled_default,cate_rank_correlation,1
100,500,508,43,class_sampled_default,sign_reversal,0
100,500,508,43,class_sampled_default,strong_reversal_010,0
100,500,508,43,class_sampled_default,strong_reversal_025,0
100,500,508,43,class_sampled_default,reversal_given_true_margin_025,0
100,500,508,43,class_sampled_default,x1_wrong_sign_true_margin_025,0.00521669341894061
100,500,508,43,class_sampled_default,x2_wrong_sign_true_margin_025,0.00521669341894061
100,500,508,43,class_sampled_default,mean_absolute_prediction_change,0
