replication,dimension,subgroup,true_mean,x1_mean,x2_mean,sign_reversal,strong_sign_reversal
1,40,x1_high__x2_high,0.299743938498122,0.372351185072197,0.257684117454658,0,0
1,40,x1_high__x2_low,1.39985044370295,1.32226235405099,1.34040925122903,0,0
1,40,x1_low__x2_high,-1.00035881202017,-0.796372662392439,-0.81234523941125,0,0
1,40,x1_low__x2_low,0.0997265198701126,-0.0505228851973894,0.0613689111951504,1,0
1,100,x1_high__x2_high,0.299743938498122,0.499678156464957,0.142000111708362,0,0
1,100,x1_high__x2_low,1.39985044370295,1.19482787608253,1.19763692531092,0,0
1,100,x1_low__x2_high,-1.00035881202017,-0.669548480609161,-0.697523767617717,0,0
1,100,x1_low__x2_low,0.0997265198701126,-0.164062721889292,0.196146383851402,1,1
1,250,x1_high__x2_high,0.299743938498122,0.621895725072767,0.000399384987171978,0,0
1,250,x1_high__x2_low,1.39985044370295,1.03946758145489,0.994244126071799,0,0
1,250,x1_low__x2_high,-1.00035881202017,-0.560341469641416,-0.524641496251296,0,0
1,250,x1_low__x2_low,0.0997265198701126,-0.235293381883079,0.355549822258831,1,1
1,500,x1_high__x2_high,0.299743938498122,0.658474653874154,-0.062733629428825,1,0
1,500,x1_high__x2_low,1.39985044370295,0.942640457887281,0.847857397628121,0,0
1,500,x1_low__x2_high,-1.00035881202017,-0.468509850015425,-0.398892232016136,0,0
1,500,x1_low__x2_low,0.0997265198701126,-0.254593365747096,0.44027503719273,1,1
2,40,x1_high__x2_high,0.299932464554166,0.451223263977474,0.333438102736891,0,0
2,40,x1_high__x2_low,1.39966234170116,1.12032641657615,1.14249609198694,0,0
2,40,x1_low__x2_high,-1.00017384761547,-0.782416360088531,-0.819426791429834,0,0
2,40,x1_low__x2_low,0.0998418833950931,0.0137739830856905,0.142856731173149,0,0
2,100,x1_high__x2_high,0.299932464554166,0.547465255535042,0.205810265784792,0,0
2,100,x1_high__x2_low,1.39966234170116,1.02693229703935,1.02743281081498,0,0
2,100,x1_low__x2_high,-1.00017384761547,-0.672180203780801,-0.697292873632642,0,0
2,100,x1_low__x2_low,0.0998418833950931,-0.103701594728408,0.261233646081983,1,1
2,250,x1_high__x2_high,0.299932464554166,0.639123190725246,0.0465347905474215,0,0
2,250,x1_high__x2_low,1.39966234170116,0.913537464416061,0.879096281029046,0,0
2,250,x1_low__x2_high,-1.00017384761547,-0.550791770775102,-0.524947922115551,0,0
2,250,x1_low__x2_low,0.0998418833950931,-0.208647211034828,0.388542152007318,1,1
2,500,x1_high__x2_high,0.299932464554166,0.637716125894286,-0.0216762020005167,1,0
2,500,x1_high__x2_low,1.39966234170116,0.834105510064483,0.759944212658354,0,0
2,500,x1_low__x2_high,-1.00017384761547,-0.468885813386767,-0.397647418049147,0,0
2,500,x1_low__x2_low,0.0998418833950931,-0.221962349049223,0.452684380685432,1,1
3,40,x1_high__x2_high,0.299855728631964,0.436512780007708,0.320757934351022,0,0
3,40,x1_high__x2_low,1.39986443460977,1.24869788086082,1.27281679979343,0,0
3,40,x1_low__x2_high,-0.999645877635759,-0.839725752396205,-0.864049930278377,0,0
3,40,x1_low__x2_low,0.100053459013946,0.0818816530549243,0.201868555330721,0,0
3,100,x1_high__x2_high,0.299855728631964,0.542994583359051,0.171408716935132,0,0
3,100,x1_high__x2_low,1.39986443460977,1.14285661135149,1.15575712435381,0,0
3,100,x1_low__x2_high,-0.999645877635759,-0.726159208822089,-0.738301244784062,0,0
3,100,x1_low__x2_low,0.100053459013946,-0.0365951165801406,0.33328820855331,1,0
3,250,x1_high__x2_high,0.299855728631964,0.653396393792354,0.0259036497199406,0,0
3,250,x1_high__x2_low,1.39986443460977,1.00591336330891,0.991998837717008,0,0
3,250,x1_low__x2_high,-0.999645877635759,-0.575260766790797,-0.55329949320244,0,0
3,250,x1_low__x2_low,0.100053459013946,-0.157149486728828,0.465528151613863,1,1
3,500,x1_high__x2_high,0.299855728631964,0.669960040465123,-0.0462714010787885,1,0
3,500,x1_high__x2_low,1.39986443460977,0.917335147489882,0.867676870831799,0,0
3,500,x1_low__x2_high,-0.999645877635759,-0.463552604541362,-0.422578391811261,0,0
3,500,x1_low__x2_low,0.100053459013946,-0.189762881999622,0.533879554689465,1,1
4,40,x1_high__x2_high,0.300494624063908,0.373879607777932,0.251503396612068,0,0
4,40,x1_high__x2_low,1.39999799205756,1.27725246635949,1.29344255885786,0,0
4,40,x1_low__x2_high,-0.999730298479747,-0.857245302226764,-0.864090157852246,0,0
4,40,x1_low__x2_low,0.100238167928982,0.0918362213374671,0.20281177687213,0,0
4,100,x1_high__x2_high,0.300494624063908,0.492175406233659,0.122578048143265,0,0
4,100,x1_high__x2_low,1.39999799205756,1.17058053702524,1.16137677664058,0,0
4,100,x1_low__x2_high,-0.999730298479747,-0.72764192636438,-0.73458139174602,0,0
4,100,x1_low__x2_low,0.100238167928982,-0.0447983768331894,0.340753987940073,1,0
4,250,x1_high__x2_high,0.300494624063908,0.631706160127224,-0.0219596646977117,1,0
4,250,x1_high__x2_low,1.39999799205756,1.02328303888055,1.00841179076432,0,0
4,250,x1_low__x2_high,-0.999730298479747,-0.584065672991689,-0.567794077065994,0,0
4,250,x1_low__x2_low,0.100238167928982,-0.157074635322847,0.491268523136201,1,1
4,500,x1_high__x2_high,0.300494624063908,0.651576573164896,-0.0766079418956438,1,0
4,500,x1_high__x2_low,1.39999799205756,0.935729521392957,0.883965101213322,0,0
4,500,x1_low__x2_high,-0.999730298479747,-0.484644430381866,-0.446133170829025,0,0
4,500,x1_low__x2_low,0.100238167928982,-0.181072936059122,0.552966900238592,1,1
5,40,x1_high__x2_high,0.299437070110909,0.373713217665012,0.264062818834671,0,0
5,40,x1_high__x2_low,1.39999106801535,1.28752356351728,1.32111311835662,0,0
5,40,x1_low__x2_high,-1.00031964177484,-0.855294341284243,-0.88472496512752,0,0
5,40,x1_low__x2_low,0.10035143938434,-0.0743437838297867,0.0382024567939093,1,0
5,100,x1_high__x2_high,0.299437070110909,0.494263462218029,0.144965484151358,0,0
5,100,x1_high__x2_low,1.39999106801535,1.16543181789123,1.19579275035706,0,0
5,100,x1_low__x2_high,-1.00031964177484,-0.735621702956039,-0.765452681533378,0,0
5,100,x1_low__x2_low,0.10035143938434,-0.191301085135758,0.166092701173991,1,1
5,250,x1_high__x2_high,0.299437070110909,0.608970583609745,-0.0112608212109077,1,0
5,250,x1_high__x2_low,1.39999106801535,1.02013821494359,1.00198265597484,0,0
5,250,x1_low__x2_high,-1.00031964177484,-0.612527728315673,-0.580140739282836,0,0
5,250,x1_low__x2_low,0.10035143938434,-0.291036845586599,0.335656421886996,1,1
5,500,x1_high__x2_high,0.299437070110909,0.653763207597922,-0.0725964448851196,1,0
5,500,x1_high__x2_low,1.39999106801535,0.916583832864133,0.855808909245404,0,0
5,500,x1_low__x2_high,-1.00031964177484,-0.532091597714908,-0.450132684650619,0,0
5,500,x1_low__x2_low,0.10035143938434,-0.307606767624144,0.418669025108434,1,1
6,40,x1_high__x2_high,0.300110923569681,0.36658181920574,0.232652984143306,0,0
6,40,x1_high__x2_low,1.39940947042041,1.23497940998884,1.27741685029442,0,0
6,40,x1_low__x2_high,-1.00038872065246,-0.965085700716565,-0.981310911804507,0,0
6,40,x1_low__x2_low,0.10025846399638,-0.0289998446197005,0.0765369886739626,1,0
6,100,x1_high__x2_high,0.300110923569681,0.479253990278249,0.083259198330912,0,0
6,100,x1_high__x2_low,1.39940947042041,1.12163528805307,1.15999113770329,0,0
6,100,x1_low__x2_high,-1.00038872065246,-0.832532027003526,-0.856492394726938,0,0
6,100,x1_low__x2_low,0.10025846399638,-0.161652161475891,0.203844486844915,1,1
6,250,x1_high__x2_high,0.300110923569681,0.593853315817293,-0.0689434335158409,1,0
6,250,x1_high__x2_low,1.39940947042041,0.985805653943175,0.98083234207459,0,0
6,250,x1_low__x2_high,-1.00038872065246,-0.686902826650105,-0.678759358630371,0,0
6,250,x1_low__x2_low,0.10025846399638,-0.280298334921271,0.348905088330032,1,1
6,500,x1_high__x2_high,0.300110923569681,0.626919507743633,-0.144868320531908,1,1
6,500,x1_high__x2_low,1.39940947042041,0.887878457393889,0.82855706921329,0,0
6,500,x1_low__x2_high,-1.00038872065246,-0.594218673460062,-0.539878365596591,0,0
6,500,x1_low__x2_low,0.10025846399638,-0.311891898121965,0.433419815968511,1,1
7,40,x1_high__x2_high,0.299978758791282,0.344495986016648,0.22544412963002,0,0
7,40,x1_high__x2_low,1.40027962253213,1.11046990718569,1.13304303520147,0,0
7,40,x1_low__x2_high,-1.00006074571005,-0.810333455318963,-0.824313674026725,0,0
7,40,x1_low__x2_low,0.0999710775129348,0.0461635889126435,0.156471739111527,0,0
7,100,x1_high__x2_high,0.299978758791282,0.454852432654611,0.100908871586553,0,0
7,100,x1_high__x2_low,1.40027962253213,1.00453484378813,1.01643984253591,0,0
7,100,x1_low__x2_high,-1.00006074571005,-0.688407032855455,-0.701747370191466,0,0
7,100,x1_low__x2_low,0.0999710775129348,-0.0807883179821642,0.269760606962138,1,0
7,250,x1_high__x2_high,0.299978758791282,0.549044331800674,-0.0388115619510447,1,0
7,250,x1_high__x2_low,1.40027962253213,0.877936839105278,0.856828720510221,0,0
7,250,x1_low__x2_high,-1.00006074571005,-0.556780535190241,-0.529994357588953,0,0
7,250,x1_low__x2_low,0.0999710775129348,-0.172183660027788,0.406112927817223,1,1
7,500,x1_high__x2_high,0.299978758791282,0.57236503256239,-0.0901990967080469,1,0
7,500,x1_high__x2_low,1.40027962253213,0.791926972443147,0.74528702280573,0,0
7,500,x1_low__x2_high,-1.00006074571005,-0.445694508451101,-0.41119362029306,0,0
7,500,x1_low__x2_low,0.0999710775129348,-0.216821079714119,0.45498064040801,1,1
8,40,x1_high__x2_high,0.299888332173721,0.475344298000814,0.356082272889551,0,0
8,40,x1_high__x2_low,1.39955320589992,1.35589622836247,1.38610213426757,0,0
8,40,x1_low__x2_high,-1.00026712747228,-0.782758859328787,-0.820432727935166,0,0
8,40,x1_low__x2_low,0.0997567163771231,-0.0814933706624987,0.0426676269946872,1,0
8,100,x1_high__x2_high,0.299888332173721,0.597810521357254,0.230229680636317,0,0
8,100,x1_high__x2_low,1.39955320589992,1.23029423132026,1.25263190887952,0,0
8,100,x1_low__x2_high,-1.00026712747228,-0.668182167885573,-0.698114179289584,0,0
8,100,x1_low__x2_low,0.0997567163771231,-0.189433096416603,0.175401538770943,1,1
8,250,x1_high__x2_high,0.299888332173721,0.709131907661664,0.0829390487561249,0,0
8,250,x1_high__x2_low,1.39955320589992,1.0867800828245,1.0444178357595,0,0
8,250,x1_low__x2_high,-1.00026712747228,-0.550909280300664,-0.522326381402808,0,0
8,250,x1_low__x2_low,0.0997567163771231,-0.272234243064499,0.339830771531272,1,1
8,500,x1_high__x2_high,0.299888332173721,0.734149981415869,0.0135623707555683,0,0
8,500,x1_high__x2_low,1.39955320589992,0.994358426649369,0.877589951737885,0,0
8,500,x1_low__x2_high,-1.00026712747228,-0.47016806994207,-0.381161712494223,0,0
8,500,x1_low__x2_low,0.0997567163771231,-0.286808642372155,0.429770823696511,1,1
9,40,x1_high__x2_high,0.300177021907611,0.434814936612838,0.338951913142854,0,0
9,40,x1_high__x2_low,1.40008584436062,1.24271938757298,1.2514750332466,0,0
9,40,x1_low__x2_high,-0.999295152836976,-0.839082282645251,-0.870724846071869,0,0
9,40,x1_low__x2_low,0.10019735405607,0.00587807019109621,0.133737815357362,0,0
9,100,x1_high__x2_high,0.300177021907611,0.550417638555225,0.207338779865995,0,0
9,100,x1_high__x2_low,1.40008584436062,1.11965812485721,1.12850766997572,0,0
9,100,x1_low__x2_high,-0.999295152836976,-0.718293122559464,-0.738542653082888,0,0
9,100,x1_low__x2_low,0.10019735405607,-0.11152224405191,0.258928336888663,1,1
9,250,x1_high__x2_high,0.300177021907611,0.660457750411145,0.0614476317556044,0,0
9,250,x1_high__x2_low,1.40008584436062,0.976033278804214,0.951989887255728,0,0
9,250,x1_low__x2_high,-0.999295152836976,-0.588451624395203,-0.556719398255927,0,0
9,250,x1_low__x2_low,0.10019735405607,-0.214243488930974,0.400945436595031,1,1
9,500,x1_high__x2_high,0.300177021907611,0.673401246394792,-0.0172229227842719,1,0
9,500,x1_high__x2_low,1.40008584436062,0.890303942677741,0.816588553628653,0,0
9,500,x1_low__x2_high,-0.999295152836976,-0.487543274736317,-0.409904808111699,0,0
9,500,x1_low__x2_low,0.10019735405607,-0.244727357364459,0.471743606116723,1,1
10,40,x1_high__x2_high,0.300154619502776,0.277587157503496,0.156454866600005,0,0
10,40,x1_high__x2_low,1.40031134339665,1.1964389008867,1.19216017408789,0,0
10,40,x1_low__x2_high,-1.00008061694275,-0.900325420588793,-0.891880251152174,0,0
10,40,x1_low__x2_low,0.099267145247193,0.177812948175469,0.300764637256793,0,0
10,100,x1_high__x2_high,0.300154619502776,0.398281168330505,0.0322326898534442,0,0
10,100,x1_high__x2_low,1.40031134339665,1.07795529705592,1.08433490008997,0,0
10,100,x1_low__x2_high,-1.00008061694275,-0.771286805556712,-0.77437333067616,0,0
10,100,x1_low__x2_low,0.099267145247193,0.040871871331688,0.420680900536747,0,0
10,250,x1_high__x2_high,0.300154619502776,0.515453393939271,-0.11597886371055,1,1
10,250,x1_high__x2_low,1.40031134339665,0.92473967626796,0.9348098569948,0,0
10,250,x1_low__x2_high,-1.00008061694275,-0.612461044016514,-0.604521468107835,0,0
10,250,x1_low__x2_low,0.099267145247193,-0.0935417245200083,0.541370286609057,1,0
10,500,x1_high__x2_high,0.300154619502776,0.551364218276601,-0.164727696022869,1,1
10,500,x1_high__x2_low,1.40031134339665,0.824124818432539,0.829650082633833,0,0
10,500,x1_low__x2_high,-1.00008061694275,-0.488592619384533,-0.483213336933657,0,0
10,500,x1_low__x2_low,0.099267145247193,-0.153376725709136,0.579574605913902,1,1
11,40,x1_high__x2_high,0.300351905537651,0.468640005364491,0.354706802885021,0,0
11,40,x1_high__x2_low,1.39995650055274,1.36191431533131,1.39162856985369,0,0
11,40,x1_low__x2_high,-1.00065117554197,-0.963890881726051,-0.995196768165648,0,0
11,40,x1_low__x2_low,0.0996794398761102,0.00899131686870302,0.112128168058856,0,0
11,100,x1_high__x2_high,0.300351905537651,0.600090343223336,0.218671219465099,0,0
11,100,x1_high__x2_low,1.39995650055274,1.23494209203759,1.25635955016815,0,0
11,100,x1_low__x2_high,-1.00065117554197,-0.831964991088632,-0.865374036098352,0,0
11,100,x1_low__x2_low,0.0996794398761102,-0.11219441460429,0.248782122833586,1,1
11,250,x1_high__x2_high,0.300351905537651,0.722279705668219,0.0465384820387281,0,0
11,250,x1_high__x2_low,1.39995650055274,1.09559634954193,1.0573675837206,0,0
11,250,x1_low__x2_high,-1.00065117554197,-0.669938054441348,-0.66156548819282,0,0
11,250,x1_low__x2_low,0.0996794398761102,-0.23834184138902,0.397519178299192,1,1
11,500,x1_high__x2_high,0.300351905537651,0.738968705022226,-0.0396291396627818,1,0
11,500,x1_high__x2_low,1.39995650055274,1.00285977093038,0.902777339882097,0,0
11,500,x1_low__x2_high,-1.00065117554197,-0.572516105755024,-0.504628836453888,0,0
11,500,x1_low__x2_low,0.0996794398761102,-0.257881443776137,0.47389892650378,1,1
12,40,x1_high__x2_high,0.299367354849917,0.430706366861516,0.309777805557781,0,0
12,40,x1_high__x2_low,1.40094006699193,1.23474941900419,1.27262606251702,0,0
12,40,x1_low__x2_high,-0.999830352941742,-0.741680267591854,-0.780053487494672,0,0
12,40,x1_low__x2_low,0.100259525586405,-0.00522683934083272,0.108138731059189,1,0
12,100,x1_high__x2_high,0.299367354849917,0.539985484931378,0.198541681185399,0,0
12,100,x1_high__x2_low,1.40094006699193,1.11942052401258,1.15194373763543,0,0
12,100,x1_low__x2_high,-0.999830352941742,-0.613191469247436,-0.665709752392017,0,0
12,100,x1_low__x2_low,0.100259525586405,-0.115632420575689,0.233345206859746,1,1
12,250,x1_high__x2_high,0.299367354849917,0.650338421680092,0.0643424269838132,0,0
12,250,x1_high__x2_low,1.40094006699193,0.987361480952039,0.963122987606966,0,0
12,250,x1_low__x2_high,-0.999830352941742,-0.500306932313445,-0.493608858319252,0,0
12,250,x1_low__x2_low,0.100259525586405,-0.189518111297868,0.383202419609154,1,1
12,500,x1_high__x2_high,0.299367354849917,0.676819809482993,0.0126192111694639,0,0
12,500,x1_high__x2_low,1.40094006699193,0.892761229268376,0.81807225494492,0,0
12,500,x1_low__x2_high,-0.999830352941742,-0.408922256646123,-0.355956245889016,0,0
12,500,x1_low__x2_low,0.100259525586405,-0.209902085854042,0.448638037642978,1,1
13,40,x1_high__x2_high,0.300383578040009,0.267004884146623,0.155416934580347,0,0
13,40,x1_high__x2_low,1.39945739463586,1.32607791000755,1.32582428087983,0,0
13,40,x1_low__x2_high,-0.999741266190869,-0.885269927831988,-0.896389316302803,0,0
13,40,x1_low__x2_low,0.100236120931443,0.185824083046196,0.312169241304368,0,0
13,100,x1_high__x2_high,0.300383578040009,0.390632216074919,0.0258909537479235,0,0
13,100,x1_high__x2_low,1.39945739463586,1.20177404990376,1.19458912296635,0,0
13,100,x1_low__x2_high,-0.999741266190869,-0.771514110264635,-0.7759057862993,0,0
13,100,x1_low__x2_low,0.100236120931443,0.0581917894252529,0.438815493848589,0,0
13,250,x1_high__x2_high,0.300383578040009,0.53217845914499,-0.117070614873,1,1
13,250,x1_high__x2_low,1.39945739463586,1.03533193035366,1.03896091142142,0,0
13,250,x1_low__x2_high,-0.999741266190869,-0.613844895960721,-0.623579988362436,0,0
13,250,x1_low__x2_low,0.100236120931443,-0.0843048200800671,0.554913541965562,1,0
13,500,x1_high__x2_high,0.300383578040009,0.580502663734628,-0.178703208818266,1,1
13,500,x1_high__x2_low,1.39945739463586,0.918408764133004,0.926604065214126,0,0
13,500,x1_low__x2_high,-0.999741266190869,-0.490340031449228,-0.503917500471712,0,0
13,500,x1_low__x2_low,0.100236120931443,-0.144013304392077,0.614395548804713,1,1
14,40,x1_high__x2_high,0.300578862052165,0.439460163083138,0.327831907808391,0,0
14,40,x1_high__x2_low,1.40019255129186,1.19227797040591,1.22034282263902,0,0
14,40,x1_low__x2_high,-1.00059571868076,-0.833155630600399,-0.870790615712688,0,0
14,40,x1_low__x2_low,0.100161544543398,0.0726184513661358,0.193730233314214,0,0
14,100,x1_high__x2_high,0.300578862052165,0.546524826327851,0.187225533240984,0,0
14,100,x1_high__x2_low,1.40019255129186,1.07900621444055,1.11695220114161,0,0
14,100,x1_low__x2_high,-1.00059571868076,-0.705288085489867,-0.741039599531304,0,0
14,100,x1_low__x2_low,0.100161544543398,-0.0549351292051995,0.309191937528236,1,0
14,250,x1_high__x2_high,0.300578862052165,0.629370853062041,0.0349460545344153,0,0
14,250,x1_high__x2_low,1.40019255129186,0.958539955390386,0.947851519067898,0,0
14,250,x1_low__x2_high,-1.00059571868076,-0.562068246192689,-0.554714637280236,0,0
14,250,x1_low__x2_low,0.100161544543398,-0.169799527879341,0.437385503803406,1,1
14,500,x1_high__x2_high,0.300578862052165,0.648506202410749,-0.0418513566453439,1,0
14,500,x1_high__x2_low,1.40019255129186,0.873866971054155,0.827394650606135,0,0
14,500,x1_low__x2_high,-1.00059571868076,-0.472265600140464,-0.428241299227426,0,0
14,500,x1_low__x2_low,0.100161544543398,-0.20040308957232,0.496178374943025,1,1
15,40,x1_high__x2_high,0.299775002538456,0.544311446078674,0.432157137099761,0,0
15,40,x1_high__x2_low,1.40036699548895,1.33565567827555,1.36424842496904,0,0
15,40,x1_low__x2_high,-0.999717409690816,-0.950610742273015,-0.97800982679501,0,0
15,40,x1_low__x2_low,0.0991666307449062,0.0736924576042432,0.20163483255012,0,0
15,100,x1_high__x2_high,0.299775002538456,0.653308417193754,0.299763722787588,0,0
15,100,x1_high__x2_low,1.40036699548895,1.21572760415063,1.23740211182231,0,0
15,100,x1_low__x2_high,-0.999717409690816,-0.827893480275538,-0.857229737692039,0,0
15,100,x1_low__x2_low,0.0991666307449062,-0.0544183671729154,0.335562866108395,1,0
15,250,x1_high__x2_high,0.299775002538456,0.749165001132399,0.10592669478547,0,0
15,250,x1_high__x2_low,1.40036699548895,1.09042286870522,1.05806627373888,0,0
15,250,x1_low__x2_high,-0.999717409690816,-0.675721054453008,-0.640402479181771,0,0
15,250,x1_low__x2_low,0.0991666307449062,-0.191614739705027,0.493217377120454,1,1
15,500,x1_high__x2_high,0.299775002538456,0.776495290277943,0.00295142289236136,0,0
15,500,x1_high__x2_low,1.40036699548895,0.992266196078969,0.918095943339034,0,0
15,500,x1_low__x2_high,-0.999717409690816,-0.562253015322915,-0.480795256459765,0,0
15,500,x1_low__x2_low,0.0991666307449062,-0.244558565767577,0.564901113046398,1,1
16,40,x1_high__x2_high,0.299653954351885,0.362662281406611,0.243536863887571,0,0
16,40,x1_high__x2_low,1.40027835578337,1.28643263614754,1.31689496601753,0,0
16,40,x1_low__x2_high,-0.999908980262047,-0.850727143482908,-0.903672673922299,0,0
16,40,x1_low__x2_low,0.100200211722145,-0.113876978252599,0.00852710219340311,1,0
16,100,x1_high__x2_high,0.299653954351885,0.505599821279535,0.120864124819386,0,0
16,100,x1_high__x2_low,1.40027835578337,1.15606795551707,1.19094132583343,0,0
16,100,x1_low__x2_high,-0.999908980262047,-0.733355090944518,-0.806585133455601,0,0
16,100,x1_low__x2_low,0.100200211722145,-0.22727414031445,0.136600639911316,1,1
16,250,x1_high__x2_high,0.299653954351885,0.632749017912305,-0.0461602826572315,1,0
16,250,x1_high__x2_low,1.40027835578337,1.00638273337087,0.985889519743827,0,0
16,250,x1_low__x2_high,-0.999908980262047,-0.615997775546923,-0.634080823811177,0,0
16,250,x1_low__x2_low,0.100200211722145,-0.309461804456786,0.306244512510573,1,1
16,500,x1_high__x2_high,0.299653954351885,0.666868198466285,-0.111503010800822,1,1
16,500,x1_high__x2_low,1.40027835578337,0.922113817684811,0.831433409688431,0,0
16,500,x1_low__x2_high,-0.999908980262047,-0.534124801989769,-0.495451838742724,0,0
16,500,x1_low__x2_low,0.100200211722145,-0.331934385832827,0.384381052422329,1,1
17,40,x1_high__x2_high,0.300234626576921,0.248678228975082,0.14044801115913,0,0
17,40,x1_high__x2_low,1.39992368850384,1.36492581088968,1.37154952933385,0,0
17,40,x1_low__x2_high,-1.00007387476582,-0.831051147526753,-0.846937157384856,0,0
17,40,x1_low__x2_low,0.0997651182342632,-0.0184466426089157,0.0983630324133605,1,0
17,100,x1_high__x2_high,0.300234626576921,0.387183472467237,0.0243296220419658,0,0
17,100,x1_high__x2_low,1.39992368850384,1.23163938111945,1.2282094979766,0,0
17,100,x1_low__x2_high,-1.00007387476582,-0.716223928419729,-0.739009024099999,0,0
17,100,x1_low__x2_low,0.0997651182342632,-0.126987223877088,0.240883611014519,1,1
17,250,x1_high__x2_high,0.300234626576921,0.543198744893095,-0.112861698235011,1,1
17,250,x1_high__x2_low,1.39992368850384,1.04505479508977,1.03131486678508,0,0
17,250,x1_low__x2_high,-1.00007387476582,-0.586570635314817,-0.57740816425966,0,0
17,250,x1_low__x2_low,0.0997651182342632,-0.22082342253401,0.394854092572623,1,1
17,500,x1_high__x2_high,0.300234626576921,0.585184495086501,-0.155645871023278,1,1
17,500,x1_high__x2_low,1.39992368850384,0.934937537019677,0.884676987654776,0,0
17,500,x1_low__x2_high,-1.00007387476582,-0.492875427050084,-0.470113722698037,0,0
17,500,x1_low__x2_low,0.0997651182342632,-0.248071510663176,0.458016538348227,1,1
18,40,x1_high__x2_high,0.299868111723643,0.407426291768837,0.278552375945386,0,0
18,40,x1_high__x2_low,1.40014021906804,1.26984889742959,1.31107660405507,0,0
18,40,x1_low__x2_high,-0.999729447012311,-0.955116816773946,-0.977602221537134,0,0
18,40,x1_low__x2_low,0.0995019690566959,-0.148220433207193,-0.0198858967125056,0,0
18,100,x1_high__x2_high,0.299868111723643,0.53238578250399,0.139255487099051,0,0
18,100,x1_high__x2_low,1.40014021906804,1.14247931194017,1.19269754326762,0,0
18,100,x1_low__x2_high,-0.999729447012311,-0.824724321289092,-0.842804637129869,0,0
18,100,x1_low__x2_low,0.0995019690566959,-0.27601919235639,0.121821494540058,1,1
18,250,x1_high__x2_high,0.299868111723643,0.637519609655993,-0.0215036630386221,1,0
18,250,x1_high__x2_low,1.40014021906804,1.01746410839859,1.00520785722528,0,0
18,250,x1_low__x2_high,-0.999729447012311,-0.704162377844119,-0.652903362958148,0,0
18,250,x1_low__x2_low,0.0995019690566959,-0.381997382110721,0.314709223183451,1,1
18,500,x1_high__x2_high,0.299868111723643,0.666988142267568,-0.0930230983875599,1,0
18,500,x1_high__x2_low,1.40014021906804,0.929306454051715,0.865095790379359,0,0
18,500,x1_low__x2_high,-0.999729447012311,-0.622524292738167,-0.506806437647957,0,0
18,500,x1_low__x2_low,0.0995019690566959,-0.394491453168355,0.402293304592977,1,1
19,40,x1_high__x2_high,0.299969432611925,0.499018179233728,0.387167552060151,0,0
19,40,x1_high__x2_low,1.39966788389384,1.18595208274254,1.21067521862852,0,0
19,40,x1_low__x2_high,-1.00017066680578,-0.868433959808416,-0.894842755843617,0,0
19,40,x1_low__x2_low,0.0996690395527961,0.0959692416250266,0.229962557572453,0,0
19,100,x1_high__x2_high,0.299969432611925,0.597197020938494,0.239642511015122,0,0
19,100,x1_high__x2_low,1.39966788389384,1.07906594721718,1.10458693946493,0,0
19,100,x1_low__x2_high,-1.00017066680578,-0.744154051127136,-0.764468654016876,0,0
19,100,x1_low__x2_low,0.0996690395527961,-0.0405476923382832,0.352337367290369,1,0
19,250,x1_high__x2_high,0.299969432611925,0.683011757004326,0.0791991837952409,0,0
19,250,x1_high__x2_low,1.39966788389384,0.961976029058491,0.953154151436343,0,0
19,250,x1_low__x2_high,-1.00017066680578,-0.598498104165705,-0.583394439382699,0,0
19,250,x1_low__x2_low,0.0996690395527961,-0.160793807097999,0.477892629477548,1,1
19,500,x1_high__x2_high,0.299969432611925,0.693036248470891,-0.0138582706564078,1,0
19,500,x1_high__x2_low,1.39966788389384,0.886210992445247,0.83890192597403,0,0
19,500,x1_low__x2_high,-1.00017066680578,-0.498730481940507,-0.425013736144429,0,0
19,500,x1_low__x2_low,0.0996690395527961,-0.20071170026867,0.53029794683475,1,1
20,40,x1_high__x2_high,0.300091279479205,0.35262234758719,0.228249534506713,0,0
20,40,x1_high__x2_low,1.39985569696892,1.29347727005141,1.30258005262395,0,0
20,40,x1_low__x2_high,-1.00038323772125,-0.76507326042962,-0.76478175758573,0,0
20,40,x1_low__x2_low,0.100084151048005,0.189567596460776,0.300189260930112,0,0
20,100,x1_high__x2_high,0.300091279479205,0.480373233464931,0.100965022889223,0,0
20,100,x1_high__x2_low,1.39985569696892,1.16979232011033,1.19184911689393,0,0
20,100,x1_low__x2_high,-1.00038323772125,-0.636349465507903,-0.647050824119398,0,0
20,100,x1_low__x2_low,0.100084151048005,0.0609271184276492,0.416521714481896,0,0
20,250,x1_high__x2_high,0.300091279479205,0.599113372802139,-0.0225358692896424,1,0
20,250,x1_high__x2_low,1.39985569696892,1.02859401708863,1.02388835806112,0,0
20,250,x1_low__x2_high,-1.00038323772125,-0.475470399705192,-0.486403993412273,0,0
20,250,x1_low__x2_low,0.100084151048005,-0.0521249932406703,0.548921248423211,1,0
20,500,x1_high__x2_high,0.300091279479205,0.636513736530492,-0.0635830468673486,1,0
20,500,x1_high__x2_low,1.39985569696892,0.923428549790655,0.894652565680266,0,0
20,500,x1_low__x2_high,-1.00038323772125,-0.376351583030459,-0.368418170934776,0,0
20,500,x1_low__x2_low,0.100084151048005,-0.0841037270328884,0.60565458349008,1,0
21,40,x1_high__x2_high,0.300334099794565,0.37582441710562,0.261273884091559,0,0
21,40,x1_high__x2_low,1.40034913668177,1.31783487494801,1.34682806180484,0,0
21,40,x1_low__x2_high,-1.00009910476702,-0.71770728483904,-0.747345779671718,0,0
21,40,x1_low__x2_low,0.0997285414688191,-0.0724317186910173,0.0504407060124059,1,0
21,100,x1_high__x2_high,0.300334099794565,0.492731905689065,0.146519418184294,0,0
21,100,x1_high__x2_low,1.40034913668177,1.19095561687983,1.21896096450934,0,0
21,100,x1_low__x2_high,-1.00009910476702,-0.607023746298669,-0.641449388316612,0,0
21,100,x1_low__x2_low,0.0997285414688191,-0.166537624672152,0.184855584859852,1,1
21,250,x1_high__x2_high,0.300334099794565,0.608578569544098,0.0206634096213413,0,0
21,250,x1_high__x2_low,1.40034913668177,1.04050820128834,1.01793893914314,0,0
21,250,x1_low__x2_high,-1.00009910476702,-0.509357358524131,-0.469252358671189,0,0
21,250,x1_low__x2_low,0.0997285414688191,-0.233350203724156,0.341821653499158,1,1
21,500,x1_high__x2_high,0.300334099794565,0.654464793141237,-0.0284578948724952,1,0
21,500,x1_high__x2_low,1.40034913668177,0.928331734210423,0.866462092654902,0,0
21,500,x1_low__x2_high,-1.00009910476702,-0.423515200103431,-0.355226770342689,0,0
21,500,x1_low__x2_low,0.0997285414688191,-0.248550855985947,0.432247527073481,1,1
22,40,x1_high__x2_high,0.300251687024172,0.355125957490934,0.242991252527721,0,0
22,40,x1_high__x2_low,1.40000896150508,1.28157272456468,1.30306348808228,0,0
22,40,x1_low__x2_high,-0.999670218187307,-0.696423061658254,-0.744055447719132,0,0
22,40,x1_low__x2_low,0.0994515598704184,-0.0971202228601614,0.039621016599814,1,0
22,100,x1_high__x2_high,0.300251687024172,0.47325514784264,0.115507533749068,0,0
22,100,x1_high__x2_low,1.40000896150508,1.16712074169944,1.19227809606537,0,0
22,100,x1_low__x2_high,-0.999670218187307,-0.597901682822204,-0.629830640351413,0,0
22,100,x1_low__x2_low,0.0994515598704184,-0.192537310242475,0.17256449691755,1,1
22,250,x1_high__x2_high,0.300251687024172,0.590215099912553,-0.013605679826359,1,0
22,250,x1_high__x2_low,1.40000896150508,1.02566869911095,0.992012054647935,0,0
22,250,x1_low__x2_high,-0.999670218187307,-0.502715349775254,-0.480445955165303,0,0
22,250,x1_low__x2_low,0.0994515598704184,-0.258068716471064,0.354125519999828,1,1
22,500,x1_high__x2_high,0.300251687024172,0.636185493498198,-0.0733182041044459,1,0
22,500,x1_high__x2_low,1.40000896150508,0.920287260237862,0.864231503206634,0,0
22,500,x1_low__x2_high,-0.999670218187307,-0.434756734289418,-0.36597075443196,0,0
22,500,x1_low__x2_low,0.0994515598704184,-0.26366938171559,0.427281226729304,1,1
23,40,x1_high__x2_high,0.300677823366633,0.448834176778951,0.337462589360756,0,0
23,40,x1_high__x2_low,1.39995967203288,1.24237077859709,1.27286717930438,0,0
23,40,x1_low__x2_high,-0.999683504776417,-0.831862217460232,-0.860139890685571,0,0
23,40,x1_low__x2_low,0.100401676331931,0.0945563996965361,0.221883298314755,0,0
23,100,x1_high__x2_high,0.300677823366633,0.566242824354025,0.21308303227697,0,0
23,100,x1_high__x2_low,1.39995967203288,1.12446568448084,1.16360501040207,0,0
23,100,x1_low__x2_high,-0.999683504776417,-0.699679998467841,-0.73980274968979,0,0
23,100,x1_low__x2_low,0.100401676331931,-0.0453527914448579,0.352536222689716,1,0
23,250,x1_high__x2_high,0.300677823366633,0.667245877017261,0.0569445546481713,0,0
23,250,x1_high__x2_low,1.39995967203288,0.997692849185524,1.00363236815179,0,0
23,250,x1_low__x2_high,-0.999683504776417,-0.571737051764917,-0.551745270913105,0,0
23,250,x1_low__x2_low,0.100401676331931,-0.155196971194736,0.502105428751129,1,1
23,500,x1_high__x2_high,0.300677823366633,0.690375324579385,-0.00440469604558405,1,0
23,500,x1_high__x2_low,1.39995967203288,0.9120796071123,0.891625376651498,0,0
23,500,x1_low__x2_high,-0.999683504776417,-0.471806844226724,-0.410881896731428,0,0
23,500,x1_low__x2_low,0.100401676331931,-0.200766162652161,0.543878908418554,1,1
24,40,x1_high__x2_high,0.300336371888949,0.480437673354008,0.374425037798536,0,0
24,40,x1_high__x2_low,1.40032991925409,1.23997146274381,1.26211696066287,0,0
24,40,x1_low__x2_high,-0.99995221684919,-0.901714779973266,-0.919682574691674,0,0
24,40,x1_low__x2_low,0.0993081786693585,-0.0323622587722794,0.0812651429902012,1,0
24,100,x1_high__x2_high,0.300336371888949,0.579310027567438,0.253701616709771,0,0
24,100,x1_high__x2_low,1.40032991925409,1.12149126180769,1.13670671175239,0,0
24,100,x1_low__x2_high,-0.99995221684919,-0.786804170387949,-0.797484703857799,0,0
24,100,x1_low__x2_low,0.0993081786693585,-0.15192818793353,0.208328395062837,1,1
24,250,x1_high__x2_high,0.300336371888949,0.672199811595483,0.0933537872633863,0,0
24,250,x1_high__x2_low,1.40032991925409,0.998539108956107,0.947882932647796,0,0
24,250,x1_low__x2_high,-0.99995221684919,-0.656499424167463,-0.600713184141861,0,0
24,250,x1_low__x2_low,0.0993081786693585,-0.265945534436813,0.374070586545963,1,1
24,500,x1_high__x2_high,0.300336371888949,0.69478501616008,0.00557417425803511,0,0
24,500,x1_high__x2_low,1.40032991925409,0.910268464985094,0.818899071635143,0,0
24,500,x1_low__x2_high,-0.99995221684919,-0.560017858539965,-0.446222389313395,0,0
24,500,x1_low__x2_low,0.0993081786693585,-0.305723336621174,0.430319126148626,1,1
25,40,x1_high__x2_high,0.299531000065875,0.33219675938538,0.211029458730303,0,0
25,40,x1_high__x2_low,1.40018675262021,1.31020296126373,1.33818285282034,0,0
25,40,x1_low__x2_high,-0.999703701580008,-0.725645164247963,-0.752837845961527,0,0
25,40,x1_low__x2_low,0.100175718891343,0.0533701908675519,0.165012826451415,0,0
25,100,x1_high__x2_high,0.299531000065875,0.454895362864562,0.108348986109236,0,0
25,100,x1_high__x2_low,1.40018675262021,1.19687230367858,1.21594789686559,0,0
25,100,x1_low__x2_high,-0.999703701580008,-0.616518845123192,-0.654669154169349,0,0
25,100,x1_low__x2_low,0.100175718891343,-0.057877853542708,0.298147296306078,1,0
25,250,x1_high__x2_high,0.299531000065875,0.599573998704576,-0.0221270640995878,1,0
25,250,x1_high__x2_low,1.40018675262021,1.02301913202994,1.027029700955,0,0
25,250,x1_low__x2_high,-0.999703701580008,-0.489658218999469,-0.492834983220753,0,0
25,250,x1_low__x2_low,0.100175718891343,-0.157485781250026,0.458141646816715,1,1
25,500,x1_high__x2_high,0.299531000065875,0.63353583243642,-0.0624549232067039,1,0
25,500,x1_high__x2_low,1.40018675262021,0.921888597794023,0.893617640375232,0,0
25,500,x1_low__x2_high,-0.999703701580008,-0.401279614592779,-0.383585874410029,0,0
25,500,x1_low__x2_low,0.100175718891343,-0.176736527970293,0.524323019457257,1,1
26,40,x1_high__x2_high,0.299484448867876,0.369336993657005,0.244462126202373,0,0
26,40,x1_high__x2_low,1.40055666858124,1.13911543512182,1.17224997386163,0,0
26,40,x1_low__x2_high,-1.00010062097754,-0.780161526199487,-0.802792178089324,0,0
26,40,x1_low__x2_low,0.0999945174158473,-0.0656659407933924,0.0537637904395561,1,0
26,100,x1_high__x2_high,0.299484448867876,0.487500792248496,0.123881517346301,0,0
26,100,x1_high__x2_low,1.40055666858124,1.02230074401152,1.04779580425892,0,0
26,100,x1_low__x2_high,-1.00010062097754,-0.668420549597526,-0.691328129953499,0,0
26,100,x1_low__x2_low,0.0999945174158473,-0.175763318357147,0.186566777214483,1,1
26,250,x1_high__x2_high,0.299484448867876,0.578299970685789,-0.0159517183239757,1,0
26,250,x1_high__x2_low,1.40055666858124,0.897508346329421,0.879126148664724,0,0
26,250,x1_low__x2_high,-1.00010062097754,-0.550225831867015,-0.522225863943107,0,0
26,250,x1_low__x2_low,0.0999945174158473,-0.266750434677257,0.327732248459222,1,1
26,500,x1_high__x2_high,0.299484448867876,0.599819287947134,-0.0719911432208374,1,0
26,500,x1_high__x2_low,1.40055666858124,0.802347651713544,0.75391671347167,0,0
26,500,x1_low__x2_high,-1.00010062097754,-0.462108203205268,-0.393671291997885,0,0
26,500,x1_low__x2_low,0.0999945174158473,-0.279282131733091,0.383460285109995,1,1
27,40,x1_high__x2_high,0.300712964593231,0.366202380173958,0.260748572764394,0,0
27,40,x1_high__x2_low,1.39995146115288,1.34486704407194,1.36514362452643,0,0
27,40,x1_low__x2_high,-0.999773953802922,-0.721260349127883,-0.774392602774032,0,0
27,40,x1_low__x2_low,0.100265015266417,0.016885328785491,0.144831203191353,0,0
27,100,x1_high__x2_high,0.300712964593231,0.478851260805983,0.139773723194675,0,0
27,100,x1_high__x2_low,1.39995146115288,1.22759991511254,1.23084384916898,0,0
27,100,x1_low__x2_high,-0.999773953802922,-0.6136986893969,-0.66028606161378,0,0
27,100,x1_low__x2_low,0.100265015266417,-0.0832032754569668,0.280361465207533,1,0
27,250,x1_high__x2_high,0.300712964593231,0.609261537692153,3.73680630191079e-05,0,0
27,250,x1_high__x2_low,1.39995146115288,1.06941965251217,1.05134428870962,0,0
27,250,x1_low__x2_high,-0.999773953802922,-0.498405093442368,-0.494830427263659,0,0
27,250,x1_low__x2_low,0.100265015266417,-0.174473581914391,0.423501711752846,1,1
27,500,x1_high__x2_high,0.300712964593231,0.650966209641898,-0.051238909541108,1,0
27,500,x1_high__x2_low,1.39995146115288,0.962270611358502,0.902007134730546,0,0
27,500,x1_low__x2_high,-0.999773953802922,-0.41700855712179,-0.374307479513934,0,0
27,500,x1_low__x2_low,0.100265015266417,-0.187489921781525,0.502915106259896,1,1
28,40,x1_high__x2_high,0.300286287172059,0.486056948505059,0.371880401426436,0,0
28,40,x1_high__x2_low,1.40012808995203,1.18932125562248,1.22887884575425,0,0
28,40,x1_low__x2_high,-1.00049889706383,-0.786813330190223,-0.816150471510546,0,0
28,40,x1_low__x2_low,0.1003676711098,-0.0618633472609132,0.0598841038921559,1,0
28,100,x1_high__x2_high,0.300286287172059,0.596163571953729,0.239737911406013,0,0
28,100,x1_high__x2_low,1.40012808995203,1.07124204544039,1.10560631678722,0,0
28,100,x1_low__x2_high,-1.00049889706383,-0.680938755477638,-0.692074958824308,0,0
28,100,x1_low__x2_low,0.1003676711098,-0.166792544986797,0.184976716693198,1,1
28,250,x1_high__x2_high,0.300286287172059,0.681104129949057,0.093893201923965,0,0
28,250,x1_high__x2_low,1.40012808995203,0.945712303512946,0.914545721183081,0,0
28,250,x1_low__x2_high,-1.00049889706383,-0.560621104403249,-0.517572616068725,0,0
28,250,x1_low__x2_low,0.1003676711098,-0.258948920634901,0.332580770240324,1,1
28,500,x1_high__x2_high,0.300286287172059,0.681640759777822,0.00969277369731346,0,0
28,500,x1_high__x2_low,1.40012808995203,0.874563962743454,0.780854440708724,0,0
28,500,x1_low__x2_high,-1.00049889706383,-0.477386373638985,-0.384399432070305,0,0
28,500,x1_low__x2_low,0.1003676711098,-0.276051261357215,0.405728260445269,1,1
29,40,x1_high__x2_high,0.299551186407358,0.415170272195902,0.294245698207868,0,0
29,40,x1_high__x2_low,1.40016011718519,1.15370454748134,1.18561137408547,0,0
29,40,x1_low__x2_high,-1.00042608976305,-0.957658554676458,-0.982189980900716,0,0
29,40,x1_low__x2_low,0.0996553015357511,-0.00497535825708035,0.116227190403479,1,0
29,100,x1_high__x2_high,0.299551186407358,0.524466136072823,0.152370571096754,0,0
29,100,x1_high__x2_low,1.40016011718519,1.04338933421104,1.07140234055514,0,0
29,100,x1_low__x2_high,-1.00042608976305,-0.817011990734168,-0.853898842592801,0,0
29,100,x1_low__x2_low,0.0996553015357511,-0.142783459671999,0.247898133530448,1,1
29,250,x1_high__x2_high,0.299551186407358,0.614686061549221,-0.0130482579765813,1,0
29,250,x1_high__x2_low,1.40016011718519,0.919811393297199,0.908034696951303,0,0
29,250,x1_low__x2_high,-1.00042608976305,-0.672810253696538,-0.659714585118946,0,0
29,250,x1_low__x2_low,0.0996553015357511,-0.266304166074247,0.383442196260652,1,1
29,500,x1_high__x2_high,0.299551186407358,0.62736971762422,-0.0975961272387061,1,0
29,500,x1_high__x2_low,1.40016011718519,0.841286435968346,0.774150426534819,0,0
29,500,x1_low__x2_high,-1.00042608976305,-0.572452054735293,-0.50604558648312,0,0
29,500,x1_low__x2_low,0.0996553015357511,-0.305847546112411,0.445053432926357,1,1
30,40,x1_high__x2_high,0.299625621473266,0.311046046767897,0.192418313063452,0,0
30,40,x1_high__x2_low,1.40067183974734,1.28001102553924,1.28457465437413,0,0
30,40,x1_low__x2_high,-1.00002055531516,-0.880219013709918,-0.904793338707473,0,0
30,40,x1_low__x2_low,0.10028743443315,0.0449612273244079,0.189146726177033,0,0
30,100,x1_high__x2_high,0.299625621473266,0.44398373677283,0.0603509650720218,0,0
30,100,x1_high__x2_low,1.40067183974734,1.15722536363169,1.17560918795766,0,0
30,100,x1_low__x2_high,-1.00002055531516,-0.75714521338911,-0.787143818765544,0,0
30,100,x1_low__x2_low,0.10028743443315,-0.0877592045192372,0.313219016682089,1,0
30,250,x1_high__x2_high,0.299625621473266,0.572441776441642,-0.0792295979152188,1,0
30,250,x1_high__x2_low,1.40067183974734,1.00505733854309,1.00999233884606,0,0
30,250,x1_low__x2_high,-1.00002055531516,-0.625635823606532,-0.618087292034552,0,0
30,250,x1_low__x2_low,0.10028743443315,-0.19147030137059,0.461448442364047,1,1
30,500,x1_high__x2_high,0.299625621473266,0.61431563321913,-0.138162897940774,1,1
30,500,x1_high__x2_low,1.40067183974734,0.905518053968924,0.888220432437487,0,0
30,500,x1_low__x2_high,-1.00002055531516,-0.515747766574298,-0.496455827987789,0,0
30,500,x1_low__x2_low,0.10028743443315,-0.240152364467954,0.522262749397302,1,1
31,40,x1_high__x2_high,0.30048965661479,0.270128326246615,0.154843462159054,0,0
31,40,x1_high__x2_low,1.3994965868059,1.20035343330235,1.19588415715257,0,0
31,40,x1_low__x2_high,-1.0007174599849,-0.98712740887939,-0.989810658968277,0,0
31,40,x1_low__x2_low,0.0998591088859193,0.137307238135148,0.258844211083693,0,0
31,100,x1_high__x2_high,0.30048965661479,0.40081183451487,0.0305616587362514,0,0
31,100,x1_high__x2_low,1.3994965868059,1.06990149001965,1.08121223127565,0,0
31,100,x1_low__x2_high,-1.0007174599849,-0.852308561555124,-0.858707060693062,0,0
31,100,x1_low__x2_low,0.0998591088859193,0.00133660041445909,0.381874361298101,0,0
31,250,x1_high__x2_high,0.30048965661479,0.511788426927459,-0.123962370964176,1,1
31,250,x1_high__x2_low,1.3994965868059,0.932279977886024,0.933841732070516,0,0
31,250,x1_low__x2_high,-1.0007174599849,-0.676108328045289,-0.670086920736569,0,0
31,250,x1_low__x2_low,0.0998591088859193,-0.145443456805107,0.502778363490365,1,1
31,500,x1_high__x2_high,0.30048965661479,0.545657903350635,-0.172707326318007,1,1
31,500,x1_high__x2_low,1.3994965868059,0.821619639379952,0.819626059400757,0,0
31,500,x1_low__x2_high,-1.0007174599849,-0.552196373981185,-0.53102441228533,0,0
31,500,x1_low__x2_low,0.0998591088859193,-0.192557896161418,0.534862552281181,1,1
32,40,x1_high__x2_high,0.299897646414255,0.435983969048837,0.308022959110312,0,0
32,40,x1_high__x2_low,1.39994201296064,1.24015794639348,1.27202097750642,0,0
32,40,x1_low__x2_high,-1.00008502944819,-0.6633948325206,-0.695214463375945,0,0
32,40,x1_low__x2_low,0.1000118045904,-0.0861556394563077,0.0394886837183415,1,0
32,100,x1_high__x2_high,0.299897646414255,0.548941001079891,0.185829282237889,0,0
32,100,x1_high__x2_low,1.39994201296064,1.13478527005046,1.14591203573712,0,0
32,100,x1_low__x2_high,-1.00008502944819,-0.57058652092131,-0.597575993989665,0,0
32,100,x1_low__x2_low,0.1000118045904,-0.18008963537137,0.175817462054122,1,1
32,250,x1_high__x2_high,0.299897646414255,0.656658338877227,0.0405334757119819,0,0
32,250,x1_high__x2_low,1.39994201296064,0.994168694283469,0.963977321065518,0,0
32,250,x1_low__x2_high,-1.00008502944819,-0.471935852736969,-0.441698897819143,0,0
32,250,x1_low__x2_low,0.1000118045904,-0.245382619103527,0.332280011829934,1,1
32,500,x1_high__x2_high,0.299897646414255,0.678651363824009,-0.009886977274065,1,0
32,500,x1_high__x2_low,1.39994201296064,0.915267418428645,0.830489731760056,0,0
32,500,x1_low__x2_high,-1.00008502944819,-0.406886452239759,-0.328929869983016,0,0
32,500,x1_low__x2_low,0.1000118045904,-0.244031804746011,0.418095044438184,1,1
33,40,x1_high__x2_high,0.300054911660509,0.233810839893113,0.112332978216328,0,0
33,40,x1_high__x2_low,1.39994613655274,1.24534741552593,1.2538604432707,0,0
33,40,x1_low__x2_high,-0.999754144305728,-0.805905327586737,-0.821288086238174,0,0
33,40,x1_low__x2_low,0.0998007253179508,0.0240737427183877,0.151733916201829,0,0
33,100,x1_high__x2_high,0.300054911660509,0.364094685307846,-0.00874060558001648,1,0
33,100,x1_high__x2_low,1.39994613655274,1.10582771082014,1.12809042000652,0,0
33,100,x1_low__x2_high,-0.999754144305728,-0.696023365978891,-0.702544560652337,0,0
33,100,x1_low__x2_low,0.0998007253179508,-0.0866843337105994,0.277476955836038,1,0
33,250,x1_high__x2_high,0.300054911660509,0.48984059698464,-0.126491485080589,1,1
33,250,x1_high__x2_low,1.39994613655274,0.942895109497863,0.95638703808048,0,0
33,250,x1_low__x2_high,-0.999754144305728,-0.556252196484968,-0.546568817530516,0,0
33,250,x1_low__x2_low,0.0998007253179508,-0.201897333935694,0.411566083956402,1,1
33,500,x1_high__x2_high,0.300054911660509,0.533508465107671,-0.158212119483482,1,1
33,500,x1_high__x2_low,1.39994613655274,0.827814291355755,0.820729526247799,0,0
33,500,x1_low__x2_high,-0.999754144305728,-0.464694975515449,-0.444555967283016,0,0
33,500,x1_low__x2_low,0.0998007253179508,-0.223069631833072,0.475899167561781,1,1
34,40,x1_high__x2_high,0.300413114830803,0.414413813360926,0.313341458300726,0,0
34,40,x1_high__x2_low,1.39989756020633,1.35479044083325,1.37997298067601,0,0
34,40,x1_low__x2_high,-0.999645769586774,-0.817923898874571,-0.850576975837722,0,0
34,40,x1_low__x2_low,0.0999218556303796,-0.0610194639590526,0.0405656578760774,1,0
34,100,x1_high__x2_high,0.300413114830803,0.534144407778512,0.189314981621143,0,0
34,100,x1_high__x2_low,1.39989756020633,1.21984780839817,1.2447104107368,0,0
34,100,x1_low__x2_high,-0.999645769586774,-0.7016618403177,-0.734519872265044,0,0
34,100,x1_low__x2_low,0.0999218556303796,-0.181099713834452,0.17383732843225,1,1
34,250,x1_high__x2_high,0.300413114830803,0.655454278416121,0.0351538787834844,0,0
34,250,x1_high__x2_low,1.39989756020633,1.05481914162035,1.03142559749094,0,0
34,250,x1_low__x2_high,-0.999645769586774,-0.582926715278441,-0.553828047748008,0,0
34,250,x1_low__x2_low,0.0999218556303796,-0.273539935332313,0.335636810620874,1,1
34,500,x1_high__x2_high,0.300413114830803,0.680717209284157,-0.0274948808917974,1,0
34,500,x1_high__x2_low,1.39989756020633,0.957380822371131,0.873855944729698,0,0
34,500,x1_low__x2_high,-0.999645769586774,-0.503245566815946,-0.423985515198033,0,0
34,500,x1_low__x2_low,0.0999218556303796,-0.298173160726889,0.416844840794098,1,1
35,40,x1_high__x2_high,0.299616810776877,0.227286452360642,0.114551863735518,0,0
35,40,x1_high__x2_low,1.39992753090912,1.21795344291856,1.24217470429898,0,0
35,40,x1_low__x2_high,-0.999820199904327,-0.877134710846158,-0.902216170890567,0,0
35,40,x1_low__x2_low,0.099757586168641,-0.0297915874630399,0.0880440299436266,1,0
35,100,x1_high__x2_high,0.299616810776877,0.361210486131191,-0.00646432806553361,1,0
35,100,x1_high__x2_low,1.39992753090912,1.08402065558528,1.11727813289842,0,0
35,100,x1_low__x2_high,-0.999820199904327,-0.754834599565048,-0.784423182339532,0,0
35,100,x1_low__x2_low,0.099757586168641,-0.155386195286027,0.229091929439382,1,1
35,250,x1_high__x2_high,0.299616810776877,0.488444312572935,-0.122143554325746,1,1
35,250,x1_high__x2_low,1.39992753090912,0.928181686348758,0.945049408248948,0,0
35,250,x1_low__x2_high,-0.999820199904327,-0.6293677538196,-0.626235233984021,0,0
35,250,x1_low__x2_low,0.099757586168641,-0.248987002100833,0.378360477342645,1,1
35,500,x1_high__x2_high,0.299616810776877,0.532507017993946,-0.166390271087554,1,1
35,500,x1_high__x2_low,1.39992753090912,0.816346998275471,0.820622990444944,0,0
35,500,x1_low__x2_high,-0.999820199904327,-0.532712066476609,-0.508354671766887,0,0
35,500,x1_low__x2_low,0.099757586168641,-0.280151026973208,0.439994776692515,1,1
36,40,x1_high__x2_high,0.300264244524914,0.387439498912221,0.265364136245652,0,0
36,40,x1_high__x2_low,1.39941523987655,1.06672416954186,1.08915376518333,0,0
36,40,x1_low__x2_high,-1.00032612104673,-0.81653569450222,-0.851024478523776,0,0
36,40,x1_low__x2_low,0.0997107314848774,-0.0423309332929939,0.0978609434564563,1,0
36,100,x1_high__x2_high,0.300264244524914,0.489899343280619,0.126471022863479,0,0
36,100,x1_high__x2_low,1.39941523987655,0.964418502950433,0.98510971189565,0,0
36,100,x1_low__x2_high,-1.00032612104673,-0.705020077442464,-0.729522836768334,0,0
36,100,x1_low__x2_low,0.0997107314848774,-0.16165251038187,0.228949216622995,1,1
36,250,x1_high__x2_high,0.300264244524914,0.584760138178101,-0.0158970801215476,1,0
36,250,x1_high__x2_low,1.39941523987655,0.846554786282293,0.83072466299857,0,0
36,250,x1_low__x2_high,-1.00032612104673,-0.584000799152939,-0.560755835045051,0,0
36,250,x1_low__x2_low,0.0997107314848774,-0.25615615487641,0.357239838477922,1,1
36,500,x1_high__x2_high,0.300264244524914,0.587276499855655,-0.0788124415714354,1,0
36,500,x1_high__x2_low,1.39941523987655,0.778820849613377,0.712596962409658,0,0
36,500,x1_low__x2_high,-1.00032612104673,-0.495557662247138,-0.437113706376613,0,0
36,500,x1_low__x2_low,0.0997107314848774,-0.28103158426839,0.411893198354921,1,1
37,40,x1_high__x2_high,0.299509416259244,0.394019549847224,0.294865502731166,0,0
37,40,x1_high__x2_low,1.39988606485253,1.21469127574242,1.22867970785985,0,0
37,40,x1_low__x2_high,-0.999645870864957,-0.744907956847495,-0.769909630088819,0,0
37,40,x1_low__x2_low,0.0999835909648813,0.148589399037721,0.260180839237432,0,0
37,100,x1_high__x2_high,0.299509416259244,0.502101819586794,0.184130137691407,0,0
37,100,x1_high__x2_low,1.39988606485253,1.09510366753365,1.09866702509377,0,0
37,100,x1_low__x2_high,-0.999645870864957,-0.618057811991008,-0.656379331427235,0,0
37,100,x1_low__x2_low,0.0999835909648813,0.0253812457296193,0.378181157808153,0,0
37,250,x1_high__x2_high,0.299509416259244,0.607143270491841,0.0472200446581735,0,0
37,250,x1_high__x2_low,1.39988606485253,0.950882717615504,0.93644896615004,0,0
37,250,x1_low__x2_high,-0.999645870864957,-0.474554403383767,-0.488361199409045,0,0
37,250,x1_low__x2_low,0.0999835909648813,-0.0951099722535809,0.499923005227315,1,0
37,500,x1_high__x2_high,0.299509416259244,0.62251542542459,-0.0207194906922294,1,0
37,500,x1_high__x2_low,1.39988606485253,0.853043366207153,0.829166221078973,0,0
37,500,x1_low__x2_high,-0.999645870864957,-0.374286275711323,-0.356087948289346,0,0
37,500,x1_low__x2_low,0.0999835909648813,-0.122581799289834,0.536203754978104,1,1
38,40,x1_high__x2_high,0.300148088980825,0.473187721173057,0.367803943205999,0,0
38,40,x1_high__x2_low,1.40024442733443,1.23224041603566,1.25823707474299,0,0
38,40,x1_low__x2_high,-1.00022078497469,-0.772504943488638,-0.807463848513569,0,0
38,40,x1_low__x2_low,0.100159425432589,-0.0874917849773329,0.0207069132320323,1,0
38,100,x1_high__x2_high,0.300148088980825,0.585841386083174,0.253374970618466,0,0
38,100,x1_high__x2_low,1.40024442733443,1.11941556415239,1.13143971174783,0,0
38,100,x1_low__x2_high,-1.00022078497469,-0.662190720392303,-0.694169902628847,0,0
38,100,x1_low__x2_low,0.100159425432589,-0.18420232368949,0.133348867217612,1,1
38,250,x1_high__x2_high,0.300148088980825,0.683500846048019,0.0855815454212093,0,0
38,250,x1_high__x2_low,1.40024442733443,0.996182094312668,0.938233393192087,0,0
38,250,x1_low__x2_high,-1.00022078497469,-0.545985096069209,-0.496631119316864,0,0
38,250,x1_low__x2_low,0.100159425432589,-0.26766241301753,0.293924112423947,1,1
38,500,x1_high__x2_high,0.300148088980825,0.692781903292822,0.0180934474682813,0,0
38,500,x1_high__x2_low,1.40024442733443,0.912976857273684,0.786153680029809,0,0
38,500,x1_low__x2_high,-1.00022078497469,-0.460853506634215,-0.364655817005982,0,0
38,500,x1_low__x2_low,0.100159425432589,-0.276484792010519,0.376807676603882,1,1
39,40,x1_high__x2_high,0.299206167653606,0.425241338753278,0.315191154692412,0,0
39,40,x1_high__x2_low,1.40008307192958,1.35901536289811,1.37860014406076,0,0
39,40,x1_low__x2_high,-1.00016319072673,-0.772400979250152,-0.800353501073281,0,0
39,40,x1_low__x2_low,0.100197774532273,0.0277791966606246,0.137211564315796,0,0
39,100,x1_high__x2_high,0.299206167653606,0.542975784969258,0.192739718602948,0,0
39,100,x1_high__x2_low,1.40008307192958,1.22903372713264,1.2415199489238,0,0
39,100,x1_low__x2_high,-1.00016319072673,-0.656262348684484,-0.685415188210317,0,0
39,100,x1_low__x2_low,0.100197774532273,-0.0874504505006754,0.263146295197867,1,0
39,250,x1_high__x2_high,0.299206167653606,0.660440720816684,0.0362307272245517,0,0
39,250,x1_high__x2_low,1.40008307192958,1.07478951482074,1.04164936073161,0,0
39,250,x1_low__x2_high,-1.00016319072673,-0.538215728540186,-0.516732458833506,0,0
39,250,x1_low__x2_low,0.100197774532273,-0.179507714574217,0.421161651750651,1,1
39,500,x1_high__x2_high,0.299206167653606,0.689681358579664,-0.0252158116620404,1,0
39,500,x1_high__x2_low,1.40008307192958,0.976002593447479,0.897001154567718,0,0
39,500,x1_low__x2_high,-1.00016319072673,-0.437580683626674,-0.39475808967978,0,0
39,500,x1_low__x2_low,0.100197774532273,-0.208838551212484,0.491833297061921,1,1
40,40,x1_high__x2_high,0.300085144958316,0.443845118192451,0.313589447457828,0,0
40,40,x1_high__x2_low,1.40017813269127,1.20127931779182,1.23874426772086,0,0
40,40,x1_low__x2_high,-1.00020176908911,-0.888405715222604,-0.912226523257364,0,0
40,40,x1_low__x2_low,0.10009636459717,0.0202016821849068,0.140269264523532,0,0
40,100,x1_high__x2_high,0.300085144958316,0.552387121791377,0.178881755389925,0,0
40,100,x1_high__x2_low,1.40017813269127,1.0910076697323,1.12051041183331,0,0
40,100,x1_low__x2_high,-1.00020176908911,-0.762820057987432,-0.801099117149072,0,0
40,100,x1_low__x2_low,0.10009636459717,-0.0982556219119983,0.265932613976824,1,0
40,250,x1_high__x2_high,0.300085144958316,0.64897666216119,0.00967997001826078,0,0
40,250,x1_high__x2_low,1.40017813269127,0.977595055911217,0.945364833883686,0,0
40,250,x1_low__x2_high,-1.00020176908911,-0.6216781866815,-0.615594516976189,0,0
40,250,x1_low__x2_low,0.10009636459717,-0.211322012113164,0.40909196802815,1,1
40,500,x1_high__x2_high,0.300085144958316,0.669746292080461,-0.0617267968300771,1,0
40,500,x1_high__x2_low,1.40017813269127,0.893728827543393,0.811293813124645,0,0
40,500,x1_low__x2_high,-1.00020176908911,-0.527156381196162,-0.4732617281957,0,0
40,500,x1_low__x2_low,0.10009636459717,-0.246044611933178,0.467851744007262,1,1
41,40,x1_high__x2_high,0.300422881726116,0.280830050816122,0.163023996595114,0,0
41,40,x1_high__x2_low,1.40023095112784,1.33394668476632,1.34489583941238,0,0
41,40,x1_low__x2_high,-1.00006757498948,-0.65118635334299,-0.676708806894535,0,0
41,40,x1_low__x2_low,0.0994305699716808,-0.148443476906825,-0.0105085269004947,0,0
41,100,x1_high__x2_high,0.300422881726116,0.404719370870062,0.0589398682890534,0,0
41,100,x1_high__x2_low,1.40023095112784,1.20854122918639,1.21768630124078,0,0
41,100,x1_low__x2_high,-1.00006757498948,-0.56999438411006,-0.569864569409964,0,0
41,100,x1_low__x2_low,0.0994305699716808,-0.233729647848264,0.135230140806325,1,1
41,250,x1_high__x2_high,0.300422881726116,0.538574271932713,-0.0508811689390544,1,0
41,250,x1_high__x2_low,1.40023095112784,1.04814196178392,1.00263826028935,0,0
41,250,x1_low__x2_high,-1.00006757498948,-0.487623095192043,-0.435693275834053,0,0
41,250,x1_low__x2_low,0.0994305699716808,-0.286032698381255,0.329684380198841,1,1
41,500,x1_high__x2_high,0.300422881726116,0.597024114251363,-0.0841663140464266,1,0
41,500,x1_high__x2_low,1.40023095112784,0.93021137078097,0.870125187657876,0,0
41,500,x1_low__x2_high,-1.00006757498948,-0.42606347955717,-0.343782961239481,0,0
41,500,x1_low__x2_low,0.0994305699716808,-0.282755299778384,0.413993790006129,1,1
42,40,x1_high__x2_high,0.300036045898194,0.43636403458585,0.32488457948386,0,0
42,40,x1_high__x2_low,1.40006577725777,1.1184922699894,1.14977533512838,0,0
42,40,x1_low__x2_high,-1.00014795358861,-0.847247679806486,-0.872832585605116,0,0
42,40,x1_low__x2_low,0.0999668411199981,0.0142236711064811,0.116436856678967,0,0
42,100,x1_high__x2_high,0.300036045898194,0.528158237572909,0.192744491202001,0,0
42,100,x1_high__x2_low,1.40006577725777,1.01923487067286,1.03453180220119,0,0
42,100,x1_low__x2_high,-1.00014795358861,-0.719827109852806,-0.746793665244702,0,0
42,100,x1_low__x2_low,0.0999668411199981,-0.107691821372707,0.238877423442657,1,1
42,250,x1_high__x2_high,0.300036045898194,0.614608054784498,0.0292252389211446,0,0
42,250,x1_high__x2_low,1.40006577725777,0.91205685066953,0.883651623459203,0,0
42,250,x1_low__x2_high,-1.00014795358861,-0.590918645636208,-0.558946684013319,0,0
42,250,x1_low__x2_low,0.0999668411199981,-0.206924754718044,0.360544987723541,1,1
42,500,x1_high__x2_high,0.300036045898194,0.626503189872468,-0.0403195772958064,1,0
42,500,x1_high__x2_low,1.40006577725777,0.825137344341383,0.759974043904044,0,0
42,500,x1_low__x2_high,-1.00014795358861,-0.490826839082741,-0.428572996058699,0,0
42,500,x1_low__x2_low,0.0999668411199981,-0.23943243199956,0.423511892249034,1,1
43,40,x1_high__x2_high,0.299981650875778,0.233440831911951,0.129582037339266,0,0
43,40,x1_high__x2_low,1.40025895265803,1.23830757555083,1.24109906223272,0,0
43,40,x1_low__x2_high,-1.00031166075517,-0.909196930173558,-0.903241924680833,0,0
43,40,x1_low__x2_low,0.100252209495039,0.0967500983824819,0.192288321982152,0,0
43,100,x1_high__x2_high,0.299981650875778,0.361377742424871,0.0127340449985233,0,0
43,100,x1_high__x2_low,1.40025895265803,1.11243195392683,1.12066181485885,0,0
43,100,x1_low__x2_high,-1.00031166075517,-0.77968107760303,-0.786449892410389,0,0
43,100,x1_low__x2_low,0.100252209495039,-0.0239365683521538,0.315449525968545,1,0
43,250,x1_high__x2_high,0.299981650875778,0.493968582388976,-0.103011845098483,1,1
43,250,x1_high__x2_low,1.40025895265803,0.946820712980478,0.962892658594233,0,0
43,250,x1_low__x2_high,-1.00031166075517,-0.628910804740948,-0.632139097606004,0,0
43,250,x1_low__x2_low,0.100252209495039,-0.152546025930117,0.449052310816023,1,1
43,500,x1_high__x2_high,0.299981650875778,0.540426444871593,-0.170545294597818,1,1
43,500,x1_high__x2_low,1.40025895265803,0.839565185186806,0.843437868869383,0,0
43,500,x1_low__x2_high,-1.00031166075517,-0.514788541799271,-0.497581179918083,0,0
43,500,x1_low__x2_low,0.100252209495039,-0.190922380165233,0.499585177915159,1,1
44,40,x1_high__x2_high,0.299771507986259,0.1746984700756,0.0751323390972518,0,0
44,40,x1_high__x2_low,1.39971907774444,1.3502646234068,1.35058256441331,0,0
44,40,x1_low__x2_high,-1.00042185093483,-0.833631788091105,-0.846513300506775,0,0
44,40,x1_low__x2_low,0.100034562747523,0.0796469154608594,0.193923954877532,0,0
44,100,x1_high__x2_high,0.299771507986259,0.304863878852905,-0.0374725064895198,1,0
44,100,x1_high__x2_low,1.39971907774444,1.21123702576452,1.20399094863277,0,0
44,100,x1_low__x2_high,-1.00042185093483,-0.713239575333729,-0.734672449177918,0,0
44,100,x1_low__x2_low,0.100034562747523,-0.033291486985648,0.331335116081696,1,0
44,250,x1_high__x2_high,0.299771507986259,0.442709156318479,-0.158950923095795,1,1
44,250,x1_high__x2_low,1.39971907774444,1.02732777644417,1.03017164458586,0,0
44,250,x1_low__x2_high,-1.00042185093483,-0.575754641668006,-0.581548424434443,0,0
44,250,x1_low__x2_low,0.100034562747523,-0.142585310601251,0.46287173847295,1,1
44,500,x1_high__x2_high,0.299771507986259,0.498173803874441,-0.191465708832145,1,1
44,500,x1_high__x2_low,1.39971907774444,0.892488095768768,0.891929964519494,0,0
44,500,x1_low__x2_high,-1.00042185093483,-0.462001043959745,-0.469468467007983,0,0
44,500,x1_low__x2_low,0.100034562747523,-0.184179893629227,0.522836452140831,1,1
45,40,x1_high__x2_high,0.299800883624853,0.440179178386806,0.320694936333582,0,0
45,40,x1_high__x2_low,1.39928387874713,1.16067282818077,1.19849098442091,0,0
45,40,x1_low__x2_high,-1.00021914207333,-0.864224747069075,-0.905135689412995,0,0
45,40,x1_low__x2_low,0.0996546488778235,-0.0650918419979958,0.0426384633008884,1,0
45,100,x1_high__x2_high,0.299800883624853,0.537067521952945,0.190821923471758,0,0
45,100,x1_high__x2_low,1.39928387874713,1.05388385011768,1.09092300983646,0,0
45,100,x1_low__x2_high,-1.00021914207333,-0.739661863722249,-0.791398450948125,0,0
45,100,x1_low__x2_low,0.0996546488778235,-0.175122598643903,0.154237192278639,1,1
45,250,x1_high__x2_high,0.299800883624853,0.639257416232982,0.0282638440985631,0,0
45,250,x1_high__x2_low,1.39928387874713,0.935426631151891,0.905516834811974,0,0
45,250,x1_low__x2_high,-1.00021914207333,-0.613634840082249,-0.597234750570319,0,0
45,250,x1_low__x2_low,0.0996546488778235,-0.274156592922977,0.296820839109305,1,1
45,500,x1_high__x2_high,0.299800883624853,0.655383805052914,-0.0446067776889258,1,0
45,500,x1_high__x2_low,1.39928387874713,0.857371945388462,0.762908725061736,0,0
45,500,x1_low__x2_high,-1.00021914207333,-0.523918675341712,-0.455738673557723,0,0
45,500,x1_low__x2_low,0.0996546488778235,-0.294348810898789,0.373048406184708,1,1
46,40,x1_high__x2_high,0.299929860787678,0.339876766611436,0.233992951932328,0,0
46,40,x1_high__x2_low,1.39972842552996,1.2426374450016,1.28145375127607,0,0
46,40,x1_low__x2_high,-1.00015985964185,-0.932193555335588,-0.969725554778884,0,0
46,40,x1_low__x2_low,0.0999815927371783,-0.124040511258253,0.00654327570671663,1,0
46,100,x1_high__x2_high,0.299929860787678,0.461431316894681,0.101243728975549,0,0
46,100,x1_high__x2_low,1.39972842552996,1.11935450806848,1.16737952020369,0,0
46,100,x1_low__x2_high,-1.00015985964185,-0.817790297634874,-0.844722463178974,0,0
46,100,x1_low__x2_low,0.0999815927371783,-0.251943378765542,0.142903117100574,1,1
46,250,x1_high__x2_high,0.299929860787678,0.57779111914716,-0.0507957004691701,1,0
46,250,x1_high__x2_low,1.39972842552996,0.964870612456949,0.975976367845985,0,0
46,250,x1_low__x2_high,-1.00015985964185,-0.696299494693802,-0.65465902275046,0,0
46,250,x1_low__x2_low,0.0999815927371783,-0.352801045580252,0.319373110194861,1,1
46,500,x1_high__x2_high,0.299929860787678,0.601604069162894,-0.120126499522012,1,1
46,500,x1_high__x2_low,1.39972842552996,0.87704932199628,0.824990821359897,0,0
46,500,x1_low__x2_high,-1.00015985964185,-0.603488002671601,-0.51754063769309,0,0
46,500,x1_low__x2_low,0.0999815927371783,-0.380596913178428,0.404622710591071,1,1
47,40,x1_high__x2_high,0.300275137170744,0.390401989009271,0.265450854532563,0,0
47,40,x1_high__x2_low,1.40007749907498,1.11197946579813,1.12685466111234,0,0
47,40,x1_low__x2_high,-1.00017904487507,-0.954558214717827,-0.957346308583622,0,0
47,40,x1_low__x2_low,0.100019772436438,0.140014818858727,0.251333316410038,0,0
47,100,x1_high__x2_high,0.300275137170744,0.498580962348731,0.120933830454116,0,0
47,100,x1_high__x2_low,1.40007749907498,1.00812980344017,1.02124125558875,0,0
47,100,x1_low__x2_high,-1.00017904487507,-0.816267796384681,-0.819881029746439,0,0
47,100,x1_low__x2_low,0.100019772436438,0.00352515102355371,0.359051633172504,0,0
47,250,x1_high__x2_high,0.300275137170744,0.592108735646945,-0.045470205201048,1,0
47,250,x1_high__x2_low,1.40007749907498,0.889988626597049,0.886943147507308,0,0
47,250,x1_low__x2_high,-1.00017904487507,-0.649255719973113,-0.632310130775356,0,0
47,250,x1_low__x2_low,0.100019772436438,-0.136125477283146,0.46229229306839,1,1
47,500,x1_high__x2_high,0.300275137170744,0.608755031612457,-0.109786083805973,1,1
47,500,x1_high__x2_low,1.40007749907498,0.804171570037436,0.774525474759086,0,0
47,500,x1_low__x2_high,-1.00017904487507,-0.526986939681252,-0.502546424626696,0,0
47,500,x1_low__x2_low,0.100019772436438,-0.201332315793117,0.507975179115184,1,1
48,40,x1_high__x2_high,0.299580610052644,0.229691598936564,0.10667756241992,0,0
48,40,x1_high__x2_low,1.39946929983319,1.29438943071621,1.2861066640961,0,0
48,40,x1_low__x2_high,-0.99955188336976,-0.797260503156335,-0.799678908197148,0,0
48,40,x1_low__x2_low,0.100082697592407,0.0995733518827968,0.229655037413648,0,0
48,100,x1_high__x2_high,0.299580610052644,0.345785223049532,-0.0159497737937455,1,0
48,100,x1_high__x2_low,1.39946929983319,1.17142844091617,1.15081410599268,0,0
48,100,x1_low__x2_high,-0.99955188336976,-0.68779866213038,-0.675447768653384,0,0
48,100,x1_low__x2_low,0.100082697592407,-0.0160354804858585,0.369247942525131,1,0
48,250,x1_high__x2_high,0.299580610052644,0.487115406468946,-0.133210279390392,1,1
48,250,x1_high__x2_low,1.39946929983319,0.995485109535399,0.999113168813983,0,0
48,250,x1_low__x2_high,-0.99955188336976,-0.540717876795314,-0.526374132075657,0,0
48,250,x1_low__x2_low,0.100082697592407,-0.126259961800479,0.50473018632772,1,1
48,500,x1_high__x2_high,0.299580610052644,0.546970662943595,-0.161758918088841,1,1
48,500,x1_high__x2_low,1.39946929983319,0.884671411604242,0.895986732441084,0,0
48,500,x1_low__x2_high,-0.99955188336976,-0.444547202050682,-0.431206139458897,0,0
48,500,x1_low__x2_low,0.100082697592407,-0.166307623674835,0.552636232543072,1,1
49,40,x1_high__x2_high,0.30018320625941,0.387605734180842,0.266489575848145,0,0
49,40,x1_high__x2_low,1.40010989760473,1.26803882601589,1.29406790504483,0,0
49,40,x1_low__x2_high,-0.999371006477656,-0.65745239436522,-0.702190790209488,0,0
49,40,x1_low__x2_low,0.100538406429637,-0.0183457778167744,0.124305770708212,1,0
49,100,x1_high__x2_high,0.30018320625941,0.507245028389599,0.152040933032664,0,0
49,100,x1_high__x2_low,1.40010989760473,1.14648779906495,1.16584906290571,0,0
49,100,x1_low__x2_high,-0.999371006477656,-0.54199479293116,-0.594535831751958,0,0
49,100,x1_low__x2_low,0.100538406429637,-0.124553091942442,0.257912326489171,1,1
49,250,x1_high__x2_high,0.30018320625941,0.611473409314327,0.0265146332604825,0,0
49,250,x1_high__x2_low,1.40010989760473,1.00124100995959,0.999247453950868,0,0
49,250,x1_low__x2_high,-0.999371006477656,-0.438739987306333,-0.42792657767983,0,0
49,250,x1_low__x2_low,0.100538406429637,-0.18807439078943,0.394828488924487,1,1
49,500,x1_high__x2_high,0.30018320625941,0.643556104942639,-0.0187264045743972,1,0
49,500,x1_high__x2_low,1.40010989760473,0.89818592338204,0.854699588245951,0,0
49,500,x1_low__x2_high,-0.999371006477656,-0.359147866184519,-0.307824819945816,0,0
49,500,x1_low__x2_low,0.100538406429637,-0.19210746592177,0.468931714863438,1,1
50,40,x1_high__x2_high,0.299490899440205,0.407806855177718,0.293732684093909,0,0
50,40,x1_high__x2_low,1.39955351825776,1.21758377079298,1.23741499699477,0,0
50,40,x1_low__x2_high,-0.999825062871596,-0.87909916389786,-0.903918828682696,0,0
50,40,x1_low__x2_low,0.100416340431321,0.0912016802278072,0.218559305830501,0,0
50,100,x1_high__x2_high,0.299490899440205,0.524216541008759,0.166118235039299,0,0
50,100,x1_high__x2_low,1.39955351825776,1.09727040001928,1.12633316025639,0,0
50,100,x1_low__x2_high,-0.999825062871596,-0.740439617615467,-0.779434364936366,0,0
50,100,x1_low__x2_low,0.100416340431321,-0.0503063490584614,0.333971577134996,1,0
50,250,x1_high__x2_high,0.299490899440205,0.623198833718174,-0.000960058077380482,1,0
50,250,x1_high__x2_low,1.39955351825776,0.956901989452437,0.963688378746837,0,0
50,250,x1_low__x2_high,-0.999825062871596,-0.6007264812871,-0.582934793000345,0,0
50,250,x1_low__x2_low,0.100416340431321,-0.166815798298704,0.4648734920067,1,1
50,500,x1_high__x2_high,0.299490899440205,0.646542185298293,-0.0461733653074872,1,0
50,500,x1_high__x2_low,1.39955351825776,0.869245332722421,0.837332436455839,0,0
50,500,x1_low__x2_high,-0.999825062871596,-0.49874170996893,-0.45357222347953,0,0
50,500,x1_low__x2_low,0.100416340431321,-0.204650240277961,0.509509556838735,1,1
51,40,x1_high__x2_high,0.300564576346486,0.385972379474994,0.272632876725597,0,0
51,40,x1_high__x2_low,1.39998872425168,1.19823756945419,1.22737733190258,0,0
51,40,x1_low__x2_high,-0.999784731414003,-0.858772577153144,-0.88981118336773,0,0
51,40,x1_low__x2_low,0.100768864197858,-0.000672499220176516,0.108815669255012,1,0
51,100,x1_high__x2_high,0.300564576346486,0.504394299371963,0.142972749250589,0,0
51,100,x1_high__x2_low,1.39998872425168,1.0938622978509,1.11632857710219,0,0
51,100,x1_low__x2_high,-0.999784731414003,-0.722693626321397,-0.772990723548476,0,0
51,100,x1_low__x2_low,0.100768864197858,-0.126004172089899,0.227706147510608,1,1
51,250,x1_high__x2_high,0.300564576346486,0.613787034805817,-0.0139847436539105,1,0
51,250,x1_high__x2_low,1.39998872425168,0.963682654229884,0.929674301960475,0,0
51,250,x1_low__x2_high,-0.999784731414003,-0.594378941763092,-0.587519841851728,0,0
51,250,x1_low__x2_low,0.100768864197858,-0.228904152236071,0.383736904244356,1,1
51,500,x1_high__x2_high,0.300564576346486,0.637341562721982,-0.0701177361902582,1,0
51,500,x1_high__x2_low,1.39998872425168,0.883682311680358,0.815943142015929,0,0
51,500,x1_low__x2_high,-0.999784731414003,-0.508464998058017,-0.470013568975106,0,0
51,500,x1_low__x2_low,0.100768864197858,-0.253528617746954,0.441228038248105,1,1
52,40,x1_high__x2_high,0.299722798167492,0.364250230113297,0.244987503649364,0,0
52,40,x1_high__x2_low,1.40020988687365,1.2635496215142,1.27821052412323,0,0
52,40,x1_low__x2_high,-1.00031660885029,-0.790605427919874,-0.808900248547045,0,0
52,40,x1_low__x2_low,0.0997451141215869,0.0873280064653473,0.204320260384586,0,0
52,100,x1_high__x2_high,0.299722798167492,0.48448981486333,0.119114356732809,0,0
52,100,x1_high__x2_low,1.40020988687365,1.15053095691066,1.15475106850696,0,0
52,100,x1_low__x2_high,-1.00031660885029,-0.682089459747498,-0.684187359614098,0,0
52,100,x1_low__x2_low,0.0997451141215869,-0.0251379425438169,0.335357016603506,1,0
52,250,x1_high__x2_high,0.299722798167492,0.611870594413207,-0.0208452693520783,1,0
52,250,x1_high__x2_low,1.40020988687365,1.00944847103844,0.993496001670064,0,0
52,250,x1_low__x2_high,-1.00031660885029,-0.552628225805665,-0.516524558114368,0,0
52,250,x1_low__x2_low,0.0997451141215869,-0.124210509846392,0.489700952225138,1,1
52,500,x1_high__x2_high,0.299722798167492,0.650215794405501,-0.0752390403346451,1,0
52,500,x1_high__x2_low,1.40020988687365,0.914215813024608,0.879766695696317,0,0
52,500,x1_low__x2_high,-1.00031660885029,-0.441884315480018,-0.398921824828058,0,0
52,500,x1_low__x2_low,0.0997451141215869,-0.168037932255361,0.540116417533759,1,1
53,40,x1_high__x2_high,0.300312308599951,0.386096865113189,0.280109766655721,0,0
53,40,x1_high__x2_low,1.39993369881597,1.37372403740938,1.40365910150732,0,0
53,40,x1_low__x2_high,-0.999730690761989,-0.891811955976677,-0.929533903547811,0,0
53,40,x1_low__x2_low,0.0999046683256903,-0.0848072195916292,0.0367015629071234,1,0
53,100,x1_high__x2_high,0.300312308599951,0.51921841608866,0.153613308772411,0,0
53,100,x1_high__x2_low,1.39993369881597,1.24910518988358,1.28173293592225,0,0
53,100,x1_low__x2_high,-0.999730690761989,-0.776631968232266,-0.81424904845148,0,0
53,100,x1_low__x2_low,0.0999046683256903,-0.200951629427904,0.177266775869273,1,1
53,250,x1_high__x2_high,0.300312308599951,0.64978654844204,-0.00958498600115661,1,0
53,250,x1_high__x2_low,1.39993369881597,1.09536274562295,1.07016604448035,0,0
53,250,x1_low__x2_high,-0.999730690761989,-0.6557063913081,-0.626848042525303,0,0
53,250,x1_low__x2_low,0.0999046683256903,-0.300418545297104,0.36459040791471,1,1
53,500,x1_high__x2_high,0.300312308599951,0.693552797962708,-0.0841535120851588,1,0
53,500,x1_high__x2_low,1.39993369881597,0.993219368546472,0.918785805374363,0,0
53,500,x1_low__x2_high,-0.999730690761989,-0.556174999354485,-0.488436557571787,0,0
53,500,x1_low__x2_low,0.0999046683256903,-0.332865413680538,0.456999292178986,1,1
54,40,x1_high__x2_high,0.300311321025251,0.369233866387914,0.249347742045993,0,0
54,40,x1_high__x2_low,1.40099093048255,1.36532647229376,1.39622591605159,0,0
54,40,x1_low__x2_high,-1.00002272331806,-0.821643949176463,-0.846564523225582,0,0
54,40,x1_low__x2_low,0.100030070179598,0.061542407282209,0.182163449681287,0,0
54,100,x1_high__x2_high,0.300311321025251,0.502795909250164,0.141321344666365,0,0
54,100,x1_high__x2_low,1.40099093048255,1.23669931774379,1.26754221767885,0,0
54,100,x1_low__x2_high,-1.00002272331806,-0.702032148624806,-0.737400319111088,0,0
54,100,x1_low__x2_low,0.100030070179598,-0.0704287935222802,0.316902999846605,1,0
54,250,x1_high__x2_high,0.300311321025251,0.637029616228988,-0.00689478553430863,1,0
54,250,x1_high__x2_low,1.40099093048255,1.07123080890754,1.08100569730573,0,0
54,250,x1_low__x2_high,-1.00002272331806,-0.559574756370904,-0.559759207523,0,0
54,250,x1_low__x2_low,0.100030070179598,-0.184465587996497,0.47058962228868,1,1
54,500,x1_high__x2_high,0.300311321025251,0.671564216844752,-0.0731963930516302,1,0
54,500,x1_high__x2_low,1.40099093048255,0.978323148549107,0.947646375386214,0,0
54,500,x1_low__x2_high,-1.00002272331806,-0.4636998028947,-0.417433690637881,0,0
54,500,x1_low__x2_low,0.100030070179598,-0.211339270949015,0.533620589608804,1,1
55,40,x1_high__x2_high,0.300126087837715,0.287950466100082,0.176402930996015,0,0
55,40,x1_high__x2_low,1.39979332127445,1.16562150455001,1.1869167130009,0,0
55,40,x1_low__x2_high,-1.00025404062087,-0.879409879714054,-0.901738161952616,0,0
55,40,x1_low__x2_low,0.100244207692253,-0.00128914732525319,0.125869595685905,1,0
55,100,x1_high__x2_high,0.300126087837715,0.401694005193392,0.0453600851597383,0,0
55,100,x1_high__x2_low,1.39979332127445,1.03588681710778,1.07651503455812,0,0
55,100,x1_low__x2_high,-1.00025404062087,-0.750790161896821,-0.78422851801701,0,0
55,100,x1_low__x2_low,0.100244207692253,-0.120095756748894,0.250072646820987,1,1
55,250,x1_high__x2_high,0.300126087837715,0.514459303402317,-0.0968659834483962,1,0
55,250,x1_high__x2_low,1.39979332127445,0.893415135809125,0.903795423344316,0,0
55,250,x1_low__x2_high,-1.00025404062087,-0.629076079995958,-0.609321073631058,0,0
55,250,x1_low__x2_low,0.100244207692253,-0.220491374884701,0.387408781425845,1,1
55,500,x1_high__x2_high,0.300126087837715,0.537608179309445,-0.154399672711155,1,1
55,500,x1_high__x2_low,1.39979332127445,0.799244415124994,0.771508616743997,0,0
55,500,x1_low__x2_high,-1.00025404062087,-0.525035204763865,-0.486485213602484,0,0
55,500,x1_low__x2_low,0.100244207692253,-0.261773788013677,0.452215146537764,1,1
56,40,x1_high__x2_high,0.299555081175783,0.434621675411328,0.297050734928584,0,0
56,40,x1_high__x2_low,1.39998007041266,1.09025953690873,1.12621878158248,0,0
56,40,x1_low__x2_high,-1.00031926725937,-0.8704983279895,-0.887472624987783,0,0
56,40,x1_low__x2_low,0.099963184068758,0.0934563633087487,0.218333583862399,0,0
56,100,x1_high__x2_high,0.299555081175783,0.541098422285559,0.157329586665377,0,0
56,100,x1_high__x2_low,1.39998007041266,0.983954616106383,1.01697194582332,0,0
56,100,x1_low__x2_high,-1.00031926725937,-0.746948087857796,-0.770250734842666,0,0
56,100,x1_low__x2_low,0.099963184068758,-0.0432685622526373,0.330587663822689,1,0
56,250,x1_high__x2_high,0.299555081175783,0.624974796911317,-0.00322752592417988,1,0
56,250,x1_high__x2_low,1.39998007041266,0.875080519295175,0.871579753261876,0,0
56,250,x1_low__x2_high,-1.00031926725937,-0.596208979733112,-0.587054745861373,0,0
56,250,x1_low__x2_low,0.099963184068758,-0.176602072892184,0.447678671241323,1,1
56,500,x1_high__x2_high,0.299555081175783,0.621259753797476,-0.0644886700838953,1,0
56,500,x1_high__x2_low,1.39998007041266,0.800558796029897,0.765825744712042,0,0
56,500,x1_low__x2_high,-1.00031926725937,-0.497156983060263,-0.460204219390747,0,0
56,500,x1_low__x2_low,0.099963184068758,-0.199499047493656,0.483238342267916,1,1
57,40,x1_high__x2_high,0.300224548522999,0.389595938284087,0.256388786305385,0,0
57,40,x1_high__x2_low,1.3999626775539,1.17571246622174,1.18975898623384,0,0
57,40,x1_low__x2_high,-1.00025034032105,-0.861907298554492,-0.882616775797645,0,0
57,40,x1_low__x2_low,0.0997921177489866,0.127569922677445,0.257838695761438,0,0
57,100,x1_high__x2_high,0.300224548522999,0.503732622708348,0.121741036943869,0,0
57,100,x1_high__x2_low,1.3999626775539,1.06838486754473,1.08102133640438,0,0
57,100,x1_low__x2_high,-1.00025034032105,-0.744001264614849,-0.761954094414125,0,0
57,100,x1_low__x2_low,0.0997921177489866,0.00622878834879689,0.380334622365005,0,0
57,250,x1_high__x2_high,0.300224548522999,0.603341694366175,-0.0326176226463088,1,0
57,250,x1_high__x2_low,1.3999626775539,0.946373723415504,0.92588644207834,0,0
57,250,x1_low__x2_high,-1.00025034032105,-0.598926736256415,-0.602273336541735,0,0
57,250,x1_low__x2_low,0.0997921177489866,-0.123330040540291,0.512844977535625,1,1
57,500,x1_high__x2_high,0.300224548522999,0.630795944402844,-0.094408322822596,1,0
57,500,x1_high__x2_low,1.3999626775539,0.857539841727733,0.825090999087246,0,0
57,500,x1_low__x2_high,-1.00025034032105,-0.487067804735212,-0.473429524837567,0,0
57,500,x1_low__x2_low,0.0997921177489866,-0.169247537496854,0.540759711937348,1,1
58,40,x1_high__x2_high,0.299902257819453,0.406119036018471,0.291708378271963,0,0
58,40,x1_high__x2_low,1.39981400458385,1.21165854414295,1.22005722721976,0,0
58,40,x1_low__x2_high,-0.999709351071231,-0.841879610030939,-0.866608911929697,0,0
58,40,x1_low__x2_low,0.100172458345694,0.0446992119277822,0.166047252553192,0,0
58,100,x1_high__x2_high,0.299902257819453,0.516608517042935,0.162781853767364,0,0
58,100,x1_high__x2_low,1.39981400458385,1.09846148394268,1.09528403195704,0,0
58,100,x1_low__x2_high,-0.999709351071231,-0.721247055405824,-0.741961983236442,0,0
58,100,x1_low__x2_low,0.100172458345694,-0.0752486957481329,0.29213234902106,1,0
58,250,x1_high__x2_high,0.299902257819453,0.612297589950778,0.00914845686593814,0,0
58,250,x1_high__x2_low,1.39981400458385,0.968512100684092,0.926741827087004,0,0
58,250,x1_low__x2_high,-0.999709351071231,-0.581540929440983,-0.564922839706036,0,0
58,250,x1_low__x2_low,0.100172458345694,-0.186978341444062,0.420571341517171,1,1
58,500,x1_high__x2_high,0.299902257819453,0.635128939698254,-0.0530905643410281,1,0
58,500,x1_high__x2_low,1.39981400458385,0.869861355950575,0.81299051850663,0,0
58,500,x1_low__x2_high,-0.999709351071231,-0.477136436945813,-0.435073051693973,0,0
58,500,x1_low__x2_low,0.100172458345694,-0.217229988185258,0.465069627985898,1,1
59,40,x1_high__x2_high,0.300057030747666,0.415419225499932,0.291898437012365,0,0
59,40,x1_high__x2_low,1.40068833397221,1.20662747054405,1.24273991216765,0,0
59,40,x1_low__x2_high,-0.999531025573567,-0.904890423775084,-0.941342910695289,0,0
59,40,x1_low__x2_low,0.10004178898432,-0.0136281580853406,0.109772708189558,1,0
59,100,x1_high__x2_high,0.300057030747666,0.528566176427997,0.154744703046832,0,0
59,100,x1_high__x2_low,1.40068833397221,1.09174982790597,1.12684726436819,0,0
59,100,x1_low__x2_high,-0.999531025573567,-0.782696333730257,-0.816912648302861,0,0
59,100,x1_low__x2_low,0.10004178898432,-0.130901052122616,0.232492727763309,1,1
59,250,x1_high__x2_high,0.300057030747666,0.625657013858959,-0.00359792057535116,1,0
59,250,x1_high__x2_low,1.40068833397221,0.969820425338873,0.939159078282056,0,0
59,250,x1_low__x2_high,-0.999531025573567,-0.639365893611171,-0.628274601678257,0,0
59,250,x1_low__x2_low,0.10004178898432,-0.245854836456125,0.376790582365677,1,1
59,500,x1_high__x2_high,0.300057030747666,0.658820592390836,-0.0807772815118586,1,0
59,500,x1_high__x2_low,1.40068833397221,0.87534064137314,0.810384016597621,0,0
59,500,x1_low__x2_high,-0.999531025573567,-0.53758665326199,-0.490360818385111,0,0
59,500,x1_low__x2_low,0.10004178898432,-0.28126656166704,0.43415470854505,1,1
60,40,x1_high__x2_high,0.299947171732694,0.471820404131708,0.34853917461544,0,0
60,40,x1_high__x2_low,1.39981969135611,1.29545770699292,1.3179732521929,0,0
60,40,x1_low__x2_high,-0.999601729209766,-0.964471454900204,-0.976149658077359,0,0
60,40,x1_low__x2_low,0.0995685642148912,0.160085173919902,0.271539124981264,0,0
60,100,x1_high__x2_high,0.299947171732694,0.590915726548805,0.197717794405372,0,0
60,100,x1_high__x2_low,1.39981969135611,1.17927984877539,1.20185233561709,0,0
60,100,x1_low__x2_high,-0.999601729209766,-0.834608167784221,-0.839710456317338,0,0
60,100,x1_low__x2_low,0.0995685642148912,0.0229162447705548,0.39001061359437,0,0
60,250,x1_high__x2_high,0.299947171732694,0.687353035301211,0.0185663546697061,0,0
60,250,x1_high__x2_low,1.39981969135611,1.05451780606796,1.03174128061619,0,0
60,250,x1_low__x2_high,-0.999601729209766,-0.667315626862891,-0.660358495763241,0,0
60,250,x1_low__x2_low,0.0995685642148912,-0.126993713802112,0.532553855794982,1,1
60,500,x1_high__x2_high,0.299947171732694,0.719022634486219,-0.0591881002316601,1,0
60,500,x1_high__x2_low,1.39981969135611,0.960030506349178,0.912364664880696,0,0
60,500,x1_low__x2_high,-0.999601729209766,-0.552781081455485,-0.525893585508506,0,0
60,500,x1_low__x2_low,0.0995685642148912,-0.183699566929019,0.581411142823408,1,1
61,40,x1_high__x2_high,0.300051731793464,0.313078794393067,0.208591286471693,0,0
61,40,x1_high__x2_low,1.39994456508881,1.23983865002896,1.26734683254334,0,0
61,40,x1_low__x2_high,-1.00027104241554,-0.902029172542907,-0.925490500971965,0,0
61,40,x1_low__x2_low,0.0993963323997507,-0.0658989449844236,0.0476456879419565,1,0
61,100,x1_high__x2_high,0.300051731793464,0.438118698018602,0.0861830626893554,0,0
61,100,x1_high__x2_low,1.39994456508881,1.1137920298669,1.13983734311721,0,0
61,100,x1_low__x2_high,-1.00027104241554,-0.782033317273633,-0.80606773675238,0,0
61,100,x1_low__x2_low,0.0993963323997507,-0.184066739552867,0.175791220540105,1,1
61,250,x1_high__x2_high,0.300051731793464,0.55515144277343,-0.0573138282948602,1,0
61,250,x1_high__x2_low,1.39994456508881,0.970647726341308,0.962831793698767,0,0
61,250,x1_low__x2_high,-1.00027104241554,-0.651388936506496,-0.638705355811092,0,0
61,250,x1_low__x2_low,0.0993963323997507,-0.295774882972868,0.336096699099713,1,1
61,500,x1_high__x2_high,0.300051731793464,0.594487522142945,-0.13528149433445,1,1
61,500,x1_high__x2_low,1.39994456508881,0.866753546052389,0.822925518412506,0,0
61,500,x1_low__x2_high,-1.00027104241554,-0.558296917860883,-0.507452049694048,0,0
61,500,x1_low__x2_low,0.0993963323997507,-0.331548388507057,0.417030308164309,1,1
62,40,x1_high__x2_high,0.300735323888571,0.507521200191123,0.392742893683535,0,0
62,40,x1_high__x2_low,1.39980759656247,1.17574798243962,1.22675543952902,0,0
62,40,x1_low__x2_high,-0.999945580706533,-0.805400449944469,-0.834397679118922,0,0
62,40,x1_low__x2_low,0.0998525514582246,-0.0197541831499401,0.0858410441536914,1,0
62,100,x1_high__x2_high,0.300735323888571,0.603810243745112,0.26498960769958,0,0
62,100,x1_high__x2_low,1.39980759656247,1.07163069903879,1.11678585211869,0,0
62,100,x1_low__x2_high,-0.999945580706533,-0.689637904394048,-0.713851468976145,0,0
62,100,x1_low__x2_low,0.0998525514582246,-0.135939647494988,0.207123263519693,1,1
62,250,x1_high__x2_high,0.300735323888571,0.689811931152628,0.109752794009017,0,0
62,250,x1_high__x2_low,1.39980759656247,0.961846544622929,0.946395797752803,0,0
62,250,x1_low__x2_high,-0.999945580706533,-0.566956799722713,-0.519895751939411,0,0
62,250,x1_low__x2_low,0.0998525514582246,-0.226309646495643,0.349328782621589,1,1
62,500,x1_high__x2_high,0.300735323888571,0.704625347485877,0.0376710779944487,0,0
62,500,x1_high__x2_low,1.39980759656247,0.888104279608142,0.818461877147053,0,0
62,500,x1_low__x2_high,-0.999945580706533,-0.480842982480209,-0.376663044801739,0,0
62,500,x1_low__x2_low,0.0998525514582246,-0.260202485690633,0.427857667217806,1,1
63,40,x1_high__x2_high,0.300038021991932,0.300574678974733,0.171887524990094,0,0
63,40,x1_high__x2_low,1.39961233843421,1.27208429098498,1.26869960716987,0,0
63,40,x1_low__x2_high,-1.0008690417412,-0.8386937354707,-0.849128602830217,0,0
63,40,x1_low__x2_low,0.100210566284266,0.126522144197547,0.251877165794186,0,0
63,100,x1_high__x2_high,0.300038021991932,0.429407889879104,0.039945965714661,0,0
63,100,x1_high__x2_low,1.39961233843421,1.14089743128227,1.13698371608568,0,0
63,100,x1_low__x2_high,-1.0008690417412,-0.708122401872323,-0.719762089460802,0,0
63,100,x1_low__x2_low,0.100210566284266,0.00870327607674134,0.36952673688917,0,0
63,250,x1_high__x2_high,0.300038021991932,0.551299340465044,-0.0815023723581507,1,0
63,250,x1_high__x2_low,1.39961233843421,0.995012256831978,0.983568924710815,0,0
63,250,x1_low__x2_high,-1.0008690417412,-0.55351818442895,-0.558539058070486,0,0
63,250,x1_low__x2_low,0.100210566284266,-0.108015389692566,0.496358016344929,1,1
63,500,x1_high__x2_high,0.300038021991932,0.58917725694028,-0.141707933977773,1,1
63,500,x1_high__x2_low,1.39961233843421,0.891122326284885,0.857747227029564,0,0
63,500,x1_low__x2_high,-1.0008690417412,-0.439874101508973,-0.429505780513541,0,0
63,500,x1_low__x2_low,0.100210566284266,-0.1465016552182,0.54991183777958,1,1
64,40,x1_high__x2_high,0.299923388720396,0.513093592447363,0.397778623122932,0,0
64,40,x1_high__x2_low,1.40048343043324,1.2697869613933,1.30618418851568,0,0
64,40,x1_low__x2_high,-1.00009467789749,-0.706902916112011,-0.746349481373426,0,0
64,40,x1_low__x2_low,0.0992108391892572,-0.140806633922215,-0.026865176150401,0,0
64,100,x1_high__x2_high,0.299923388720396,0.62259290097685,0.257336483022118,0,0
64,100,x1_high__x2_low,1.40048343043324,1.15631708851603,1.17280350865963,0,0
64,100,x1_low__x2_high,-1.00009467789749,-0.60559699948085,-0.613968560898817,0,0
64,100,x1_low__x2_low,0.0992108391892572,-0.242149216567889,0.110477440016105,1,1
64,250,x1_high__x2_high,0.299923388720396,0.720955241930084,0.107757427738825,0,0
64,250,x1_high__x2_low,1.40048343043324,1.03271700648589,0.970295527484327,0,0
64,250,x1_low__x2_high,-1.00009467789749,-0.520698452235669,-0.448495528291877,0,0
64,250,x1_low__x2_low,0.0992108391892572,-0.300340088336459,0.282597007782329,1,1
64,500,x1_high__x2_high,0.299923388720396,0.74037695655537,0.0582213005210962,0,0
64,500,x1_high__x2_low,1.40048343043324,0.951221764648433,0.820225303809513,0,0
64,500,x1_low__x2_high,-1.00009467789749,-0.44817235914763,-0.326264882570979,0,0
64,500,x1_low__x2_low,0.0992108391892572,-0.305569438199012,0.359854687610208,1,1
65,40,x1_high__x2_high,0.299682416371453,0.465809968819261,0.352163140675861,0,0
65,40,x1_high__x2_low,1.40035709535193,1.34188535137378,1.37639121237964,0,0
65,40,x1_low__x2_high,-1.00019148146677,-0.846575565618608,-0.887408230175349,0,0
65,40,x1_low__x2_low,0.100223218665504,-0.0409774039259668,0.076867813055021,1,0
65,100,x1_high__x2_high,0.299682416371453,0.584895794051035,0.232425968145366,0,0
65,100,x1_high__x2_low,1.40035709535193,1.2178899052429,1.24924967505062,0,0
65,100,x1_low__x2_high,-1.00019148146677,-0.724704086806991,-0.769501157890244,0,0
65,100,x1_low__x2_low,0.100223218665504,-0.156636461368106,0.205662009372376,1,1
65,250,x1_high__x2_high,0.299682416371453,0.70262299660753,0.0698861766822286,0,0
65,250,x1_high__x2_low,1.40035709535193,1.07477118513459,1.05336180160945,0,0
65,250,x1_low__x2_high,-1.00019148146677,-0.58941268089352,-0.581237368951399,0,0
65,250,x1_low__x2_low,0.100223218665504,-0.262390401800138,0.365838925560351,1,1
65,500,x1_high__x2_high,0.299682416371453,0.72352101914644,-0.00633534154946601,1,0
65,500,x1_high__x2_low,1.40035709535193,0.97824242844728,0.900651183860945,0,0
65,500,x1_low__x2_high,-1.00019148146677,-0.510361808141884,-0.432750645357802,0,0
65,500,x1_low__x2_low,0.100223218665504,-0.271572382626657,0.449223612563742,1,1
66,40,x1_high__x2_high,0.300362108465409,0.0876112129328135,-0.0314147770638208,1,0
66,40,x1_high__x2_low,1.39990755066291,1.27980330179128,1.27713520087481,0,0
66,40,x1_low__x2_high,-1.00036838593796,-0.736659655393684,-0.735708459306231,0,0
66,40,x1_low__x2_low,0.0999763809699626,0.151514120336945,0.267344575283429,0,0
66,100,x1_high__x2_high,0.300362108465409,0.224281800164523,-0.141894971497956,1,1
66,100,x1_high__x2_low,1.39990755066291,1.14780874685542,1.15098735170316,0,0
66,100,x1_low__x2_high,-1.00036838593796,-0.609531820733157,-0.632275842093767,0,0
66,100,x1_low__x2_low,0.0999763809699626,0.0363714990451457,0.379542034258633,0,0
66,250,x1_high__x2_high,0.300362108465409,0.390576098592357,-0.22742294164872,1,1
66,250,x1_high__x2_low,1.39990755066291,0.965663307351043,0.998106998011429,0,0
66,250,x1_low__x2_high,-1.00036838593796,-0.473738230378953,-0.52536781106051,0,0
66,250,x1_low__x2_low,0.0999763809699626,-0.0680798272386126,0.49736212614733,1,0
66,500,x1_high__x2_high,0.300362108465409,0.450423645975468,-0.242984665722336,1,1
66,500,x1_high__x2_low,1.39990755066291,0.844984164314679,0.872475262346125,0,0
66,500,x1_low__x2_high,-1.00036838593796,-0.379506249295026,-0.441999496074333,0,0
66,500,x1_low__x2_low,0.0999763809699626,-0.0975688619173819,0.554516440344292,1,0
67,40,x1_high__x2_high,0.300082831925661,0.37348531823287,0.265594394153427,0,0
67,40,x1_high__x2_low,1.40017831893087,1.21201807062857,1.24335778120686,0,0
67,40,x1_low__x2_high,-1.00040808422713,-0.783014915815614,-0.823368216401957,0,0
67,40,x1_low__x2_low,0.0997888388753797,0.0272391601531211,0.155887901344608,0,0
67,100,x1_high__x2_high,0.300082831925661,0.497311375478435,0.135673536577805,0,0
67,100,x1_high__x2_low,1.40017831893087,1.08530665319701,1.12701216928306,0,0
67,100,x1_low__x2_high,-1.00040808422713,-0.670062816035005,-0.702856468020601,0,0
67,100,x1_low__x2_low,0.0997888388753797,-0.0892815977119645,0.278949821069195,1,0
67,250,x1_high__x2_high,0.300082831925661,0.6045395339117,-0.00121922977147525,1,0
67,250,x1_high__x2_low,1.40017831893087,0.951511902609818,0.953205193168051,0,0
67,250,x1_low__x2_high,-1.00040808422713,-0.543081407384764,-0.526671809685076,0,0
67,250,x1_low__x2_low,0.0997888388753797,-0.199220626166562,0.422240097338568,1,1
67,500,x1_high__x2_high,0.300082831925661,0.621203757120861,-0.0530752508639835,1,0
67,500,x1_high__x2_low,1.40017831893087,0.866200361256221,0.827322632681338,0,0
67,500,x1_low__x2_high,-1.00040808422713,-0.45262804212302,-0.406075220147886,0,0
67,500,x1_low__x2_low,0.0997888388753797,-0.219169375690613,0.477011323145838,1,1
68,40,x1_high__x2_high,0.299800276948064,0.352099270778265,0.227035207752013,0,0
68,40,x1_high__x2_low,1.40001279965571,1.41031271418366,1.42696715719054,0,0
68,40,x1_low__x2_high,-1.00049518671075,-0.930997094600614,-0.940265813727914,0,0
68,40,x1_low__x2_low,0.100250953074551,0.0923465219560668,0.208693277451176,0,0
68,100,x1_high__x2_high,0.299800276948064,0.488926293700446,0.0865102252628347,0,0
68,100,x1_high__x2_low,1.40001279965571,1.28414298783033,1.29619217864198,0,0
68,100,x1_low__x2_high,-1.00049518671075,-0.809387142987976,-0.816550232187007,0,0
68,100,x1_low__x2_low,0.100250953074551,-0.0375297561128573,0.337170103283991,1,0
68,250,x1_high__x2_high,0.299800276948064,0.632061446543503,-0.063147343098658,1,0
68,250,x1_high__x2_low,1.40001279965571,1.11075587470168,1.10077055136288,0,0
68,250,x1_low__x2_high,-1.00049518671075,-0.649210766288082,-0.650029274152207,0,0
68,250,x1_low__x2_low,0.100250953074551,-0.18038315499218,0.498541785051033,1,1
68,500,x1_high__x2_high,0.299800276948064,0.663877008074332,-0.139569716904239,1,1
68,500,x1_high__x2_low,1.40001279965571,1.00447063314877,0.960562549474946,0,0
68,500,x1_low__x2_high,-1.00049518671075,-0.542835136669947,-0.522755836482339,0,0
68,500,x1_low__x2_low,0.100250953074551,-0.228728137252924,0.565176959487414,1,1
69,40,x1_high__x2_high,0.299814776220702,0.296407597095946,0.175404876970704,0,0
69,40,x1_high__x2_low,1.40054473734782,1.24907834152926,1.27044733009937,0,0
69,40,x1_low__x2_high,-1.00014884198397,-0.692402829143793,-0.729194667577708,0,0
69,40,x1_low__x2_low,0.0996736939918559,-0.122836514830769,0.0190130713679912,1,0
69,100,x1_high__x2_high,0.299814776220702,0.421461827546675,0.0566206869997348,0,0
69,100,x1_high__x2_low,1.40054473734782,1.11568252693282,1.13383125554186,0,0
69,100,x1_low__x2_high,-1.00014884198397,-0.590734310772741,-0.620168473446678,0,0
69,100,x1_low__x2_low,0.0996736939918559,-0.222289454992291,0.168343064996425,1,1
69,250,x1_high__x2_high,0.299814776220702,0.545724566266246,-0.049178562435556,1,0
69,250,x1_high__x2_low,1.40054473734782,0.959217122689785,0.95467618893672,0,0
69,250,x1_low__x2_high,-1.00014884198397,-0.509980401761674,-0.480182718015709,0,0
69,250,x1_low__x2_low,0.0996736939918559,-0.279890514196486,0.324781853521767,1,1
69,500,x1_high__x2_high,0.299814776220702,0.570202403008517,-0.0804294597571692,1,0
69,500,x1_high__x2_low,1.40054473734782,0.86430070648952,0.811193753477766,0,0
69,500,x1_low__x2_high,-1.00014884198397,-0.434846853197328,-0.37309645363856,0,0
69,500,x1_low__x2_low,0.0996736939918559,-0.279738917575975,0.394450024433866,1,1
70,40,x1_high__x2_high,0.299902385579182,0.340881133468232,0.204179876011652,0,0
70,40,x1_high__x2_low,1.3997893043698,1.22315872397932,1.25799161970116,0,0
70,40,x1_low__x2_high,-1.00015394210401,-0.904479323914966,-0.934694894721584,0,0
70,40,x1_low__x2_low,0.100031064382893,0.0355362275965302,0.159004070465328,0,0
70,100,x1_high__x2_high,0.299902385579182,0.467427108586767,0.0714146696856251,0,0
70,100,x1_high__x2_low,1.3997893043698,1.10847855266745,1.14784840115328,0,0
70,100,x1_low__x2_high,-1.00015394210401,-0.76895217263292,-0.808369064384297,0,0
70,100,x1_low__x2_low,0.100031064382893,-0.10340382505035,0.284044561679,1,1
70,250,x1_high__x2_high,0.299902385579182,0.580991668766731,-0.0782662729627946,1,0
70,250,x1_high__x2_low,1.3997893043698,0.975642483268322,0.977199529733613,0,0
70,250,x1_low__x2_high,-1.00015394210401,-0.624788256616963,-0.634263547394866,0,0
70,250,x1_low__x2_low,0.100031064382893,-0.2169442919059,0.432306177005738,1,1
70,500,x1_high__x2_high,0.299902385579182,0.621610769349173,-0.130182285789,1,1
70,500,x1_high__x2_low,1.3997893043698,0.885093317840056,0.85375606575491,0,0
70,500,x1_low__x2_high,-1.00015394210401,-0.525427858596743,-0.508697572980552,0,0
70,500,x1_low__x2_low,0.100031064382893,-0.261346933793201,0.490725357078418,1,1
71,40,x1_high__x2_high,0.300222324794305,0.394259390820387,0.277510313287019,0,0
71,40,x1_high__x2_low,1.39953400570363,1.21994235907285,1.24087170754044,0,0
71,40,x1_low__x2_high,-0.999663738699871,-0.745314886554012,-0.76320383305201,0,0
71,40,x1_low__x2_low,0.0998523055410299,0.0359424700438381,0.134421771505825,0,0
71,100,x1_high__x2_high,0.300222324794305,0.501132136499963,0.137715256374339,0,0
71,100,x1_high__x2_low,1.39953400570363,1.12119969469534,1.13391065628586,0,0
71,100,x1_low__x2_high,-0.999663738699871,-0.647654106979589,-0.64679788748173,0,0
71,100,x1_low__x2_low,0.0998523055410299,-0.0702228229277487,0.260774406000454,1,0
71,250,x1_high__x2_high,0.300222324794305,0.609649114065774,-0.00621646701766458,1,0
71,250,x1_high__x2_low,1.39953400570363,0.99355400714143,0.968168427278017,0,0
71,250,x1_low__x2_high,-0.999663738699871,-0.52684824450646,-0.488632266660973,0,0
71,250,x1_low__x2_low,0.0998523055410299,-0.169625408622741,0.411603330972314,1,1
71,500,x1_high__x2_high,0.300222324794305,0.638085387277735,-0.0548754695779499,1,0
71,500,x1_high__x2_low,1.39953400570363,0.90367775507972,0.839353523035262,0,0
71,500,x1_low__x2_high,-0.999663738699871,-0.437055490566797,-0.380523544060104,0,0
71,500,x1_low__x2_low,0.0998523055410299,-0.200765215545474,0.480236759036067,1,1
72,40,x1_high__x2_high,0.299878990761443,0.392617269664838,0.283238108757048,0,0
72,40,x1_high__x2_low,1.39997786213497,1.12042751381361,1.13353646489767,0,0
72,40,x1_low__x2_high,-1.00017686453907,-0.905473643748854,-0.936824851881406,0,0
72,40,x1_low__x2_low,0.100042011949679,0.0218227583166896,0.150400700343152,0,0
72,100,x1_high__x2_high,0.299878990761443,0.498392138932395,0.157808317177242,0,0
72,100,x1_high__x2_low,1.39997786213497,1.00557551843398,1.02757830780086,0,0
72,100,x1_low__x2_high,-1.00017686453907,-0.79027379734847,-0.820591024947438,0,0
72,100,x1_low__x2_low,0.100042011949679,-0.0987387630459173,0.27134974770199,1,0
72,250,x1_high__x2_high,0.299878990761443,0.59168973366408,0.0060825719220375,0,0
72,250,x1_high__x2_low,1.39997786213497,0.885370533209707,0.881105896550211,0,0
72,250,x1_low__x2_high,-1.00017686453907,-0.648052370683277,-0.640342266293797,0,0
72,250,x1_low__x2_low,0.100042011949679,-0.212427144919923,0.386179598742524,1,1
72,500,x1_high__x2_high,0.299878990761443,0.605882597587236,-0.073054492989376,1,0
72,500,x1_high__x2_low,1.39997786213497,0.804384592969237,0.756208661041674,0,0
72,500,x1_low__x2_high,-1.00017686453907,-0.539537646178006,-0.491974992263056,0,0
72,500,x1_low__x2_low,0.100042011949679,-0.247253829307897,0.450542190769969,1,1
73,40,x1_high__x2_high,0.299978480744055,0.396344806844336,0.276008536934192,0,0
73,40,x1_high__x2_low,1.40010169502598,1.29057310125723,1.34001107858754,0,0
73,40,x1_low__x2_high,-0.999651801848221,-0.807198751901145,-0.841912379162871,0,0
73,40,x1_low__x2_low,0.100229965023053,0.0204406656452759,0.126262203842007,0,0
73,100,x1_high__x2_high,0.299978480744055,0.513660104895744,0.156123487766589,0,0
73,100,x1_high__x2_low,1.40010169502598,1.16360810384154,1.22180623125018,0,0
73,100,x1_low__x2_high,-0.999651801848221,-0.674553242751935,-0.715700785683777,0,0
73,100,x1_low__x2_low,0.100229965023053,-0.0973442900785926,0.255481978990415,1,0
73,250,x1_high__x2_high,0.299978480744055,0.631854679228093,0.0303254507830972,0,0
73,250,x1_high__x2_low,1.40010169502598,1.01351103845357,1.03496846534185,0,0
73,250,x1_low__x2_high,-0.999651801848221,-0.540485393273273,-0.542801063007724,0,0
73,250,x1_low__x2_low,0.100229965023053,-0.196080994560018,0.407898271303145,1,1
73,500,x1_high__x2_high,0.299978480744055,0.670646922171999,-0.0275454041467299,1,0
73,500,x1_high__x2_low,1.40010169502598,0.908265726055727,0.890816348541833,0,0
73,500,x1_low__x2_high,-0.999651801848221,-0.44175066928872,-0.400898942001178,0,0
73,500,x1_low__x2_low,0.100229965023053,-0.222509752811699,0.476277733937819,1,1
74,40,x1_high__x2_high,0.299492583716784,0.328097295893592,0.197319022725128,0,0
74,40,x1_high__x2_low,1.40002650210497,1.21827769671842,1.24251466719903,0,0
74,40,x1_low__x2_high,-1.00014842461407,-0.842559369542429,-0.857447436824152,0,0
74,40,x1_low__x2_low,0.0993993920035778,-0.0495750117310211,0.0693679865465555,1,0
74,100,x1_high__x2_high,0.299492583716784,0.446997997943155,0.0648983851255487,0,0
74,100,x1_high__x2_low,1.40002650210497,1.10899114310646,1.11964057374069,0,0
74,100,x1_low__x2_high,-1.00014842461407,-0.722567070910809,-0.746328827367766,0,0
74,100,x1_low__x2_low,0.0993993920035778,-0.170546362634337,0.203042559361955,1,1
74,250,x1_high__x2_high,0.299492583716784,0.570324216518209,-0.0765446845194462,1,0
74,250,x1_high__x2_low,1.40002650210497,0.970896270999983,0.94991260817189,0,0
74,250,x1_low__x2_high,-1.00014842461407,-0.606441316520835,-0.581599406860065,0,0
74,250,x1_low__x2_low,0.0993993920035778,-0.270789714869437,0.35992762729774,1,1
74,500,x1_high__x2_high,0.299492583716784,0.594248035260266,-0.129382787079898,1,1
74,500,x1_high__x2_low,1.40002650210497,0.879119671677354,0.818650329363334,0,0
74,500,x1_low__x2_high,-1.00014842461407,-0.518879469655291,-0.468320712891102,0,0
74,500,x1_low__x2_low,0.0993993920035778,-0.286410206928005,0.434820812543129,1,1
75,40,x1_high__x2_high,0.300232773066269,0.446288704143778,0.331885845627896,0,0
75,40,x1_high__x2_low,1.39953806599334,1.37657114263968,1.4046846367911,0,0
75,40,x1_low__x2_high,-1.00039702633661,-0.98519877413394,-1.00166323548754,0,0
75,40,x1_low__x2_low,0.0998647127322149,0.200437451861647,0.309325911764054,0,0
75,100,x1_high__x2_high,0.300232773066269,0.564050579682066,0.191403994228383,0,0
75,100,x1_high__x2_low,1.39953806599334,1.26025825771695,1.29242853902095,0,0
75,100,x1_low__x2_high,-1.00039702633661,-0.841264302484233,-0.861819836406464,0,0
75,100,x1_low__x2_low,0.0998647127322149,0.0570106661954848,0.441653960951475,0,0
75,250,x1_high__x2_high,0.300232773066269,0.685662718888977,0.029228619750777,0,0
75,250,x1_high__x2_low,1.39953806599334,1.11020051279772,1.12676274127119,0,0
75,250,x1_low__x2_high,-1.00039702633661,-0.664417624712732,-0.655383287345338,0,0
75,250,x1_low__x2_low,0.0998647127322149,-0.0986735205676635,0.590163412402707,1,0
75,500,x1_high__x2_high,0.300232773066269,0.732887544293552,-0.0489895080305452,1,0
75,500,x1_high__x2_low,1.39953806599334,1.00686594549348,1.00536629670563,0,0
75,500,x1_low__x2_high,-1.00039702633661,-0.53770539871655,-0.503228382379652,0,0
75,500,x1_low__x2_low,0.0998647127322149,-0.157196160538258,0.656842012172276,1,1
76,40,x1_high__x2_high,0.300589836260451,0.481508489662166,0.36627542984386,0,0
76,40,x1_high__x2_low,1.40015933972469,1.17651088849151,1.21724918415331,0,0
76,40,x1_low__x2_high,-1.0000412226285,-0.828144801098289,-0.881367416409515,0,0
76,40,x1_low__x2_low,0.0998767270483053,-0.0833474528874559,0.0344631711102446,1,0
76,100,x1_high__x2_high,0.300589836260451,0.583851854244282,0.23252508313289,0,0
76,100,x1_high__x2_low,1.40015933972469,1.07271260365506,1.10363260431699,0,0
76,100,x1_low__x2_high,-1.0000412226285,-0.709811151380468,-0.750363311350218,0,0
76,100,x1_low__x2_low,0.0998767270483053,-0.185904029558131,0.153513686774917,1,1
76,250,x1_high__x2_high,0.300589836260451,0.664981558171389,0.0819177794556739,0,0
76,250,x1_high__x2_low,1.40015933972469,0.960146201391547,0.9251609845943,0,0
76,250,x1_low__x2_high,-1.0000412226285,-0.579971689225248,-0.548504308485855,0,0
76,250,x1_low__x2_low,0.0998767270483053,-0.28096099948834,0.303761497239866,1,1
76,500,x1_high__x2_high,0.300589836260451,0.687112590397911,0.0228653647823552,0,0
76,500,x1_high__x2_low,1.40015933972469,0.879809548777321,0.778096912741582,0,0
76,500,x1_low__x2_high,-1.0000412226285,-0.493288837212461,-0.401611866644631,0,0
76,500,x1_low__x2_low,0.0998767270483053,-0.296398717252095,0.3743193069659,1,1
77,40,x1_high__x2_high,0.300550113339794,0.412524588618475,0.305698478081538,0,0
77,40,x1_high__x2_low,1.40034255855686,1.13855320729764,1.17416391733928,0,0
77,40,x1_low__x2_high,-1.00022612060332,-0.797034288086932,-0.844191088518314,0,0
77,40,x1_low__x2_low,0.0999037502501606,-0.0134063428294845,0.116318589517537,1,0
77,100,x1_high__x2_high,0.300550113339794,0.522264759601481,0.18249261605004,0,0
77,100,x1_high__x2_low,1.40034255855686,1.01594104515278,1.05615920691944,0,0
77,100,x1_low__x2_high,-1.00022612060332,-0.684199284117611,-0.730014146795109,0,0
77,100,x1_low__x2_low,0.0999037502501606,-0.130593982317302,0.240384515655481,1,1
77,250,x1_high__x2_high,0.300550113339794,0.609432915054557,0.0209071328638647,0,0
77,250,x1_high__x2_low,1.40034255855686,0.902725092099869,0.889479445051978,0,0
77,250,x1_low__x2_high,-1.00022612060332,-0.562573101659491,-0.558491564748828,0,0
77,250,x1_low__x2_low,0.0999037502501606,-0.239554350434791,0.382364172763341,1,1
77,500,x1_high__x2_high,0.300550113339794,0.637421708048761,-0.0528269822298792,1,0
77,500,x1_high__x2_low,1.40034255855686,0.822285049548445,0.773623208436495,0,0
77,500,x1_low__x2_high,-1.00022612060332,-0.482820388445788,-0.425468018904038,0,0
77,500,x1_low__x2_low,0.0999037502501606,-0.269296479625705,0.429302320741363,1,1
78,40,x1_high__x2_high,0.299778582776505,0.355999183453304,0.249066008191001,0,0
78,40,x1_high__x2_low,1.4002267074503,1.32307881571322,1.35656241958157,0,0
78,40,x1_low__x2_high,-1.00055341970574,-0.745096325052821,-0.796446178145184,0,0
78,40,x1_low__x2_low,0.100166985488668,-0.0304740689496873,0.0944864119669817,1,0
78,100,x1_high__x2_high,0.299778582776505,0.482269108867997,0.137505045350439,0,0
78,100,x1_high__x2_low,1.4002267074503,1.19601144150346,1.23113558908439,0,0
78,100,x1_low__x2_high,-1.00055341970574,-0.640226220946553,-0.70523134015137,0,0
78,100,x1_low__x2_low,0.100166985488668,-0.139826165485257,0.242336339157272,1,1
78,250,x1_high__x2_high,0.299778582776505,0.606281366590498,-0.00974078961902295,1,0
78,250,x1_high__x2_low,1.4002267074503,1.04966698807914,1.05375643727713,0,0
78,250,x1_low__x2_high,-1.00055341970574,-0.537516068071025,-0.536717963873936,0,0
78,250,x1_low__x2_low,0.100166985488668,-0.227107692346837,0.404826503603684,1,1
78,500,x1_high__x2_high,0.299778582776505,0.642979221266428,-0.0630742338231306,1,0
78,500,x1_high__x2_low,1.4002267074503,0.953294251718299,0.912813127532537,0,0
78,500,x1_low__x2_high,-1.00055341970574,-0.458730152555366,-0.414427441203929,0,0
78,500,x1_low__x2_low,0.100166985488668,-0.246430171796371,0.483041323965149,1,1
79,40,x1_high__x2_high,0.299708714993645,0.268080887713323,0.152452765274417,0,0
79,40,x1_high__x2_low,1.39930373839746,1.28745869133584,1.31897696030058,0,0
79,40,x1_low__x2_high,-0.999419370451044,-0.885437693316567,-0.911691037885887,0,0
79,40,x1_low__x2_low,0.100069239255947,-0.0739899541782604,0.0439227270761074,1,0
79,100,x1_high__x2_high,0.299708714993645,0.388058633285025,0.0432790437002622,0,0
79,100,x1_high__x2_low,1.39930373839746,1.16505466793551,1.18704627430481,0,0
79,100,x1_low__x2_high,-0.999419370451044,-0.77293629578409,-0.806833260093753,0,0
79,100,x1_low__x2_low,0.100069239255947,-0.196440489653908,0.183058815716212,1,1
79,250,x1_high__x2_high,0.299708714993645,0.531382076385295,-0.0985781090968334,1,0
79,250,x1_high__x2_low,1.39930373839746,0.982921731760876,1.00027132809073,0,0
79,250,x1_low__x2_high,-0.999419370451044,-0.644685132583839,-0.62775873696577,0,0
79,250,x1_low__x2_low,0.100069239255947,-0.29723249761108,0.344985749197044,1,1
79,500,x1_high__x2_high,0.299708714993645,0.570346252736898,-0.151084081449583,1,1
79,500,x1_high__x2_low,1.39930373839746,0.881142152635811,0.852015271210013,0,0
79,500,x1_low__x2_high,-0.999419370451044,-0.560845947602685,-0.503306715588685,0,0
79,500,x1_low__x2_low,0.100069239255947,-0.323091942831782,0.419695031232364,1,1
80,40,x1_high__x2_high,0.299870994025819,0.229307170213144,0.105012187750583,0,0
80,40,x1_high__x2_low,1.39937880709413,1.25790064051035,1.24394131574816,0,0
80,40,x1_low__x2_high,-0.999657422678976,-0.905361905512415,-0.885735167053357,0,0
80,40,x1_low__x2_low,0.100125711847966,0.161297181275033,0.290680459209734,0,0
80,100,x1_high__x2_high,0.299870994025819,0.348804680246558,-0.0176328385312523,1,0
80,100,x1_high__x2_low,1.39937880709413,1.14163719624216,1.12361063084088,0,0
80,100,x1_low__x2_high,-0.999657422678976,-0.782659160505632,-0.757378388056493,0,0
80,100,x1_low__x2_low,0.100125711847966,0.0364343294909609,0.413336902403697,0,0
80,250,x1_high__x2_high,0.299870994025819,0.473377305843426,-0.148334283962136,1,1
80,250,x1_high__x2_low,1.39937880709413,0.9718934335539,0.97623701076524,0,0
80,250,x1_low__x2_high,-0.999657422678976,-0.618058740105917,-0.593280768658032,0,0
80,250,x1_low__x2_low,0.100125711847966,-0.09432191587643,0.532200750943647,1,0
80,500,x1_high__x2_high,0.299870994025819,0.521860392530555,-0.196813919570423,1,1
80,500,x1_high__x2_low,1.39937880709413,0.855685842961587,0.863737000851083,0,0
80,500,x1_low__x2_high,-0.999657422678976,-0.489593228298928,-0.482294290692245,0,0
80,500,x1_low__x2_low,0.100125711847966,-0.15785763836364,0.578749358655678,1,1
81,40,x1_high__x2_high,0.299884483717674,0.378837995774344,0.276917191220192,0,0
81,40,x1_high__x2_low,1.40000138098068,1.24639015483445,1.28310687543602,0,0
81,40,x1_low__x2_high,-1.00038689843155,-0.984498026834468,-1.03122521312471,0,0
81,40,x1_low__x2_low,0.100040606711626,-0.049980683365384,0.0665058832726533,1,0
81,100,x1_high__x2_high,0.299884483717674,0.497421775707215,0.147384178853808,0,0
81,100,x1_high__x2_low,1.40000138098068,1.10798616612031,1.15630134427844,0,0
81,100,x1_low__x2_high,-1.00038689843155,-0.849862190091696,-0.902673714855014,0,0
81,100,x1_low__x2_low,0.100040606711626,-0.178140970812859,0.196265893766784,1,1
81,250,x1_high__x2_high,0.299884483717674,0.61036892362249,-0.00907323697354163,1,0
81,250,x1_high__x2_low,1.40000138098068,0.96218453550016,0.962512111834528,0,0
81,250,x1_low__x2_high,-1.00038689843155,-0.708223045097484,-0.70019241598323,0,0
81,250,x1_low__x2_low,0.100040606711626,-0.287962210672881,0.357579318785929,1,1
81,500,x1_high__x2_high,0.299884483717674,0.631111424167811,-0.0851264021782756,1,0
81,500,x1_high__x2_low,1.40000138098068,0.874736736422433,0.80995066992756,0,0
81,500,x1_low__x2_high,-1.00038689843155,-0.606555811535038,-0.541323009989446,0,0
81,500,x1_low__x2_low,0.100040606711626,-0.32529148330506,0.432819561661437,1,1
82,40,x1_high__x2_high,0.300239310563986,0.419084066784264,0.293721001131962,0,0
82,40,x1_high__x2_low,1.39996384715231,1.14187785798991,1.17014708730269,0,0
82,40,x1_low__x2_high,-0.999904748891371,-0.826386067407585,-0.852265065306402,0,0
82,40,x1_low__x2_low,0.100233323724318,-0.0328887218859391,0.0922835274491666,1,0
82,100,x1_high__x2_high,0.300239310563986,0.528936106281009,0.17676090383533,0,0
82,100,x1_high__x2_low,1.39996384715231,1.03758142647432,1.05723935252102,0,0
82,100,x1_low__x2_high,-0.999904748891371,-0.705749839067497,-0.73991412794712,0,0
82,100,x1_low__x2_low,0.100233323724318,-0.149459400234269,0.226755816939885,1,1
82,250,x1_high__x2_high,0.300239310563986,0.622533848338516,0.0228185827774981,0,0
82,250,x1_high__x2_low,1.39996384715231,0.921993274041789,0.909347811913908,0,0
82,250,x1_low__x2_high,-0.999904748891371,-0.588310379182576,-0.560263282163215,0,0
82,250,x1_low__x2_low,0.100233323724318,-0.239084065202515,0.355473405306976,1,1
82,500,x1_high__x2_high,0.300239310563986,0.636047838656584,-0.047663811284385,1,0
82,500,x1_high__x2_low,1.39996384715231,0.842261306176752,0.782469630138692,0,0
82,500,x1_low__x2_high,-0.999904748891371,-0.494600773457558,-0.426332573624022,0,0
82,500,x1_low__x2_low,0.100233323724318,-0.268772988604779,0.43066419443191,1,1
83,40,x1_high__x2_high,0.300215458297239,0.327668981224095,0.222682889343578,0,0
83,40,x1_high__x2_low,1.40006902336275,1.22269487292001,1.23821784999226,0,0
83,40,x1_low__x2_high,-0.999273345068229,-0.800786486829501,-0.826363066636442,0,0
83,40,x1_low__x2_low,0.100350413654584,0.0418970146619072,0.169026635576466,0,0
83,100,x1_high__x2_high,0.300215458297239,0.454589270151341,0.0945844129634329,0,0
83,100,x1_high__x2_low,1.40006902336275,1.09503045494631,1.12792349895852,0,0
83,100,x1_low__x2_high,-0.999273345068229,-0.688273852219953,-0.693859443734442,0,0
83,100,x1_low__x2_low,0.100350413654584,-0.0736050402545222,0.295958295124396,1,0
83,250,x1_high__x2_high,0.300215458297239,0.551206858622756,-0.0268352822791665,1,0
83,250,x1_high__x2_low,1.40006902336275,0.959202740640972,0.962119723480123,0,0
83,250,x1_low__x2_high,-0.999273345068229,-0.553661480570624,-0.532651519729066,0,0
83,250,x1_low__x2_low,0.100350413654584,-0.167212694904123,0.440676945139242,1,1
83,500,x1_high__x2_high,0.300215458297239,0.589470885098193,-0.0798726789505478,1,0
83,500,x1_high__x2_low,1.40006902336275,0.847677592590809,0.830354850580844,0,0
83,500,x1_low__x2_high,-0.999273345068229,-0.442225804170263,-0.404631724884301,0,0
83,500,x1_low__x2_low,0.100350413654584,-0.201265854163355,0.505449682814666,1,1
84,40,x1_high__x2_high,0.300165861731118,0.371802740272423,0.249764993823486,0,0
84,40,x1_high__x2_low,1.40011583367469,1.08902151966848,1.11580186431243,0,0
84,40,x1_low__x2_high,-0.999566434428082,-0.829312075872992,-0.847223788442488,0,0
84,40,x1_low__x2_low,0.0991106285659966,0.0525431624250606,0.169308574639417,0,0
84,100,x1_high__x2_high,0.300165861731118,0.47343235203524,0.12019727533064,0,0
84,100,x1_high__x2_low,1.40011583367469,0.986814229291684,1.01123205686528,0,0
84,100,x1_low__x2_high,-0.999566434428082,-0.702868144738716,-0.719423149484525,0,0
84,100,x1_low__x2_low,0.0991106285659966,-0.0703313956993017,0.276514122880931,1,0
84,250,x1_high__x2_high,0.300165861731118,0.562918352880485,-0.0256658089595815,1,0
84,250,x1_high__x2_low,1.40011583367469,0.871380096115251,0.85813587340501,0,0
84,250,x1_low__x2_high,-0.999566434428082,-0.557300578697181,-0.540301355208569,0,0
84,250,x1_low__x2_low,0.0991106285659966,-0.190400650141035,0.399919287790749,1,1
84,500,x1_high__x2_high,0.300165861731118,0.584076079860365,-0.0844705082010467,1,0
84,500,x1_high__x2_low,1.40011583367469,0.787352963195703,0.742389040890252,0,0
84,500,x1_low__x2_high,-0.999566434428082,-0.457910000644302,-0.411956016472606,0,0
84,500,x1_low__x2_low,0.0991106285659966,-0.213757641087372,0.451225103405405,1,1
85,40,x1_high__x2_high,0.300021223363346,0.52956985839973,0.395322088112076,0,0
85,40,x1_high__x2_low,1.40029686535424,1.218290891152,1.25105823193577,0,0
85,40,x1_low__x2_high,-0.999896735625283,-0.867099245004206,-0.9012720575125,0,0
85,40,x1_low__x2_low,0.0999435260411031,-0.00599811285762409,0.116666492797785,1,0
85,100,x1_high__x2_high,0.300021223363346,0.633195413908592,0.247734741068723,0,0
85,100,x1_high__x2_low,1.40029686535424,1.11701135175946,1.13998094034226,0,0
85,100,x1_low__x2_high,-0.999896735625283,-0.735641173496029,-0.776580855565467,0,0
85,100,x1_low__x2_low,0.0999435260411031,-0.143359292219396,0.247151509287061,1,1
85,250,x1_high__x2_high,0.300021223363346,0.718603388333066,0.0829240679722302,0,0
85,250,x1_high__x2_low,1.40029686535424,1.00997930706094,0.96956394068828,0,0
85,250,x1_low__x2_high,-0.999896735625283,-0.607112502831726,-0.581927725280825,0,0
85,250,x1_low__x2_low,0.0999435260411031,-0.244501341720963,0.393754627397252,1,1
85,500,x1_high__x2_high,0.300021223363346,0.736691003876609,0.00999072386144394,0,0
85,500,x1_high__x2_low,1.40029686535424,0.932146977023344,0.845822334294373,0,0
85,500,x1_low__x2_high,-0.999896735625283,-0.518008283990815,-0.44171160863508,0,0
85,500,x1_low__x2_low,0.0999435260411031,-0.271341115710032,0.464837852887835,1,1
86,40,x1_high__x2_high,0.299817149384405,0.530173962620994,0.405860857863774,0,0
86,40,x1_high__x2_low,1.3995171672,1.07077142067983,1.11149839215246,0,0
86,40,x1_low__x2_high,-0.999747455681338,-0.851805311216668,-0.893175627067996,0,0
86,40,x1_low__x2_low,0.0996469672411443,0.0661218520129399,0.187163605030371,0,0
86,100,x1_high__x2_high,0.299817149384405,0.622788036277995,0.266206750537214,0,0
86,100,x1_high__x2_low,1.3995171672,0.979346065820417,1.01344636002644,0,0
86,100,x1_low__x2_high,-0.999747455681338,-0.714204465571228,-0.752529302191803,0,0
86,100,x1_low__x2_low,0.0996469672411443,-0.0685838112216827,0.295062759228569,1,0
86,250,x1_high__x2_high,0.299817149384405,0.688814371208159,0.11247274870388,0,0
86,250,x1_high__x2_low,1.3995171672,0.889953186581688,0.874611496701858,0,0
86,250,x1_low__x2_high,-0.999747455681338,-0.570255988099869,-0.568893579959453,0,0
86,250,x1_low__x2_low,0.0996469672411443,-0.184283778358198,0.40737074788364,1,1
86,500,x1_high__x2_high,0.299817149384405,0.68822850972705,0.0259496324516703,0,0
86,500,x1_high__x2_low,1.3995171672,0.823673957510825,0.752429824282596,0,0
86,500,x1_low__x2_high,-0.999747455681338,-0.472993145002652,-0.407775425032487,0,0
86,500,x1_low__x2_low,0.0996469672411443,-0.214918145697198,0.455740404023198,1,1
87,40,x1_high__x2_high,0.300079743352097,0.302055826878899,0.18848629097804,0,0
87,40,x1_high__x2_low,1.40052370453249,1.13520426942459,1.13716977038839,0,0
87,40,x1_low__x2_high,-0.999941918993816,-0.825090250687664,-0.844278373908633,0,0
87,40,x1_low__x2_low,0.099894881415233,-0.0124375692391641,0.113603166398504,1,0
87,100,x1_high__x2_high,0.300079743352097,0.426568260414715,0.0648551742674964,0,0
87,100,x1_high__x2_low,1.40052370453249,1.00911977935657,1.01405727028885,0,0
87,100,x1_low__x2_high,-0.999941918993816,-0.715161955730902,-0.74553471812728,0,0
87,100,x1_low__x2_low,0.099894881415233,-0.123925504020687,0.233470643192434,1,1
87,250,x1_high__x2_high,0.300079743352097,0.524565082350735,-0.0824184313939355,1,0
87,250,x1_high__x2_low,1.40052370453249,0.873755904029892,0.848941546793296,0,0
87,250,x1_low__x2_high,-0.999941918993816,-0.584794970622673,-0.576036271405633,0,0
87,250,x1_low__x2_low,0.099894881415233,-0.220713865070299,0.350249947857017,1,1
87,500,x1_high__x2_high,0.300079743352097,0.545715074637458,-0.142176610304777,1,1
87,500,x1_high__x2_low,1.40052370453249,0.782691775173019,0.726859137729334,0,0
87,500,x1_low__x2_high,-0.999941918993816,-0.496313671878746,-0.477776660876287,0,0
87,500,x1_low__x2_low,0.099894881415233,-0.24722119302699,0.407685453605946,1,1
88,40,x1_high__x2_high,0.300312892270573,0.206201295678391,0.0862274099181403,0,0
88,40,x1_high__x2_low,1.39948939046398,1.35380673642145,1.37346117102544,0,0
88,40,x1_low__x2_high,-0.999717928850907,-0.855647162550808,-0.877044625451899,0,0
88,40,x1_low__x2_low,0.100315043660111,-0.0571932573604901,0.0703587580329172,1,0
88,100,x1_high__x2_high,0.300312892270573,0.336293765913462,-0.0285638171431723,1,0
88,100,x1_high__x2_low,1.39948939046398,1.23584554329,1.24178825332547,0,0
88,100,x1_low__x2_high,-0.999717928850907,-0.742602788388545,-0.77037839731878,0,0
88,100,x1_low__x2_low,0.100315043660111,-0.170596906839127,0.21667467455952,1,1
88,250,x1_high__x2_high,0.300312892270573,0.496072993560123,-0.157748634046618,1,1
88,250,x1_high__x2_low,1.39948939046398,1.05507722079609,1.05811873279873,0,0
88,250,x1_low__x2_high,-0.999717928850907,-0.623191094487469,-0.61928231759889,0,0
88,250,x1_low__x2_low,0.100315043660111,-0.26520180461523,0.388194300956837,1,1
88,500,x1_high__x2_high,0.300312892270573,0.55972257315311,-0.202007779505322,1,1
88,500,x1_high__x2_low,1.39948939046398,0.932038863493002,0.902599136674257,0,0
88,500,x1_low__x2_high,-0.999717928850907,-0.532629372785312,-0.507788516504532,0,0
88,500,x1_low__x2_low,0.100315043660111,-0.296596431639334,0.477736866051717,1,1
89,40,x1_high__x2_high,0.300014456085483,0.351539270264369,0.240982230836264,0,0
89,40,x1_high__x2_low,1.39969727754752,1.22047662637751,1.22971550203634,0,0
89,40,x1_low__x2_high,-0.999593055821148,-0.820251182188792,-0.84153639616181,0,0
89,40,x1_low__x2_low,0.100191274744414,0.0493372875545089,0.167674890206241,0,0
89,100,x1_high__x2_high,0.300014456085483,0.474217010977936,0.12235929592612,0,0
89,100,x1_high__x2_low,1.39969727754752,1.09585687339976,1.10951012598582,0,0
89,100,x1_low__x2_high,-0.999593055821148,-0.698837891608695,-0.730984814427204,0,0
89,100,x1_low__x2_low,0.100191274744414,-0.0727039870759208,0.296074858552185,1,0
89,250,x1_high__x2_high,0.300014456085483,0.583601140287704,-0.0230551022927256,1,0
89,250,x1_high__x2_low,1.39969727754752,0.950973466533802,0.937198274263185,0,0
89,250,x1_low__x2_high,-0.999593055821148,-0.561341292777855,-0.557507986149655,0,0
89,250,x1_low__x2_low,0.100191274744414,-0.176952389647532,0.432865965661147,1,1
89,500,x1_high__x2_high,0.300014456085483,0.610135270660283,-0.0836422726625264,1,0
89,500,x1_high__x2_low,1.39969727754752,0.85855764626268,0.820191599916212,0,0
89,500,x1_low__x2_high,-0.999593055821148,-0.468129718631303,-0.438463154474835,0,0
89,500,x1_low__x2_low,0.100191274744414,-0.212135801781245,0.492546166915422,1,1
90,40,x1_high__x2_high,0.300128836132992,0.394436239472304,0.271563892104249,0,0
90,40,x1_high__x2_low,1.3998269176146,1.36450251357073,1.41280768497229,0,0
90,40,x1_low__x2_high,-0.999860416109639,-0.765470248312008,-0.819817020820194,0,0
90,40,x1_low__x2_low,0.100152731960987,-0.0861607792252132,0.0351175354658515,1,0
90,100,x1_high__x2_high,0.300128836132992,0.531888684555299,0.161173735676178,0,0
90,100,x1_high__x2_low,1.3998269176146,1.23340700365887,1.27451241491975,0,0
90,100,x1_low__x2_high,-0.999860416109639,-0.649280884819495,-0.717446436526576,0,0
90,100,x1_low__x2_low,0.100152731960987,-0.186491470513993,0.183532283994869,1,1
90,250,x1_high__x2_high,0.300128836132992,0.666676698028808,0.0154822720420003,0,0
90,250,x1_high__x2_low,1.3998269176146,1.08032549265923,1.07812600716147,0,0
90,250,x1_low__x2_high,-0.999860416109639,-0.535370194715262,-0.533984829846183,0,0
90,250,x1_low__x2_low,0.100152731960987,-0.265591572755567,0.344399794623008,1,1
90,500,x1_high__x2_high,0.300128836132992,0.700922257061254,-0.0303566595206673,1,0
90,500,x1_high__x2_low,1.3998269176146,0.989115349271204,0.925103291568332,0,0
90,500,x1_low__x2_high,-0.999860416109639,-0.457507289650886,-0.412873146179685,0,0
90,500,x1_low__x2_low,0.100152731960987,-0.27352089520126,0.435615422191376,1,1
91,40,x1_high__x2_high,0.299696309629152,0.213987783757594,0.093256080409916,0,0
91,40,x1_high__x2_low,1.3995760845863,1.13642249703264,1.17262824649661,0,0
91,40,x1_low__x2_high,-1.00055105780023,-0.94148411336418,-0.972467326111315,0,0
91,40,x1_low__x2_low,0.0996794874581572,-0.0583123204626012,0.0681354270659494,1,0
91,100,x1_high__x2_high,0.299696309629152,0.329665799607604,-0.0242971292663863,1,0
91,100,x1_high__x2_low,1.3995760845863,1.01418657875746,1.03936912257729,0,0
91,100,x1_low__x2_high,-1.00055105780023,-0.819730353830651,-0.863052850053687,0,0
91,100,x1_low__x2_low,0.0996794874581572,-0.180200448710037,0.196683637116766,1,1
91,250,x1_high__x2_high,0.299696309629152,0.449114550031836,-0.165491631203219,1,1
91,250,x1_high__x2_low,1.3995760845863,0.869295173921437,0.87212941233642,0,0
91,250,x1_low__x2_high,-1.00055105780023,-0.681301327256711,-0.696671888784166,0,0
91,250,x1_low__x2_low,0.0996794874581572,-0.295595304246228,0.343367277777441,1,1
91,500,x1_high__x2_high,0.299696309629152,0.480095225546773,-0.220412588747278,1,1
91,500,x1_high__x2_low,1.3995760845863,0.767178270726182,0.749889716028419,0,0
91,500,x1_low__x2_high,-1.00055105780023,-0.591541905125106,-0.57965196988001,0,0
91,500,x1_low__x2_low,0.0996794874581572,-0.320336655780428,0.399449900011233,1,1
92,40,x1_high__x2_high,0.300466604052943,0.31188619084145,0.198964101908531,0,0
92,40,x1_high__x2_low,1.39942838118398,1.37726175996522,1.39160349033408,0,0
92,40,x1_low__x2_high,-0.999809171079618,-0.854872386427372,-0.886767983285227,0,0
92,40,x1_low__x2_low,0.100296703219322,-0.0452902546687007,0.0736645305591399,1,0
92,100,x1_high__x2_high,0.300466604052943,0.437771042198335,0.0783150908284246,0,0
92,100,x1_high__x2_low,1.39942838118398,1.24942726797766,1.26754502434728,0,0
92,100,x1_low__x2_high,-0.999809171079618,-0.728168520841227,-0.770345150955611,0,0
92,100,x1_low__x2_low,0.100296703219322,-0.169276639994049,0.210766038076903,1,1
92,250,x1_high__x2_high,0.300466604052943,0.583140288815841,-0.062024695013947,1,0
92,250,x1_high__x2_low,1.39942838118398,1.08462710878669,1.07395565525208,0,0
92,250,x1_low__x2_high,-0.999809171079618,-0.612925119681631,-0.593834209505158,0,0
92,250,x1_low__x2_low,0.100296703219322,-0.252612402274386,0.380535536464914,1,1
92,500,x1_high__x2_high,0.300466604052943,0.634365056618317,-0.121019318269369,1,1
92,500,x1_high__x2_low,1.39942838118398,0.962610278652495,0.920138375861069,0,0
92,500,x1_low__x2_high,-0.999809171079618,-0.516828845609182,-0.474043335714245,0,0
92,500,x1_low__x2_low,0.100296703219322,-0.283213210956262,0.4736087921985,1,1
93,40,x1_high__x2_high,0.300062961538295,0.379686116333208,0.260120676070894,0,0
93,40,x1_high__x2_low,1.39986005973903,1.3728197099774,1.41050530246105,0,0
93,40,x1_low__x2_high,-0.999780193120127,-0.91479008718216,-0.962761140712875,0,0
93,40,x1_low__x2_low,0.100324694187442,-0.170959933647622,-0.0431628339310512,0,0
93,100,x1_high__x2_high,0.300062961538295,0.503953554973512,0.141917112371248,0,0
93,100,x1_high__x2_low,1.39986005973903,1.23968988689167,1.28140771546414,0,0
93,100,x1_low__x2_high,-0.999780193120127,-0.810104064698172,-0.847690339714713,0,0
93,100,x1_low__x2_low,0.100324694187442,-0.284948484419004,0.0923651150581003,1,0
93,250,x1_high__x2_high,0.300062961538295,0.645344161844263,-0.0279043771442087,1,0
93,250,x1_high__x2_low,1.39986005973903,1.07558143409644,1.06016452292155,0,0
93,250,x1_low__x2_high,-0.999780193120127,-0.690734074264365,-0.653732590827502,0,0
93,250,x1_low__x2_low,0.100324694187442,-0.379796194121971,0.28455576197947,1,1
93,500,x1_high__x2_high,0.300062961538295,0.68030235398306,-0.0942356547002773,1,0
93,500,x1_high__x2_low,1.39986005973903,0.967505068469858,0.885147263126996,0,0
93,500,x1_low__x2_high,-0.999780193120127,-0.599290968140515,-0.510815342019639,0,0
93,500,x1_low__x2_low,0.100324694187442,-0.398630642718365,0.381191315235909,1,1
94,40,x1_high__x2_high,0.299838396266757,0.399086109012115,0.290065305041077,0,0
94,40,x1_high__x2_low,1.40037522411922,1.26042700628168,1.27072526456877,0,0
94,40,x1_low__x2_high,-1.00033089298608,-0.839751711161947,-0.85696690310424,0,0
94,40,x1_low__x2_low,0.100236183303612,0.136257192762395,0.256863808517182,0,0
94,100,x1_high__x2_high,0.299838396266757,0.529508028853698,0.147157841071927,0,0
94,100,x1_high__x2_low,1.40037522411922,1.13558053871538,1.15078885658465,0,0
94,100,x1_low__x2_high,-1.00033089298608,-0.708158945545296,-0.736769825238183,0,0
94,100,x1_low__x2_low,0.100236183303612,0.00111813796948959,0.385760909205734,0,0
94,250,x1_high__x2_high,0.299838396266757,0.63083429600254,-0.014787921070312,1,0
94,250,x1_high__x2_low,1.40037522411922,1.00614477360307,0.992634228085762,0,0
94,250,x1_low__x2_high,-1.00033089298608,-0.56747399793144,-0.560932973890189,0,0
94,250,x1_low__x2_low,0.100236183303612,-0.121678626418288,0.512837334292046,1,1
94,500,x1_high__x2_high,0.299838396266757,0.654945019051035,-0.0764742097986307,1,0
94,500,x1_high__x2_low,1.40037522411922,0.908275742717341,0.877214938236106,0,0
94,500,x1_low__x2_high,-1.00033089298608,-0.46167409721012,-0.44357754172835,0,0
94,500,x1_low__x2_low,0.100236183303612,-0.16172679468844,0.565213494150962,1,1
95,40,x1_high__x2_high,0.299912154288691,0.414900116462295,0.289783696323222,0,0
95,40,x1_high__x2_low,1.40039103595566,1.2195020049786,1.25022509743142,0,0
95,40,x1_low__x2_high,-1.00019807485696,-0.8294235800017,-0.858678789385843,0,0
95,40,x1_low__x2_low,0.100017641231428,0.0250983355215778,0.132377239907125,0,0
95,100,x1_high__x2_high,0.299912154288691,0.529433552477264,0.154011294643605,0,0
95,100,x1_high__x2_low,1.40039103595566,1.11325053154539,1.12293888588486,0,0
95,100,x1_low__x2_high,-1.00019807485696,-0.710735585249195,-0.741788212219268,0,0
95,100,x1_low__x2_low,0.100017641231428,-0.0876210555817525,0.260772576692192,1,0
95,250,x1_high__x2_high,0.299912154288691,0.645021645702746,-0.00609545341080366,1,0
95,250,x1_high__x2_low,1.40039103595566,0.979117791643093,0.95972913762743,0,0
95,250,x1_low__x2_high,-1.00019807485696,-0.574459571801446,-0.572134101038036,0,0
95,250,x1_low__x2_low,0.100017641231428,-0.188961501214059,0.39896719303147,1,1
95,500,x1_high__x2_high,0.299912154288691,0.660314211960954,-0.0638538869427916,1,0
95,500,x1_high__x2_low,1.40039103595566,0.89662271024725,0.836840321922259,0,0
95,500,x1_low__x2_high,-1.00019807485696,-0.474063580323221,-0.452105908211986,0,0
95,500,x1_low__x2_low,0.100017641231428,-0.222402781951618,0.456284708344401,1,1
96,40,x1_high__x2_high,0.299498579460355,0.418775653606822,0.297470493751761,0,0
96,40,x1_high__x2_low,1.40031159688948,1.35367003612754,1.39410830994661,0,0
96,40,x1_low__x2_high,-1.0000231613969,-0.848040900319862,-0.887837408835268,0,0
96,40,x1_low__x2_low,0.0996083487608164,-0.14122499106627,-0.0256937705590007,0,0
96,100,x1_high__x2_high,0.299498579460355,0.534216296076025,0.179420604684601,0,0
96,100,x1_high__x2_low,1.40031159688948,1.23391923932365,1.2724107062199,0,0
96,100,x1_low__x2_high,-1.0000231613969,-0.744266306747618,-0.780180468447651,0,0
96,100,x1_low__x2_low,0.0996083487608164,-0.251143922646865,0.11588141709516,1,1
96,250,x1_high__x2_high,0.299498579460355,0.668219874204496,0.00565337154201794,0,0
96,250,x1_high__x2_low,1.40031159688948,1.07798495723236,1.05483812019235,0,0
96,250,x1_low__x2_high,-1.0000231613969,-0.638640478912,-0.591004881261668,0,0
96,250,x1_low__x2_low,0.0996083487608164,-0.343151632322179,0.306728235346778,1,1
96,500,x1_high__x2_high,0.299498579460355,0.705541181557068,-0.059512807090745,1,0
96,500,x1_high__x2_low,1.40031159688948,0.986651101313142,0.907269003314529,0,0
96,500,x1_low__x2_high,-1.0000231613969,-0.562861452684814,-0.467073032881585,0,0
96,500,x1_low__x2_low,0.0996083487608164,-0.366160815516603,0.40330320126377,1,1
97,40,x1_high__x2_high,0.299928457803719,0.385188360794394,0.286767322004978,0,0
97,40,x1_high__x2_low,1.4001676628562,1.30455848358868,1.3188657976209,0,0
97,40,x1_low__x2_high,-1.00022611920656,-0.980062305129681,-1.02963765531611,0,0
97,40,x1_low__x2_low,0.100183169806302,-0.0988501631807392,0.0261578548637924,1,0
97,100,x1_high__x2_high,0.299928457803719,0.507463955238071,0.158650504399787,0,0
97,100,x1_high__x2_low,1.4001676628562,1.16156761473553,1.17582039883834,0,0
97,100,x1_low__x2_high,-1.00022611920656,-0.856748392615921,-0.891127207994253,0,0
97,100,x1_low__x2_low,0.100183169806302,-0.212856367196121,0.164364860608184,1,1
97,250,x1_high__x2_high,0.299928457803719,0.619707839501993,0.00270390906993994,0,0
97,250,x1_high__x2_low,1.4001676628562,1.01259343462195,0.965588970448861,0,0
97,250,x1_low__x2_high,-1.00022611920656,-0.716260547936489,-0.697829121340378,0,0
97,250,x1_low__x2_low,0.100183169806302,-0.320353015209959,0.32874266555733,1,1
97,500,x1_high__x2_high,0.299928457803719,0.65085455187315,-0.0775848641111789,1,0
97,500,x1_high__x2_low,1.4001676628562,0.903933664177232,0.818080702347522,0,0
97,500,x1_low__x2_high,-1.00022611920656,-0.612846915561476,-0.543410447114162,0,0
97,500,x1_low__x2_low,0.100183169806302,-0.3464909601224,0.403390573170975,1,1
98,40,x1_high__x2_high,0.299685891337536,0.40195121745342,0.283720538622119,0,0
98,40,x1_high__x2_low,1.40001680188114,1.30405886528966,1.32950982239445,0,0
98,40,x1_low__x2_high,-0.999975210248517,-0.879659235942609,-0.917079417998854,0,0
98,40,x1_low__x2_low,0.0998721079243504,0.0689601994942525,0.185872790067094,0,0
98,100,x1_high__x2_high,0.299685891337536,0.531054101508195,0.161850072763681,0,0
98,100,x1_high__x2_low,1.40001680188114,1.17914790406734,1.21251647269232,0,0
98,100,x1_low__x2_high,-0.999975210248517,-0.744850281503366,-0.805034414735603,0,0
98,100,x1_low__x2_low,0.0998721079243504,-0.0592021188429322,0.318401346174228,1,0
98,250,x1_high__x2_high,0.299685891337536,0.656861138002393,-0.0060785068074468,1,0
98,250,x1_high__x2_low,1.40001680188114,1.04346763917741,1.0367394115157,0,0
98,250,x1_low__x2_high,-0.999975210248517,-0.60492128064488,-0.612150646723689,0,0
98,250,x1_low__x2_low,0.0998721079243504,-0.179185921912462,0.47167908378369,1,1
98,500,x1_high__x2_high,0.299685891337536,0.684166315118547,-0.0840162056971112,1,0
98,500,x1_high__x2_low,1.40001680188114,0.958873919889358,0.91520515678898,0,0
98,500,x1_low__x2_high,-0.999975210248517,-0.507873759275878,-0.468625773473264,0,0
98,500,x1_low__x2_low,0.0998721079243504,-0.221018441750344,0.538439064497303,1,1
99,40,x1_high__x2_high,0.2997241693175,0.603893649270747,0.467623012394435,0,0
99,40,x1_high__x2_low,1.39976727229812,1.21728745307164,1.28899508800178,0,0
99,40,x1_low__x2_high,-0.999700346086721,-0.897409485457274,-0.943636527205738,0,0
99,40,x1_low__x2_low,0.100000351254437,-0.0937999393016036,0.0167938996164859,1,0
99,100,x1_high__x2_high,0.2997241693175,0.694890340078011,0.318593793852631,0,0
99,100,x1_high__x2_low,1.39976727229812,1.1140044150362,1.16442963495932,0,0
99,100,x1_low__x2_high,-0.999700346086721,-0.773052481840553,-0.809207928823362,0,0
99,100,x1_low__x2_low,0.100000351254437,-0.217194946384297,0.143943418815321,1,1
99,250,x1_high__x2_high,0.2997241693175,0.766307426787539,0.135977995573422,0,0
99,250,x1_high__x2_low,1.39976727229812,1.00155716292415,0.972403458763225,0,0
99,250,x1_low__x2_high,-0.999700346086721,-0.650676490270063,-0.594467527421644,0,0
99,250,x1_low__x2_low,0.100000351254437,-0.310866878612441,0.288982892287617,1,1
99,500,x1_high__x2_high,0.2997241693175,0.766074933173323,0.0527726834939896,0,0
99,500,x1_high__x2_low,1.39976727229812,0.935574919556044,0.805500921773528,0,0
99,500,x1_low__x2_high,-0.999700346086721,-0.556464828698085,-0.440428919623174,0,0
99,500,x1_low__x2_low,0.100000351254437,-0.341023096346607,0.382272876638159,1,1
100,40,x1_high__x2_high,0.300597169828317,0.623846870944536,0.50682727474864,0,0
100,40,x1_high__x2_low,1.39952985644538,1.13457119138655,1.16667097170625,0,0
100,40,x1_low__x2_high,-0.999373434073934,-0.817475737373157,-0.849292115571756,0,0
100,40,x1_low__x2_low,0.100148729208182,-0.0348153622593112,0.0880124038003693,1,0
100,100,x1_high__x2_high,0.300597169828317,0.70138736359435,0.363483890327742,0,0
100,100,x1_high__x2_low,1.39952985644538,1.03912477139342,1.04544295009378,0,0
100,100,x1_low__x2_high,-0.999373434073934,-0.692557674565975,-0.724628684561242,0,0
100,100,x1_low__x2_low,0.100148729208182,-0.140079643100199,0.210096952762019,1,1
100,250,x1_high__x2_high,0.300597169828317,0.75904458202281,0.175975552877284,0,0
100,250,x1_high__x2_low,1.39952985644538,0.947302364194604,0.881897441520386,0,0
100,250,x1_low__x2_high,-0.999373434073934,-0.574430055730405,-0.515181241814611,0,0
100,250,x1_low__x2_low,0.100148729208182,-0.226241378520274,0.341344230422704,1,1
100,500,x1_high__x2_high,0.300597169828317,0.755260613652913,0.0932319103713204,0,0
100,500,x1_high__x2_low,1.39952985644538,0.882082166374177,0.755718000200427,0,0
100,500,x1_low__x2_high,-0.999373434073934,-0.479130865963945,-0.367722423375673,0,0
100,500,x1_low__x2_low,0.100148729208182,-0.259349376683374,0.395532200542242,1,1
