"replication","dimension","method","metric","value"
1,40,"ordinary_x2_minus_ordinary_x1","mae",-0.026564598560287
1,40,"ordinary_x2_minus_ordinary_x1","mean_error",-5.54316168071001e-05
1,40,"ordinary_x2_minus_ordinary_x1","mse",-0.006476867597768
1,40,"ordinary_x2_minus_ordinary_x1","oracle_gain",0
1,40,"ordinary_x2_minus_ordinary_x1","regret",-0.0101741999900558
1,40,"ordinary_x2_minus_ordinary_x1","treatment_share",0.1067
1,40,"ordinary_x2_minus_ordinary_x1","value_gain",0.010174199990056
1,40,"ordinary_x2_minus_ordinary_x1","wrong_sign",-0.1067
10,40,"ordinary_x2_minus_ordinary_x1","mae",0.052677391858669
10,40,"ordinary_x2_minus_ordinary_x1","mean_error",0.0013287634814498
10,40,"ordinary_x2_minus_ordinary_x1","mse",0.012807433831533
10,40,"ordinary_x2_minus_ordinary_x1","oracle_gain",0
10,40,"ordinary_x2_minus_ordinary_x1","regret",-0.00202616207648606
10,40,"ordinary_x2_minus_ordinary_x1","treatment_share",0.00333333333333297
10,40,"ordinary_x2_minus_ordinary_x1","value_gain",0.00202616207648598
10,40,"ordinary_x2_minus_ordinary_x1","wrong_sign",-0.0066
100,40,"ordinary_x2_minus_ordinary_x1","mae",-0.063359916937827
100,40,"ordinary_x2_minus_ordinary_x1","mean_error",0.0025323956601685
100,40,"ordinary_x2_minus_ordinary_x1","mse",-0.0265434205032409
100,40,"ordinary_x2_minus_ordinary_x1","oracle_gain",0
100,40,"ordinary_x2_minus_ordinary_x1","regret",-0.0142216526199287
100,40,"ordinary_x2_minus_ordinary_x1","treatment_share",0.1439
100,40,"ordinary_x2_minus_ordinary_x1","value_gain",0.014221652619928
100,40,"ordinary_x2_minus_ordinary_x1","wrong_sign",-0.1439
11,40,"ordinary_x2_minus_ordinary_x1","mae",-0.0359854165366358
11,40,"ordinary_x2_minus_ordinary_x1","mean_error",-0.0023758866983137
11,40,"ordinary_x2_minus_ordinary_x1","mse",-0.00980636925512626
11,40,"ordinary_x2_minus_ordinary_x1","oracle_gain",0
11,40,"ordinary_x2_minus_ordinary_x1","regret",-0.00561866064767047
11,40,"ordinary_x2_minus_ordinary_x1","treatment_share",0.059833333333333
11,40,"ordinary_x2_minus_ordinary_x1","value_gain",0.00561866064767103
11,40,"ordinary_x2_minus_ordinary_x1","wrong_sign",-0.0598333333333333
12,40,"ordinary_x2_minus_ordinary_x1","mae",-0.052588512068573
12,40,"ordinary_x2_minus_ordinary_x1","mean_error",-0.0016752470509251
12,40,"ordinary_x2_minus_ordinary_x1","mse",-0.0143545765291803
12,40,"ordinary_x2_minus_ordinary_x1","oracle_gain",0
12,40,"ordinary_x2_minus_ordinary_x1","regret",-0.0113005044333195
12,40,"ordinary_x2_minus_ordinary_x1","treatment_share",0.112333333333333
12,40,"ordinary_x2_minus_ordinary_x1","value_gain",0.011300504433322
12,40,"ordinary_x2_minus_ordinary_x1","wrong_sign",-0.112333333333333
13,40,"ordinary_x2_minus_ordinary_x1","mae",0.0513194389658397
13,40,"ordinary_x2_minus_ordinary_x1","mean_error",0.000676324393851901
13,40,"ordinary_x2_minus_ordinary_x1","mse",0.016191300431817
13,40,"ordinary_x2_minus_ordinary_x1","oracle_gain",0
13,40,"ordinary_x2_minus_ordinary_x1","regret",0.00188816472590438
13,40,"ordinary_x2_minus_ordinary_x1","treatment_share",-0.00196666666666701
13,40,"ordinary_x2_minus_ordinary_x1","value_gain",-0.00188816472590497
13,40,"ordinary_x2_minus_ordinary_x1","wrong_sign",0.00330000000000003
14,40,"ordinary_x2_minus_ordinary_x1","mae",-0.023598293371908
14,40,"ordinary_x2_minus_ordinary_x1","mean_error",0.000269069639856699
14,40,"ordinary_x2_minus_ordinary_x1","mse",-0.0077182977647547
14,40,"ordinary_x2_minus_ordinary_x1","oracle_gain",0
14,40,"ordinary_x2_minus_ordinary_x1","regret",-0.00150134632493992
14,40,"ordinary_x2_minus_ordinary_x1","treatment_share",0.015
14,40,"ordinary_x2_minus_ordinary_x1","value_gain",0.00150134632493998
14,40,"ordinary_x2_minus_ordinary_x1","wrong_sign",-0.0150666666666667
15,40,"ordinary_x2_minus_ordinary_x1","mae",-0.016128478301557
15,40,"ordinary_x2_minus_ordinary_x1","mean_error",0.0045733275273651
15,40,"ordinary_x2_minus_ordinary_x1","mse",-0.006209884656174
15,40,"ordinary_x2_minus_ordinary_x1","oracle_gain",0
15,40,"ordinary_x2_minus_ordinary_x1","regret",-0.00361893667775054
15,40,"ordinary_x2_minus_ordinary_x1","treatment_share",0.038233333333333
15,40,"ordinary_x2_minus_ordinary_x1","value_gain",0.00361893667774998
15,40,"ordinary_x2_minus_ordinary_x1","wrong_sign",-0.0381666666666667
16,40,"ordinary_x2_minus_ordinary_x1","mae",-0.045106956641968
16,40,"ordinary_x2_minus_ordinary_x1","mean_error",-0.0054682830249126
16,40,"ordinary_x2_minus_ordinary_x1","mse",-0.0151675849422403
16,40,"ordinary_x2_minus_ordinary_x1","oracle_gain",0
16,40,"ordinary_x2_minus_ordinary_x1","regret",-0.010479509285672
16,40,"ordinary_x2_minus_ordinary_x1","treatment_share",0.095633333333333
16,40,"ordinary_x2_minus_ordinary_x1","value_gain",0.010479509285672
16,40,"ordinary_x2_minus_ordinary_x1","wrong_sign",-0.097166666666667
17,40,"ordinary_x2_minus_ordinary_x1","mae",0.00377572188577999
17,40,"ordinary_x2_minus_ordinary_x1","mean_error",-0.00074990802070969
17,40,"ordinary_x2_minus_ordinary_x1","mse",0.000905719883659301
17,40,"ordinary_x2_minus_ordinary_x1","oracle_gain",0
17,40,"ordinary_x2_minus_ordinary_x1","regret",-0.00875472544549182
17,40,"ordinary_x2_minus_ordinary_x1","treatment_share",0.095966666666667
17,40,"ordinary_x2_minus_ordinary_x1","value_gain",0.008754725445492
17,40,"ordinary_x2_minus_ordinary_x1","wrong_sign",-0.0960333333333333
18,40,"ordinary_x2_minus_ordinary_x1","mae",-0.0517568506366102
18,40,"ordinary_x2_minus_ordinary_x1","mean_error",0.0037792800324479
18,40,"ordinary_x2_minus_ordinary_x1","mse",-0.0166308460014546
18,40,"ordinary_x2_minus_ordinary_x1","oracle_gain",0
18,40,"ordinary_x2_minus_ordinary_x1","regret",-0.0111718878992966
18,40,"ordinary_x2_minus_ordinary_x1","treatment_share",0.100466666666667
18,40,"ordinary_x2_minus_ordinary_x1","value_gain",0.011171887899296
18,40,"ordinary_x2_minus_ordinary_x1","wrong_sign",-0.100466666666666
19,40,"ordinary_x2_minus_ordinary_x1","mae",-0.013449231058029
19,40,"ordinary_x2_minus_ordinary_x1","mean_error",0.0056585522705725
19,40,"ordinary_x2_minus_ordinary_x1","mse",-0.0069688165795742
19,40,"ordinary_x2_minus_ordinary_x1","oracle_gain",0
19,40,"ordinary_x2_minus_ordinary_x1","regret",-0.000707451910194931
19,40,"ordinary_x2_minus_ordinary_x1","treatment_share",0.0081
19,40,"ordinary_x2_minus_ordinary_x1","value_gain",0.000707451910195
19,40,"ordinary_x2_minus_ordinary_x1","wrong_sign",-0.00789999999999997
2,40,"ordinary_x2_minus_ordinary_x1","mae",-0.039901435133277
2,40,"ordinary_x2_minus_ordinary_x1","mean_error",-0.000301907738952171
2,40,"ordinary_x2_minus_ordinary_x1","mse",-0.0121285804071822
2,40,"ordinary_x2_minus_ordinary_x1","oracle_gain",0
2,40,"ordinary_x2_minus_ordinary_x1","regret",-0.00674469035383077
2,40,"ordinary_x2_minus_ordinary_x1","treatment_share",0.0708
2,40,"ordinary_x2_minus_ordinary_x1","value_gain",0.00674469035383096
2,40,"ordinary_x2_minus_ordinary_x1","wrong_sign",-0.0706
20,40,"ordinary_x2_minus_ordinary_x1","mae",0.022617574962086
20,40,"ordinary_x2_minus_ordinary_x1","mean_error",-0.0012263900928534
20,40,"ordinary_x2_minus_ordinary_x1","mse",0.008894141608415
20,40,"ordinary_x2_minus_ordinary_x1","oracle_gain",0
20,40,"ordinary_x2_minus_ordinary_x1","regret",0.00557060183973743
20,40,"ordinary_x2_minus_ordinary_x1","treatment_share",-0.0163
20,40,"ordinary_x2_minus_ordinary_x1","value_gain",-0.00557060183973801
20,40,"ordinary_x2_minus_ordinary_x1","wrong_sign",0.0162333333333333
21,40,"ordinary_x2_minus_ordinary_x1","mae",-0.031508444212587
21,40,"ordinary_x2_minus_ordinary_x1","mean_error",0.0019219511964284
21,40,"ordinary_x2_minus_ordinary_x1","mse",-0.0102456183734856
21,40,"ordinary_x2_minus_ordinary_x1","oracle_gain",0
21,40,"ordinary_x2_minus_ordinary_x1","regret",-0.0150795672480366
21,40,"ordinary_x2_minus_ordinary_x1","treatment_share",0.1586
21,40,"ordinary_x2_minus_ordinary_x1","value_gain",0.015079567248037
21,40,"ordinary_x2_minus_ordinary_x1","wrong_sign",-0.158466666666667
22,40,"ordinary_x2_minus_ordinary_x1","mae",-0.043242401757141
22,40,"ordinary_x2_minus_ordinary_x1","mean_error",-0.0003047454280493
22,40,"ordinary_x2_minus_ordinary_x1","mse",-0.0177453020828249
22,40,"ordinary_x2_minus_ordinary_x1","oracle_gain",0
22,40,"ordinary_x2_minus_ordinary_x1","regret",-0.0165756767461395
22,40,"ordinary_x2_minus_ordinary_x1","treatment_share",0.1624
22,40,"ordinary_x2_minus_ordinary_x1","value_gain",0.01657567674614
22,40,"ordinary_x2_minus_ordinary_x1","wrong_sign",-0.162466666666667
23,40,"ordinary_x2_minus_ordinary_x1","mae",-0.015689968319533
23,40,"ordinary_x2_minus_ordinary_x1","mean_error",0.0050263857105577
23,40,"ordinary_x2_minus_ordinary_x1","mse",-0.0053015614264973
23,40,"ordinary_x2_minus_ordinary_x1","oracle_gain",0
23,40,"ordinary_x2_minus_ordinary_x1","regret",0.00050648795860661
23,40,"ordinary_x2_minus_ordinary_x1","treatment_share",0.00670000000000004
23,40,"ordinary_x2_minus_ordinary_x1","value_gain",-0.000506487958606028
23,40,"ordinary_x2_minus_ordinary_x1","wrong_sign",-0.0067
24,40,"ordinary_x2_minus_ordinary_x1","mae",-0.0488383355069594
24,40,"ordinary_x2_minus_ordinary_x1","mean_error",0.00288820449483153
24,40,"ordinary_x2_minus_ordinary_x1","mse",-0.012671338961871
24,40,"ordinary_x2_minus_ordinary_x1","oracle_gain",0
24,40,"ordinary_x2_minus_ordinary_x1","regret",-0.0113334676686736
24,40,"ordinary_x2_minus_ordinary_x1","treatment_share",0.117366666666666
24,40,"ordinary_x2_minus_ordinary_x1","value_gain",0.011333467668673
24,40,"ordinary_x2_minus_ordinary_x1","wrong_sign",-0.117366666666666
25,40,"ordinary_x2_minus_ordinary_x1","mae",0.003722720055817
25,40,"ordinary_x2_minus_ordinary_x1","mean_error",-0.0011867260155299
25,40,"ordinary_x2_minus_ordinary_x1","mse",-0.0035784446027202
25,40,"ordinary_x2_minus_ordinary_x1","oracle_gain",0
25,40,"ordinary_x2_minus_ordinary_x1","regret",-0.00098853845222543
25,40,"ordinary_x2_minus_ordinary_x1","treatment_share",0.011666666666667
25,40,"ordinary_x2_minus_ordinary_x1","value_gain",0.000988538452226018
25,40,"ordinary_x2_minus_ordinary_x1","wrong_sign",-0.0116666666666667
26,40,"ordinary_x2_minus_ordinary_x1","mae",-0.037537459258145
26,40,"ordinary_x2_minus_ordinary_x1","mean_error",0.00167751045632999
26,40,"ordinary_x2_minus_ordinary_x1","mse",-0.0120731931895101
26,40,"ordinary_x2_minus_ordinary_x1","oracle_gain",0
26,40,"ordinary_x2_minus_ordinary_x1","regret",-0.0203186999577811
26,40,"ordinary_x2_minus_ordinary_x1","treatment_share",0.209133333333333
26,40,"ordinary_x2_minus_ordinary_x1","value_gain",0.02031869995778
26,40,"ordinary_x2_minus_ordinary_x1","wrong_sign",-0.209066666666666
27,40,"ordinary_x2_minus_ordinary_x1","mae",-0.020264731951149
27,40,"ordinary_x2_minus_ordinary_x1","mean_error",-0.0024627657474291
27,40,"ordinary_x2_minus_ordinary_x1","mse",-0.0109311799039097
27,40,"ordinary_x2_minus_ordinary_x1","oracle_gain",0
27,40,"ordinary_x2_minus_ordinary_x1","regret",-0.00316306027573067
27,40,"ordinary_x2_minus_ordinary_x1","treatment_share",0.034133333333334
27,40,"ordinary_x2_minus_ordinary_x1","value_gain",0.00316306027573104
27,40,"ordinary_x2_minus_ordinary_x1","wrong_sign",-0.0344
28,40,"ordinary_x2_minus_ordinary_x1","mae",-0.064910106234246
28,40,"ordinary_x2_minus_ordinary_x1","mean_error",0.00448010340187168
28,40,"ordinary_x2_minus_ordinary_x1","mse",-0.0180532792529708
28,40,"ordinary_x2_minus_ordinary_x1","oracle_gain",0
28,40,"ordinary_x2_minus_ordinary_x1","regret",-0.0201592871667235
28,40,"ordinary_x2_minus_ordinary_x1","treatment_share",0.205233333333334
28,40,"ordinary_x2_minus_ordinary_x1","value_gain",0.020159287166723
28,40,"ordinary_x2_minus_ordinary_x1","wrong_sign",-0.205233333333333
29,40,"ordinary_x2_minus_ordinary_x1","mae",-0.0382687358955664
29,40,"ordinary_x2_minus_ordinary_x1","mean_error",0.0024040853547504
29,40,"ordinary_x2_minus_ordinary_x1","mse",-0.0099615337394088
29,40,"ordinary_x2_minus_ordinary_x1","oracle_gain",0
29,40,"ordinary_x2_minus_ordinary_x1","regret",-0.0120312755774799
29,40,"ordinary_x2_minus_ordinary_x1","treatment_share",0.1163
29,40,"ordinary_x2_minus_ordinary_x1","value_gain",0.01203127557748
29,40,"ordinary_x2_minus_ordinary_x1","wrong_sign",-0.117366666666666
3,40,"ordinary_x2_minus_ordinary_x1","mae",-0.01912051523433
3,40,"ordinary_x2_minus_ordinary_x1","mean_error",0.0011558008094507
3,40,"ordinary_x2_minus_ordinary_x1","mse",-0.0061697380053335
3,40,"ordinary_x2_minus_ordinary_x1","oracle_gain",0
3,40,"ordinary_x2_minus_ordinary_x1","regret",-0.00129813163062481
3,40,"ordinary_x2_minus_ordinary_x1","treatment_share",0.0162
3,40,"ordinary_x2_minus_ordinary_x1","value_gain",0.00129813163062498
3,40,"ordinary_x2_minus_ordinary_x1","wrong_sign",-0.0159333333333333
30,40,"ordinary_x2_minus_ordinary_x1","mae",0.0135865006677946
30,40,"ordinary_x2_minus_ordinary_x1","mean_error",0.0011316213714564
30,40,"ordinary_x2_minus_ordinary_x1","mse",0.0022102956274097
30,40,"ordinary_x2_minus_ordinary_x1","oracle_gain",0
30,40,"ordinary_x2_minus_ordinary_x1","regret",-0.00429822654520086
30,40,"ordinary_x2_minus_ordinary_x1","treatment_share",0.0468
30,40,"ordinary_x2_minus_ordinary_x1","value_gain",0.00429822654519996
30,40,"ordinary_x2_minus_ordinary_x1","wrong_sign",-0.0468
31,40,"ordinary_x2_minus_ordinary_x1","mae",0.054531112435588
31,40,"ordinary_x2_minus_ordinary_x1","mean_error",-0.000399103579827503
31,40,"ordinary_x2_minus_ordinary_x1","mse",0.0145483037743126
31,40,"ordinary_x2_minus_ordinary_x1","oracle_gain",0
31,40,"ordinary_x2_minus_ordinary_x1","regret",0.00209229733497217
31,40,"ordinary_x2_minus_ordinary_x1","treatment_share",-0.00266666666666693
31,40,"ordinary_x2_minus_ordinary_x1","value_gain",-0.00209229733497301
31,40,"ordinary_x2_minus_ordinary_x1","wrong_sign",0.0029333333333333
32,40,"ordinary_x2_minus_ordinary_x1","mae",-0.061288747115603
32,40,"ordinary_x2_minus_ordinary_x1","mean_error",0.000570114072928701
32,40,"ordinary_x2_minus_ordinary_x1","mse",-0.0205450106797135
32,40,"ordinary_x2_minus_ordinary_x1","oracle_gain",0
32,40,"ordinary_x2_minus_ordinary_x1","regret",-0.015361320180255
32,40,"ordinary_x2_minus_ordinary_x1","treatment_share",0.147866666666666
32,40,"ordinary_x2_minus_ordinary_x1","value_gain",0.015361320180256
32,40,"ordinary_x2_minus_ordinary_x1","wrong_sign",-0.149133333333333
33,40,"ordinary_x2_minus_ordinary_x1","mae",0.016311105691057
33,40,"ordinary_x2_minus_ordinary_x1","mean_error",-0.000162988321955
33,40,"ordinary_x2_minus_ordinary_x1","mse",0.0043752654981401
33,40,"ordinary_x2_minus_ordinary_x1","oracle_gain",0
33,40,"ordinary_x2_minus_ordinary_x1","regret",-0.0076033505260789
33,40,"ordinary_x2_minus_ordinary_x1","treatment_share",0.0973
33,40,"ordinary_x2_minus_ordinary_x1","value_gain",0.00760335052607802
33,40,"ordinary_x2_minus_ordinary_x1","wrong_sign",-0.0975000000000003
34,40,"ordinary_x2_minus_ordinary_x1","mae",-0.0443282280117794
34,40,"ordinary_x2_minus_ordinary_x1","mean_error",-0.0016682942038824
34,40,"ordinary_x2_minus_ordinary_x1","mse",-0.012498278024082
34,40,"ordinary_x2_minus_ordinary_x1","oracle_gain",0
34,40,"ordinary_x2_minus_ordinary_x1","regret",-0.0152281221511753
34,40,"ordinary_x2_minus_ordinary_x1","treatment_share",0.156866666666667
34,40,"ordinary_x2_minus_ordinary_x1","value_gain",0.015228122151176
34,40,"ordinary_x2_minus_ordinary_x1","wrong_sign",-0.156866666666667
35,40,"ordinary_x2_minus_ordinary_x1","mae",-0.008893318331544
35,40,"ordinary_x2_minus_ordinary_x1","mean_error",0.00122892299046169
35,40,"ordinary_x2_minus_ordinary_x1","mse",0.000260305686032001
35,40,"ordinary_x2_minus_ordinary_x1","oracle_gain",0
35,40,"ordinary_x2_minus_ordinary_x1","regret",-0.0113303062710408
35,40,"ordinary_x2_minus_ordinary_x1","treatment_share",0.167566666666666
35,40,"ordinary_x2_minus_ordinary_x1","value_gain",0.01133030627104
35,40,"ordinary_x2_minus_ordinary_x1","wrong_sign",-0.167633333333333
36,40,"ordinary_x2_minus_ordinary_x1","mae",-0.042781587938191
36,40,"ordinary_x2_minus_ordinary_x1","mean_error",0.0019300412336736
36,40,"ordinary_x2_minus_ordinary_x1","mse",-0.0123452580747052
36,40,"ordinary_x2_minus_ordinary_x1","oracle_gain",0
36,40,"ordinary_x2_minus_ordinary_x1","regret",-0.0177958452932475
36,40,"ordinary_x2_minus_ordinary_x1","treatment_share",0.178133333333333
36,40,"ordinary_x2_minus_ordinary_x1","value_gain",0.017795845293248
36,40,"ordinary_x2_minus_ordinary_x1","wrong_sign",-0.178133333333334
37,40,"ordinary_x2_minus_ordinary_x1","mae",0.000170501047267013
37,40,"ordinary_x2_minus_ordinary_x1","mean_error",0.000614811204249804
37,40,"ordinary_x2_minus_ordinary_x1","mse",0.0026248620598758
37,40,"ordinary_x2_minus_ordinary_x1","oracle_gain",0
37,40,"ordinary_x2_minus_ordinary_x1","regret",0.00040890591613406
37,40,"ordinary_x2_minus_ordinary_x1","treatment_share",-9.9999999999989e-05
37,40,"ordinary_x2_minus_ordinary_x1","value_gain",-0.000408905916134017
37,40,"ordinary_x2_minus_ordinary_x1","wrong_sign",3.33333333333019e-05
38,40,"ordinary_x2_minus_ordinary_x1","mae",-0.051339202713303
38,40,"ordinary_x2_minus_ordinary_x1","mean_error",-0.00153349741261985
38,40,"ordinary_x2_minus_ordinary_x1","mse",-0.0146333002229846
38,40,"ordinary_x2_minus_ordinary_x1","oracle_gain",0
38,40,"ordinary_x2_minus_ordinary_x1","regret",-0.0060414883780316
38,40,"ordinary_x2_minus_ordinary_x1","treatment_share",0.069866666666667
38,40,"ordinary_x2_minus_ordinary_x1","value_gain",0.00604148837803203
38,40,"ordinary_x2_minus_ordinary_x1","wrong_sign",-0.0694
39,40,"ordinary_x2_minus_ordinary_x1","mae",-0.027311631681834
39,40,"ordinary_x2_minus_ordinary_x1","mean_error",-0.0023001473772074
39,40,"ordinary_x2_minus_ordinary_x1","mse",-0.0090719060707104
39,40,"ordinary_x2_minus_ordinary_x1","oracle_gain",0
39,40,"ordinary_x2_minus_ordinary_x1","regret",-0.00244949830524079
39,40,"ordinary_x2_minus_ordinary_x1","treatment_share",0.030333333333334
39,40,"ordinary_x2_minus_ordinary_x1","value_gain",0.00244949830524099
39,40,"ordinary_x2_minus_ordinary_x1","wrong_sign",-0.0303333333333333
4,40,"ordinary_x2_minus_ordinary_x1","mae",0.008919856530074
4,40,"ordinary_x2_minus_ordinary_x1","mean_error",-5.62513678452024e-05
4,40,"ordinary_x2_minus_ordinary_x1","mse",0.0014568564519976
4,40,"ordinary_x2_minus_ordinary_x1","oracle_gain",0
4,40,"ordinary_x2_minus_ordinary_x1","regret",-0.00046913433797345
4,40,"ordinary_x2_minus_ordinary_x1","treatment_share",0.0071
4,40,"ordinary_x2_minus_ordinary_x1","value_gain",0.000469134337973964
4,40,"ordinary_x2_minus_ordinary_x1","wrong_sign",-0.0071
40,40,"ordinary_x2_minus_ordinary_x1","mae",-0.035880878296721
40,40,"ordinary_x2_minus_ordinary_x1","mean_error",0.00144357117193311
40,40,"ordinary_x2_minus_ordinary_x1","mse",-0.0116492688076169
40,40,"ordinary_x2_minus_ordinary_x1","oracle_gain",0
40,40,"ordinary_x2_minus_ordinary_x1","regret",-0.00248358012555088
40,40,"ordinary_x2_minus_ordinary_x1","treatment_share",0.0297999999999999
40,40,"ordinary_x2_minus_ordinary_x1","value_gain",0.00248358012555105
40,40,"ordinary_x2_minus_ordinary_x1","wrong_sign",-0.0298
41,40,"ordinary_x2_minus_ordinary_x1","mae",-0.01544293662618
41,40,"ordinary_x2_minus_ordinary_x1","mean_error",0.00154967977702332
41,40,"ordinary_x2_minus_ordinary_x1","mse",-0.0104586310913454
41,40,"ordinary_x2_minus_ordinary_x1","oracle_gain",0
41,40,"ordinary_x2_minus_ordinary_x1","regret",-0.0095693207006212
41,40,"ordinary_x2_minus_ordinary_x1","treatment_share",0.101366666666666
41,40,"ordinary_x2_minus_ordinary_x1","value_gain",0.009569320700621
41,40,"ordinary_x2_minus_ordinary_x1","wrong_sign",-0.1013
42,40,"ordinary_x2_minus_ordinary_x1","mae",-0.036337811040489
42,40,"ordinary_x2_minus_ordinary_x1","mean_error",-0.0014974989358731
42,40,"ordinary_x2_minus_ordinary_x1","mse",-0.0101554770727373
42,40,"ordinary_x2_minus_ordinary_x1","oracle_gain",0
42,40,"ordinary_x2_minus_ordinary_x1","regret",-0.00317659401666764
42,40,"ordinary_x2_minus_ordinary_x1","treatment_share",0.0374
42,40,"ordinary_x2_minus_ordinary_x1","value_gain",0.00317659401666698
42,40,"ordinary_x2_minus_ordinary_x1","wrong_sign",-0.0367333333333333
43,40,"ordinary_x2_minus_ordinary_x1","mae",0.03982675754032
43,40,"ordinary_x2_minus_ordinary_x1","mean_error",0.000460821042218604
43,40,"ordinary_x2_minus_ordinary_x1","mse",0.0102800249837419
43,40,"ordinary_x2_minus_ordinary_x1","oracle_gain",0
43,40,"ordinary_x2_minus_ordinary_x1","regret",0.00297884092681561
43,40,"ordinary_x2_minus_ordinary_x1","treatment_share",-0.00813333333333299
43,40,"ordinary_x2_minus_ordinary_x1","value_gain",-0.002978840926816
43,40,"ordinary_x2_minus_ordinary_x1","wrong_sign",0.0081333333333334
44,40,"ordinary_x2_minus_ordinary_x1","mae",0.024036952101922
44,40,"ordinary_x2_minus_ordinary_x1","mean_error",0.000351679425584341
44,40,"ordinary_x2_minus_ordinary_x1","mse",0.0091868549543121
44,40,"ordinary_x2_minus_ordinary_x1","oracle_gain",0
44,40,"ordinary_x2_minus_ordinary_x1","regret",0.00358914734627055
44,40,"ordinary_x2_minus_ordinary_x1","treatment_share",0.024333333333334
44,40,"ordinary_x2_minus_ordinary_x1","value_gain",-0.00358914734627097
44,40,"ordinary_x2_minus_ordinary_x1","wrong_sign",-0.0244
45,40,"ordinary_x2_minus_ordinary_x1","mae",-0.060537412462274
45,40,"ordinary_x2_minus_ordinary_x1","mean_error",-0.0035864972630097
45,40,"ordinary_x2_minus_ordinary_x1","mse",-0.0162271035257474
45,40,"ordinary_x2_minus_ordinary_x1","oracle_gain",0
45,40,"ordinary_x2_minus_ordinary_x1","regret",-0.0153997239535418
45,40,"ordinary_x2_minus_ordinary_x1","treatment_share",0.155633333333333
45,40,"ordinary_x2_minus_ordinary_x1","value_gain",0.015399723953542
45,40,"ordinary_x2_minus_ordinary_x1","wrong_sign",-0.1559
46,40,"ordinary_x2_minus_ordinary_x1","mae",-0.0406549510827097
46,40,"ordinary_x2_minus_ordinary_x1","mean_error",0.0069376505800326
46,40,"ordinary_x2_minus_ordinary_x1","mse",-0.0142580814644133
46,40,"ordinary_x2_minus_ordinary_x1","oracle_gain",0
46,40,"ordinary_x2_minus_ordinary_x1","regret",-0.0147224307076812
46,40,"ordinary_x2_minus_ordinary_x1","treatment_share",0.154566666666667
46,40,"ordinary_x2_minus_ordinary_x1","value_gain",0.014722430707681
46,40,"ordinary_x2_minus_ordinary_x1","wrong_sign",-0.154566666666666
47,40,"ordinary_x2_minus_ordinary_x1","mae",0.022260083568553
47,40,"ordinary_x2_minus_ordinary_x1","mean_error",-0.0006996961582788
47,40,"ordinary_x2_minus_ordinary_x1","mse",0.0031306479677076
47,40,"ordinary_x2_minus_ordinary_x1","oracle_gain",0
47,40,"ordinary_x2_minus_ordinary_x1","regret",0.00015403454342855
47,40,"ordinary_x2_minus_ordinary_x1","treatment_share",0.00106666666666699
47,40,"ordinary_x2_minus_ordinary_x1","value_gain",-0.000154034543428994
47,40,"ordinary_x2_minus_ordinary_x1","wrong_sign",-0.000933333333333341
48,40,"ordinary_x2_minus_ordinary_x1","mae",0.047834041321193
48,40,"ordinary_x2_minus_ordinary_x1","mean_error",-0.00102422787506273
48,40,"ordinary_x2_minus_ordinary_x1","mse",0.0106623440916984
48,40,"ordinary_x2_minus_ordinary_x1","oracle_gain",0
48,40,"ordinary_x2_minus_ordinary_x1","regret",0.00202260294647581
48,40,"ordinary_x2_minus_ordinary_x1","treatment_share",0.00190000000000001
48,40,"ordinary_x2_minus_ordinary_x1","value_gain",-0.00202260294647599
48,40,"ordinary_x2_minus_ordinary_x1","wrong_sign",-0.0019
49,40,"ordinary_x2_minus_ordinary_x1","mae",-0.038728195107954
49,40,"ordinary_x2_minus_ordinary_x1","mean_error",0.000668316660409798
49,40,"ordinary_x2_minus_ordinary_x1","mse",-0.0122107708975271
49,40,"ordinary_x2_minus_ordinary_x1","oracle_gain",0
49,40,"ordinary_x2_minus_ordinary_x1","regret",-0.0154488281521496
49,40,"ordinary_x2_minus_ordinary_x1","treatment_share",0.159366666666667
49,40,"ordinary_x2_minus_ordinary_x1","value_gain",0.01544882815215
49,40,"ordinary_x2_minus_ordinary_x1","wrong_sign",-0.1593
5,40,"ordinary_x2_minus_ordinary_x1","mae",-0.038452348516027
5,40,"ordinary_x2_minus_ordinary_x1","mean_error",0.0016481168146747
5,40,"ordinary_x2_minus_ordinary_x1","mse",-0.0124884409496317
5,40,"ordinary_x2_minus_ordinary_x1","oracle_gain",0
5,40,"ordinary_x2_minus_ordinary_x1","regret",-0.0143990273496152
5,40,"ordinary_x2_minus_ordinary_x1","treatment_share",0.1444
5,40,"ordinary_x2_minus_ordinary_x1","value_gain",0.014399027349615
5,40,"ordinary_x2_minus_ordinary_x1","wrong_sign",-0.1444
50,40,"ordinary_x2_minus_ordinary_x1","mae",-0.009120248713804
50,40,"ordinary_x2_minus_ordinary_x1","mean_error",0.00190362837248416
50,40,"ordinary_x2_minus_ordinary_x1","mse",-0.0024670541363156
50,40,"ordinary_x2_minus_ordinary_x1","oracle_gain",0
50,40,"ordinary_x2_minus_ordinary_x1","regret",-0.00260379051055369
50,40,"ordinary_x2_minus_ordinary_x1","treatment_share",0.026033333333333
50,40,"ordinary_x2_minus_ordinary_x1","value_gain",0.00260379051055398
50,40,"ordinary_x2_minus_ordinary_x1","wrong_sign",-0.0261666666666666
51,40,"ordinary_x2_minus_ordinary_x1","mae",-0.031557807792301
51,40,"ordinary_x2_minus_ordinary_x1","mean_error",-0.0016472099416245
51,40,"ordinary_x2_minus_ordinary_x1","mse",-0.0080899206490168
51,40,"ordinary_x2_minus_ordinary_x1","oracle_gain",0
51,40,"ordinary_x2_minus_ordinary_x1","regret",-0.00738819896062292
51,40,"ordinary_x2_minus_ordinary_x1","treatment_share",0.083933333333334
51,40,"ordinary_x2_minus_ordinary_x1","value_gain",0.00738819896062304
51,40,"ordinary_x2_minus_ordinary_x1","wrong_sign",-0.0838666666666663
52,40,"ordinary_x2_minus_ordinary_x1","mae",-0.000898298542801018
52,40,"ordinary_x2_minus_ordinary_x1","mean_error",-0.0013655564568015
52,40,"ordinary_x2_minus_ordinary_x1","mse",-0.00204282806936661
52,40,"ordinary_x2_minus_ordinary_x1","oracle_gain",0
52,40,"ordinary_x2_minus_ordinary_x1","regret",-0.00034040202472517
52,40,"ordinary_x2_minus_ordinary_x1","treatment_share",0.00559999999999994
52,40,"ordinary_x2_minus_ordinary_x1","value_gain",0.000340402024725017
52,40,"ordinary_x2_minus_ordinary_x1","wrong_sign",-0.0056
53,40,"ordinary_x2_minus_ordinary_x1","mae",-0.0401471010521597
53,40,"ordinary_x2_minus_ordinary_x1","mean_error",0.00180519827531768
53,40,"ordinary_x2_minus_ordinary_x1","mse",-0.0096726297312816
53,40,"ordinary_x2_minus_ordinary_x1","oracle_gain",0
53,40,"ordinary_x2_minus_ordinary_x1","regret",-0.0188164788541764
53,40,"ordinary_x2_minus_ordinary_x1","treatment_share",0.1947
53,40,"ordinary_x2_minus_ordinary_x1","value_gain",0.018816478854175
53,40,"ordinary_x2_minus_ordinary_x1","wrong_sign",-0.1947
54,40,"ordinary_x2_minus_ordinary_x1","mae",-0.004074970615133
54,40,"ordinary_x2_minus_ordinary_x1","mean_error",0.001118199698757
54,40,"ordinary_x2_minus_ordinary_x1","mse",-0.001255022312539
54,40,"ordinary_x2_minus_ordinary_x1","oracle_gain",0
54,40,"ordinary_x2_minus_ordinary_x1","regret",-0.00175092635821243
54,40,"ordinary_x2_minus_ordinary_x1","treatment_share",0.0268
54,40,"ordinary_x2_minus_ordinary_x1","value_gain",0.001750926358212
54,40,"ordinary_x2_minus_ordinary_x1","wrong_sign",-0.0268
55,40,"ordinary_x2_minus_ordinary_x1","mae",-0.007506249653251
55,40,"ordinary_x2_minus_ordinary_x1","mean_error",0.0032921507725507
55,40,"ordinary_x2_minus_ordinary_x1","mse",-0.0024948067114956
55,40,"ordinary_x2_minus_ordinary_x1","oracle_gain",0
55,40,"ordinary_x2_minus_ordinary_x1","regret",-0.0112283884614636
55,40,"ordinary_x2_minus_ordinary_x1","treatment_share",0.114166666666666
55,40,"ordinary_x2_minus_ordinary_x1","value_gain",0.011228388461464
55,40,"ordinary_x2_minus_ordinary_x1","wrong_sign",-0.114166666666667
56,40,"ordinary_x2_minus_ordinary_x1","mae",-0.018305413800281
56,40,"ordinary_x2_minus_ordinary_x1","mean_error",0.00166908851992491
56,40,"ordinary_x2_minus_ordinary_x1","mse",-0.00594141162573689
56,40,"ordinary_x2_minus_ordinary_x1","oracle_gain",0
56,40,"ordinary_x2_minus_ordinary_x1","regret",-0.00092280889244519
56,40,"ordinary_x2_minus_ordinary_x1","treatment_share",0.0102
56,40,"ordinary_x2_minus_ordinary_x1","value_gain",0.000922808892446003
56,40,"ordinary_x2_minus_ordinary_x1","wrong_sign",-0.0102666666666667
57,40,"ordinary_x2_minus_ordinary_x1","mae",0.00586656515332398
57,40,"ordinary_x2_minus_ordinary_x1","mean_error",-0.00353900625509288
57,40,"ordinary_x2_minus_ordinary_x1","mse",0.0030757668631346
57,40,"ordinary_x2_minus_ordinary_x1","oracle_gain",0
57,40,"ordinary_x2_minus_ordinary_x1","regret",0.00185635158158604
57,40,"ordinary_x2_minus_ordinary_x1","treatment_share",-0.00249999999999995
57,40,"ordinary_x2_minus_ordinary_x1","value_gain",-0.00185635158158598
57,40,"ordinary_x2_minus_ordinary_x1","wrong_sign",0.0025
58,40,"ordinary_x2_minus_ordinary_x1","mae",-0.016522984246557
58,40,"ordinary_x2_minus_ordinary_x1","mean_error",-0.00259254599080232
58,40,"ordinary_x2_minus_ordinary_x1","mse",-0.0038339995047
58,40,"ordinary_x2_minus_ordinary_x1","oracle_gain",0
58,40,"ordinary_x2_minus_ordinary_x1","regret",-0.00461260276752287
58,40,"ordinary_x2_minus_ordinary_x1","treatment_share",0.046066666666667
58,40,"ordinary_x2_minus_ordinary_x1","value_gain",0.00461260276752301
58,40,"ordinary_x2_minus_ordinary_x1","wrong_sign",-0.0460666666666666
59,40,"ordinary_x2_minus_ordinary_x1","mae",-0.0440570130922572
59,40,"ordinary_x2_minus_ordinary_x1","mean_error",0.000207923931837099
59,40,"ordinary_x2_minus_ordinary_x1","mse",-0.0107514533024974
59,40,"ordinary_x2_minus_ordinary_x1","oracle_gain",0
59,40,"ordinary_x2_minus_ordinary_x1","regret",-0.0064913093412722
59,40,"ordinary_x2_minus_ordinary_x1","treatment_share",0.0786
59,40,"ordinary_x2_minus_ordinary_x1","value_gain",0.00649130934127201
59,40,"ordinary_x2_minus_ordinary_x1","wrong_sign",-0.0785999999999997
6,40,"ordinary_x2_minus_ordinary_x1","mae",-0.0275581841693488
6,40,"ordinary_x2_minus_ordinary_x1","mean_error",-0.000921113966324202
6,40,"ordinary_x2_minus_ordinary_x1","mse",-0.008629635371352
6,40,"ordinary_x2_minus_ordinary_x1","oracle_gain",0
6,40,"ordinary_x2_minus_ordinary_x1","regret",-0.00802434932650055
6,40,"ordinary_x2_minus_ordinary_x1","treatment_share",0.107433333333334
6,40,"ordinary_x2_minus_ordinary_x1","value_gain",0.00802434932650098
6,40,"ordinary_x2_minus_ordinary_x1","wrong_sign",-0.107433333333334
60,40,"ordinary_x2_minus_ordinary_x1","mae",-0.007584750584155
60,40,"ordinary_x2_minus_ordinary_x1","mean_error",-0.000400500294263799
60,40,"ordinary_x2_minus_ordinary_x1","mse",-0.0015627334592071
60,40,"ordinary_x2_minus_ordinary_x1","oracle_gain",0
60,40,"ordinary_x2_minus_ordinary_x1","regret",-0.000859745630265706
60,40,"ordinary_x2_minus_ordinary_x1","treatment_share",0.00363333333333304
60,40,"ordinary_x2_minus_ordinary_x1","value_gain",0.000859745630266029
60,40,"ordinary_x2_minus_ordinary_x1","wrong_sign",-0.00456666666666666
61,40,"ordinary_x2_minus_ordinary_x1","mae",-0.018929965395159
61,40,"ordinary_x2_minus_ordinary_x1","mean_error",0.0031923624224944
61,40,"ordinary_x2_minus_ordinary_x1","mse",-0.0053617848604489
61,40,"ordinary_x2_minus_ordinary_x1","oracle_gain",0
61,40,"ordinary_x2_minus_ordinary_x1","regret",-0.0193140737009468
61,40,"ordinary_x2_minus_ordinary_x1","treatment_share",0.193033333333333
61,40,"ordinary_x2_minus_ordinary_x1","value_gain",0.019314073700946
61,40,"ordinary_x2_minus_ordinary_x1","wrong_sign",-0.193033333333333
62,40,"ordinary_x2_minus_ordinary_x1","mae",-0.058176236522867
62,40,"ordinary_x2_minus_ordinary_x1","mean_error",0.0028196750543203
62,40,"ordinary_x2_minus_ordinary_x1","mse",-0.0214423392987334
62,40,"ordinary_x2_minus_ordinary_x1","oracle_gain",0
62,40,"ordinary_x2_minus_ordinary_x1","regret",-0.00901279686557903
62,40,"ordinary_x2_minus_ordinary_x1","treatment_share",0.0956
62,40,"ordinary_x2_minus_ordinary_x1","value_gain",0.00901279686557999
62,40,"ordinary_x2_minus_ordinary_x1","wrong_sign",-0.0955999999999997
63,40,"ordinary_x2_minus_ordinary_x1","mae",0.045812519955567
63,40,"ordinary_x2_minus_ordinary_x1","mean_error",-0.0047768179591291
63,40,"ordinary_x2_minus_ordinary_x1","mse",0.0110424814204415
63,40,"ordinary_x2_minus_ordinary_x1","oracle_gain",0
63,40,"ordinary_x2_minus_ordinary_x1","regret",-8.15236911092996e-06
63,40,"ordinary_x2_minus_ordinary_x1","treatment_share",0.00850000000000006
63,40,"ordinary_x2_minus_ordinary_x1","value_gain",8.15236911100303e-06
63,40,"ordinary_x2_minus_ordinary_x1","wrong_sign",-0.00776666666666667
64,40,"ordinary_x2_minus_ordinary_x1","mae",-0.07007916734747
64,40,"ordinary_x2_minus_ordinary_x1","mean_error",-0.0011443144349708
64,40,"ordinary_x2_minus_ordinary_x1","mse",-0.0260846839007093
64,40,"ordinary_x2_minus_ordinary_x1","oracle_gain",0
64,40,"ordinary_x2_minus_ordinary_x1","regret",-0.0071073946941699
64,40,"ordinary_x2_minus_ordinary_x1","treatment_share",0.0743
64,40,"ordinary_x2_minus_ordinary_x1","value_gain",0.00710739469417099
64,40,"ordinary_x2_minus_ordinary_x1","wrong_sign",-0.074233333333333
65,40,"ordinary_x2_minus_ordinary_x1","mae",-0.0580433473049473
65,40,"ordinary_x2_minus_ordinary_x1","mean_error",-0.000760871107073298
65,40,"ordinary_x2_minus_ordinary_x1","mse",-0.0142707956885817
65,40,"ordinary_x2_minus_ordinary_x1","oracle_gain",0
65,40,"ordinary_x2_minus_ordinary_x1","regret",-0.0122796716385661
65,40,"ordinary_x2_minus_ordinary_x1","treatment_share",0.129966666666667
65,40,"ordinary_x2_minus_ordinary_x1","value_gain",0.012279671638565
65,40,"ordinary_x2_minus_ordinary_x1","wrong_sign",-0.129966666666666
66,40,"ordinary_x2_minus_ordinary_x1","mae",0.044395787417524
66,40,"ordinary_x2_minus_ordinary_x1","mean_error",-0.0016079398838042
66,40,"ordinary_x2_minus_ordinary_x1","mse",0.021029303657156
66,40,"ordinary_x2_minus_ordinary_x1","oracle_gain",0
66,40,"ordinary_x2_minus_ordinary_x1","regret",0.0436036103969982
66,40,"ordinary_x2_minus_ordinary_x1","treatment_share",-0.127133333333333
66,40,"ordinary_x2_minus_ordinary_x1","value_gain",-0.043603610396998
66,40,"ordinary_x2_minus_ordinary_x1","wrong_sign",0.1272
67,40,"ordinary_x2_minus_ordinary_x1","mae",-0.025812648942443
67,40,"ordinary_x2_minus_ordinary_x1","mean_error",0.00318200455896827
67,40,"ordinary_x2_minus_ordinary_x1","mse",-0.0063743237789396
67,40,"ordinary_x2_minus_ordinary_x1","oracle_gain",0
67,40,"ordinary_x2_minus_ordinary_x1","regret",-0.00813769794150724
67,40,"ordinary_x2_minus_ordinary_x1","treatment_share",0.084733333333334
67,40,"ordinary_x2_minus_ordinary_x1","value_gain",0.00813769794150698
67,40,"ordinary_x2_minus_ordinary_x1","wrong_sign",-0.086
68,40,"ordinary_x2_minus_ordinary_x1","mae",0.0264318052666431
68,40,"ordinary_x2_minus_ordinary_x1","mean_error",-0.0008837863242829
68,40,"ordinary_x2_minus_ordinary_x1","mse",0.0029672698577537
68,40,"ordinary_x2_minus_ordinary_x1","oracle_gain",0
68,40,"ordinary_x2_minus_ordinary_x1","regret",-1.95435654609015e-06
68,40,"ordinary_x2_minus_ordinary_x1","treatment_share",0.00673333333333304
68,40,"ordinary_x2_minus_ordinary_x1","value_gain",1.95435654598564e-06
68,40,"ordinary_x2_minus_ordinary_x1","wrong_sign",-0.00680000000000003
69,40,"ordinary_x2_minus_ordinary_x1","mae",-0.019650229445946
69,40,"ordinary_x2_minus_ordinary_x1","mean_error",0.0011465455439807
69,40,"ordinary_x2_minus_ordinary_x1","mse",-0.0113959231358659
69,40,"ordinary_x2_minus_ordinary_x1","oracle_gain",0
69,40,"ordinary_x2_minus_ordinary_x1","regret",-0.0050835833137591
69,40,"ordinary_x2_minus_ordinary_x1","treatment_share",0.061366666666666
69,40,"ordinary_x2_minus_ordinary_x1","value_gain",0.00508358331375902
69,40,"ordinary_x2_minus_ordinary_x1","wrong_sign",-0.0613
7,40,"ordinary_x2_minus_ordinary_x1","mae",0.000438956820851988
7,40,"ordinary_x2_minus_ordinary_x1","mean_error",0.0010200244341144
7,40,"ordinary_x2_minus_ordinary_x1","mse",-0.0027932708706132
7,40,"ordinary_x2_minus_ordinary_x1","oracle_gain",0
7,40,"ordinary_x2_minus_ordinary_x1","regret",-0.00126105103068364
7,40,"ordinary_x2_minus_ordinary_x1","treatment_share",0.0174
7,40,"ordinary_x2_minus_ordinary_x1","value_gain",0.00126105103068297
7,40,"ordinary_x2_minus_ordinary_x1","wrong_sign",-0.0173333333333334
70,40,"ordinary_x2_minus_ordinary_x1","mae",-0.00416237899991201
70,40,"ordinary_x2_minus_ordinary_x1","mean_error",-0.0020124059361934
70,40,"ordinary_x2_minus_ordinary_x1","mse",-0.0003762374842762
70,40,"ordinary_x2_minus_ordinary_x1","oracle_gain",0
70,40,"ordinary_x2_minus_ordinary_x1","regret",-0.00449653816484067
70,40,"ordinary_x2_minus_ordinary_x1","treatment_share",0.0458666666666661
70,40,"ordinary_x2_minus_ordinary_x1","value_gain",0.00449653816484102
70,40,"ordinary_x2_minus_ordinary_x1","wrong_sign",-0.0458666666666667
71,40,"ordinary_x2_minus_ordinary_x1","mae",-0.011750003296546
71,40,"ordinary_x2_minus_ordinary_x1","mean_error",-0.0038896383736578
71,40,"ordinary_x2_minus_ordinary_x1","mse",-0.0070167277258678
71,40,"ordinary_x2_minus_ordinary_x1","oracle_gain",0
71,40,"ordinary_x2_minus_ordinary_x1","regret",-0.00424452216058267
71,40,"ordinary_x2_minus_ordinary_x1","treatment_share",0.046733333333333
71,40,"ordinary_x2_minus_ordinary_x1","value_gain",0.00424452216058196
71,40,"ordinary_x2_minus_ordinary_x1","wrong_sign",-0.0475333333333334
72,40,"ordinary_x2_minus_ordinary_x1","mae",-0.01981240079686
72,40,"ordinary_x2_minus_ordinary_x1","mean_error",0.000387207706271098
72,40,"ordinary_x2_minus_ordinary_x1","mse",-0.0042182442102191
72,40,"ordinary_x2_minus_ordinary_x1","oracle_gain",0
72,40,"ordinary_x2_minus_ordinary_x1","regret",-0.00560816936927074
72,40,"ordinary_x2_minus_ordinary_x1","treatment_share",0.056433333333334
72,40,"ordinary_x2_minus_ordinary_x1","value_gain",0.00560816936927
72,40,"ordinary_x2_minus_ordinary_x1","wrong_sign",-0.0561666666666666
73,40,"ordinary_x2_minus_ordinary_x1","mae",-0.0396406772725383
73,40,"ordinary_x2_minus_ordinary_x1","mean_error",-4.38855653169985e-05
73,40,"ordinary_x2_minus_ordinary_x1","mse",-0.0101486357691758
73,40,"ordinary_x2_minus_ordinary_x1","oracle_gain",0
73,40,"ordinary_x2_minus_ordinary_x1","regret",-0.00170968702087339
73,40,"ordinary_x2_minus_ordinary_x1","treatment_share",0.0251
73,40,"ordinary_x2_minus_ordinary_x1","value_gain",0.00170968702087299
73,40,"ordinary_x2_minus_ordinary_x1","wrong_sign",-0.0251
74,40,"ordinary_x2_minus_ordinary_x1","mae",-0.022582651747686
74,40,"ordinary_x2_minus_ordinary_x1","mean_error",-0.000802398773966602
74,40,"ordinary_x2_minus_ordinary_x1","mse",-0.0057768704143896
74,40,"ordinary_x2_minus_ordinary_x1","oracle_gain",0
74,40,"ordinary_x2_minus_ordinary_x1","regret",-0.0195208490813089
74,40,"ordinary_x2_minus_ordinary_x1","treatment_share",0.210966666666667
74,40,"ordinary_x2_minus_ordinary_x1","value_gain",0.019520849081309
74,40,"ordinary_x2_minus_ordinary_x1","wrong_sign",-0.210966666666666
75,40,"ordinary_x2_minus_ordinary_x1","mae",0.004587471098615
75,40,"ordinary_x2_minus_ordinary_x1","mean_error",0.0022635307757225
75,40,"ordinary_x2_minus_ordinary_x1","mse",0.0029627311195887
75,40,"ordinary_x2_minus_ordinary_x1","oracle_gain",0
75,40,"ordinary_x2_minus_ordinary_x1","regret",0.0004348982107182
75,40,"ordinary_x2_minus_ordinary_x1","treatment_share",0.00323333333333309
75,40,"ordinary_x2_minus_ordinary_x1","value_gain",-0.000434898210718015
75,40,"ordinary_x2_minus_ordinary_x1","wrong_sign",-0.00323333333333337
76,40,"ordinary_x2_minus_ordinary_x1","mae",-0.07122164516908
76,40,"ordinary_x2_minus_ordinary_x1","mean_error",-0.0026805636597046
76,40,"ordinary_x2_minus_ordinary_x1","mse",-0.0228961356611872
76,40,"ordinary_x2_minus_ordinary_x1","oracle_gain",0
76,40,"ordinary_x2_minus_ordinary_x1","regret",-0.014940563779786
76,40,"ordinary_x2_minus_ordinary_x1","treatment_share",0.1256
76,40,"ordinary_x2_minus_ordinary_x1","value_gain",0.014940563779786
76,40,"ordinary_x2_minus_ordinary_x1","wrong_sign",-0.1302
77,40,"ordinary_x2_minus_ordinary_x1","mae",-0.050159849078345
77,40,"ordinary_x2_minus_ordinary_x1","mean_error",0.0019204223088419
77,40,"ordinary_x2_minus_ordinary_x1","mse",-0.0110386943750485
77,40,"ordinary_x2_minus_ordinary_x1","oracle_gain",0
77,40,"ordinary_x2_minus_ordinary_x1","regret",-0.016539674884275
77,40,"ordinary_x2_minus_ordinary_x1","treatment_share",0.164433333333333
77,40,"ordinary_x2_minus_ordinary_x1","value_gain",0.016539674884275
77,40,"ordinary_x2_minus_ordinary_x1","wrong_sign",-0.164766666666666
78,40,"ordinary_x2_minus_ordinary_x1","mae",-0.031603945720972
78,40,"ordinary_x2_minus_ordinary_x1","mean_error",0.0007201404062234
78,40,"ordinary_x2_minus_ordinary_x1","mse",-0.0117993028220706
78,40,"ordinary_x2_minus_ordinary_x1","oracle_gain",0
78,40,"ordinary_x2_minus_ordinary_x1","regret",-0.00577329109145555
78,40,"ordinary_x2_minus_ordinary_x1","treatment_share",0.0680999999999999
78,40,"ordinary_x2_minus_ordinary_x1","value_gain",0.00577329109145697
78,40,"ordinary_x2_minus_ordinary_x1","wrong_sign",-0.0681
79,40,"ordinary_x2_minus_ordinary_x1","mae",-0.012710163435727
79,40,"ordinary_x2_minus_ordinary_x1","mean_error",0.0018175656727495
79,40,"ordinary_x2_minus_ordinary_x1","mse",-0.0034787072340197
79,40,"ordinary_x2_minus_ordinary_x1","oracle_gain",0
79,40,"ordinary_x2_minus_ordinary_x1","regret",-0.0118235343933704
79,40,"ordinary_x2_minus_ordinary_x1","treatment_share",0.148366666666667
79,40,"ordinary_x2_minus_ordinary_x1","value_gain",0.011823534393371
79,40,"ordinary_x2_minus_ordinary_x1","wrong_sign",-0.148366666666666
8,40,"ordinary_x2_minus_ordinary_x1","mae",-0.059132745466691
8,40,"ordinary_x2_minus_ordinary_x1","mean_error",-0.000692871428624099
8,40,"ordinary_x2_minus_ordinary_x1","mse",-0.0160166802276701
8,40,"ordinary_x2_minus_ordinary_x1","oracle_gain",0
8,40,"ordinary_x2_minus_ordinary_x1","regret",-0.0192794821802526
8,40,"ordinary_x2_minus_ordinary_x1","treatment_share",0.1959
8,40,"ordinary_x2_minus_ordinary_x1","value_gain",0.019279482180253
8,40,"ordinary_x2_minus_ordinary_x1","wrong_sign",-0.1959
80,40,"ordinary_x2_minus_ordinary_x1","mae",0.06282488514636
80,40,"ordinary_x2_minus_ordinary_x1","mean_error",0.0021810346825817
80,40,"ordinary_x2_minus_ordinary_x1","mse",0.019071072931995
80,40,"ordinary_x2_minus_ordinary_x1","oracle_gain",0
80,40,"ordinary_x2_minus_ordinary_x1","regret",0.00413757603470938
80,40,"ordinary_x2_minus_ordinary_x1","treatment_share",-0.00883333333333403
80,40,"ordinary_x2_minus_ordinary_x1","value_gain",-0.00413757603471004
80,40,"ordinary_x2_minus_ordinary_x1","wrong_sign",0.0089
81,40,"ordinary_x2_minus_ordinary_x1","mae",-0.0403953949798184
81,40,"ordinary_x2_minus_ordinary_x1","mean_error",0.0016366653331506
81,40,"ordinary_x2_minus_ordinary_x1","mse",-0.0134012057139674
81,40,"ordinary_x2_minus_ordinary_x1","oracle_gain",0
81,40,"ordinary_x2_minus_ordinary_x1","regret",-0.00955212351757102
81,40,"ordinary_x2_minus_ordinary_x1","treatment_share",0.097866666666666
81,40,"ordinary_x2_minus_ordinary_x1","value_gain",0.00955212351757101
81,40,"ordinary_x2_minus_ordinary_x1","wrong_sign",-0.0978666666666667
82,40,"ordinary_x2_minus_ordinary_x1","mae",-0.050987987099477
82,40,"ordinary_x2_minus_ordinary_x1","mean_error",0.000637024713364801
82,40,"ordinary_x2_minus_ordinary_x1","mse",-0.0130732485301065
82,40,"ordinary_x2_minus_ordinary_x1","oracle_gain",0
82,40,"ordinary_x2_minus_ordinary_x1","regret",-0.0174963181304512
82,40,"ordinary_x2_minus_ordinary_x1","treatment_share",0.1763
82,40,"ordinary_x2_minus_ordinary_x1","value_gain",0.017496318130451
82,40,"ordinary_x2_minus_ordinary_x1","wrong_sign",-0.1761
83,40,"ordinary_x2_minus_ordinary_x1","mae",-0.002473428761608
83,40,"ordinary_x2_minus_ordinary_x1","mean_error",0.00326513003620713
83,40,"ordinary_x2_minus_ordinary_x1","mse",-0.0023182380437963
83,40,"ordinary_x2_minus_ordinary_x1","oracle_gain",0
83,40,"ordinary_x2_minus_ordinary_x1","regret",-0.0024005937502386
83,40,"ordinary_x2_minus_ordinary_x1","treatment_share",0.0325000000000001
83,40,"ordinary_x2_minus_ordinary_x1","value_gain",0.00240059375023904
83,40,"ordinary_x2_minus_ordinary_x1","wrong_sign",-0.0325666666666667
84,40,"ordinary_x2_minus_ordinary_x1","mae",-0.011397815359384
84,40,"ordinary_x2_minus_ordinary_x1","mean_error",0.000734934875380702
84,40,"ordinary_x2_minus_ordinary_x1","mse",-0.0038145018044656
84,40,"ordinary_x2_minus_ordinary_x1","oracle_gain",0
84,40,"ordinary_x2_minus_ordinary_x1","regret",-0.0024215453624128
84,40,"ordinary_x2_minus_ordinary_x1","treatment_share",0.037833333333333
84,40,"ordinary_x2_minus_ordinary_x1","value_gain",0.00242154536241301
84,40,"ordinary_x2_minus_ordinary_x1","wrong_sign",-0.0368333333333333
85,40,"ordinary_x2_minus_ordinary_x1","mae",-0.060038814904688
85,40,"ordinary_x2_minus_ordinary_x1","mean_error",-0.002600842755625
85,40,"ordinary_x2_minus_ordinary_x1","mse",-0.0195367355600864
85,40,"ordinary_x2_minus_ordinary_x1","oracle_gain",0
85,40,"ordinary_x2_minus_ordinary_x1","regret",-0.0115153934888317
85,40,"ordinary_x2_minus_ordinary_x1","treatment_share",0.1164
85,40,"ordinary_x2_minus_ordinary_x1","value_gain",0.011515393488832
85,40,"ordinary_x2_minus_ordinary_x1","wrong_sign",-0.1164
86,40,"ordinary_x2_minus_ordinary_x1","mae",-0.043038806358922
86,40,"ordinary_x2_minus_ordinary_x1","mean_error",-0.00111784631587214
86,40,"ordinary_x2_minus_ordinary_x1","mse",-0.0162950049468849
86,40,"ordinary_x2_minus_ordinary_x1","oracle_gain",0
86,40,"ordinary_x2_minus_ordinary_x1","regret",-0.00266134620043138
86,40,"ordinary_x2_minus_ordinary_x1","treatment_share",0.0305333333333331
86,40,"ordinary_x2_minus_ordinary_x1","value_gain",0.00266134620043101
86,40,"ordinary_x2_minus_ordinary_x1","wrong_sign",-0.0302666666666666
87,40,"ordinary_x2_minus_ordinary_x1","mae",-0.00250879370224799
87,40,"ordinary_x2_minus_ordinary_x1","mean_error",-0.0013685759145681
87,40,"ordinary_x2_minus_ordinary_x1","mse",0.000147371493473603
87,40,"ordinary_x2_minus_ordinary_x1","oracle_gain",0
87,40,"ordinary_x2_minus_ordinary_x1","regret",-0.0136137701546806
87,40,"ordinary_x2_minus_ordinary_x1","treatment_share",0.137533333333334
87,40,"ordinary_x2_minus_ordinary_x1","value_gain",0.01361377015468
87,40,"ordinary_x2_minus_ordinary_x1","wrong_sign",-0.1376
88,40,"ordinary_x2_minus_ordinary_x1","mae",-0.001013393711931
88,40,"ordinary_x2_minus_ordinary_x1","mean_error",0.00193383321704541
88,40,"ordinary_x2_minus_ordinary_x1","mse",0.0010594325019761
88,40,"ordinary_x2_minus_ordinary_x1","oracle_gain",0
88,40,"ordinary_x2_minus_ordinary_x1","regret",-0.0123138632012206
88,40,"ordinary_x2_minus_ordinary_x1","treatment_share",0.150366666666667
88,40,"ordinary_x2_minus_ordinary_x1","value_gain",0.012313863201221
88,40,"ordinary_x2_minus_ordinary_x1","wrong_sign",-0.150366666666667
89,40,"ordinary_x2_minus_ordinary_x1","mae",-0.000320814690936005
89,40,"ordinary_x2_minus_ordinary_x1","mean_error",-0.00127393991365349
89,40,"ordinary_x2_minus_ordinary_x1","mse",-0.000860357517297503
89,40,"ordinary_x2_minus_ordinary_x1","oracle_gain",0
89,40,"ordinary_x2_minus_ordinary_x1","regret",-0.00213624442730024
89,40,"ordinary_x2_minus_ordinary_x1","treatment_share",0.0238333333333329
89,40,"ordinary_x2_minus_ordinary_x1","value_gain",0.00213624442729998
89,40,"ordinary_x2_minus_ordinary_x1","wrong_sign",-0.0238333333333334
9,40,"ordinary_x2_minus_ordinary_x1","mae",-0.034740044033529
9,40,"ordinary_x2_minus_ordinary_x1","mean_error",0.0027099192236569
9,40,"ordinary_x2_minus_ordinary_x1","mse",-0.0082473326123568
9,40,"ordinary_x2_minus_ordinary_x1","oracle_gain",0
9,40,"ordinary_x2_minus_ordinary_x1","regret",-0.00649298197169334
9,40,"ordinary_x2_minus_ordinary_x1","treatment_share",0.061133333333333
9,40,"ordinary_x2_minus_ordinary_x1","value_gain",0.00649298197169301
9,40,"ordinary_x2_minus_ordinary_x1","wrong_sign",-0.0638
90,40,"ordinary_x2_minus_ordinary_x1","mae",-0.0538851941346601
90,40,"ordinary_x2_minus_ordinary_x1","mean_error",-0.0019216127643751
90,40,"ordinary_x2_minus_ordinary_x1","mse",-0.0165655832116102
90,40,"ordinary_x2_minus_ordinary_x1","oracle_gain",0
90,40,"ordinary_x2_minus_ordinary_x1","regret",-0.0164699898362252
90,40,"ordinary_x2_minus_ordinary_x1","treatment_share",0.1638
90,40,"ordinary_x2_minus_ordinary_x1","value_gain",0.016469989836224
90,40,"ordinary_x2_minus_ordinary_x1","wrong_sign",-0.1638
91,40,"ordinary_x2_minus_ordinary_x1","mae",-0.00380327451275903
91,40,"ordinary_x2_minus_ordinary_x1","mean_error",0.002824793766097
91,40,"ordinary_x2_minus_ordinary_x1","mse",-0.0018732464513024
91,40,"ordinary_x2_minus_ordinary_x1","oracle_gain",0
91,40,"ordinary_x2_minus_ordinary_x1","regret",-0.0180115766425849
91,40,"ordinary_x2_minus_ordinary_x1","treatment_share",0.185733333333333
91,40,"ordinary_x2_minus_ordinary_x1","value_gain",0.018011576642585
91,40,"ordinary_x2_minus_ordinary_x1","wrong_sign",-0.185733333333334
92,40,"ordinary_x2_minus_ordinary_x1","mae",-0.0115685641510532
92,40,"ordinary_x2_minus_ordinary_x1","mean_error",-0.00338431378814501
92,40,"ordinary_x2_minus_ordinary_x1","mse",-0.0067092789474181
92,40,"ordinary_x2_minus_ordinary_x1","oracle_gain",0
92,40,"ordinary_x2_minus_ordinary_x1","regret",-0.0147387380668125
92,40,"ordinary_x2_minus_ordinary_x1","treatment_share",0.147233333333334
92,40,"ordinary_x2_minus_ordinary_x1","value_gain",0.014738738066812
92,40,"ordinary_x2_minus_ordinary_x1","wrong_sign",-0.147233333333333
93,40,"ordinary_x2_minus_ordinary_x1","mae",-0.0410174269258165
93,40,"ordinary_x2_minus_ordinary_x1","mean_error",-0.000239265857447095
93,40,"ordinary_x2_minus_ordinary_x1","mse",-0.0150856985749053
93,40,"ordinary_x2_minus_ordinary_x1","oracle_gain",0
93,40,"ordinary_x2_minus_ordinary_x1","regret",-0.0032052814379807
93,40,"ordinary_x2_minus_ordinary_x1","treatment_share",0.0294
93,40,"ordinary_x2_minus_ordinary_x1","value_gain",0.00320528143797905
93,40,"ordinary_x2_minus_ordinary_x1","wrong_sign",-0.029333333333333
94,40,"ordinary_x2_minus_ordinary_x1","mae",0.00095443140391499
94,40,"ordinary_x2_minus_ordinary_x1","mean_error",0.000260664285342098
94,40,"ordinary_x2_minus_ordinary_x1","mse",0.000669708705705502
94,40,"ordinary_x2_minus_ordinary_x1","oracle_gain",0
94,40,"ordinary_x2_minus_ordinary_x1","regret",-0.00137971739650389
94,40,"ordinary_x2_minus_ordinary_x1","treatment_share",0.013866666666666
94,40,"ordinary_x2_minus_ordinary_x1","value_gain",0.001379717396505
94,40,"ordinary_x2_minus_ordinary_x1","wrong_sign",-0.0138666666666667
95,40,"ordinary_x2_minus_ordinary_x1","mae",-0.032925033449931
95,40,"ordinary_x2_minus_ordinary_x1","mean_error",-0.00388012949198604
95,40,"ordinary_x2_minus_ordinary_x1","mse",-0.0090739362326619
95,40,"ordinary_x2_minus_ordinary_x1","oracle_gain",0
95,40,"ordinary_x2_minus_ordinary_x1","regret",-0.00527916138306184
95,40,"ordinary_x2_minus_ordinary_x1","treatment_share",0.063666666666667
95,40,"ordinary_x2_minus_ordinary_x1","value_gain",0.005279161383062
95,40,"ordinary_x2_minus_ordinary_x1","wrong_sign",-0.0637333333333334
96,40,"ordinary_x2_minus_ordinary_x1","mae",-0.048804898389488
96,40,"ordinary_x2_minus_ordinary_x1","mean_error",-0.00124097864788039
96,40,"ordinary_x2_minus_ordinary_x1","mse",-0.0175835680354166
96,40,"ordinary_x2_minus_ordinary_x1","oracle_gain",0
96,40,"ordinary_x2_minus_ordinary_x1","regret",-0.0058925046342985
96,40,"ordinary_x2_minus_ordinary_x1","treatment_share",0.066733333333333
96,40,"ordinary_x2_minus_ordinary_x1","value_gain",0.00589250463429797
96,40,"ordinary_x2_minus_ordinary_x1","wrong_sign",-0.066733333333334
97,40,"ordinary_x2_minus_ordinary_x1","mae",-0.035081662483134
97,40,"ordinary_x2_minus_ordinary_x1","mean_error",-0.00286893979512089
97,40,"ordinary_x2_minus_ordinary_x1","mse",-0.0105624117702932
97,40,"ordinary_x2_minus_ordinary_x1","oracle_gain",0
97,40,"ordinary_x2_minus_ordinary_x1","regret",-0.0165370739257018
97,40,"ordinary_x2_minus_ordinary_x1","treatment_share",0.163266666666666
97,40,"ordinary_x2_minus_ordinary_x1","value_gain",0.016537073925702
97,40,"ordinary_x2_minus_ordinary_x1","wrong_sign",-0.163266666666667
98,40,"ordinary_x2_minus_ordinary_x1","mae",-0.0220652453723349
98,40,"ordinary_x2_minus_ordinary_x1","mean_error",-0.0029685432156209
98,40,"ordinary_x2_minus_ordinary_x1","mse",-0.003579582960834
98,40,"ordinary_x2_minus_ordinary_x1","oracle_gain",0
98,40,"ordinary_x2_minus_ordinary_x1","regret",-0.00243981978757154
98,40,"ordinary_x2_minus_ordinary_x1","treatment_share",0.025333333333333
98,40,"ordinary_x2_minus_ordinary_x1","value_gain",0.00243981978757196
98,40,"ordinary_x2_minus_ordinary_x1","wrong_sign",-0.0253333333333333
99,40,"ordinary_x2_minus_ordinary_x1","mae",-0.087868677215644
99,40,"ordinary_x2_minus_ordinary_x1","mean_error",0.00021669285257573
99,40,"ordinary_x2_minus_ordinary_x1","mse",-0.0311554164884549
99,40,"ordinary_x2_minus_ordinary_x1","oracle_gain",0
99,40,"ordinary_x2_minus_ordinary_x1","regret",-0.0193269926494143
99,40,"ordinary_x2_minus_ordinary_x1","treatment_share",0.191333333333333
99,40,"ordinary_x2_minus_ordinary_x1","value_gain",0.019326992649414
99,40,"ordinary_x2_minus_ordinary_x1","wrong_sign",-0.191333333333334
1,100,"ordinary_x2_minus_ordinary_x1","mae",-0.047753625490453
1,100,"ordinary_x2_minus_ordinary_x1","mean_error",-0.00516065967857257
1,100,"ordinary_x2_minus_ordinary_x1","mse",-0.0171235896025022
1,100,"ordinary_x2_minus_ordinary_x1","oracle_gain",0
1,100,"ordinary_x2_minus_ordinary_x1","regret",-0.0212108899141421
1,100,"ordinary_x2_minus_ordinary_x1","treatment_share",0.226
1,100,"ordinary_x2_minus_ordinary_x1","value_gain",0.021210889914143
1,100,"ordinary_x2_minus_ordinary_x1","wrong_sign",-0.2262
10,100,"ordinary_x2_minus_ordinary_x1","mae",0.095455911679177
10,100,"ordinary_x2_minus_ordinary_x1","mean_error",0.00374438233964152
10,100,"ordinary_x2_minus_ordinary_x1","mse",0.0351905977979688
10,100,"ordinary_x2_minus_ordinary_x1","oracle_gain",0
10,100,"ordinary_x2_minus_ordinary_x1","regret",0.003148268416648
10,100,"ordinary_x2_minus_ordinary_x1","treatment_share",0.0123
10,100,"ordinary_x2_minus_ordinary_x1","value_gain",-0.003148268416648
10,100,"ordinary_x2_minus_ordinary_x1","wrong_sign",-0.0205666666666667
100,100,"ordinary_x2_minus_ordinary_x1","mae",-0.119312910954929
100,100,"ordinary_x2_minus_ordinary_x1","mean_error",-0.0007533920422436
100,100,"ordinary_x2_minus_ordinary_x1","mse",-0.0539196049193122
100,100,"ordinary_x2_minus_ordinary_x1","oracle_gain",0
100,100,"ordinary_x2_minus_ordinary_x1","regret",-0.0240892234996177
100,100,"ordinary_x2_minus_ordinary_x1","treatment_share",0.242466666666667
100,100,"ordinary_x2_minus_ordinary_x1","value_gain",0.024089223499618
100,100,"ordinary_x2_minus_ordinary_x1","wrong_sign",-0.242466666666666
11,100,"ordinary_x2_minus_ordinary_x1","mae",-0.075694774206912
11,100,"ordinary_x2_minus_ordinary_x1","mean_error",-0.0064296880140208
11,100,"ordinary_x2_minus_ordinary_x1","mse",-0.0296753473293375
11,100,"ordinary_x2_minus_ordinary_x1","oracle_gain",0
11,100,"ordinary_x2_minus_ordinary_x1","regret",-0.0239374866590867
11,100,"ordinary_x2_minus_ordinary_x1","treatment_share",0.241466666666666
11,100,"ordinary_x2_minus_ordinary_x1","value_gain",0.023937486659086
11,100,"ordinary_x2_minus_ordinary_x1","wrong_sign",-0.241466666666666
12,100,"ordinary_x2_minus_ordinary_x1","mae",-0.072209589296945
12,100,"ordinary_x2_minus_ordinary_x1","mean_error",-0.0018740782656308
12,100,"ordinary_x2_minus_ordinary_x1","mse",-0.0315755127137789
12,100,"ordinary_x2_minus_ordinary_x1","oracle_gain",0
12,100,"ordinary_x2_minus_ordinary_x1","regret",-0.0234729993545187
12,100,"ordinary_x2_minus_ordinary_x1","treatment_share",0.2372
12,100,"ordinary_x2_minus_ordinary_x1","value_gain",0.023472999354518
12,100,"ordinary_x2_minus_ordinary_x1","wrong_sign",-0.2374
13,100,"ordinary_x2_minus_ordinary_x1","mae",0.11366613108862
13,100,"ordinary_x2_minus_ordinary_x1","mean_error",0.000562811243962298
13,100,"ordinary_x2_minus_ordinary_x1","mse",0.0481801726726813
13,100,"ordinary_x2_minus_ordinary_x1","oracle_gain",0
13,100,"ordinary_x2_minus_ordinary_x1","regret",0.0210473906639018
13,100,"ordinary_x2_minus_ordinary_x1","treatment_share",-0.0388333333333329
13,100,"ordinary_x2_minus_ordinary_x1","value_gain",-0.0210473906639
13,100,"ordinary_x2_minus_ordinary_x1","wrong_sign",0.0431
14,100,"ordinary_x2_minus_ordinary_x1","mae",-0.035661300132336
14,100,"ordinary_x2_minus_ordinary_x1","mean_error",0.0020972888291889
14,100,"ordinary_x2_minus_ordinary_x1","mse",-0.0172447468603299
14,100,"ordinary_x2_minus_ordinary_x1","oracle_gain",0
14,100,"ordinary_x2_minus_ordinary_x1","regret",-0.024360512087145
14,100,"ordinary_x2_minus_ordinary_x1","treatment_share",0.2374
14,100,"ordinary_x2_minus_ordinary_x1","value_gain",0.024360512087145
14,100,"ordinary_x2_minus_ordinary_x1","wrong_sign",-0.238866666666667
15,100,"ordinary_x2_minus_ordinary_x1","mae",-0.064574609015323
15,100,"ordinary_x2_minus_ordinary_x1","mean_error",0.0087014130482393
15,100,"ordinary_x2_minus_ordinary_x1","mse",-0.0213709934516851
15,100,"ordinary_x2_minus_ordinary_x1","oracle_gain",0
15,100,"ordinary_x2_minus_ordinary_x1","regret",-0.0172923542053812
15,100,"ordinary_x2_minus_ordinary_x1","treatment_share",0.188933333333334
15,100,"ordinary_x2_minus_ordinary_x1","value_gain",0.017292354205381
15,100,"ordinary_x2_minus_ordinary_x1","wrong_sign",-0.187533333333333
16,100,"ordinary_x2_minus_ordinary_x1","mae",-0.100540094231843
16,100,"ordinary_x2_minus_ordinary_x1","mean_error",-0.0167915889343168
16,100,"ordinary_x2_minus_ordinary_x1","mse",-0.043632325844802
16,100,"ordinary_x2_minus_ordinary_x1","oracle_gain",0
16,100,"ordinary_x2_minus_ordinary_x1","regret",-0.0220858539863504
16,100,"ordinary_x2_minus_ordinary_x1","treatment_share",0.207
16,100,"ordinary_x2_minus_ordinary_x1","value_gain",0.02208585398635
16,100,"ordinary_x2_minus_ordinary_x1","wrong_sign",-0.213066666666667
17,100,"ordinary_x2_minus_ordinary_x1","mae",0.022095045726693
17,100,"ordinary_x2_minus_ordinary_x1","mean_error",-0.007216980505737
17,100,"ordinary_x2_minus_ordinary_x1","mse",0.0076735086505699
17,100,"ordinary_x2_minus_ordinary_x1","oracle_gain",0
17,100,"ordinary_x2_minus_ordinary_x1","regret",-0.000963581598058101
17,100,"ordinary_x2_minus_ordinary_x1","treatment_share",0.155533333333334
17,100,"ordinary_x2_minus_ordinary_x1","value_gain",0.000963581598057983
17,100,"ordinary_x2_minus_ordinary_x1","wrong_sign",-0.156666666666667
18,100,"ordinary_x2_minus_ordinary_x1","mae",-0.115686045014398
18,100,"ordinary_x2_minus_ordinary_x1","mean_error",0.0070966116256743
18,100,"ordinary_x2_minus_ordinary_x1","mse",-0.0481230499455447
18,100,"ordinary_x2_minus_ordinary_x1","oracle_gain",0
18,100,"ordinary_x2_minus_ordinary_x1","regret",-0.0203132698393923
18,100,"ordinary_x2_minus_ordinary_x1","treatment_share",0.222133333333333
18,100,"ordinary_x2_minus_ordinary_x1","value_gain",0.020313269839393
18,100,"ordinary_x2_minus_ordinary_x1","wrong_sign",-0.222133333333334
19,100,"ordinary_x2_minus_ordinary_x1","mae",-0.037805610917512
19,100,"ordinary_x2_minus_ordinary_x1","mean_error",0.0115724728738825
19,100,"ordinary_x2_minus_ordinary_x1","mse",-0.0149189973467639
19,100,"ordinary_x2_minus_ordinary_x1","oracle_gain",0
19,100,"ordinary_x2_minus_ordinary_x1","regret",-0.0190895454275196
19,100,"ordinary_x2_minus_ordinary_x1","treatment_share",0.2022
19,100,"ordinary_x2_minus_ordinary_x1","value_gain",0.01908954542752
19,100,"ordinary_x2_minus_ordinary_x1","wrong_sign",-0.202866666666667
2,100,"ordinary_x2_minus_ordinary_x1","mae",-0.049335543610567
2,100,"ordinary_x2_minus_ordinary_x1","mean_error",0.00119113378095993
2,100,"ordinary_x2_minus_ordinary_x1","mse",-0.0185551418961087
2,100,"ordinary_x2_minus_ordinary_x1","oracle_gain",0
2,100,"ordinary_x2_minus_ordinary_x1","regret",-0.0235632153263238
2,100,"ordinary_x2_minus_ordinary_x1","treatment_share",0.236033333333333
2,100,"ordinary_x2_minus_ordinary_x1","value_gain",0.023563215326324
2,100,"ordinary_x2_minus_ordinary_x1","wrong_sign",-0.236233333333334
20,100,"ordinary_x2_minus_ordinary_x1","mae",0.058566046959289
20,100,"ordinary_x2_minus_ordinary_x1","mean_error",-0.00351712471371329
20,100,"ordinary_x2_minus_ordinary_x1","mse",0.0223494396507329
20,100,"ordinary_x2_minus_ordinary_x1","oracle_gain",0
20,100,"ordinary_x2_minus_ordinary_x1","regret",0.00590998552217077
20,100,"ordinary_x2_minus_ordinary_x1","treatment_share",-0.009033333333334
20,100,"ordinary_x2_minus_ordinary_x1","value_gain",-0.00590998552217098
20,100,"ordinary_x2_minus_ordinary_x1","wrong_sign",0.0056333333333334
21,100,"ordinary_x2_minus_ordinary_x1","mae",-0.059693776429991
21,100,"ordinary_x2_minus_ordinary_x1","mean_error",-0.000380286340689599
21,100,"ordinary_x2_minus_ordinary_x1","mse",-0.0236205235387171
21,100,"ordinary_x2_minus_ordinary_x1","oracle_gain",0
21,100,"ordinary_x2_minus_ordinary_x1","regret",-0.0176299175755534
21,100,"ordinary_x2_minus_ordinary_x1","treatment_share",0.221466666666667
21,100,"ordinary_x2_minus_ordinary_x1","value_gain",0.017629917575553
21,100,"ordinary_x2_minus_ordinary_x1","wrong_sign",-0.2202
22,100,"ordinary_x2_minus_ordinary_x1","mae",-0.062618273329542
22,100,"ordinary_x2_minus_ordinary_x1","mean_error",0.0004541350463354
22,100,"ordinary_x2_minus_ordinary_x1","mse",-0.0274244411326275
22,100,"ordinary_x2_minus_ordinary_x1","oracle_gain",0
22,100,"ordinary_x2_minus_ordinary_x1","regret",-0.0231646977373406
22,100,"ordinary_x2_minus_ordinary_x1","treatment_share",0.229
22,100,"ordinary_x2_minus_ordinary_x1","value_gain",0.023164697737341
22,100,"ordinary_x2_minus_ordinary_x1","wrong_sign",-0.230533333333334
23,100,"ordinary_x2_minus_ordinary_x1","mae",-0.036442060713059
23,100,"ordinary_x2_minus_ordinary_x1","mean_error",0.0126059716982745
23,100,"ordinary_x2_minus_ordinary_x1","mse",-0.0146185364550598
23,100,"ordinary_x2_minus_ordinary_x1","oracle_gain",0
23,100,"ordinary_x2_minus_ordinary_x1","regret",-0.0174121147324285
23,100,"ordinary_x2_minus_ordinary_x1","treatment_share",0.207433333333333
23,100,"ordinary_x2_minus_ordinary_x1","value_gain",0.017412114732428
23,100,"ordinary_x2_minus_ordinary_x1","wrong_sign",-0.206366666666667
24,100,"ordinary_x2_minus_ordinary_x1","mae",-0.087857756379677
24,100,"ordinary_x2_minus_ordinary_x1","mean_error",0.00959037926704764
24,100,"ordinary_x2_minus_ordinary_x1","mse",-0.0316089509961174
24,100,"ordinary_x2_minus_ordinary_x1","oracle_gain",0
24,100,"ordinary_x2_minus_ordinary_x1","regret",-0.0221233477798709
24,100,"ordinary_x2_minus_ordinary_x1","treatment_share",0.226233333333334
24,100,"ordinary_x2_minus_ordinary_x1","value_gain",0.022123347779871
24,100,"ordinary_x2_minus_ordinary_x1","wrong_sign",-0.226233333333334
25,100,"ordinary_x2_minus_ordinary_x1","mae",0.004947203603271
25,100,"ordinary_x2_minus_ordinary_x1","mean_error",0.0006240723776492
25,100,"ordinary_x2_minus_ordinary_x1","mse",-0.00247840694900911
25,100,"ordinary_x2_minus_ordinary_x1","oracle_gain",0
25,100,"ordinary_x2_minus_ordinary_x1","regret",-0.0171654630405557
25,100,"ordinary_x2_minus_ordinary_x1","treatment_share",0.184066666666667
25,100,"ordinary_x2_minus_ordinary_x1","value_gain",0.017165463040556
25,100,"ordinary_x2_minus_ordinary_x1","wrong_sign",-0.184066666666666
26,100,"ordinary_x2_minus_ordinary_x1","mae",-0.060426134067692
26,100,"ordinary_x2_minus_ordinary_x1","mean_error",0.0011539892354899
26,100,"ordinary_x2_minus_ordinary_x1","mse",-0.0250332956378115
26,100,"ordinary_x2_minus_ordinary_x1","oracle_gain",0
26,100,"ordinary_x2_minus_ordinary_x1","regret",-0.0193266023172212
26,100,"ordinary_x2_minus_ordinary_x1","treatment_share",0.2239
26,100,"ordinary_x2_minus_ordinary_x1","value_gain",0.019326602317221
26,100,"ordinary_x2_minus_ordinary_x1","wrong_sign",-0.223766666666667
27,100,"ordinary_x2_minus_ordinary_x1","mae",-0.019386667572468
27,100,"ordinary_x2_minus_ordinary_x1","mean_error",-0.0041493339548416
27,100,"ordinary_x2_minus_ordinary_x1","mse",-0.0116702512028642
27,100,"ordinary_x2_minus_ordinary_x1","oracle_gain",0
27,100,"ordinary_x2_minus_ordinary_x1","regret",-0.0187279282117203
27,100,"ordinary_x2_minus_ordinary_x1","treatment_share",0.179833333333334
27,100,"ordinary_x2_minus_ordinary_x1","value_gain",0.01872792821172
27,100,"ordinary_x2_minus_ordinary_x1","wrong_sign",-0.183166666666666
28,100,"ordinary_x2_minus_ordinary_x1","mae",-0.104552737762088
28,100,"ordinary_x2_minus_ordinary_x1","mean_error",0.00483075297811603
28,100,"ordinary_x2_minus_ordinary_x1","mse",-0.0397618329132705
28,100,"ordinary_x2_minus_ordinary_x1","oracle_gain",0
28,100,"ordinary_x2_minus_ordinary_x1","regret",-0.0221170938765917
28,100,"ordinary_x2_minus_ordinary_x1","treatment_share",0.236166666666667
28,100,"ordinary_x2_minus_ordinary_x1","value_gain",0.022117093876591
28,100,"ordinary_x2_minus_ordinary_x1","wrong_sign",-0.236166666666667
29,100,"ordinary_x2_minus_ordinary_x1","mae",-0.057828650508699
29,100,"ordinary_x2_minus_ordinary_x1","mean_error",0.00347527618989221
29,100,"ordinary_x2_minus_ordinary_x1","mse",-0.0242739497584291
29,100,"ordinary_x2_minus_ordinary_x1","oracle_gain",0
29,100,"ordinary_x2_minus_ordinary_x1","regret",-0.023080504305961
29,100,"ordinary_x2_minus_ordinary_x1","treatment_share",0.231566666666666
29,100,"ordinary_x2_minus_ordinary_x1","value_gain",0.023080504305961
29,100,"ordinary_x2_minus_ordinary_x1","wrong_sign",-0.233566666666666
3,100,"ordinary_x2_minus_ordinary_x1","mae",-0.00822716979220001
3,100,"ordinary_x2_minus_ordinary_x1","mean_error",0.000683152260433806
3,100,"ordinary_x2_minus_ordinary_x1","mse",-0.0039484542506649
3,100,"ordinary_x2_minus_ordinary_x1","oracle_gain",0
3,100,"ordinary_x2_minus_ordinary_x1","regret",-0.0189526271375082
3,100,"ordinary_x2_minus_ordinary_x1","treatment_share",0.2083
3,100,"ordinary_x2_minus_ordinary_x1","value_gain",0.018952627137508
3,100,"ordinary_x2_minus_ordinary_x1","wrong_sign",-0.206366666666667
30,100,"ordinary_x2_minus_ordinary_x1","mae",0.015209477837103
30,100,"ordinary_x2_minus_ordinary_x1","mean_error",0.000712299864533701
30,100,"ordinary_x2_minus_ordinary_x1","mse",0.0064874269200809
30,100,"ordinary_x2_minus_ordinary_x1","oracle_gain",0
30,100,"ordinary_x2_minus_ordinary_x1","regret",-0.0186613251940401
30,100,"ordinary_x2_minus_ordinary_x1","treatment_share",0.2157
30,100,"ordinary_x2_minus_ordinary_x1","value_gain",0.018661325194039
30,100,"ordinary_x2_minus_ordinary_x1","wrong_sign",-0.2157
31,100,"ordinary_x2_minus_ordinary_x1","mae",0.082702484820997
31,100,"ordinary_x2_minus_ordinary_x1","mean_error",0.0031515449957806
31,100,"ordinary_x2_minus_ordinary_x1","mse",0.0351131835836898
31,100,"ordinary_x2_minus_ordinary_x1","oracle_gain",0
31,100,"ordinary_x2_minus_ordinary_x1","regret",0.0092453227475844
31,100,"ordinary_x2_minus_ordinary_x1","treatment_share",0.0516
31,100,"ordinary_x2_minus_ordinary_x1","value_gain",-0.009245322747584
31,100,"ordinary_x2_minus_ordinary_x1","wrong_sign",-0.047733333333333
32,100,"ordinary_x2_minus_ordinary_x1","mae",-0.089302165288111
32,100,"ordinary_x2_minus_ordinary_x1","mean_error",-0.0025203869346684
32,100,"ordinary_x2_minus_ordinary_x1","mse",-0.0377253021205286
32,100,"ordinary_x2_minus_ordinary_x1","oracle_gain",0
32,100,"ordinary_x2_minus_ordinary_x1","regret",-0.0242058375277091
32,100,"ordinary_x2_minus_ordinary_x1","treatment_share",0.2304
32,100,"ordinary_x2_minus_ordinary_x1","value_gain",0.02420583752771
32,100,"ordinary_x2_minus_ordinary_x1","wrong_sign",-0.234533333333333
33,100,"ordinary_x2_minus_ordinary_x1","mae",0.046171806435051
33,100,"ordinary_x2_minus_ordinary_x1","mean_error",0.0017778662915199
33,100,"ordinary_x2_minus_ordinary_x1","mse",0.0171000232420836
33,100,"ordinary_x2_minus_ordinary_x1","oracle_gain",0
33,100,"ordinary_x2_minus_ordinary_x1","regret",0.0116311229639384
33,100,"ordinary_x2_minus_ordinary_x1","treatment_share",0.111666666666667
33,100,"ordinary_x2_minus_ordinary_x1","value_gain",-0.011631122963938
33,100,"ordinary_x2_minus_ordinary_x1","wrong_sign",-0.1138
34,100,"ordinary_x2_minus_ordinary_x1","mae",-0.091338880346058
34,100,"ordinary_x2_minus_ordinary_x1","mean_error",0.000461668214330899
34,100,"ordinary_x2_minus_ordinary_x1","mse",-0.0360460751919785
34,100,"ordinary_x2_minus_ordinary_x1","oracle_gain",0
34,100,"ordinary_x2_minus_ordinary_x1","regret",-0.0212147407502239
34,100,"ordinary_x2_minus_ordinary_x1","treatment_share",0.227066666666667
34,100,"ordinary_x2_minus_ordinary_x1","value_gain",0.021214740750223
34,100,"ordinary_x2_minus_ordinary_x1","wrong_sign",-0.227066666666667
35,100,"ordinary_x2_minus_ordinary_x1","mae",0.00848935128630998
35,100,"ordinary_x2_minus_ordinary_x1","mean_error",0.0057680047511859
35,100,"ordinary_x2_minus_ordinary_x1","mse",0.00148995952258001
35,100,"ordinary_x2_minus_ordinary_x1","oracle_gain",0
35,100,"ordinary_x2_minus_ordinary_x1","regret",0.0076355423450478
35,100,"ordinary_x2_minus_ordinary_x1","treatment_share",0.129633333333334
35,100,"ordinary_x2_minus_ordinary_x1","value_gain",-0.00763554234504799
35,100,"ordinary_x2_minus_ordinary_x1","wrong_sign",-0.130566666666667
36,100,"ordinary_x2_minus_ordinary_x1","mae",-0.044778077274219
36,100,"ordinary_x2_minus_ordinary_x1","mean_error",0.0070298235076469
36,100,"ordinary_x2_minus_ordinary_x1","mse",-0.0203408304973176
36,100,"ordinary_x2_minus_ordinary_x1","oracle_gain",0
36,100,"ordinary_x2_minus_ordinary_x1","regret",-0.0206802199762687
36,100,"ordinary_x2_minus_ordinary_x1","treatment_share",0.2259
36,100,"ordinary_x2_minus_ordinary_x1","value_gain",0.020680219976268
36,100,"ordinary_x2_minus_ordinary_x1","wrong_sign",-0.226366666666667
37,100,"ordinary_x2_minus_ordinary_x1","mae",0.021196144531616
37,100,"ordinary_x2_minus_ordinary_x1","mean_error",0.000982114448112102
37,100,"ordinary_x2_minus_ordinary_x1","mse",0.0100837681494146
37,100,"ordinary_x2_minus_ordinary_x1","oracle_gain",0
37,100,"ordinary_x2_minus_ordinary_x1","regret",-0.00348086955743687
37,100,"ordinary_x2_minus_ordinary_x1","treatment_share",0.0277000000000001
37,100,"ordinary_x2_minus_ordinary_x1","value_gain",0.00348086955743698
37,100,"ordinary_x2_minus_ordinary_x1","wrong_sign",-0.0310333333333334
38,100,"ordinary_x2_minus_ordinary_x1","mae",-0.106501556144966
38,100,"ordinary_x2_minus_ordinary_x1","mean_error",-0.00867585794204037
38,100,"ordinary_x2_minus_ordinary_x1","mse",-0.0396110615207885
38,100,"ordinary_x2_minus_ordinary_x1","oracle_gain",0
38,100,"ordinary_x2_minus_ordinary_x1","regret",-0.0208372678065006
38,100,"ordinary_x2_minus_ordinary_x1","treatment_share",0.226266666666666
38,100,"ordinary_x2_minus_ordinary_x1","value_gain",0.020837267806503
38,100,"ordinary_x2_minus_ordinary_x1","wrong_sign",-0.225666666666667
39,100,"ordinary_x2_minus_ordinary_x1","mae",-0.04454853220862
39,100,"ordinary_x2_minus_ordinary_x1","mean_error",-0.0050711061017884
39,100,"ordinary_x2_minus_ordinary_x1","mse",-0.0181732039181159
39,100,"ordinary_x2_minus_ordinary_x1","oracle_gain",0
39,100,"ordinary_x2_minus_ordinary_x1","regret",-0.0195727407445418
39,100,"ordinary_x2_minus_ordinary_x1","treatment_share",0.207766666666667
39,100,"ordinary_x2_minus_ordinary_x1","value_gain",0.019572740744541
39,100,"ordinary_x2_minus_ordinary_x1","wrong_sign",-0.207766666666666
4,100,"ordinary_x2_minus_ordinary_x1","mae",0.025655248987499
4,100,"ordinary_x2_minus_ordinary_x1","mean_error",0.0016738628738517
4,100,"ordinary_x2_minus_ordinary_x1","mse",0.0117477743929711
4,100,"ordinary_x2_minus_ordinary_x1","oracle_gain",0
4,100,"ordinary_x2_minus_ordinary_x1","regret",-0.0192740603498486
4,100,"ordinary_x2_minus_ordinary_x1","treatment_share",0.2061
4,100,"ordinary_x2_minus_ordinary_x1","value_gain",0.019274060349849
4,100,"ordinary_x2_minus_ordinary_x1","wrong_sign",-0.2061
40,100,"ordinary_x2_minus_ordinary_x1","mae",-0.053270033106285
40,100,"ordinary_x2_minus_ordinary_x1","mean_error",-0.00274219947017458
40,100,"ordinary_x2_minus_ordinary_x1","mse",-0.0233565548423557
40,100,"ordinary_x2_minus_ordinary_x1","oracle_gain",0
40,100,"ordinary_x2_minus_ordinary_x1","regret",-0.0212690346064535
40,100,"ordinary_x2_minus_ordinary_x1","treatment_share",0.231466666666667
40,100,"ordinary_x2_minus_ordinary_x1","value_gain",0.021269034606453
40,100,"ordinary_x2_minus_ordinary_x1","wrong_sign",-0.231466666666667
41,100,"ordinary_x2_minus_ordinary_x1","mae",-0.031463569648874
41,100,"ordinary_x2_minus_ordinary_x1","mean_error",0.00854971496279414
41,100,"ordinary_x2_minus_ordinary_x1","mse",-0.012461953939155
41,100,"ordinary_x2_minus_ordinary_x1","oracle_gain",0
41,100,"ordinary_x2_minus_ordinary_x1","regret",-0.0091824785884828
41,100,"ordinary_x2_minus_ordinary_x1","treatment_share",0.183433333333333
41,100,"ordinary_x2_minus_ordinary_x1","value_gain",0.00918247858848298
41,100,"ordinary_x2_minus_ordinary_x1","wrong_sign",-0.183433333333333
42,100,"ordinary_x2_minus_ordinary_x1","mae",-0.048408510184531
42,100,"ordinary_x2_minus_ordinary_x1","mean_error",-0.002066047933518
42,100,"ordinary_x2_minus_ordinary_x1","mse",-0.0196058535967339
42,100,"ordinary_x2_minus_ordinary_x1","oracle_gain",0
42,100,"ordinary_x2_minus_ordinary_x1","regret",-0.0217973943886425
42,100,"ordinary_x2_minus_ordinary_x1","treatment_share",0.210566666666666
42,100,"ordinary_x2_minus_ordinary_x1","value_gain",0.021797394388642
42,100,"ordinary_x2_minus_ordinary_x1","wrong_sign",-0.2121
43,100,"ordinary_x2_minus_ordinary_x1","mae",0.068670558846593
43,100,"ordinary_x2_minus_ordinary_x1","mean_error",-0.000777046630659001
43,100,"ordinary_x2_minus_ordinary_x1","mse",0.0277085124298178
43,100,"ordinary_x2_minus_ordinary_x1","oracle_gain",0
43,100,"ordinary_x2_minus_ordinary_x1","regret",0.0019166862272145
43,100,"ordinary_x2_minus_ordinary_x1","treatment_share",0.0842
43,100,"ordinary_x2_minus_ordinary_x1","value_gain",-0.00191668622721503
43,100,"ordinary_x2_minus_ordinary_x1","wrong_sign",-0.0841999999999997
44,100,"ordinary_x2_minus_ordinary_x1","mae",0.089749188324166
44,100,"ordinary_x2_minus_ordinary_x1","mean_error",-0.00236049631777229
44,100,"ordinary_x2_minus_ordinary_x1","mse",0.0341786991570399
44,100,"ordinary_x2_minus_ordinary_x1","oracle_gain",0
44,100,"ordinary_x2_minus_ordinary_x1","regret",0.0475946196741402
44,100,"ordinary_x2_minus_ordinary_x1","treatment_share",-0.0460666666666659
44,100,"ordinary_x2_minus_ordinary_x1","value_gain",-0.04759461967414
44,100,"ordinary_x2_minus_ordinary_x1","wrong_sign",0.0452
45,100,"ordinary_x2_minus_ordinary_x1","mae",-0.103411483992972
45,100,"ordinary_x2_minus_ordinary_x1","mean_error",-0.0074977952676191
45,100,"ordinary_x2_minus_ordinary_x1","mse",-0.0402839852764408
45,100,"ordinary_x2_minus_ordinary_x1","oracle_gain",0
45,100,"ordinary_x2_minus_ordinary_x1","regret",-0.0223115032233338
45,100,"ordinary_x2_minus_ordinary_x1","treatment_share",0.217433333333334
45,100,"ordinary_x2_minus_ordinary_x1","value_gain",0.022311503223334
45,100,"ordinary_x2_minus_ordinary_x1","wrong_sign",-0.2193
46,100,"ordinary_x2_minus_ordinary_x1","mae",-0.07941364093019
46,100,"ordinary_x2_minus_ordinary_x1","mean_error",0.0150361344000076
46,100,"ordinary_x2_minus_ordinary_x1","mse",-0.0352045354882173
46,100,"ordinary_x2_minus_ordinary_x1","oracle_gain",0
46,100,"ordinary_x2_minus_ordinary_x1","regret",-0.0188968630137419
46,100,"ordinary_x2_minus_ordinary_x1","treatment_share",0.222766666666667
46,100,"ordinary_x2_minus_ordinary_x1","value_gain",0.018896863013742
46,100,"ordinary_x2_minus_ordinary_x1","wrong_sign",-0.222766666666667
47,100,"ordinary_x2_minus_ordinary_x1","mae",0.033716255810752
47,100,"ordinary_x2_minus_ordinary_x1","mean_error",-0.0041012187307981
47,100,"ordinary_x2_minus_ordinary_x1","mse",0.0135862513390058
47,100,"ordinary_x2_minus_ordinary_x1","oracle_gain",0
47,100,"ordinary_x2_minus_ordinary_x1","regret",-0.012084145728643
47,100,"ordinary_x2_minus_ordinary_x1","treatment_share",0.138833333333333
47,100,"ordinary_x2_minus_ordinary_x1","value_gain",0.012084145728642
47,100,"ordinary_x2_minus_ordinary_x1","wrong_sign",-0.138166666666667
48,100,"ordinary_x2_minus_ordinary_x1","mae",0.107575146038865
48,100,"ordinary_x2_minus_ordinary_x1","mean_error",0.00346234011062119
48,100,"ordinary_x2_minus_ordinary_x1","mse",0.0420161162496228
48,100,"ordinary_x2_minus_ordinary_x1","oracle_gain",0
48,100,"ordinary_x2_minus_ordinary_x1","regret",0.0353384256598447
48,100,"ordinary_x2_minus_ordinary_x1","treatment_share",0.00319999999999998
48,100,"ordinary_x2_minus_ordinary_x1","value_gain",-0.035338425659845
48,100,"ordinary_x2_minus_ordinary_x1","wrong_sign",-0.00320000000000001
49,100,"ordinary_x2_minus_ordinary_x1","mae",-0.047145203655321
49,100,"ordinary_x2_minus_ordinary_x1","mean_error",-0.0018621569753741
49,100,"ordinary_x2_minus_ordinary_x1","mse",-0.0233145436841384
49,100,"ordinary_x2_minus_ordinary_x1","oracle_gain",0
49,100,"ordinary_x2_minus_ordinary_x1","regret",-0.0217497678149646
49,100,"ordinary_x2_minus_ordinary_x1","treatment_share",0.2246
49,100,"ordinary_x2_minus_ordinary_x1","value_gain",0.021749767814965
49,100,"ordinary_x2_minus_ordinary_x1","wrong_sign",-0.224866666666667
5,100,"ordinary_x2_minus_ordinary_x1","mae",-0.074872977174675
5,100,"ordinary_x2_minus_ordinary_x1","mean_error",0.0021570405879565
5,100,"ordinary_x2_minus_ordinary_x1","mse",-0.0307000445060775
5,100,"ordinary_x2_minus_ordinary_x1","oracle_gain",0
5,100,"ordinary_x2_minus_ordinary_x1","regret",-0.019879470694793
5,100,"ordinary_x2_minus_ordinary_x1","treatment_share",0.226733333333333
5,100,"ordinary_x2_minus_ordinary_x1","value_gain",0.019879470694793
5,100,"ordinary_x2_minus_ordinary_x1","wrong_sign",-0.226733333333333
50,100,"ordinary_x2_minus_ordinary_x1","mae",-0.018047585305478
50,100,"ordinary_x2_minus_ordinary_x1","mean_error",0.00346198885554102
50,100,"ordinary_x2_minus_ordinary_x1","mse",-0.0083208381619396
50,100,"ordinary_x2_minus_ordinary_x1","oracle_gain",0
50,100,"ordinary_x2_minus_ordinary_x1","regret",-0.0176757009352294
50,100,"ordinary_x2_minus_ordinary_x1","treatment_share",0.192233333333333
50,100,"ordinary_x2_minus_ordinary_x1","value_gain",0.017675700935229
50,100,"ordinary_x2_minus_ordinary_x1","wrong_sign",-0.192833333333334
51,100,"ordinary_x2_minus_ordinary_x1","mae",-0.050124897077026
51,100,"ordinary_x2_minus_ordinary_x1","mean_error",-0.009879698235781
51,100,"ordinary_x2_minus_ordinary_x1","mse",-0.0208230787158455
51,100,"ordinary_x2_minus_ordinary_x1","oracle_gain",0
51,100,"ordinary_x2_minus_ordinary_x1","regret",-0.0183337639739155
51,100,"ordinary_x2_minus_ordinary_x1","treatment_share",0.208233333333333
51,100,"ordinary_x2_minus_ordinary_x1","value_gain",0.018333763973916
51,100,"ordinary_x2_minus_ordinary_x1","wrong_sign",-0.208166666666666
52,100,"ordinary_x2_minus_ordinary_x1","mae",0.025521827767392
52,100,"ordinary_x2_minus_ordinary_x1","mean_error",-0.000583205208823202
52,100,"ordinary_x2_minus_ordinary_x1","mse",0.008892181886042
52,100,"ordinary_x2_minus_ordinary_x1","oracle_gain",0
52,100,"ordinary_x2_minus_ordinary_x1","regret",-0.00543117254319682
52,100,"ordinary_x2_minus_ordinary_x1","treatment_share",0.070533333333334
52,100,"ordinary_x2_minus_ordinary_x1","value_gain",0.00543117254319597
52,100,"ordinary_x2_minus_ordinary_x1","wrong_sign",-0.0705333333333333
53,100,"ordinary_x2_minus_ordinary_x1","mae",-0.085439943508384
53,100,"ordinary_x2_minus_ordinary_x1","mean_error",0.00182246327566882
53,100,"ordinary_x2_minus_ordinary_x1","mse",-0.0319099419054139
53,100,"ordinary_x2_minus_ordinary_x1","oracle_gain",0
53,100,"ordinary_x2_minus_ordinary_x1","regret",-0.0209424889361741
53,100,"ordinary_x2_minus_ordinary_x1","treatment_share",0.227666666666666
53,100,"ordinary_x2_minus_ordinary_x1","value_gain",0.020942488936176
53,100,"ordinary_x2_minus_ordinary_x1","wrong_sign",-0.227666666666667
54,100,"ordinary_x2_minus_ordinary_x1","mae",-0.019121009870889
54,100,"ordinary_x2_minus_ordinary_x1","mean_error",0.0038528221593311
54,100,"ordinary_x2_minus_ordinary_x1","mse",-0.0066615578589892
54,100,"ordinary_x2_minus_ordinary_x1","oracle_gain",0
54,100,"ordinary_x2_minus_ordinary_x1","regret",-0.0192969480367439
54,100,"ordinary_x2_minus_ordinary_x1","treatment_share",0.222833333333334
54,100,"ordinary_x2_minus_ordinary_x1","value_gain",0.019296948036744
54,100,"ordinary_x2_minus_ordinary_x1","wrong_sign",-0.223033333333334
55,100,"ordinary_x2_minus_ordinary_x1","mae",0.00179614730651101
55,100,"ordinary_x2_minus_ordinary_x1","mean_error",0.0039637396450857
55,100,"ordinary_x2_minus_ordinary_x1","mse",-0.0029553173390121
55,100,"ordinary_x2_minus_ordinary_x1","oracle_gain",0
55,100,"ordinary_x2_minus_ordinary_x1","regret",-0.0090067448318918
55,100,"ordinary_x2_minus_ordinary_x1","treatment_share",0.188266666666667
55,100,"ordinary_x2_minus_ordinary_x1","value_gain",0.00900674483189201
55,100,"ordinary_x2_minus_ordinary_x1","wrong_sign",-0.188266666666666
56,100,"ordinary_x2_minus_ordinary_x1","mae",-0.017472025227745
56,100,"ordinary_x2_minus_ordinary_x1","mean_error",0.0006504869567095
56,100,"ordinary_x2_minus_ordinary_x1","mse",-0.0096801572413147
56,100,"ordinary_x2_minus_ordinary_x1","oracle_gain",0
56,100,"ordinary_x2_minus_ordinary_x1","regret",-0.0214997415244478
56,100,"ordinary_x2_minus_ordinary_x1","treatment_share",0.2217
56,100,"ordinary_x2_minus_ordinary_x1","value_gain",0.021499741524447
56,100,"ordinary_x2_minus_ordinary_x1","wrong_sign",-0.222033333333333
57,100,"ordinary_x2_minus_ordinary_x1","mae",0.032688467596654
57,100,"ordinary_x2_minus_ordinary_x1","mean_error",-0.00638614357029239
57,100,"ordinary_x2_minus_ordinary_x1","mse",0.0137064158733672
57,100,"ordinary_x2_minus_ordinary_x1","oracle_gain",0
57,100,"ordinary_x2_minus_ordinary_x1","regret",-0.00051147326263288
57,100,"ordinary_x2_minus_ordinary_x1","treatment_share",0.0481333333333329
57,100,"ordinary_x2_minus_ordinary_x1","value_gain",0.000511473262632012
57,100,"ordinary_x2_minus_ordinary_x1","wrong_sign",-0.0482666666666667
58,100,"ordinary_x2_minus_ordinary_x1","mae",-0.014016572376007
58,100,"ordinary_x2_minus_ordinary_x1","mean_error",-0.00347814246121621
58,100,"ordinary_x2_minus_ordinary_x1","mse",-0.004452364682102
58,100,"ordinary_x2_minus_ordinary_x1","oracle_gain",0
58,100,"ordinary_x2_minus_ordinary_x1","regret",-0.0209254716379249
58,100,"ordinary_x2_minus_ordinary_x1","treatment_share",0.213666666666666
58,100,"ordinary_x2_minus_ordinary_x1","value_gain",0.020925471637925
58,100,"ordinary_x2_minus_ordinary_x1","wrong_sign",-0.2136
59,100,"ordinary_x2_minus_ordinary_x1","mae",-0.05918007457106
59,100,"ordinary_x2_minus_ordinary_x1","mean_error",-0.0011693077071486
59,100,"ordinary_x2_minus_ordinary_x1","mse",-0.023606015095352
59,100,"ordinary_x2_minus_ordinary_x1","oracle_gain",0
59,100,"ordinary_x2_minus_ordinary_x1","regret",-0.0201309543494142
59,100,"ordinary_x2_minus_ordinary_x1","treatment_share",0.221266666666667
59,100,"ordinary_x2_minus_ordinary_x1","value_gain",0.020130954349416
59,100,"ordinary_x2_minus_ordinary_x1","wrong_sign",-0.221266666666667
6,100,"ordinary_x2_minus_ordinary_x1","mae",-0.04371767967837
6,100,"ordinary_x2_minus_ordinary_x1","mean_error",-0.0048555127285939
6,100,"ordinary_x2_minus_ordinary_x1","mse",-0.0178994309805489
6,100,"ordinary_x2_minus_ordinary_x1","oracle_gain",0
6,100,"ordinary_x2_minus_ordinary_x1","regret",-0.0146264787760579
6,100,"ordinary_x2_minus_ordinary_x1","treatment_share",0.208166666666667
6,100,"ordinary_x2_minus_ordinary_x1","value_gain",0.014626478776058
6,100,"ordinary_x2_minus_ordinary_x1","wrong_sign",-0.208166666666667
60,100,"ordinary_x2_minus_ordinary_x1","mae",-0.00265420944179201
60,100,"ordinary_x2_minus_ordinary_x1","mean_error",-0.00279126725994459
60,100,"ordinary_x2_minus_ordinary_x1","mse",-0.0028339318925187
60,100,"ordinary_x2_minus_ordinary_x1","oracle_gain",0
60,100,"ordinary_x2_minus_ordinary_x1","regret",-0.0104096656919248
60,100,"ordinary_x2_minus_ordinary_x1","treatment_share",0.0915
60,100,"ordinary_x2_minus_ordinary_x1","value_gain",0.010409665691925
60,100,"ordinary_x2_minus_ordinary_x1","wrong_sign",-0.0956333333333333
61,100,"ordinary_x2_minus_ordinary_x1","mae",-0.04142381791236
61,100,"ordinary_x2_minus_ordinary_x1","mean_error",0.002238143385528
61,100,"ordinary_x2_minus_ordinary_x1","mse",-0.0162161515180588
61,100,"ordinary_x2_minus_ordinary_x1","oracle_gain",0
61,100,"ordinary_x2_minus_ordinary_x1","regret",-0.0205384064117129
61,100,"ordinary_x2_minus_ordinary_x1","treatment_share",0.223066666666666
61,100,"ordinary_x2_minus_ordinary_x1","value_gain",0.020538406411713
61,100,"ordinary_x2_minus_ordinary_x1","wrong_sign",-0.223066666666666
62,100,"ordinary_x2_minus_ordinary_x1","mae",-0.110129470888573
62,100,"ordinary_x2_minus_ordinary_x1","mean_error",0.0050226105276204
62,100,"ordinary_x2_minus_ordinary_x1","mse",-0.0489623854406569
62,100,"ordinary_x2_minus_ordinary_x1","oracle_gain",0
62,100,"ordinary_x2_minus_ordinary_x1","regret",-0.0224045452226653
62,100,"ordinary_x2_minus_ordinary_x1","treatment_share",0.233333333333334
62,100,"ordinary_x2_minus_ordinary_x1","value_gain",0.022404545222665
62,100,"ordinary_x2_minus_ordinary_x1","wrong_sign",-0.233333333333334
63,100,"ordinary_x2_minus_ordinary_x1","mae",0.071079519428674
63,100,"ordinary_x2_minus_ordinary_x1","mean_error",-0.0125469272778288
63,100,"ordinary_x2_minus_ordinary_x1","mse",0.029015729989422
63,100,"ordinary_x2_minus_ordinary_x1","oracle_gain",0
63,100,"ordinary_x2_minus_ordinary_x1","regret",0.0011879658003539
63,100,"ordinary_x2_minus_ordinary_x1","treatment_share",0.0894333333333329
63,100,"ordinary_x2_minus_ordinary_x1","value_gain",-0.00118796580035396
63,100,"ordinary_x2_minus_ordinary_x1","wrong_sign",-0.089033333333333
64,100,"ordinary_x2_minus_ordinary_x1","mae",-0.131181309856446
64,100,"ordinary_x2_minus_ordinary_x1","mean_error",-0.0015891411824198
64,100,"ordinary_x2_minus_ordinary_x1","mse",-0.0557224703387149
64,100,"ordinary_x2_minus_ordinary_x1","oracle_gain",0
64,100,"ordinary_x2_minus_ordinary_x1","regret",-0.02105386708707
64,100,"ordinary_x2_minus_ordinary_x1","treatment_share",0.222766666666667
64,100,"ordinary_x2_minus_ordinary_x1","value_gain",0.021053867087072
64,100,"ordinary_x2_minus_ordinary_x1","wrong_sign",-0.222833333333334
65,100,"ordinary_x2_minus_ordinary_x1","mae",-0.104071186798722
65,100,"ordinary_x2_minus_ordinary_x1","mean_error",-0.0015988988187514
65,100,"ordinary_x2_minus_ordinary_x1","mse",-0.0399193278489499
65,100,"ordinary_x2_minus_ordinary_x1","oracle_gain",0
65,100,"ordinary_x2_minus_ordinary_x1","regret",-0.0228390898097369
65,100,"ordinary_x2_minus_ordinary_x1","treatment_share",0.234333333333333
65,100,"ordinary_x2_minus_ordinary_x1","value_gain",0.022839089809737
65,100,"ordinary_x2_minus_ordinary_x1","wrong_sign",-0.2346
66,100,"ordinary_x2_minus_ordinary_x1","mae",0.114721905794267
66,100,"ordinary_x2_minus_ordinary_x1","mean_error",-0.0118272364864654
66,100,"ordinary_x2_minus_ordinary_x1","mse",0.0567799906082317
66,100,"ordinary_x2_minus_ordinary_x1","oracle_gain",0
66,100,"ordinary_x2_minus_ordinary_x1","regret",0.0596157891713372
66,100,"ordinary_x2_minus_ordinary_x1","treatment_share",-0.127366666666667
66,100,"ordinary_x2_minus_ordinary_x1","value_gain",-0.059615789171337
66,100,"ordinary_x2_minus_ordinary_x1","wrong_sign",0.1271
67,100,"ordinary_x2_minus_ordinary_x1","mae",-0.030092113675334
67,100,"ordinary_x2_minus_ordinary_x1","mean_error",0.00525785943446149
67,100,"ordinary_x2_minus_ordinary_x1","mse",-0.0140920745744666
67,100,"ordinary_x2_minus_ordinary_x1","oracle_gain",0
67,100,"ordinary_x2_minus_ordinary_x1","regret",-0.0236418358888842
67,100,"ordinary_x2_minus_ordinary_x1","treatment_share",0.227466666666667
67,100,"ordinary_x2_minus_ordinary_x1","value_gain",0.023641835888885
67,100,"ordinary_x2_minus_ordinary_x1","wrong_sign",-0.229866666666667
68,100,"ordinary_x2_minus_ordinary_x1","mae",0.028385419985867
68,100,"ordinary_x2_minus_ordinary_x1","mean_error",-0.0075343215610062
68,100,"ordinary_x2_minus_ordinary_x1","mse",0.0106385957616236
68,100,"ordinary_x2_minus_ordinary_x1","oracle_gain",0
68,100,"ordinary_x2_minus_ordinary_x1","regret",-0.0129918686743244
68,100,"ordinary_x2_minus_ordinary_x1","treatment_share",0.185866666666667
68,100,"ordinary_x2_minus_ordinary_x1","value_gain",0.012991868674324
68,100,"ordinary_x2_minus_ordinary_x1","wrong_sign",-0.186066666666667
69,100,"ordinary_x2_minus_ordinary_x1","mae",-0.040639898696841
69,100,"ordinary_x2_minus_ordinary_x1","mean_error",0.0031634399434766
69,100,"ordinary_x2_minus_ordinary_x1","mse",-0.0194528986516831
69,100,"ordinary_x2_minus_ordinary_x1","oracle_gain",0
69,100,"ordinary_x2_minus_ordinary_x1","regret",-0.0085638646821056
69,100,"ordinary_x2_minus_ordinary_x1","treatment_share",0.180233333333333
69,100,"ordinary_x2_minus_ordinary_x1","value_gain",0.00856386468210502
69,100,"ordinary_x2_minus_ordinary_x1","wrong_sign",-0.180633333333334
7,100,"ordinary_x2_minus_ordinary_x1","mae",0.00338540610301097
7,100,"ordinary_x2_minus_ordinary_x1","mean_error",0.0020643318369416
7,100,"ordinary_x2_minus_ordinary_x1","mse",-0.000161532180807403
7,100,"ordinary_x2_minus_ordinary_x1","oracle_gain",0
7,100,"ordinary_x2_minus_ordinary_x1","regret",-0.0199404858099413
7,100,"ordinary_x2_minus_ordinary_x1","treatment_share",0.227633333333333
7,100,"ordinary_x2_minus_ordinary_x1","value_gain",0.019940485809941
7,100,"ordinary_x2_minus_ordinary_x1","wrong_sign",-0.227633333333333
70,100,"ordinary_x2_minus_ordinary_x1","mae",-0.011824357994833
70,100,"ordinary_x2_minus_ordinary_x1","mean_error",-0.0018285145069988
70,100,"ordinary_x2_minus_ordinary_x1","mse",-0.0041230155850262
70,100,"ordinary_x2_minus_ordinary_x1","oracle_gain",0
70,100,"ordinary_x2_minus_ordinary_x1","regret",-0.0192925498907867
70,100,"ordinary_x2_minus_ordinary_x1","treatment_share",0.209533333333334
70,100,"ordinary_x2_minus_ordinary_x1","value_gain",0.019292549890787
70,100,"ordinary_x2_minus_ordinary_x1","wrong_sign",-0.209933333333333
71,100,"ordinary_x2_minus_ordinary_x1","mae",-0.00621566696989201
71,100,"ordinary_x2_minus_ordinary_x1","mean_error",-0.0049484197590214
71,100,"ordinary_x2_minus_ordinary_x1","mse",-0.006295036403306
71,100,"ordinary_x2_minus_ordinary_x1","oracle_gain",0
71,100,"ordinary_x2_minus_ordinary_x1","regret",-0.0182011389758174
71,100,"ordinary_x2_minus_ordinary_x1","treatment_share",0.1938
71,100,"ordinary_x2_minus_ordinary_x1","value_gain",0.018201138975818
71,100,"ordinary_x2_minus_ordinary_x1","wrong_sign",-0.199533333333333
72,100,"ordinary_x2_minus_ordinary_x1","mae",-0.034491458055373
72,100,"ordinary_x2_minus_ordinary_x1","mean_error",0.0057002482820739
72,100,"ordinary_x2_minus_ordinary_x1","mse",-0.0123964662228523
72,100,"ordinary_x2_minus_ordinary_x1","oracle_gain",0
72,100,"ordinary_x2_minus_ordinary_x1","regret",-0.0212820954894103
72,100,"ordinary_x2_minus_ordinary_x1","treatment_share",0.2245
72,100,"ordinary_x2_minus_ordinary_x1","value_gain",0.02128209548941
72,100,"ordinary_x2_minus_ordinary_x1","wrong_sign",-0.224566666666667
73,100,"ordinary_x2_minus_ordinary_x1","mae",-0.056801376107812
73,100,"ordinary_x2_minus_ordinary_x1","mean_error",0.0027809567738268
73,100,"ordinary_x2_minus_ordinary_x1","mse",-0.0240855097027777
73,100,"ordinary_x2_minus_ordinary_x1","oracle_gain",0
73,100,"ordinary_x2_minus_ordinary_x1","regret",-0.0201462658371761
73,100,"ordinary_x2_minus_ordinary_x1","treatment_share",0.224766666666667
73,100,"ordinary_x2_minus_ordinary_x1","value_gain",0.020146265837178
73,100,"ordinary_x2_minus_ordinary_x1","wrong_sign",-0.224766666666667
74,100,"ordinary_x2_minus_ordinary_x1","mae",-0.027926469745402
74,100,"ordinary_x2_minus_ordinary_x1","mean_error",-0.0061931301874205
74,100,"ordinary_x2_minus_ordinary_x1","mse",-0.0106976344217048
74,100,"ordinary_x2_minus_ordinary_x1","oracle_gain",0
74,100,"ordinary_x2_minus_ordinary_x1","regret",-0.0131012073662809
74,100,"ordinary_x2_minus_ordinary_x1","treatment_share",0.2019
74,100,"ordinary_x2_minus_ordinary_x1","value_gain",0.01310120736628
74,100,"ordinary_x2_minus_ordinary_x1","wrong_sign",-0.2019
75,100,"ordinary_x2_minus_ordinary_x1","mae",0.020247182526716
75,100,"ordinary_x2_minus_ordinary_x1","mean_error",0.00819420514087431
75,100,"ordinary_x2_minus_ordinary_x1","mse",0.011003470754592
75,100,"ordinary_x2_minus_ordinary_x1","oracle_gain",0
75,100,"ordinary_x2_minus_ordinary_x1","regret",0.00155840813951786
75,100,"ordinary_x2_minus_ordinary_x1","treatment_share",0.00876666666666692
75,100,"ordinary_x2_minus_ordinary_x1","value_gain",-0.00155840813951902
75,100,"ordinary_x2_minus_ordinary_x1","wrong_sign",-0.0087666666666667
76,100,"ordinary_x2_minus_ordinary_x1","mae",-0.124241289643856
76,100,"ordinary_x2_minus_ordinary_x1","mean_error",-0.00623526873115724
76,100,"ordinary_x2_minus_ordinary_x1","mse",-0.0501201778491545
76,100,"ordinary_x2_minus_ordinary_x1","oracle_gain",0
76,100,"ordinary_x2_minus_ordinary_x1","regret",-0.0234861745794785
76,100,"ordinary_x2_minus_ordinary_x1","treatment_share",0.2101
76,100,"ordinary_x2_minus_ordinary_x1","value_gain",0.023486174579479
76,100,"ordinary_x2_minus_ordinary_x1","wrong_sign",-0.2167
77,100,"ordinary_x2_minus_ordinary_x1","mae",-0.069061466779382
77,100,"ordinary_x2_minus_ordinary_x1","mean_error",0.0041235900114265
77,100,"ordinary_x2_minus_ordinary_x1","mse",-0.0282371495468914
77,100,"ordinary_x2_minus_ordinary_x1","oracle_gain",0
77,100,"ordinary_x2_minus_ordinary_x1","regret",-0.0232664692230974
77,100,"ordinary_x2_minus_ordinary_x1","treatment_share",0.220266666666666
77,100,"ordinary_x2_minus_ordinary_x1","value_gain",0.023266469223097
77,100,"ordinary_x2_minus_ordinary_x1","wrong_sign",-0.223466666666667
78,100,"ordinary_x2_minus_ordinary_x1","mae",-0.057811042377526
78,100,"ordinary_x2_minus_ordinary_x1","mean_error",0.004042694874145
78,100,"ordinary_x2_minus_ordinary_x1","mse",-0.0272048328324561
78,100,"ordinary_x2_minus_ordinary_x1","oracle_gain",0
78,100,"ordinary_x2_minus_ordinary_x1","regret",-0.0214155642429227
78,100,"ordinary_x2_minus_ordinary_x1","treatment_share",0.214666666666667
78,100,"ordinary_x2_minus_ordinary_x1","value_gain",0.021415564242922
78,100,"ordinary_x2_minus_ordinary_x1","wrong_sign",-0.2176
79,100,"ordinary_x2_minus_ordinary_x1","mae",-0.023674188563326
79,100,"ordinary_x2_minus_ordinary_x1","mean_error",0.0056260490325214
79,100,"ordinary_x2_minus_ordinary_x1","mse",-0.0101610538247037
79,100,"ordinary_x2_minus_ordinary_x1","oracle_gain",0
79,100,"ordinary_x2_minus_ordinary_x1","regret",-0.0096776291572372
79,100,"ordinary_x2_minus_ordinary_x1","treatment_share",0.182133333333333
79,100,"ordinary_x2_minus_ordinary_x1","value_gain",0.00967762915723802
79,100,"ordinary_x2_minus_ordinary_x1","wrong_sign",-0.182133333333334
8,100,"ordinary_x2_minus_ordinary_x1","mae",-0.115592839880152
8,100,"ordinary_x2_minus_ordinary_x1","mean_error",-0.0028341914263274
8,100,"ordinary_x2_minus_ordinary_x1","mse",-0.0425575744479173
8,100,"ordinary_x2_minus_ordinary_x1","oracle_gain",0
8,100,"ordinary_x2_minus_ordinary_x1","regret",-0.0227540375553738
8,100,"ordinary_x2_minus_ordinary_x1","treatment_share",0.231166666666667
8,100,"ordinary_x2_minus_ordinary_x1","value_gain",0.022754037555375
8,100,"ordinary_x2_minus_ordinary_x1","wrong_sign",-0.2313
80,100,"ordinary_x2_minus_ordinary_x1","mae",0.134904322731814
80,100,"ordinary_x2_minus_ordinary_x1","mean_error",0.0028903870905302
80,100,"ordinary_x2_minus_ordinary_x1","mse",0.0537790683259888
80,100,"ordinary_x2_minus_ordinary_x1","oracle_gain",0
80,100,"ordinary_x2_minus_ordinary_x1","regret",0.0478626042958961
80,100,"ordinary_x2_minus_ordinary_x1","treatment_share",-0.1366
80,100,"ordinary_x2_minus_ordinary_x1","value_gain",-0.047862604295896
80,100,"ordinary_x2_minus_ordinary_x1","wrong_sign",0.136
81,100,"ordinary_x2_minus_ordinary_x1","mae",-0.085038505072168
81,100,"ordinary_x2_minus_ordinary_x1","mean_error",0.0063599110582726
81,100,"ordinary_x2_minus_ordinary_x1","mse",-0.0359925549277015
81,100,"ordinary_x2_minus_ordinary_x1","oracle_gain",0
81,100,"ordinary_x2_minus_ordinary_x1","regret",-0.0230694619358697
81,100,"ordinary_x2_minus_ordinary_x1","treatment_share",0.236966666666667
81,100,"ordinary_x2_minus_ordinary_x1","value_gain",0.023069461935869
81,100,"ordinary_x2_minus_ordinary_x1","wrong_sign",-0.236966666666667
82,100,"ordinary_x2_minus_ordinary_x1","mae",-0.066310639927546
82,100,"ordinary_x2_minus_ordinary_x1","mean_error",0.0027206902476041
82,100,"ordinary_x2_minus_ordinary_x1","mse",-0.0267986863697053
82,100,"ordinary_x2_minus_ordinary_x1","oracle_gain",0
82,100,"ordinary_x2_minus_ordinary_x1","regret",-0.0224785656735743
82,100,"ordinary_x2_minus_ordinary_x1","treatment_share",0.236966666666667
82,100,"ordinary_x2_minus_ordinary_x1","value_gain",0.022478565673575
82,100,"ordinary_x2_minus_ordinary_x1","wrong_sign",-0.236833333333333
83,100,"ordinary_x2_minus_ordinary_x1","mae",0.00759259073537699
83,100,"ordinary_x2_minus_ordinary_x1","mean_error",0.00966834166418669
83,100,"ordinary_x2_minus_ordinary_x1","mse",0.000868413339274413
83,100,"ordinary_x2_minus_ordinary_x1","oracle_gain",0
83,100,"ordinary_x2_minus_ordinary_x1","regret",-0.0166177826110531
83,100,"ordinary_x2_minus_ordinary_x1","treatment_share",0.216166666666667
83,100,"ordinary_x2_minus_ordinary_x1","value_gain",0.016617782611053
83,100,"ordinary_x2_minus_ordinary_x1","wrong_sign",-0.216433333333333
84,100,"ordinary_x2_minus_ordinary_x1","mae",-0.00759637137473701
84,100,"ordinary_x2_minus_ordinary_x1","mean_error",-0.000258966494963202
84,100,"ordinary_x2_minus_ordinary_x1","mse",-0.00399650537044319
84,100,"ordinary_x2_minus_ordinary_x1","oracle_gain",0
84,100,"ordinary_x2_minus_ordinary_x1","regret",-0.0192022746306161
84,100,"ordinary_x2_minus_ordinary_x1","treatment_share",0.222866666666667
84,100,"ordinary_x2_minus_ordinary_x1","value_gain",0.019202274630616
84,100,"ordinary_x2_minus_ordinary_x1","wrong_sign",-0.221533333333334
85,100,"ordinary_x2_minus_ordinary_x1","mae",-0.106797956038647
85,100,"ordinary_x2_minus_ordinary_x1","mean_error",-0.0016225443528037
85,100,"ordinary_x2_minus_ordinary_x1","mse",-0.0453629086403329
85,100,"ordinary_x2_minus_ordinary_x1","oracle_gain",0
85,100,"ordinary_x2_minus_ordinary_x1","regret",-0.0243092375283828
85,100,"ordinary_x2_minus_ordinary_x1","treatment_share",0.246033333333333
85,100,"ordinary_x2_minus_ordinary_x1","value_gain",0.024309237528383
85,100,"ordinary_x2_minus_ordinary_x1","wrong_sign",-0.246033333333334
86,100,"ordinary_x2_minus_ordinary_x1","mae",-0.080254586324233
86,100,"ordinary_x2_minus_ordinary_x1","mean_error",0.00023612510943765
86,100,"ordinary_x2_minus_ordinary_x1","mse",-0.034709341714177
86,100,"ordinary_x2_minus_ordinary_x1","oracle_gain",0
86,100,"ordinary_x2_minus_ordinary_x1","regret",-0.0238817163777251
86,100,"ordinary_x2_minus_ordinary_x1","treatment_share",0.234333333333334
86,100,"ordinary_x2_minus_ordinary_x1","value_gain",0.023881716377725
86,100,"ordinary_x2_minus_ordinary_x1","wrong_sign",-0.235466666666667
87,100,"ordinary_x2_minus_ordinary_x1","mae",-0.00417420892430398
87,100,"ordinary_x2_minus_ordinary_x1","mean_error",-0.0080537048498139
87,100,"ordinary_x2_minus_ordinary_x1","mse",-0.00160667304697371
87,100,"ordinary_x2_minus_ordinary_x1","oracle_gain",0
87,100,"ordinary_x2_minus_ordinary_x1","regret",-0.0187876530758984
87,100,"ordinary_x2_minus_ordinary_x1","treatment_share",0.2149
87,100,"ordinary_x2_minus_ordinary_x1","value_gain",0.018787653075898
87,100,"ordinary_x2_minus_ordinary_x1","wrong_sign",-0.217566666666666
88,100,"ordinary_x2_minus_ordinary_x1","mae",0.021416628115327
88,100,"ordinary_x2_minus_ordinary_x1","mean_error",0.0017550757861354
88,100,"ordinary_x2_minus_ordinary_x1","mse",0.0077556732755907
88,100,"ordinary_x2_minus_ordinary_x1","oracle_gain",0
88,100,"ordinary_x2_minus_ordinary_x1","regret",0.03617873826334
88,100,"ordinary_x2_minus_ordinary_x1","treatment_share",0.044
88,100,"ordinary_x2_minus_ordinary_x1","value_gain",-0.03617873826334
88,100,"ordinary_x2_minus_ordinary_x1","wrong_sign",-0.044
89,100,"ordinary_x2_minus_ordinary_x1","mae",-0.001167973441174
89,100,"ordinary_x2_minus_ordinary_x1","mean_error",-0.00116272727477806
89,100,"ordinary_x2_minus_ordinary_x1","mse",-0.000315639413598093
89,100,"ordinary_x2_minus_ordinary_x1","oracle_gain",0
89,100,"ordinary_x2_minus_ordinary_x1","regret",-0.0202681594681235
89,100,"ordinary_x2_minus_ordinary_x1","treatment_share",0.2152
89,100,"ordinary_x2_minus_ordinary_x1","value_gain",0.020268159468123
89,100,"ordinary_x2_minus_ordinary_x1","wrong_sign",-0.2152
9,100,"ordinary_x2_minus_ordinary_x1","mae",-0.055914830159398
9,100,"ordinary_x2_minus_ordinary_x1","mean_error",0.00483617841575137
9,100,"ordinary_x2_minus_ordinary_x1","mse",-0.0207958608657245
9,100,"ordinary_x2_minus_ordinary_x1","oracle_gain",0
9,100,"ordinary_x2_minus_ordinary_x1","regret",-0.0233330870760465
9,100,"ordinary_x2_minus_ordinary_x1","treatment_share",0.2173
9,100,"ordinary_x2_minus_ordinary_x1","value_gain",0.023333087076047
9,100,"ordinary_x2_minus_ordinary_x1","wrong_sign",-0.2219
90,100,"ordinary_x2_minus_ordinary_x1","mae",-0.103076153131989
90,100,"ordinary_x2_minus_ordinary_x1","mean_error",-0.0072256739799646
90,100,"ordinary_x2_minus_ordinary_x1","mse",-0.0423842988286245
90,100,"ordinary_x2_minus_ordinary_x1","oracle_gain",0
90,100,"ordinary_x2_minus_ordinary_x1","regret",-0.0212109377237495
90,100,"ordinary_x2_minus_ordinary_x1","treatment_share",0.229533333333333
90,100,"ordinary_x2_minus_ordinary_x1","value_gain",0.021210937723749
90,100,"ordinary_x2_minus_ordinary_x1","wrong_sign",-0.229733333333333
91,100,"ordinary_x2_minus_ordinary_x1","mae",0.007421133661001
91,100,"ordinary_x2_minus_ordinary_x1","mean_error",0.001511434308341
91,100,"ordinary_x2_minus_ordinary_x1","mse",0.00052083781605719
91,100,"ordinary_x2_minus_ordinary_x1","oracle_gain",0
91,100,"ordinary_x2_minus_ordinary_x1","regret",0.0403415853947625
91,100,"ordinary_x2_minus_ordinary_x1","treatment_share",0.020833333333333
91,100,"ordinary_x2_minus_ordinary_x1","value_gain",-0.040341585394762
91,100,"ordinary_x2_minus_ordinary_x1","wrong_sign",-0.020833333333333
92,100,"ordinary_x2_minus_ordinary_x1","mae",-0.032458741354637
92,100,"ordinary_x2_minus_ordinary_x1","mean_error",-0.00271536387572959
92,100,"ordinary_x2_minus_ordinary_x1","mse",-0.0154463506642279
92,100,"ordinary_x2_minus_ordinary_x1","oracle_gain",0
92,100,"ordinary_x2_minus_ordinary_x1","regret",-0.0226935622900002
92,100,"ordinary_x2_minus_ordinary_x1","treatment_share",0.2343
92,100,"ordinary_x2_minus_ordinary_x1","value_gain",0.02269356229
92,100,"ordinary_x2_minus_ordinary_x1","wrong_sign",-0.2343
93,100,"ordinary_x2_minus_ordinary_x1","mae",-0.114753071930794
93,100,"ordinary_x2_minus_ordinary_x1","mean_error",0.0057784656357276
93,100,"ordinary_x2_minus_ordinary_x1","mse",-0.0468826680133917
93,100,"ordinary_x2_minus_ordinary_x1","oracle_gain",0
93,100,"ordinary_x2_minus_ordinary_x1","regret",-0.0235442534805788
93,100,"ordinary_x2_minus_ordinary_x1","treatment_share",0.232433333333334
93,100,"ordinary_x2_minus_ordinary_x1","value_gain",0.023544253480579
93,100,"ordinary_x2_minus_ordinary_x1","wrong_sign",-0.234033333333334
94,100,"ordinary_x2_minus_ordinary_x1","mae",0.014840256372996
94,100,"ordinary_x2_minus_ordinary_x1","mean_error",-0.0057069930764803
94,100,"ordinary_x2_minus_ordinary_x1","mse",0.0044570091501246
94,100,"ordinary_x2_minus_ordinary_x1","oracle_gain",0
94,100,"ordinary_x2_minus_ordinary_x1","regret",-0.00631618675931119
94,100,"ordinary_x2_minus_ordinary_x1","treatment_share",0.0681
94,100,"ordinary_x2_minus_ordinary_x1","value_gain",0.006316186759311
94,100,"ordinary_x2_minus_ordinary_x1","wrong_sign",-0.0681
95,100,"ordinary_x2_minus_ordinary_x1","mae",-0.036821818364055
95,100,"ordinary_x2_minus_ordinary_x1","mean_error",-0.0113821081797709
95,100,"ordinary_x2_minus_ordinary_x1","mse",-0.0152132386426855
95,100,"ordinary_x2_minus_ordinary_x1","oracle_gain",0
95,100,"ordinary_x2_minus_ordinary_x1","regret",-0.0213453363018817
95,100,"ordinary_x2_minus_ordinary_x1","treatment_share",0.2312
95,100,"ordinary_x2_minus_ordinary_x1","value_gain",0.021345336301881
95,100,"ordinary_x2_minus_ordinary_x1","wrong_sign",-0.2318
96,100,"ordinary_x2_minus_ordinary_x1","mae",-0.115846201163365
96,100,"ordinary_x2_minus_ordinary_x1","mean_error",0.00382122768064054
96,100,"ordinary_x2_minus_ordinary_x1","mse",-0.046232042997112
96,100,"ordinary_x2_minus_ordinary_x1","oracle_gain",0
96,100,"ordinary_x2_minus_ordinary_x1","regret",-0.0215476040513798
96,100,"ordinary_x2_minus_ordinary_x1","treatment_share",0.237333333333333
96,100,"ordinary_x2_minus_ordinary_x1","value_gain",0.02154760405138
96,100,"ordinary_x2_minus_ordinary_x1","wrong_sign",-0.237333333333334
97,100,"ordinary_x2_minus_ordinary_x1","mae",-0.081352476692482
97,100,"ordinary_x2_minus_ordinary_x1","mean_error",0.000146863022745698
97,100,"ordinary_x2_minus_ordinary_x1","mse",-0.0303599713276231
97,100,"ordinary_x2_minus_ordinary_x1","oracle_gain",0
97,100,"ordinary_x2_minus_ordinary_x1","regret",-0.0225775410540798
97,100,"ordinary_x2_minus_ordinary_x1","treatment_share",0.230633333333333
97,100,"ordinary_x2_minus_ordinary_x1","value_gain",0.022577541054079
97,100,"ordinary_x2_minus_ordinary_x1","wrong_sign",-0.230633333333333
98,100,"ordinary_x2_minus_ordinary_x1","mae",-0.032784679248133
98,100,"ordinary_x2_minus_ordinary_x1","mean_error",-0.003256444444575
98,100,"ordinary_x2_minus_ordinary_x1","mse",-0.0123241531618674
98,100,"ordinary_x2_minus_ordinary_x1","oracle_gain",0
98,100,"ordinary_x2_minus_ordinary_x1","regret",-0.0217527654673438
98,100,"ordinary_x2_minus_ordinary_x1","treatment_share",0.2267
98,100,"ordinary_x2_minus_ordinary_x1","value_gain",0.021752765467344
98,100,"ordinary_x2_minus_ordinary_x1","wrong_sign",-0.226833333333333
99,100,"ordinary_x2_minus_ordinary_x1","mae",-0.167264400573886
99,100,"ordinary_x2_minus_ordinary_x1","mean_error",0.00087557113772843
99,100,"ordinary_x2_minus_ordinary_x1","mse",-0.0735830844494915
99,100,"ordinary_x2_minus_ordinary_x1","oracle_gain",0
99,100,"ordinary_x2_minus_ordinary_x1","regret",-0.0241737144142134
99,100,"ordinary_x2_minus_ordinary_x1","treatment_share",0.242766666666667
99,100,"ordinary_x2_minus_ordinary_x1","value_gain",0.024173714414213
99,100,"ordinary_x2_minus_ordinary_x1","wrong_sign",-0.242766666666667
1,250,"ordinary_x2_minus_ordinary_x1","mae",0.000140132351600986
1,250,"ordinary_x2_minus_ordinary_x1","mean_error",-0.00928809953742661
1,250,"ordinary_x2_minus_ordinary_x1","mse",0.00823496433613599
1,250,"ordinary_x2_minus_ordinary_x1","oracle_gain",0
1,250,"ordinary_x2_minus_ordinary_x1","regret",0.0090832433351633
1,250,"ordinary_x2_minus_ordinary_x1","treatment_share",0.1287
1,250,"ordinary_x2_minus_ordinary_x1","value_gain",-0.00908324333516497
1,250,"ordinary_x2_minus_ordinary_x1","wrong_sign",-0.129033333333333
10,250,"ordinary_x2_minus_ordinary_x1","mae",0.105663920911393
10,250,"ordinary_x2_minus_ordinary_x1","mean_error",0.0045243554533534
10,250,"ordinary_x2_minus_ordinary_x1","mse",0.06539754329157
10,250,"ordinary_x2_minus_ordinary_x1","oracle_gain",0
10,250,"ordinary_x2_minus_ordinary_x1","regret",0.0453113581306206
10,250,"ordinary_x2_minus_ordinary_x1","treatment_share",-0.0238
10,250,"ordinary_x2_minus_ordinary_x1","value_gain",-0.045311358130621
10,250,"ordinary_x2_minus_ordinary_x1","wrong_sign",0.012066666666667
100,250,"ordinary_x2_minus_ordinary_x1","mae",-0.071036497013089
100,250,"ordinary_x2_minus_ordinary_x1","mean_error",-0.0012576583264569
100,250,"ordinary_x2_minus_ordinary_x1","mse",-0.029115162689701
100,250,"ordinary_x2_minus_ordinary_x1","oracle_gain",0
100,250,"ordinary_x2_minus_ordinary_x1","regret",-0.0240653025443309
100,250,"ordinary_x2_minus_ordinary_x1","treatment_share",0.247866666666666
100,250,"ordinary_x2_minus_ordinary_x1","value_gain",0.024065302544331
100,250,"ordinary_x2_minus_ordinary_x1","wrong_sign",-0.247333333333334
11,250,"ordinary_x2_minus_ordinary_x1","mae",-0.038312269838405
11,250,"ordinary_x2_minus_ordinary_x1","mean_error",-0.0151947425785944
11,250,"ordinary_x2_minus_ordinary_x1","mse",-0.024962216388755
11,250,"ordinary_x2_minus_ordinary_x1","oracle_gain",0
11,250,"ordinary_x2_minus_ordinary_x1","regret",-0.0162201744390187
11,250,"ordinary_x2_minus_ordinary_x1","treatment_share",0.2204
11,250,"ordinary_x2_minus_ordinary_x1","value_gain",0.016220174439019
11,250,"ordinary_x2_minus_ordinary_x1","wrong_sign",-0.2204
12,250,"ordinary_x2_minus_ordinary_x1","mae",-0.022170420095635
12,250,"ordinary_x2_minus_ordinary_x1","mean_error",-0.005313442211854
12,250,"ordinary_x2_minus_ordinary_x1","mse",-0.00981655386468303
12,250,"ordinary_x2_minus_ordinary_x1","oracle_gain",0
12,250,"ordinary_x2_minus_ordinary_x1","regret",-0.0224936277292895
12,250,"ordinary_x2_minus_ordinary_x1","treatment_share",0.2341
12,250,"ordinary_x2_minus_ordinary_x1","value_gain",0.02249362772929
12,250,"ordinary_x2_minus_ordinary_x1","wrong_sign",-0.235966666666667
13,250,"ordinary_x2_minus_ordinary_x1","mae",0.110355151650074
13,250,"ordinary_x2_minus_ordinary_x1","mean_error",-0.0050092892248215
13,250,"ordinary_x2_minus_ordinary_x1","mse",0.0738605947734378
13,250,"ordinary_x2_minus_ordinary_x1","oracle_gain",0
13,250,"ordinary_x2_minus_ordinary_x1","regret",0.052175920347739
13,250,"ordinary_x2_minus_ordinary_x1","treatment_share",-0.0104333333333331
13,250,"ordinary_x2_minus_ordinary_x1","value_gain",-0.052175920347737
13,250,"ordinary_x2_minus_ordinary_x1","wrong_sign",0.016233333333333
14,250,"ordinary_x2_minus_ordinary_x1","mae",0.00436766517048598
14,250,"ordinary_x2_minus_ordinary_x1","mean_error",0.00225874267470392
14,250,"ordinary_x2_minus_ordinary_x1","mse",0.00470329905029498
14,250,"ordinary_x2_minus_ordinary_x1","oracle_gain",0
14,250,"ordinary_x2_minus_ordinary_x1","regret",-0.0083967520527463
14,250,"ordinary_x2_minus_ordinary_x1","treatment_share",0.1861
14,250,"ordinary_x2_minus_ordinary_x1","value_gain",0.00839675205274704
14,250,"ordinary_x2_minus_ordinary_x1","wrong_sign",-0.1887
15,250,"ordinary_x2_minus_ordinary_x1","mae",-0.014630068523752
15,250,"ordinary_x2_minus_ordinary_x1","mean_error",0.0144242863571134
15,250,"ordinary_x2_minus_ordinary_x1","mse",-0.00510216303851299
15,250,"ordinary_x2_minus_ordinary_x1","oracle_gain",0
15,250,"ordinary_x2_minus_ordinary_x1","regret",-0.0186091427361786
15,250,"ordinary_x2_minus_ordinary_x1","treatment_share",0.2472
15,250,"ordinary_x2_minus_ordinary_x1","value_gain",0.018609142736179
15,250,"ordinary_x2_minus_ordinary_x1","wrong_sign",-0.239066666666667
16,250,"ordinary_x2_minus_ordinary_x1","mae",-0.050181464127659
16,250,"ordinary_x2_minus_ordinary_x1","mean_error",-0.0287515658329741
16,250,"ordinary_x2_minus_ordinary_x1","mse",-0.034064597009204
16,250,"ordinary_x2_minus_ordinary_x1","oracle_gain",0
16,250,"ordinary_x2_minus_ordinary_x1","regret",0.0450487069532856
16,250,"ordinary_x2_minus_ordinary_x1","treatment_share",-0.00923333333333298
16,250,"ordinary_x2_minus_ordinary_x1","value_gain",-0.045048706953286
16,250,"ordinary_x2_minus_ordinary_x1","wrong_sign",0.00163333333333301
17,250,"ordinary_x2_minus_ordinary_x1","mae",0.041729201821098
17,250,"ordinary_x2_minus_ordinary_x1","mean_error",-0.0145973499660038
17,250,"ordinary_x2_minus_ordinary_x1","mse",0.030412877000536
17,250,"ordinary_x2_minus_ordinary_x1","oracle_gain",0
17,250,"ordinary_x2_minus_ordinary_x1","regret",0.0460920337604534
17,250,"ordinary_x2_minus_ordinary_x1","treatment_share",-0.00190000000000001
17,250,"ordinary_x2_minus_ordinary_x1","value_gain",-0.046092033760454
17,250,"ordinary_x2_minus_ordinary_x1","wrong_sign",-0.00143333333333401
18,250,"ordinary_x2_minus_ordinary_x1","mae",-0.054578784458797
18,250,"ordinary_x2_minus_ordinary_x1","mean_error",0.0159083528926767
18,250,"ordinary_x2_minus_ordinary_x1","mse",-0.037682832264187
18,250,"ordinary_x2_minus_ordinary_x1","oracle_gain",0
18,250,"ordinary_x2_minus_ordinary_x1","regret",0.0313224748400366
18,250,"ordinary_x2_minus_ordinary_x1","treatment_share",0.0586
18,250,"ordinary_x2_minus_ordinary_x1","value_gain",-0.031322474840036
18,250,"ordinary_x2_minus_ordinary_x1","wrong_sign",-0.0586
19,250,"ordinary_x2_minus_ordinary_x1","mae",-0.004360446539105
19,250,"ordinary_x2_minus_ordinary_x1","mean_error",0.0125303562129401
19,250,"ordinary_x2_minus_ordinary_x1","mse",0.000223976517344987
19,250,"ordinary_x2_minus_ordinary_x1","oracle_gain",0
19,250,"ordinary_x2_minus_ordinary_x1","regret",-0.0214149573062073
19,250,"ordinary_x2_minus_ordinary_x1","treatment_share",0.238766666666666
19,250,"ordinary_x2_minus_ordinary_x1","value_gain",0.021414957306207
19,250,"ordinary_x2_minus_ordinary_x1","wrong_sign",-0.2395
2,250,"ordinary_x2_minus_ordinary_x1","mae",-0.011686251151925
2,250,"ordinary_x2_minus_ordinary_x1","mean_error",0.00149830762231615
2,250,"ordinary_x2_minus_ordinary_x1","mse",0.00100237112569901
2,250,"ordinary_x2_minus_ordinary_x1","oracle_gain",0
2,250,"ordinary_x2_minus_ordinary_x1","regret",-0.0045307706399541
2,250,"ordinary_x2_minus_ordinary_x1","treatment_share",0.169933333333333
2,250,"ordinary_x2_minus_ordinary_x1","value_gain",0.004530770639954
2,250,"ordinary_x2_minus_ordinary_x1","wrong_sign",-0.173733333333334
20,250,"ordinary_x2_minus_ordinary_x1","mae",0.074884782236258
20,250,"ordinary_x2_minus_ordinary_x1","mean_error",-0.0097498013226075
20,250,"ordinary_x2_minus_ordinary_x1","mse",0.045619952858235
20,250,"ordinary_x2_minus_ordinary_x1","oracle_gain",0
20,250,"ordinary_x2_minus_ordinary_x1","regret",0.0249756664305562
20,250,"ordinary_x2_minus_ordinary_x1","treatment_share",0.0587
20,250,"ordinary_x2_minus_ordinary_x1","value_gain",-0.024975666430556
20,250,"ordinary_x2_minus_ordinary_x1","wrong_sign",-0.065566666666667
21,250,"ordinary_x2_minus_ordinary_x1","mae",-0.00813242058517799
21,250,"ordinary_x2_minus_ordinary_x1","mean_error",0.000951375759733902
21,250,"ordinary_x2_minus_ordinary_x1","mse",0.00188735847225402
21,250,"ordinary_x2_minus_ordinary_x1","oracle_gain",0
21,250,"ordinary_x2_minus_ordinary_x1","regret",0.0244521037396211
21,250,"ordinary_x2_minus_ordinary_x1","treatment_share",0.1031
21,250,"ordinary_x2_minus_ordinary_x1","value_gain",-0.024452103739621
21,250,"ordinary_x2_minus_ordinary_x1","wrong_sign",-0.092766666666667
22,250,"ordinary_x2_minus_ordinary_x1","mae",-0.00571186843444799
22,250,"ordinary_x2_minus_ordinary_x1","mean_error",-0.0003723854034901
22,250,"ordinary_x2_minus_ordinary_x1","mse",0.00153882565331498
22,250,"ordinary_x2_minus_ordinary_x1","oracle_gain",0
22,250,"ordinary_x2_minus_ordinary_x1","regret",0.0363250650858925
22,250,"ordinary_x2_minus_ordinary_x1","treatment_share",0.0322
22,250,"ordinary_x2_minus_ordinary_x1","value_gain",-0.036325065085894
22,250,"ordinary_x2_minus_ordinary_x1","wrong_sign",-0.035533333333333
23,250,"ordinary_x2_minus_ordinary_x1","mae",0.00956347736570301
23,250,"ordinary_x2_minus_ordinary_x1","mean_error",0.0213334643518464
23,250,"ordinary_x2_minus_ordinary_x1","mse",0.007377868939694
23,250,"ordinary_x2_minus_ordinary_x1","oracle_gain",0
23,250,"ordinary_x2_minus_ordinary_x1","regret",-0.0144596381162922
23,250,"ordinary_x2_minus_ordinary_x1","treatment_share",0.223
23,250,"ordinary_x2_minus_ordinary_x1","value_gain",0.014459638116292
23,250,"ordinary_x2_minus_ordinary_x1","wrong_sign",-0.218266666666667
24,250,"ordinary_x2_minus_ordinary_x1","mae",-0.037317752067459
24,250,"ordinary_x2_minus_ordinary_x1","mean_error",0.0161588175234091
24,250,"ordinary_x2_minus_ordinary_x1","mse",-0.013353582621953
24,250,"ordinary_x2_minus_ordinary_x1","oracle_gain",0
24,250,"ordinary_x2_minus_ordinary_x1","regret",-0.0209288586580714
24,250,"ordinary_x2_minus_ordinary_x1","treatment_share",0.235133333333334
24,250,"ordinary_x2_minus_ordinary_x1","value_gain",0.020928858658071
24,250,"ordinary_x2_minus_ordinary_x1","wrong_sign",-0.235066666666666
25,250,"ordinary_x2_minus_ordinary_x1","mae",0.027388768665659
25,250,"ordinary_x2_minus_ordinary_x1","mean_error",0.0037972548752791
25,250,"ordinary_x2_minus_ordinary_x1","mse",0.016413232335275
25,250,"ordinary_x2_minus_ordinary_x1","oracle_gain",0
25,250,"ordinary_x2_minus_ordinary_x1","regret",0.0364060953348659
25,250,"ordinary_x2_minus_ordinary_x1","treatment_share",0.033633333333334
25,250,"ordinary_x2_minus_ordinary_x1","value_gain",-0.036406095334865
25,250,"ordinary_x2_minus_ordinary_x1","wrong_sign",-0.034033333333333
26,250,"ordinary_x2_minus_ordinary_x1","mae",-0.013776803319975
26,250,"ordinary_x2_minus_ordinary_x1","mean_error",0.0034800517603455
26,250,"ordinary_x2_minus_ordinary_x1","mse",-0.00345048860012698
26,250,"ordinary_x2_minus_ordinary_x1","oracle_gain",0
26,250,"ordinary_x2_minus_ordinary_x1","regret",0.0306678441917944
26,250,"ordinary_x2_minus_ordinary_x1","treatment_share",0.0576
26,250,"ordinary_x2_minus_ordinary_x1","value_gain",-0.030667844191794
26,250,"ordinary_x2_minus_ordinary_x1","wrong_sign",-0.058133333333333
27,250,"ordinary_x2_minus_ordinary_x1","mae",0.01199999215026
27,250,"ordinary_x2_minus_ordinary_x1","mean_error",-0.0054577400986246
27,250,"ordinary_x2_minus_ordinary_x1","mse",0.00900773904145899
27,250,"ordinary_x2_minus_ordinary_x1","oracle_gain",0
27,250,"ordinary_x2_minus_ordinary_x1","regret",0.016236450418455
27,250,"ordinary_x2_minus_ordinary_x1","treatment_share",0.0912666666666669
27,250,"ordinary_x2_minus_ordinary_x1","value_gain",-0.016236450418455
27,250,"ordinary_x2_minus_ordinary_x1","wrong_sign",-0.098533333333333
28,250,"ordinary_x2_minus_ordinary_x1","mae",-0.052093523299194
28,250,"ordinary_x2_minus_ordinary_x1","mean_error",0.00442538738043881
28,250,"ordinary_x2_minus_ordinary_x1","mse",-0.023062751209163
28,250,"ordinary_x2_minus_ordinary_x1","oracle_gain",0
28,250,"ordinary_x2_minus_ordinary_x1","regret",-0.0173485201775749
28,250,"ordinary_x2_minus_ordinary_x1","treatment_share",0.230033333333334
28,250,"ordinary_x2_minus_ordinary_x1","value_gain",0.017348520177575
28,250,"ordinary_x2_minus_ordinary_x1","wrong_sign",-0.226566666666666
29,250,"ordinary_x2_minus_ordinary_x1","mae",-0.015317619026288
29,250,"ordinary_x2_minus_ordinary_x1","mean_error",0.0071144972247276
29,250,"ordinary_x2_minus_ordinary_x1","mse",-0.00915464608694902
29,250,"ordinary_x2_minus_ordinary_x1","oracle_gain",0
29,250,"ordinary_x2_minus_ordinary_x1","regret",0.0241063858664089
29,250,"ordinary_x2_minus_ordinary_x1","treatment_share",0.075433333333333
29,250,"ordinary_x2_minus_ordinary_x1","value_gain",-0.024106385866409
29,250,"ordinary_x2_minus_ordinary_x1","wrong_sign",-0.0781
3,250,"ordinary_x2_minus_ordinary_x1","mae",0.017124485373422
3,250,"ordinary_x2_minus_ordinary_x1","mean_error",0.002632240230413
3,250,"ordinary_x2_minus_ordinary_x1","mse",0.01432046669171
3,250,"ordinary_x2_minus_ordinary_x1","oracle_gain",0
3,250,"ordinary_x2_minus_ordinary_x1","regret",0.0041960717443571
3,250,"ordinary_x2_minus_ordinary_x1","treatment_share",0.158133333333333
3,250,"ordinary_x2_minus_ordinary_x1","value_gain",-0.00419607174435699
3,250,"ordinary_x2_minus_ordinary_x1","wrong_sign",-0.1548
30,250,"ordinary_x2_minus_ordinary_x1","mae",0.043296439087921
30,250,"ordinary_x2_minus_ordinary_x1","mean_error",0.00205034149194189
30,250,"ordinary_x2_minus_ordinary_x1","mse",0.028831489603733
30,250,"ordinary_x2_minus_ordinary_x1","oracle_gain",0
30,250,"ordinary_x2_minus_ordinary_x1","regret",0.0448081075842584
30,250,"ordinary_x2_minus_ordinary_x1","treatment_share",0.00863333333333294
30,250,"ordinary_x2_minus_ordinary_x1","value_gain",-0.044808107584258
30,250,"ordinary_x2_minus_ordinary_x1","wrong_sign",-0.00916666666666702
31,250,"ordinary_x2_minus_ordinary_x1","mae",0.09470783495152
31,250,"ordinary_x2_minus_ordinary_x1","mean_error",0.0039365033212777
31,250,"ordinary_x2_minus_ordinary_x1","mse",0.06415177395062
31,250,"ordinary_x2_minus_ordinary_x1","oracle_gain",0
31,250,"ordinary_x2_minus_ordinary_x1","regret",0.0513308331564517
31,250,"ordinary_x2_minus_ordinary_x1","treatment_share",0.00813333333333399
31,250,"ordinary_x2_minus_ordinary_x1","value_gain",-0.051330833156452
31,250,"ordinary_x2_minus_ordinary_x1","wrong_sign",-0.00213333333333401
32,250,"ordinary_x2_minus_ordinary_x1","mae",-0.03887834939079
32,250,"ordinary_x2_minus_ordinary_x1","mean_error",-0.0041558520452794
32,250,"ordinary_x2_minus_ordinary_x1","mse",-0.016674860887194
32,250,"ordinary_x2_minus_ordinary_x1","oracle_gain",0
32,250,"ordinary_x2_minus_ordinary_x1","regret",-0.0079754798249483
32,250,"ordinary_x2_minus_ordinary_x1","treatment_share",0.1751
32,250,"ordinary_x2_minus_ordinary_x1","value_gain",0.00797547982494801
32,250,"ordinary_x2_minus_ordinary_x1","wrong_sign",-0.1825
33,250,"ordinary_x2_minus_ordinary_x1","mae",0.058317387419875
33,250,"ordinary_x2_minus_ordinary_x1","mean_error",0.0050193592596953
33,250,"ordinary_x2_minus_ordinary_x1","mse",0.036307606998476
33,250,"ordinary_x2_minus_ordinary_x1","oracle_gain",0
33,250,"ordinary_x2_minus_ordinary_x1","regret",0.0471661938523563
33,250,"ordinary_x2_minus_ordinary_x1","treatment_share",-0.00686666666666602
33,250,"ordinary_x2_minus_ordinary_x1","value_gain",-0.047166193852357
33,250,"ordinary_x2_minus_ordinary_x1","wrong_sign",0.002
34,250,"ordinary_x2_minus_ordinary_x1","mae",-0.044790729371387
34,250,"ordinary_x2_minus_ordinary_x1","mean_error",-0.0017602621420404
34,250,"ordinary_x2_minus_ordinary_x1","mse",-0.025089055206231
34,250,"ordinary_x2_minus_ordinary_x1","oracle_gain",0
34,250,"ordinary_x2_minus_ordinary_x1","regret",-0.0105942064041357
34,250,"ordinary_x2_minus_ordinary_x1","treatment_share",0.1995
34,250,"ordinary_x2_minus_ordinary_x1","value_gain",0.010594206404135
34,250,"ordinary_x2_minus_ordinary_x1","wrong_sign",-0.1995
35,250,"ordinary_x2_minus_ordinary_x1","mae",0.034985134766333
35,250,"ordinary_x2_minus_ordinary_x1","mean_error",0.0103260483531746
35,250,"ordinary_x2_minus_ordinary_x1","mse",0.019328273460333
35,250,"ordinary_x2_minus_ordinary_x1","oracle_gain",0
35,250,"ordinary_x2_minus_ordinary_x1","regret",0.0456715292556792
35,250,"ordinary_x2_minus_ordinary_x1","treatment_share",0.00396666666666701
35,250,"ordinary_x2_minus_ordinary_x1","value_gain",-0.045671529255679
35,250,"ordinary_x2_minus_ordinary_x1","wrong_sign",-0.006766666666667
36,250,"ordinary_x2_minus_ordinary_x1","mae",-0.00577672512309702
36,250,"ordinary_x2_minus_ordinary_x1","mean_error",0.0069527325488995
36,250,"ordinary_x2_minus_ordinary_x1","mse",0.00121749980927299
36,250,"ordinary_x2_minus_ordinary_x1","oracle_gain",0
36,250,"ordinary_x2_minus_ordinary_x1","regret",0.0332374788873076
36,250,"ordinary_x2_minus_ordinary_x1","treatment_share",0.049233333333334
36,250,"ordinary_x2_minus_ordinary_x1","value_gain",-0.033237478887307
36,250,"ordinary_x2_minus_ordinary_x1","wrong_sign",-0.050166666666667
37,250,"ordinary_x2_minus_ordinary_x1","mae",0.040045440451533
37,250,"ordinary_x2_minus_ordinary_x1","mean_error",0.00355749543697199
37,250,"ordinary_x2_minus_ordinary_x1","mse",0.029313767096322
37,250,"ordinary_x2_minus_ordinary_x1","oracle_gain",0
37,250,"ordinary_x2_minus_ordinary_x1","regret",-0.023061001387535
37,250,"ordinary_x2_minus_ordinary_x1","treatment_share",0.2043
37,250,"ordinary_x2_minus_ordinary_x1","value_gain",0.023061001387535
37,250,"ordinary_x2_minus_ordinary_x1","wrong_sign",-0.214166666666666
38,250,"ordinary_x2_minus_ordinary_x1","mae",-0.051909688956926
38,250,"ordinary_x2_minus_ordinary_x1","mean_error",-0.0111138739952742
38,250,"ordinary_x2_minus_ordinary_x1","mse",-0.019314630450323
38,250,"ordinary_x2_minus_ordinary_x1","oracle_gain",0
38,250,"ordinary_x2_minus_ordinary_x1","regret",-0.0135004488054825
38,250,"ordinary_x2_minus_ordinary_x1","treatment_share",0.219566666666666
38,250,"ordinary_x2_minus_ordinary_x1","value_gain",0.013500448805483
38,250,"ordinary_x2_minus_ordinary_x1","wrong_sign",-0.214633333333333
39,250,"ordinary_x2_minus_ordinary_x1","mae",0.001101434908305
39,250,"ordinary_x2_minus_ordinary_x1","mean_error",-0.0114682663642657
39,250,"ordinary_x2_minus_ordinary_x1","mse",0.00541145834849799
39,250,"ordinary_x2_minus_ordinary_x1","oracle_gain",0
39,250,"ordinary_x2_minus_ordinary_x1","regret",-0.0184684149813209
39,250,"ordinary_x2_minus_ordinary_x1","treatment_share",0.219033333333334
39,250,"ordinary_x2_minus_ordinary_x1","value_gain",0.018468414981321
39,250,"ordinary_x2_minus_ordinary_x1","wrong_sign",-0.219033333333333
4,250,"ordinary_x2_minus_ordinary_x1","mae",0.041085255802686
4,250,"ordinary_x2_minus_ordinary_x1","mean_error",0.0018966529738383
4,250,"ordinary_x2_minus_ordinary_x1","mse",0.031735476955885
4,250,"ordinary_x2_minus_ordinary_x1","oracle_gain",0
4,250,"ordinary_x2_minus_ordinary_x1","regret",0.0331588481966236
4,250,"ordinary_x2_minus_ordinary_x1","treatment_share",0.052333333333334
4,250,"ordinary_x2_minus_ordinary_x1","value_gain",-0.033158848196625
4,250,"ordinary_x2_minus_ordinary_x1","wrong_sign",-0.052333333333334
40,250,"ordinary_x2_minus_ordinary_x1","mae",-0.00534875287229097
40,250,"ordinary_x2_minus_ordinary_x1","mean_error",-0.00812735003863281
40,250,"ordinary_x2_minus_ordinary_x1","mse",-0.00100403966412099
40,250,"ordinary_x2_minus_ordinary_x1","oracle_gain",0
40,250,"ordinary_x2_minus_ordinary_x1","regret",0.0024496688767049
40,250,"ordinary_x2_minus_ordinary_x1","treatment_share",0.1566
40,250,"ordinary_x2_minus_ordinary_x1","value_gain",-0.002449668876705
40,250,"ordinary_x2_minus_ordinary_x1","wrong_sign",-0.156866666666666
41,250,"ordinary_x2_minus_ordinary_x1","mae",0.015030493001073
41,250,"ordinary_x2_minus_ordinary_x1","mean_error",0.00878874833650553
41,250,"ordinary_x2_minus_ordinary_x1","mse",0.019903517670392
41,250,"ordinary_x2_minus_ordinary_x1","oracle_gain",0
41,250,"ordinary_x2_minus_ordinary_x1","regret",0.0387765254636124
41,250,"ordinary_x2_minus_ordinary_x1","treatment_share",0.032866666666666
41,250,"ordinary_x2_minus_ordinary_x1","value_gain",-0.038776525463613
41,250,"ordinary_x2_minus_ordinary_x1","wrong_sign",-0.0332
42,250,"ordinary_x2_minus_ordinary_x1","mae",-0.00674415107756304
42,250,"ordinary_x2_minus_ordinary_x1","mean_error",-0.00694502085967
42,250,"ordinary_x2_minus_ordinary_x1","mse",0.00388533067153002
42,250,"ordinary_x2_minus_ordinary_x1","oracle_gain",0
42,250,"ordinary_x2_minus_ordinary_x1","regret",0.0013930794785193
42,250,"ordinary_x2_minus_ordinary_x1","treatment_share",0.141066666666667
42,250,"ordinary_x2_minus_ordinary_x1","value_gain",-0.00139307947851902
42,250,"ordinary_x2_minus_ordinary_x1","wrong_sign",-0.144933333333333
43,250,"ordinary_x2_minus_ordinary_x1","mae",0.068137811368506
43,250,"ordinary_x2_minus_ordinary_x1","mean_error",0.0064290395847173
43,250,"ordinary_x2_minus_ordinary_x1","mse",0.042444443417529
43,250,"ordinary_x2_minus_ordinary_x1","oracle_gain",0
43,250,"ordinary_x2_minus_ordinary_x1","regret",0.0458021377284326
43,250,"ordinary_x2_minus_ordinary_x1","treatment_share",0.00699999999999995
43,250,"ordinary_x2_minus_ordinary_x1","value_gain",-0.045802137728433
43,250,"ordinary_x2_minus_ordinary_x1","wrong_sign",-0.00700000000000001
44,250,"ordinary_x2_minus_ordinary_x1","mae",0.104834139023222
44,250,"ordinary_x2_minus_ordinary_x1","mean_error",-0.0013035554247841
44,250,"ordinary_x2_minus_ordinary_x1","mse",0.062514561761971
44,250,"ordinary_x2_minus_ordinary_x1","oracle_gain",0
44,250,"ordinary_x2_minus_ordinary_x1","regret",0.0477950349016387
44,250,"ordinary_x2_minus_ordinary_x1","treatment_share",-0.0108
44,250,"ordinary_x2_minus_ordinary_x1","value_gain",-0.047795034901638
44,250,"ordinary_x2_minus_ordinary_x1","wrong_sign",0.00620000000000001
45,250,"ordinary_x2_minus_ordinary_x1","mae",-0.048854091291413
45,250,"ordinary_x2_minus_ordinary_x1","mean_error",-0.0127896334344965
45,250,"ordinary_x2_minus_ordinary_x1","mse",-0.027025625019799
45,250,"ordinary_x2_minus_ordinary_x1","oracle_gain",0
45,250,"ordinary_x2_minus_ordinary_x1","regret",-0.0121134404981881
45,250,"ordinary_x2_minus_ordinary_x1","treatment_share",0.1856
45,250,"ordinary_x2_minus_ordinary_x1","value_gain",0.012113440498188
45,250,"ordinary_x2_minus_ordinary_x1","wrong_sign",-0.189066666666667
46,250,"ordinary_x2_minus_ordinary_x1","mae",-0.031129983130341
46,250,"ordinary_x2_minus_ordinary_x1","mean_error",0.0257210486072861
46,250,"ordinary_x2_minus_ordinary_x1","mse",-0.02208051395965
46,250,"ordinary_x2_minus_ordinary_x1","oracle_gain",0
46,250,"ordinary_x2_minus_ordinary_x1","regret",0.0407541718241727
46,250,"ordinary_x2_minus_ordinary_x1","treatment_share",0.028866666666667
46,250,"ordinary_x2_minus_ordinary_x1","value_gain",-0.040754171824173
46,250,"ordinary_x2_minus_ordinary_x1","wrong_sign",-0.028866666666666
47,250,"ordinary_x2_minus_ordinary_x1","mae",0.050233624779202
47,250,"ordinary_x2_minus_ordinary_x1","mean_error",-0.007906058833713
47,250,"ordinary_x2_minus_ordinary_x1","mse",0.035117315546295
47,250,"ordinary_x2_minus_ordinary_x1","oracle_gain",0
47,250,"ordinary_x2_minus_ordinary_x1","regret",0.0437188810685906
47,250,"ordinary_x2_minus_ordinary_x1","treatment_share",0.0201
47,250,"ordinary_x2_minus_ordinary_x1","value_gain",-0.04371888106859
47,250,"ordinary_x2_minus_ordinary_x1","wrong_sign",-0.018033333333333
48,250,"ordinary_x2_minus_ordinary_x1","mae",0.106042219011842
48,250,"ordinary_x2_minus_ordinary_x1","mean_error",0.00648689110685605
48,250,"ordinary_x2_minus_ordinary_x1","mse",0.068348950303178
48,250,"ordinary_x2_minus_ordinary_x1","oracle_gain",0
48,250,"ordinary_x2_minus_ordinary_x1","regret",0.0462623037386965
48,250,"ordinary_x2_minus_ordinary_x1","treatment_share",0.00323333333333398
48,250,"ordinary_x2_minus_ordinary_x1","value_gain",-0.046262303738696
48,250,"ordinary_x2_minus_ordinary_x1","wrong_sign",-0.00496666666666701
49,250,"ordinary_x2_minus_ordinary_x1","mae",-0.00442495947617699
49,250,"ordinary_x2_minus_ordinary_x1","mean_error",0.000936527487866302
49,250,"ordinary_x2_minus_ordinary_x1","mse",-0.000544330709224994
49,250,"ordinary_x2_minus_ordinary_x1","oracle_gain",0
49,250,"ordinary_x2_minus_ordinary_x1","regret",-0.0082571838487335
49,250,"ordinary_x2_minus_ordinary_x1","treatment_share",0.183066666666667
49,250,"ordinary_x2_minus_ordinary_x1","value_gain",0.00825718384873297
49,250,"ordinary_x2_minus_ordinary_x1","wrong_sign",-0.183466666666667
5,250,"ordinary_x2_minus_ordinary_x1","mae",-0.027121270282021
5,250,"ordinary_x2_minus_ordinary_x1","mean_error",0.0056029371811705
5,250,"ordinary_x2_minus_ordinary_x1","mse",-0.015005283378067
5,250,"ordinary_x2_minus_ordinary_x1","oracle_gain",0
5,250,"ordinary_x2_minus_ordinary_x1","regret",0.02426758079108
5,250,"ordinary_x2_minus_ordinary_x1","treatment_share",0.084166666666667
5,250,"ordinary_x2_minus_ordinary_x1","value_gain",-0.02426758079108
5,250,"ordinary_x2_minus_ordinary_x1","wrong_sign",-0.084166666666667
50,250,"ordinary_x2_minus_ordinary_x1","mae",0.020695121889902
50,250,"ordinary_x2_minus_ordinary_x1","mean_error",0.00682800562258714
50,250,"ordinary_x2_minus_ordinary_x1","mse",0.014151554314356
50,250,"ordinary_x2_minus_ordinary_x1","oracle_gain",0
50,250,"ordinary_x2_minus_ordinary_x1","regret",0.0043045300465766
50,250,"ordinary_x2_minus_ordinary_x1","treatment_share",0.139233333333333
50,250,"ordinary_x2_minus_ordinary_x1","value_gain",-0.00430453004657699
50,250,"ordinary_x2_minus_ordinary_x1","wrong_sign",-0.142633333333334
51,250,"ordinary_x2_minus_ordinary_x1","mae",-0.00147779836612705
51,250,"ordinary_x2_minus_ordinary_x1","mean_error",-0.0126085018247612
51,250,"ordinary_x2_minus_ordinary_x1","mse",0.003231961000806
51,250,"ordinary_x2_minus_ordinary_x1","oracle_gain",0
51,250,"ordinary_x2_minus_ordinary_x1","regret",0.0343300915255416
51,250,"ordinary_x2_minus_ordinary_x1","treatment_share",0.0450333333333329
51,250,"ordinary_x2_minus_ordinary_x1","value_gain",-0.034330091525542
51,250,"ordinary_x2_minus_ordinary_x1","wrong_sign",-0.044766666666667
52,250,"ordinary_x2_minus_ordinary_x1","mae",0.0549507274006349
52,250,"ordinary_x2_minus_ordinary_x1","mean_error",0.0003498506496835
52,250,"ordinary_x2_minus_ordinary_x1","mse",0.039517054639649
52,250,"ordinary_x2_minus_ordinary_x1","oracle_gain",0
52,250,"ordinary_x2_minus_ordinary_x1","regret",0.0235723109581267
52,250,"ordinary_x2_minus_ordinary_x1","treatment_share",0.0824
52,250,"ordinary_x2_minus_ordinary_x1","value_gain",-0.023572310958126
52,250,"ordinary_x2_minus_ordinary_x1","wrong_sign",-0.0824
53,250,"ordinary_x2_minus_ordinary_x1","mae",-0.029608846487077
53,250,"ordinary_x2_minus_ordinary_x1","mean_error",0.00252925767841102
53,250,"ordinary_x2_minus_ordinary_x1","mse",-0.019490395138573
53,250,"ordinary_x2_minus_ordinary_x1","oracle_gain",0
53,250,"ordinary_x2_minus_ordinary_x1","regret",0.0234638737036994
53,250,"ordinary_x2_minus_ordinary_x1","treatment_share",0.0836
53,250,"ordinary_x2_minus_ordinary_x1","value_gain",-0.023463873703698
53,250,"ordinary_x2_minus_ordinary_x1","wrong_sign",-0.0836
54,250,"ordinary_x2_minus_ordinary_x1","mae",0.01010529294474
54,250,"ordinary_x2_minus_ordinary_x1","mean_error",0.002657400666183
54,250,"ordinary_x2_minus_ordinary_x1","mse",0.00607235590038399
54,250,"ordinary_x2_minus_ordinary_x1","oracle_gain",0
54,250,"ordinary_x2_minus_ordinary_x1","regret",0.0106160853227196
54,250,"ordinary_x2_minus_ordinary_x1","treatment_share",0.125966666666666
54,250,"ordinary_x2_minus_ordinary_x1","value_gain",-0.01061608532272
54,250,"ordinary_x2_minus_ordinary_x1","wrong_sign",-0.1269
55,250,"ordinary_x2_minus_ordinary_x1","mae",0.037743641736291
55,250,"ordinary_x2_minus_ordinary_x1","mean_error",0.0040718629059965
55,250,"ordinary_x2_minus_ordinary_x1","mse",0.024834651764039
55,250,"ordinary_x2_minus_ordinary_x1","oracle_gain",0
55,250,"ordinary_x2_minus_ordinary_x1","regret",0.0447254788029304
55,250,"ordinary_x2_minus_ordinary_x1","treatment_share",0.0142
55,250,"ordinary_x2_minus_ordinary_x1","value_gain",-0.04472547880293
55,250,"ordinary_x2_minus_ordinary_x1","wrong_sign",-0.0142
56,250,"ordinary_x2_minus_ordinary_x1","mae",0.014358359573097
56,250,"ordinary_x2_minus_ordinary_x1","mean_error",0.0019596458866098
56,250,"ordinary_x2_minus_ordinary_x1","mse",0.010469560035755
56,250,"ordinary_x2_minus_ordinary_x1","oracle_gain",0
56,250,"ordinary_x2_minus_ordinary_x1","regret",0.0250634822169352
56,250,"ordinary_x2_minus_ordinary_x1","treatment_share",0.0760666666666671
56,250,"ordinary_x2_minus_ordinary_x1","value_gain",-0.025063482216935
56,250,"ordinary_x2_minus_ordinary_x1","wrong_sign",-0.0778
57,250,"ordinary_x2_minus_ordinary_x1","mae",0.059462768337177
57,250,"ordinary_x2_minus_ordinary_x1","mean_error",-0.0108864207434898
57,250,"ordinary_x2_minus_ordinary_x1","mse",0.042232989025928
57,250,"ordinary_x2_minus_ordinary_x1","oracle_gain",0
57,250,"ordinary_x2_minus_ordinary_x1","regret",0.0361931042681253
57,250,"ordinary_x2_minus_ordinary_x1","treatment_share",0.0353
57,250,"ordinary_x2_minus_ordinary_x1","value_gain",-0.0361931042681251
57,250,"ordinary_x2_minus_ordinary_x1","wrong_sign",-0.0359
58,250,"ordinary_x2_minus_ordinary_x1","mae",0.019387848010174
58,250,"ordinary_x2_minus_ordinary_x1","mean_error",-0.00684314271162865
58,250,"ordinary_x2_minus_ordinary_x1","mse",0.018466379504659
58,250,"ordinary_x2_minus_ordinary_x1","oracle_gain",0
58,250,"ordinary_x2_minus_ordinary_x1","regret",0.0203191026777213
58,250,"ordinary_x2_minus_ordinary_x1","treatment_share",0.0958
58,250,"ordinary_x2_minus_ordinary_x1","value_gain",-0.020319102677721
58,250,"ordinary_x2_minus_ordinary_x1","wrong_sign",-0.095666666666666
59,250,"ordinary_x2_minus_ordinary_x1","mae",-0.012101302418562
59,250,"ordinary_x2_minus_ordinary_x1","mean_error",-0.0041306817762377
59,250,"ordinary_x2_minus_ordinary_x1","mse",-0.00465752808153599
59,250,"ordinary_x2_minus_ordinary_x1","oracle_gain",0
59,250,"ordinary_x2_minus_ordinary_x1","regret",0.0044194661790933
59,250,"ordinary_x2_minus_ordinary_x1","treatment_share",0.1455
59,250,"ordinary_x2_minus_ordinary_x1","value_gain",-0.004419466179095
59,250,"ordinary_x2_minus_ordinary_x1","wrong_sign",-0.147233333333334
6,250,"ordinary_x2_minus_ordinary_x1","mae",-0.010801100465536
6,250,"ordinary_x2_minus_ordinary_x1","mean_error",-0.00877635899397439
6,250,"ordinary_x2_minus_ordinary_x1","mse",-0.00582730057915201
6,250,"ordinary_x2_minus_ordinary_x1","oracle_gain",0
6,250,"ordinary_x2_minus_ordinary_x1","regret",0.0393924801933603
6,250,"ordinary_x2_minus_ordinary_x1","treatment_share",0.0321
6,250,"ordinary_x2_minus_ordinary_x1","value_gain",-0.03939248019336
6,250,"ordinary_x2_minus_ordinary_x1","wrong_sign",-0.032166666666667
60,250,"ordinary_x2_minus_ordinary_x1","mae",0.027410129219155
60,250,"ordinary_x2_minus_ordinary_x1","mean_error",-0.0076115671253305
60,250,"ordinary_x2_minus_ordinary_x1","mse",0.019130023380635
60,250,"ordinary_x2_minus_ordinary_x1","oracle_gain",0
60,250,"ordinary_x2_minus_ordinary_x1","regret",0.0123451593953938
60,250,"ordinary_x2_minus_ordinary_x1","treatment_share",0.0951333333333341
60,250,"ordinary_x2_minus_ordinary_x1","value_gain",-0.012345159395393
60,250,"ordinary_x2_minus_ordinary_x1","wrong_sign",-0.103
61,250,"ordinary_x2_minus_ordinary_x1","mae",-0.00708412048975898
61,250,"ordinary_x2_minus_ordinary_x1","mean_error",0.0057061226924696
61,250,"ordinary_x2_minus_ordinary_x1","mse",-0.00426352667018001
61,250,"ordinary_x2_minus_ordinary_x1","oracle_gain",0
61,250,"ordinary_x2_minus_ordinary_x1","regret",0.0477087651916647
61,250,"ordinary_x2_minus_ordinary_x1","treatment_share",0.000366666666666959
61,250,"ordinary_x2_minus_ordinary_x1","value_gain",-0.047708765191665
61,250,"ordinary_x2_minus_ordinary_x1","wrong_sign",-0.000366666666666987
62,250,"ordinary_x2_minus_ordinary_x1","mae",-0.057375136952936
62,250,"ordinary_x2_minus_ordinary_x1","mean_error",0.0046070859913426
62,250,"ordinary_x2_minus_ordinary_x1","mse",-0.032921362170859
62,250,"ordinary_x2_minus_ordinary_x1","oracle_gain",0
62,250,"ordinary_x2_minus_ordinary_x1","regret",-0.0211277423921521
62,250,"ordinary_x2_minus_ordinary_x1","treatment_share",0.2328
62,250,"ordinary_x2_minus_ordinary_x1","value_gain",0.021127742392152
62,250,"ordinary_x2_minus_ordinary_x1","wrong_sign",-0.2328
63,250,"ordinary_x2_minus_ordinary_x1","mae",0.078302900337209
63,250,"ordinary_x2_minus_ordinary_x1","mean_error",-0.0136457456572279
63,250,"ordinary_x2_minus_ordinary_x1","mse",0.049914707714246
63,250,"ordinary_x2_minus_ordinary_x1","oracle_gain",0
63,250,"ordinary_x2_minus_ordinary_x1","regret",0.0474381976850479
63,250,"ordinary_x2_minus_ordinary_x1","treatment_share",-0.00553333333333295
63,250,"ordinary_x2_minus_ordinary_x1","value_gain",-0.047438197685048
63,250,"ordinary_x2_minus_ordinary_x1","wrong_sign",0.00293333333333301
64,250,"ordinary_x2_minus_ordinary_x1","mae",-0.071318562717926
64,250,"ordinary_x2_minus_ordinary_x1","mean_error",-0.0062100437413936
64,250,"ordinary_x2_minus_ordinary_x1","mse",-0.03307437711858
64,250,"ordinary_x2_minus_ordinary_x1","oracle_gain",0
64,250,"ordinary_x2_minus_ordinary_x1","regret",-0.021268920461568
64,250,"ordinary_x2_minus_ordinary_x1","treatment_share",0.2348
64,250,"ordinary_x2_minus_ordinary_x1","value_gain",0.021268920461567
64,250,"ordinary_x2_minus_ordinary_x1","wrong_sign",-0.234733333333333
65,250,"ordinary_x2_minus_ordinary_x1","mae",-0.057770684489929
65,250,"ordinary_x2_minus_ordinary_x1","mean_error",-0.0055669019193876
65,250,"ordinary_x2_minus_ordinary_x1","mse",-0.035904697619508
65,250,"ordinary_x2_minus_ordinary_x1","oracle_gain",0
65,250,"ordinary_x2_minus_ordinary_x1","regret",-0.0191371209423794
65,250,"ordinary_x2_minus_ordinary_x1","treatment_share",0.2236
65,250,"ordinary_x2_minus_ordinary_x1","value_gain",0.01913712094238
65,250,"ordinary_x2_minus_ordinary_x1","wrong_sign",-0.2244
66,250,"ordinary_x2_minus_ordinary_x1","mae",0.130400512251294
66,250,"ordinary_x2_minus_ordinary_x1","mean_error",-0.0200318239940202
66,250,"ordinary_x2_minus_ordinary_x1","mse",0.074357270787383
66,250,"ordinary_x2_minus_ordinary_x1","oracle_gain",0
66,250,"ordinary_x2_minus_ordinary_x1","regret",0.0520098134625155
66,250,"ordinary_x2_minus_ordinary_x1","treatment_share",-0.034533333333333
66,250,"ordinary_x2_minus_ordinary_x1","value_gain",-0.052009813462515
66,250,"ordinary_x2_minus_ordinary_x1","wrong_sign",0.0318
67,250,"ordinary_x2_minus_ordinary_x1","mae",0.00673312724592001
67,250,"ordinary_x2_minus_ordinary_x1","mean_error",0.0112006266024831
67,250,"ordinary_x2_minus_ordinary_x1","mse",0.005958447667269
67,250,"ordinary_x2_minus_ordinary_x1","oracle_gain",0
67,250,"ordinary_x2_minus_ordinary_x1","regret",0.0260693350264335
67,250,"ordinary_x2_minus_ordinary_x1","treatment_share",0.0643
67,250,"ordinary_x2_minus_ordinary_x1","value_gain",-0.026069335026434
67,250,"ordinary_x2_minus_ordinary_x1","wrong_sign",-0.068766666666667
68,250,"ordinary_x2_minus_ordinary_x1","mae",0.03877964201777
68,250,"ordinary_x2_minus_ordinary_x1","mean_error",-0.0100138334056396
68,250,"ordinary_x2_minus_ordinary_x1","mse",0.027697885674382
68,250,"ordinary_x2_minus_ordinary_x1","oracle_gain",0
68,250,"ordinary_x2_minus_ordinary_x1","regret",0.0422865362776654
68,250,"ordinary_x2_minus_ordinary_x1","treatment_share",0.018366666666667
68,250,"ordinary_x2_minus_ordinary_x1","value_gain",-0.042286536277665
68,250,"ordinary_x2_minus_ordinary_x1","wrong_sign",-0.0195
69,250,"ordinary_x2_minus_ordinary_x1","mae",-0.00435830737218801
69,250,"ordinary_x2_minus_ordinary_x1","mean_error",0.0081548559151186
69,250,"ordinary_x2_minus_ordinary_x1","mse",0.000719801775432988
69,250,"ordinary_x2_minus_ordinary_x1","oracle_gain",0
69,250,"ordinary_x2_minus_ordinary_x1","regret",0.0454809402648801
69,250,"ordinary_x2_minus_ordinary_x1","treatment_share",0.0115666666666669
69,250,"ordinary_x2_minus_ordinary_x1","value_gain",-0.04548094026488
69,250,"ordinary_x2_minus_ordinary_x1","wrong_sign",-0.0113
7,250,"ordinary_x2_minus_ordinary_x1","mae",0.042018739043531
7,250,"ordinary_x2_minus_ordinary_x1","mean_error",0.0045740741973404
7,250,"ordinary_x2_minus_ordinary_x1","mse",0.030909032538546
7,250,"ordinary_x2_minus_ordinary_x1","oracle_gain",0
7,250,"ordinary_x2_minus_ordinary_x1","regret",0.0418433371700067
7,250,"ordinary_x2_minus_ordinary_x1","treatment_share",0.0245
7,250,"ordinary_x2_minus_ordinary_x1","value_gain",-0.041843337170007
7,250,"ordinary_x2_minus_ordinary_x1","wrong_sign",-0.024833333333333
70,250,"ordinary_x2_minus_ordinary_x1","mae",0.024038485996755
70,250,"ordinary_x2_minus_ordinary_x1","mean_error",-0.004077220156771
70,250,"ordinary_x2_minus_ordinary_x1","mse",0.015145349173679
70,250,"ordinary_x2_minus_ordinary_x1","oracle_gain",0
70,250,"ordinary_x2_minus_ordinary_x1","regret",0.0503122208021245
70,250,"ordinary_x2_minus_ordinary_x1","treatment_share",-0.0164
70,250,"ordinary_x2_minus_ordinary_x1","value_gain",-0.050312220802125
70,250,"ordinary_x2_minus_ordinary_x1","wrong_sign",0.014466666666666
71,250,"ordinary_x2_minus_ordinary_x1","mae",0.022124857162653
71,250,"ordinary_x2_minus_ordinary_x1","mean_error",-0.0058385865856728
71,250,"ordinary_x2_minus_ordinary_x1","mse",0.020786403567548
71,250,"ordinary_x2_minus_ordinary_x1","oracle_gain",0
71,250,"ordinary_x2_minus_ordinary_x1","regret",0.0281077146584027
71,250,"ordinary_x2_minus_ordinary_x1","treatment_share",0.0398333333333329
71,250,"ordinary_x2_minus_ordinary_x1","value_gain",-0.028107714658403
71,250,"ordinary_x2_minus_ordinary_x1","wrong_sign",-0.048966666666666
72,250,"ordinary_x2_minus_ordinary_x1","mae",-0.005122520462367
72,250,"ordinary_x2_minus_ordinary_x1","mean_error",0.0047844591705134
72,250,"ordinary_x2_minus_ordinary_x1","mse",-0.001401657509531
72,250,"ordinary_x2_minus_ordinary_x1","oracle_gain",0
72,250,"ordinary_x2_minus_ordinary_x1","regret",0.011587052781245
72,250,"ordinary_x2_minus_ordinary_x1","treatment_share",0.122466666666667
72,250,"ordinary_x2_minus_ordinary_x1","value_gain",-0.011587052781245
72,250,"ordinary_x2_minus_ordinary_x1","wrong_sign",-0.1234
73,250,"ordinary_x2_minus_ordinary_x1","mae",-0.021672667812287
73,250,"ordinary_x2_minus_ordinary_x1","mean_error",0.0048749209392756
73,250,"ordinary_x2_minus_ordinary_x1","mse",-0.015732771876054
73,250,"ordinary_x2_minus_ordinary_x1","oracle_gain",0
73,250,"ordinary_x2_minus_ordinary_x1","regret",-0.0123713276608398
73,250,"ordinary_x2_minus_ordinary_x1","treatment_share",0.202966666666666
73,250,"ordinary_x2_minus_ordinary_x1","value_gain",0.01237132766084
73,250,"ordinary_x2_minus_ordinary_x1","wrong_sign",-0.202966666666666
74,250,"ordinary_x2_minus_ordinary_x1","mae",0.00999829416861198
74,250,"ordinary_x2_minus_ordinary_x1","mean_error",-0.004470586598676
74,250,"ordinary_x2_minus_ordinary_x1","mse",0.010915365571286
74,250,"ordinary_x2_minus_ordinary_x1","oracle_gain",0
74,250,"ordinary_x2_minus_ordinary_x1","regret",0.0402227866740018
74,250,"ordinary_x2_minus_ordinary_x1","treatment_share",0.027033333333333
74,250,"ordinary_x2_minus_ordinary_x1","value_gain",-0.040222786674003
74,250,"ordinary_x2_minus_ordinary_x1","wrong_sign",-0.027033333333334
75,250,"ordinary_x2_minus_ordinary_x1","mae",0.041958288881892
75,250,"ordinary_x2_minus_ordinary_x1","mean_error",0.01844988982606
75,250,"ordinary_x2_minus_ordinary_x1","mse",0.030243118682558
75,250,"ordinary_x2_minus_ordinary_x1","oracle_gain",0
75,250,"ordinary_x2_minus_ordinary_x1","regret",-0.0095178712651094
75,250,"ordinary_x2_minus_ordinary_x1","treatment_share",0.196766666666666
75,250,"ordinary_x2_minus_ordinary_x1","value_gain",0.00951787126511
75,250,"ordinary_x2_minus_ordinary_x1","wrong_sign",-0.196633333333334
76,250,"ordinary_x2_minus_ordinary_x1","mae",-0.06581550324243
76,250,"ordinary_x2_minus_ordinary_x1","mean_error",-0.00214973074161371
76,250,"ordinary_x2_minus_ordinary_x1","mse",-0.035459068211455
76,250,"ordinary_x2_minus_ordinary_x1","oracle_gain",0
76,250,"ordinary_x2_minus_ordinary_x1","regret",-0.0240490023199462
76,250,"ordinary_x2_minus_ordinary_x1","treatment_share",0.2168
76,250,"ordinary_x2_minus_ordinary_x1","value_gain",0.024049002319946
76,250,"ordinary_x2_minus_ordinary_x1","wrong_sign",-0.225133333333334
77,250,"ordinary_x2_minus_ordinary_x1","mae",-0.018568905075949
77,250,"ordinary_x2_minus_ordinary_x1","mean_error",0.0026592159207249
77,250,"ordinary_x2_minus_ordinary_x1","mse",-0.00873170506212198
77,250,"ordinary_x2_minus_ordinary_x1","oracle_gain",0
77,250,"ordinary_x2_minus_ordinary_x1","regret",0.0178835353232301
77,250,"ordinary_x2_minus_ordinary_x1","treatment_share",0.0971
77,250,"ordinary_x2_minus_ordinary_x1","value_gain",-0.01788353532323
77,250,"ordinary_x2_minus_ordinary_x1","wrong_sign",-0.096633333333334
78,250,"ordinary_x2_minus_ordinary_x1","mae",-0.010428011736397
78,250,"ordinary_x2_minus_ordinary_x1","mean_error",0.0087485995194919
78,250,"ordinary_x2_minus_ordinary_x1","mse",-0.00730403764353901
78,250,"ordinary_x2_minus_ordinary_x1","oracle_gain",0
78,250,"ordinary_x2_minus_ordinary_x1","regret",0.018372624366346
78,250,"ordinary_x2_minus_ordinary_x1","treatment_share",0.0782666666666659
78,250,"ordinary_x2_minus_ordinary_x1","value_gain",-0.018372624366348
78,250,"ordinary_x2_minus_ordinary_x1","wrong_sign",-0.086333333333334
79,250,"ordinary_x2_minus_ordinary_x1","mae",0.00439834629619901
79,250,"ordinary_x2_minus_ordinary_x1","mean_error",0.0115877202325599
79,250,"ordinary_x2_minus_ordinary_x1","mse",0.001632464229436
79,250,"ordinary_x2_minus_ordinary_x1","oracle_gain",0
79,250,"ordinary_x2_minus_ordinary_x1","regret",0.0477149569003483
79,250,"ordinary_x2_minus_ordinary_x1","treatment_share",-0.00273333333333403
79,250,"ordinary_x2_minus_ordinary_x1","value_gain",-0.047714956900348
79,250,"ordinary_x2_minus_ordinary_x1","wrong_sign",0.00273333333333298
8,250,"ordinary_x2_minus_ordinary_x1","mae",-0.060231748625855
8,250,"ordinary_x2_minus_ordinary_x1","mean_error",-0.0074929354299162
8,250,"ordinary_x2_minus_ordinary_x1","mse",-0.032824914131885
8,250,"ordinary_x2_minus_ordinary_x1","oracle_gain",0
8,250,"ordinary_x2_minus_ordinary_x1","regret",-0.0191536669325736
8,250,"ordinary_x2_minus_ordinary_x1","treatment_share",0.2192
8,250,"ordinary_x2_minus_ordinary_x1","value_gain",0.019153666932573
8,250,"ordinary_x2_minus_ordinary_x1","wrong_sign",-0.221066666666667
80,250,"ordinary_x2_minus_ordinary_x1","mae",0.132183521213269
80,250,"ordinary_x2_minus_ordinary_x1","mean_error",0.00587990406029808
80,250,"ordinary_x2_minus_ordinary_x1","mse",0.084693769194112
80,250,"ordinary_x2_minus_ordinary_x1","oracle_gain",0
80,250,"ordinary_x2_minus_ordinary_x1","regret",0.0504350468859184
80,250,"ordinary_x2_minus_ordinary_x1","treatment_share",-0.00963333333333294
80,250,"ordinary_x2_minus_ordinary_x1","value_gain",-0.050435046885919
80,250,"ordinary_x2_minus_ordinary_x1","wrong_sign",0.00976666666666698
81,250,"ordinary_x2_minus_ordinary_x1","mae",-0.03671933690015
81,250,"ordinary_x2_minus_ordinary_x1","mean_error",0.0107942791106786
81,250,"ordinary_x2_minus_ordinary_x1","mse",-0.026133061893227
81,250,"ordinary_x2_minus_ordinary_x1","oracle_gain",0
81,250,"ordinary_x2_minus_ordinary_x1","regret",0.0099342415844308
81,250,"ordinary_x2_minus_ordinary_x1","treatment_share",0.133233333333333
81,250,"ordinary_x2_minus_ordinary_x1","value_gain",-0.00993424158443101
81,250,"ordinary_x2_minus_ordinary_x1","wrong_sign",-0.133233333333333
82,250,"ordinary_x2_minus_ordinary_x1","mae",-0.021050840907935
82,250,"ordinary_x2_minus_ordinary_x1","mean_error",0.0032629783821656
82,250,"ordinary_x2_minus_ordinary_x1","mse",-0.00780519925085901
82,250,"ordinary_x2_minus_ordinary_x1","oracle_gain",0
82,250,"ordinary_x2_minus_ordinary_x1","regret",0.0040934506024661
82,250,"ordinary_x2_minus_ordinary_x1","treatment_share",0.156033333333333
82,250,"ordinary_x2_minus_ordinary_x1","value_gain",-0.00409345060246702
82,250,"ordinary_x2_minus_ordinary_x1","wrong_sign",-0.154033333333334
83,250,"ordinary_x2_minus_ordinary_x1","mae",0.0414817110087
83,250,"ordinary_x2_minus_ordinary_x1","mean_error",0.0139439396700098
83,250,"ordinary_x2_minus_ordinary_x1","mse",0.026765910915482
83,250,"ordinary_x2_minus_ordinary_x1","oracle_gain",0
83,250,"ordinary_x2_minus_ordinary_x1","regret",0.0310122891398713
83,250,"ordinary_x2_minus_ordinary_x1","treatment_share",0.0566
83,250,"ordinary_x2_minus_ordinary_x1","value_gain",-0.031012289139872
83,250,"ordinary_x2_minus_ordinary_x1","wrong_sign",-0.057933333333333
84,250,"ordinary_x2_minus_ordinary_x1","mae",0.025400424581657
84,250,"ordinary_x2_minus_ordinary_x1","mean_error",0.0001325791709955
84,250,"ordinary_x2_minus_ordinary_x1","mse",0.01932760267175
84,250,"ordinary_x2_minus_ordinary_x1","oracle_gain",0
84,250,"ordinary_x2_minus_ordinary_x1","regret",0.0416166809465839
84,250,"ordinary_x2_minus_ordinary_x1","treatment_share",0.032266666666667
84,250,"ordinary_x2_minus_ordinary_x1","value_gain",-0.041616680946584
84,250,"ordinary_x2_minus_ordinary_x1","wrong_sign",-0.028933333333334
85,250,"ordinary_x2_minus_ordinary_x1","mae",-0.04860979988468
85,250,"ordinary_x2_minus_ordinary_x1","mean_error",-0.0009955601806004
85,250,"ordinary_x2_minus_ordinary_x1","mse",-0.027793799336617
85,250,"ordinary_x2_minus_ordinary_x1","oracle_gain",0
85,250,"ordinary_x2_minus_ordinary_x1","regret",-0.0210599959005416
85,250,"ordinary_x2_minus_ordinary_x1","treatment_share",0.2362
85,250,"ordinary_x2_minus_ordinary_x1","value_gain",0.021059995900541
85,250,"ordinary_x2_minus_ordinary_x1","wrong_sign",-0.2362
86,250,"ordinary_x2_minus_ordinary_x1","mae",-0.040819515042443
86,250,"ordinary_x2_minus_ordinary_x1","mean_error",-0.00048794422524619
86,250,"ordinary_x2_minus_ordinary_x1","mse",-0.022163378591654
86,250,"ordinary_x2_minus_ordinary_x1","oracle_gain",0
86,250,"ordinary_x2_minus_ordinary_x1","regret",-0.0232606157412854
86,250,"ordinary_x2_minus_ordinary_x1","treatment_share",0.232866666666666
86,250,"ordinary_x2_minus_ordinary_x1","value_gain",0.023260615741286
86,250,"ordinary_x2_minus_ordinary_x1","wrong_sign",-0.235133333333334
87,250,"ordinary_x2_minus_ordinary_x1","mae",0.029533936344607
87,250,"ordinary_x2_minus_ordinary_x1","mean_error",-0.0141709769413327
87,250,"ordinary_x2_minus_ordinary_x1","mse",0.023983745076656
87,250,"ordinary_x2_minus_ordinary_x1","oracle_gain",0
87,250,"ordinary_x2_minus_ordinary_x1","regret",0.046920483507711
87,250,"ordinary_x2_minus_ordinary_x1","treatment_share",0.00509999999999999
87,250,"ordinary_x2_minus_ordinary_x1","value_gain",-0.046920483507711
87,250,"ordinary_x2_minus_ordinary_x1","wrong_sign",-0.005033333333333
88,250,"ordinary_x2_minus_ordinary_x1","mae",0.044294171781979
88,250,"ordinary_x2_minus_ordinary_x1","mean_error",0.0043878018093042
88,250,"ordinary_x2_minus_ordinary_x1","mse",0.030482153495647
88,250,"ordinary_x2_minus_ordinary_x1","oracle_gain",0
88,250,"ordinary_x2_minus_ordinary_x1","regret",0.0469301328617785
88,250,"ordinary_x2_minus_ordinary_x1","treatment_share",0.0117
88,250,"ordinary_x2_minus_ordinary_x1","value_gain",-0.046930132861779
88,250,"ordinary_x2_minus_ordinary_x1","wrong_sign",-0.011566666666667
89,250,"ordinary_x2_minus_ordinary_x1","mae",0.030814152430584
89,250,"ordinary_x2_minus_ordinary_x1","mean_error",-0.00321307764535271
89,250,"ordinary_x2_minus_ordinary_x1","mse",0.023800384090614
89,250,"ordinary_x2_minus_ordinary_x1","oracle_gain",0
89,250,"ordinary_x2_minus_ordinary_x1","regret",0.0370297665269658
89,250,"ordinary_x2_minus_ordinary_x1","treatment_share",0.034033333333333
89,250,"ordinary_x2_minus_ordinary_x1","value_gain",-0.037029766526966
89,250,"ordinary_x2_minus_ordinary_x1","wrong_sign",-0.034033333333334
9,250,"ordinary_x2_minus_ordinary_x1","mae",-0.021465804837549
9,250,"ordinary_x2_minus_ordinary_x1","mean_error",0.00708931334920263
9,250,"ordinary_x2_minus_ordinary_x1","mse",-0.00760500106475101
9,250,"ordinary_x2_minus_ordinary_x1","oracle_gain",0
9,250,"ordinary_x2_minus_ordinary_x1","regret",-0.0224236627412105
9,250,"ordinary_x2_minus_ordinary_x1","treatment_share",0.2295
9,250,"ordinary_x2_minus_ordinary_x1","value_gain",0.022423662741211
9,250,"ordinary_x2_minus_ordinary_x1","wrong_sign",-0.234033333333333
90,250,"ordinary_x2_minus_ordinary_x1","mae",-0.051515113850766
90,250,"ordinary_x2_minus_ordinary_x1","mean_error",-0.0110756745334922
90,250,"ordinary_x2_minus_ordinary_x1","mse",-0.033823444112417
90,250,"ordinary_x2_minus_ordinary_x1","oracle_gain",0
90,250,"ordinary_x2_minus_ordinary_x1","regret",-0.0054134738278195
90,250,"ordinary_x2_minus_ordinary_x1","treatment_share",0.1785
90,250,"ordinary_x2_minus_ordinary_x1","value_gain",0.00541347382781904
90,250,"ordinary_x2_minus_ordinary_x1","wrong_sign",-0.179233333333333
91,250,"ordinary_x2_minus_ordinary_x1","mae",0.034588561338108
91,250,"ordinary_x2_minus_ordinary_x1","mean_error",0.003395904375794
91,250,"ordinary_x2_minus_ordinary_x1","mse",0.01931317935874
91,250,"ordinary_x2_minus_ordinary_x1","oracle_gain",0
91,250,"ordinary_x2_minus_ordinary_x1","regret",0.048850941595686
91,250,"ordinary_x2_minus_ordinary_x1","treatment_share",0.002033333333334
91,250,"ordinary_x2_minus_ordinary_x1","value_gain",-0.048850941595686
91,250,"ordinary_x2_minus_ordinary_x1","wrong_sign",-0.002033333333333
92,250,"ordinary_x2_minus_ordinary_x1","mae",0.00722148172536297
92,250,"ordinary_x2_minus_ordinary_x1","mean_error",-0.00445223118427054
92,250,"ordinary_x2_minus_ordinary_x1","mse",0.00564277201480098
92,250,"ordinary_x2_minus_ordinary_x1","oracle_gain",0
92,250,"ordinary_x2_minus_ordinary_x1","regret",0.0446847273854166
92,250,"ordinary_x2_minus_ordinary_x1","treatment_share",0.013866666666667
92,250,"ordinary_x2_minus_ordinary_x1","value_gain",-0.044684727385416
92,250,"ordinary_x2_minus_ordinary_x1","wrong_sign",-0.013866666666666
93,250,"ordinary_x2_minus_ordinary_x1","mae",-0.065794256793465
93,250,"ordinary_x2_minus_ordinary_x1","mean_error",0.00496628882205651
93,250,"ordinary_x2_minus_ordinary_x1","mse",-0.0446532129496397
93,250,"ordinary_x2_minus_ordinary_x1","oracle_gain",0
93,250,"ordinary_x2_minus_ordinary_x1","regret",0.0398684854645501
93,250,"ordinary_x2_minus_ordinary_x1","treatment_share",0.0263
93,250,"ordinary_x2_minus_ordinary_x1","value_gain",-0.03986848546455
93,250,"ordinary_x2_minus_ordinary_x1","wrong_sign",-0.028766666666667
94,250,"ordinary_x2_minus_ordinary_x1","mae",0.047210240824215
94,250,"ordinary_x2_minus_ordinary_x1","mean_error",-0.0092419826244306
94,250,"ordinary_x2_minus_ordinary_x1","mse",0.032937267398316
94,250,"ordinary_x2_minus_ordinary_x1","oracle_gain",0
94,250,"ordinary_x2_minus_ordinary_x1","regret",0.0267556696697232
94,250,"ordinary_x2_minus_ordinary_x1","treatment_share",0.0713
94,250,"ordinary_x2_minus_ordinary_x1","value_gain",-0.026755669669723
94,250,"ordinary_x2_minus_ordinary_x1","wrong_sign",-0.0713
95,250,"ordinary_x2_minus_ordinary_x1","mae",-0.00227789721778199
95,250,"ordinary_x2_minus_ordinary_x1","mean_error",-0.0190377224100159
95,250,"ordinary_x2_minus_ordinary_x1","mse",0.000500002593602
95,250,"ordinary_x2_minus_ordinary_x1","oracle_gain",0
95,250,"ordinary_x2_minus_ordinary_x1","regret",0.0295442621444219
95,250,"ordinary_x2_minus_ordinary_x1","treatment_share",0.066033333333334
95,250,"ordinary_x2_minus_ordinary_x1","value_gain",-0.029544262144422
95,250,"ordinary_x2_minus_ordinary_x1","wrong_sign",-0.066633333333333
96,250,"ordinary_x2_minus_ordinary_x1","mae",-0.060626762312393
96,250,"ordinary_x2_minus_ordinary_x1","mean_error",0.00307914909044912
96,250,"ordinary_x2_minus_ordinary_x1","mse",-0.036210044034325
96,250,"ordinary_x2_minus_ordinary_x1","oracle_gain",0
96,250,"ordinary_x2_minus_ordinary_x1","regret",0.0294083818648748
96,250,"ordinary_x2_minus_ordinary_x1","treatment_share",0.0697
96,250,"ordinary_x2_minus_ordinary_x1","value_gain",-0.029408381864875
96,250,"ordinary_x2_minus_ordinary_x1","wrong_sign",-0.069033333333334
97,250,"ordinary_x2_minus_ordinary_x1","mae",-0.033457557646361
97,250,"ordinary_x2_minus_ordinary_x1","mean_error",-0.0022991582087134
97,250,"ordinary_x2_minus_ordinary_x1","mse",-0.018758381176519
97,250,"ordinary_x2_minus_ordinary_x1","oracle_gain",0
97,250,"ordinary_x2_minus_ordinary_x1","regret",0.0152260801884167
97,250,"ordinary_x2_minus_ordinary_x1","treatment_share",0.109166666666666
97,250,"ordinary_x2_minus_ordinary_x1","value_gain",-0.015226080188417
97,250,"ordinary_x2_minus_ordinary_x1","wrong_sign",-0.109166666666667
98,250,"ordinary_x2_minus_ordinary_x1","mae",0.010177227370718
98,250,"ordinary_x2_minus_ordinary_x1","mean_error",-0.0037512673155549
98,250,"ordinary_x2_minus_ordinary_x1","mse",0.00649349569471699
98,250,"ordinary_x2_minus_ordinary_x1","oracle_gain",0
98,250,"ordinary_x2_minus_ordinary_x1","regret",0.0200163044327984
98,250,"ordinary_x2_minus_ordinary_x1","treatment_share",0.0909
98,250,"ordinary_x2_minus_ordinary_x1","value_gain",-0.020016304432798
98,250,"ordinary_x2_minus_ordinary_x1","wrong_sign",-0.091833333333333
99,250,"ordinary_x2_minus_ordinary_x1","mae",-0.109139797239159
99,250,"ordinary_x2_minus_ordinary_x1","mean_error",0.00118981095418456
99,250,"ordinary_x2_minus_ordinary_x1","mse",-0.06511245172328
99,250,"ordinary_x2_minus_ordinary_x1","oracle_gain",0
99,250,"ordinary_x2_minus_ordinary_x1","regret",-0.0228440857722681
99,250,"ordinary_x2_minus_ordinary_x1","treatment_share",0.241233333333333
99,250,"ordinary_x2_minus_ordinary_x1","value_gain",0.022844085772268
99,250,"ordinary_x2_minus_ordinary_x1","wrong_sign",-0.241233333333334
1,500,"ordinary_x2_minus_ordinary_x1","mae",0.041515084981433
1,500,"ordinary_x2_minus_ordinary_x1","mean_error",-0.0118613665071194
1,500,"ordinary_x2_minus_ordinary_x1","mse",0.047281202047193
1,500,"ordinary_x2_minus_ordinary_x1","oracle_gain",0
1,500,"ordinary_x2_minus_ordinary_x1","regret",0.0483921449412357
1,500,"ordinary_x2_minus_ordinary_x1","treatment_share",0.000233333333333086
1,500,"ordinary_x2_minus_ordinary_x1","value_gain",-0.048392144941235
1,500,"ordinary_x2_minus_ordinary_x1","wrong_sign",-0.000633333333332986
10,500,"ordinary_x2_minus_ordinary_x1","mae",0.104950270999094
10,500,"ordinary_x2_minus_ordinary_x1","mean_error",0.0059440047027781
10,500,"ordinary_x2_minus_ordinary_x1","mse",0.075169100431437
10,500,"ordinary_x2_minus_ordinary_x1","oracle_gain",0
10,500,"ordinary_x2_minus_ordinary_x1","regret",0.044767705215454
10,500,"ordinary_x2_minus_ordinary_x1","treatment_share",-0.0204
10,500,"ordinary_x2_minus_ordinary_x1","value_gain",-0.044767705215454
10,500,"ordinary_x2_minus_ordinary_x1","wrong_sign",0.00800000000000001
100,500,"ordinary_x2_minus_ordinary_x1","mae",-0.016842439942529
100,500,"ordinary_x2_minus_ordinary_x1","mean_error",-0.000962380054069002
100,500,"ordinary_x2_minus_ordinary_x1","mse",0.018994425751009
100,500,"ordinary_x2_minus_ordinary_x1","oracle_gain",0
100,500,"ordinary_x2_minus_ordinary_x1","regret",-0.0230237289799479
100,500,"ordinary_x2_minus_ordinary_x1","treatment_share",0.245433333333333
100,500,"ordinary_x2_minus_ordinary_x1","value_gain",0.023023728979948
100,500,"ordinary_x2_minus_ordinary_x1","wrong_sign",-0.2445
11,500,"ordinary_x2_minus_ordinary_x1","mae",0.022174762868232
11,500,"ordinary_x2_minus_ordinary_x1","mean_error",-0.0177502803459445
11,500,"ordinary_x2_minus_ordinary_x1","mse",0.024003785381647
11,500,"ordinary_x2_minus_ordinary_x1","oracle_gain",0
11,500,"ordinary_x2_minus_ordinary_x1","regret",0.0440846113282385
11,500,"ordinary_x2_minus_ordinary_x1","treatment_share",0.0206666666666671
11,500,"ordinary_x2_minus_ordinary_x1","value_gain",-0.04408461132824
11,500,"ordinary_x2_minus_ordinary_x1","wrong_sign",-0.020533333333334
12,500,"ordinary_x2_minus_ordinary_x1","mae",0.018711108751864
12,500,"ordinary_x2_minus_ordinary_x1","mean_error",-0.0039562747902348
12,500,"ordinary_x2_minus_ordinary_x1","mse",0.028831942491363
12,500,"ordinary_x2_minus_ordinary_x1","oracle_gain",0
12,500,"ordinary_x2_minus_ordinary_x1","regret",0.0169571959671683
12,500,"ordinary_x2_minus_ordinary_x1","treatment_share",0.1062
12,500,"ordinary_x2_minus_ordinary_x1","value_gain",-0.016957195967169
12,500,"ordinary_x2_minus_ordinary_x1","wrong_sign",-0.106733333333333
13,500,"ordinary_x2_minus_ordinary_x1","mae",0.112129697565384
13,500,"ordinary_x2_minus_ordinary_x1","mean_error",-0.0026959489225346
13,500,"ordinary_x2_minus_ordinary_x1","mse",0.086070650309505
13,500,"ordinary_x2_minus_ordinary_x1","oracle_gain",0
13,500,"ordinary_x2_minus_ordinary_x1","regret",0.0522529874281235
13,500,"ordinary_x2_minus_ordinary_x1","treatment_share",-0.00260000000000005
13,500,"ordinary_x2_minus_ordinary_x1","value_gain",-0.052252987428126
13,500,"ordinary_x2_minus_ordinary_x1","wrong_sign",0.00920000000000001
14,500,"ordinary_x2_minus_ordinary_x1","mae",0.043904859330009
14,500,"ordinary_x2_minus_ordinary_x1","mean_error",0.00051442731055419
14,500,"ordinary_x2_minus_ordinary_x1","mse",0.039548244533211
14,500,"ordinary_x2_minus_ordinary_x1","oracle_gain",0
14,500,"ordinary_x2_minus_ordinary_x1","regret",0.0395453865199227
14,500,"ordinary_x2_minus_ordinary_x1","treatment_share",0.024933333333333
14,500,"ordinary_x2_minus_ordinary_x1","value_gain",-0.039545386519923
14,500,"ordinary_x2_minus_ordinary_x1","wrong_sign",-0.028466666666667
15,500,"ordinary_x2_minus_ordinary_x1","mae",0.028293805180611
15,500,"ordinary_x2_minus_ordinary_x1","mean_error",0.0149982575875798
15,500,"ordinary_x2_minus_ordinary_x1","mse",0.031963733843912
15,500,"ordinary_x2_minus_ordinary_x1","oracle_gain",0
15,500,"ordinary_x2_minus_ordinary_x1","regret",0.038649720794723
15,500,"ordinary_x2_minus_ordinary_x1","treatment_share",0.0667
15,500,"ordinary_x2_minus_ordinary_x1","value_gain",-0.038649720794723
15,500,"ordinary_x2_minus_ordinary_x1","wrong_sign",-0.054033333333333
16,500,"ordinary_x2_minus_ordinary_x1","mae",0.00320592259246
16,500,"ordinary_x2_minus_ordinary_x1","mean_error",-0.0321807362886086
16,500,"ordinary_x2_minus_ordinary_x1","mse",0.00814773805497901
16,500,"ordinary_x2_minus_ordinary_x1","oracle_gain",0
16,500,"ordinary_x2_minus_ordinary_x1","regret",0.0468191846405708
16,500,"ordinary_x2_minus_ordinary_x1","treatment_share",-0.0173
16,500,"ordinary_x2_minus_ordinary_x1","value_gain",-0.04681918464057
16,500,"ordinary_x2_minus_ordinary_x1","wrong_sign",0.00816666666666699
17,500,"ordinary_x2_minus_ordinary_x1","mae",0.062953388454476
17,500,"ordinary_x2_minus_ordinary_x1","mean_error",-0.0194291878574315
17,500,"ordinary_x2_minus_ordinary_x1","mse",0.053829178030728
17,500,"ordinary_x2_minus_ordinary_x1","oracle_gain",0
17,500,"ordinary_x2_minus_ordinary_x1","regret",0.046896702640162
17,500,"ordinary_x2_minus_ordinary_x1","treatment_share",-0.00366666666666604
17,500,"ordinary_x2_minus_ordinary_x1","value_gain",-0.046896702640162
17,500,"ordinary_x2_minus_ordinary_x1","wrong_sign",0
18,500,"ordinary_x2_minus_ordinary_x1","mae",0.00345567284409298
18,500,"ordinary_x2_minus_ordinary_x1","mean_error",0.0185870009072124
18,500,"ordinary_x2_minus_ordinary_x1","mse",0.00779819753007799
18,500,"ordinary_x2_minus_ordinary_x1","oracle_gain",0
18,500,"ordinary_x2_minus_ordinary_x1","regret",0.0465801718840593
18,500,"ordinary_x2_minus_ordinary_x1","treatment_share",0.008566666666667
18,500,"ordinary_x2_minus_ordinary_x1","value_gain",-0.04658017188406
18,500,"ordinary_x2_minus_ordinary_x1","wrong_sign",-0.008566666666667
19,500,"ordinary_x2_minus_ordinary_x1","mae",0.04298783822827
19,500,"ordinary_x2_minus_ordinary_x1","mean_error",0.0150381661807539
19,500,"ordinary_x2_minus_ordinary_x1","mse",0.041974594625129
19,500,"ordinary_x2_minus_ordinary_x1","oracle_gain",0
19,500,"ordinary_x2_minus_ordinary_x1","regret",0.0362587644486126
19,500,"ordinary_x2_minus_ordinary_x1","treatment_share",0.0491666666666669
19,500,"ordinary_x2_minus_ordinary_x1","value_gain",-0.036258764448612
19,500,"ordinary_x2_minus_ordinary_x1","wrong_sign",-0.048833333333334
2,500,"ordinary_x2_minus_ordinary_x1","mae",0.038768797268486
2,500,"ordinary_x2_minus_ordinary_x1","mean_error",0.00578972399316884
2,500,"ordinary_x2_minus_ordinary_x1","mse",0.046392437530383
2,500,"ordinary_x2_minus_ordinary_x1","oracle_gain",0
2,500,"ordinary_x2_minus_ordinary_x1","regret",0.0343060173183634
2,500,"ordinary_x2_minus_ordinary_x1","treatment_share",0.047166666666666
2,500,"ordinary_x2_minus_ordinary_x1","value_gain",-0.034306017318364
2,500,"ordinary_x2_minus_ordinary_x1","wrong_sign",-0.047833333333333
20,500,"ordinary_x2_minus_ordinary_x1","mae",0.093125049279949
20,500,"ordinary_x2_minus_ordinary_x1","mean_error",-0.0086148264955169
20,500,"ordinary_x2_minus_ordinary_x1","mse",0.068714063972601
20,500,"ordinary_x2_minus_ordinary_x1","oracle_gain",0
20,500,"ordinary_x2_minus_ordinary_x1","regret",0.0409389888891903
20,500,"ordinary_x2_minus_ordinary_x1","treatment_share",0.00553333333333306
20,500,"ordinary_x2_minus_ordinary_x1","value_gain",-0.040938988889191
20,500,"ordinary_x2_minus_ordinary_x1","wrong_sign",-0.013666666666666
21,500,"ordinary_x2_minus_ordinary_x1","mae",0.025954220097664
21,500,"ordinary_x2_minus_ordinary_x1","mean_error",0.0007564294525144
21,500,"ordinary_x2_minus_ordinary_x1","mse",0.032579336356218
21,500,"ordinary_x2_minus_ordinary_x1","oracle_gain",0
21,500,"ordinary_x2_minus_ordinary_x1","regret",0.0447254198325593
21,500,"ordinary_x2_minus_ordinary_x1","treatment_share",0.037533333333333
21,500,"ordinary_x2_minus_ordinary_x1","value_gain",-0.04472541983256
21,500,"ordinary_x2_minus_ordinary_x1","wrong_sign",-0.026466666666667
22,500,"ordinary_x2_minus_ordinary_x1","mae",0.031005309716576
22,500,"ordinary_x2_minus_ordinary_x1","mean_error",-0.0009869007278984
22,500,"ordinary_x2_minus_ordinary_x1","mse",0.036638854438327
22,500,"ordinary_x2_minus_ordinary_x1","oracle_gain",0
22,500,"ordinary_x2_minus_ordinary_x1","regret",0.0435032792273234
22,500,"ordinary_x2_minus_ordinary_x1","treatment_share",0.00763333333333405
22,500,"ordinary_x2_minus_ordinary_x1","value_gain",-0.043503279227323
22,500,"ordinary_x2_minus_ordinary_x1","wrong_sign",-0.012366666666667
23,500,"ordinary_x2_minus_ordinary_x1","mae",0.034951439331753
23,500,"ordinary_x2_minus_ordinary_x1","mean_error",0.0262171033804339
23,500,"ordinary_x2_minus_ordinary_x1","mse",0.032083459126691
23,500,"ordinary_x2_minus_ordinary_x1","oracle_gain",0
23,500,"ordinary_x2_minus_ordinary_x1","regret",0.0230687371454839
23,500,"ordinary_x2_minus_ordinary_x1","treatment_share",0.1048
23,500,"ordinary_x2_minus_ordinary_x1","value_gain",-0.023068737145483
23,500,"ordinary_x2_minus_ordinary_x1","wrong_sign",-0.0972
24,500,"ordinary_x2_minus_ordinary_x1","mae",0.00671659319513901
24,500,"ordinary_x2_minus_ordinary_x1","mean_error",0.0167645225407994
24,500,"ordinary_x2_minus_ordinary_x1","mse",0.025376814313536
24,500,"ordinary_x2_minus_ordinary_x1","oracle_gain",0
24,500,"ordinary_x2_minus_ordinary_x1","regret",0.0192689224613255
24,500,"ordinary_x2_minus_ordinary_x1","treatment_share",0.102166666666666
24,500,"ordinary_x2_minus_ordinary_x1","value_gain",-0.019268922461326
24,500,"ordinary_x2_minus_ordinary_x1","wrong_sign",-0.1019
25,500,"ordinary_x2_minus_ordinary_x1","mae",0.053951049354385
25,500,"ordinary_x2_minus_ordinary_x1","mean_error",0.0043827279878763
25,500,"ordinary_x2_minus_ordinary_x1","mse",0.041656039905336
25,500,"ordinary_x2_minus_ordinary_x1","oracle_gain",0
25,500,"ordinary_x2_minus_ordinary_x1","regret",0.0467398329873485
25,500,"ordinary_x2_minus_ordinary_x1","treatment_share",0.00109999999999999
25,500,"ordinary_x2_minus_ordinary_x1","value_gain",-0.046739832987348
25,500,"ordinary_x2_minus_ordinary_x1","wrong_sign",-0.00196666666666601
26,500,"ordinary_x2_minus_ordinary_x1","mae",0.022885561861645
26,500,"ordinary_x2_minus_ordinary_x1","mean_error",0.0037308386246295
26,500,"ordinary_x2_minus_ordinary_x1","mse",0.030706255317078
26,500,"ordinary_x2_minus_ordinary_x1","oracle_gain",0
26,500,"ordinary_x2_minus_ordinary_x1","regret",0.0435556079338684
26,500,"ordinary_x2_minus_ordinary_x1","treatment_share",0.016233333333334
26,500,"ordinary_x2_minus_ordinary_x1","value_gain",-0.043555607933868
26,500,"ordinary_x2_minus_ordinary_x1","wrong_sign",-0.016566666666667
27,500,"ordinary_x2_minus_ordinary_x1","mae",0.051600417263022
27,500,"ordinary_x2_minus_ordinary_x1","mean_error",-0.00603490812580679
27,500,"ordinary_x2_minus_ordinary_x1","mse",0.045746629513845
27,500,"ordinary_x2_minus_ordinary_x1","oracle_gain",0
27,500,"ordinary_x2_minus_ordinary_x1","regret",0.0392669708057959
27,500,"ordinary_x2_minus_ordinary_x1","treatment_share",0.00773333333333304
27,500,"ordinary_x2_minus_ordinary_x1","value_gain",-0.039266970805796
27,500,"ordinary_x2_minus_ordinary_x1","wrong_sign",-0.018533333333334
28,500,"ordinary_x2_minus_ordinary_x1","mae",0.00797013360607302
28,500,"ordinary_x2_minus_ordinary_x1","mean_error",0.00275320903620428
28,500,"ordinary_x2_minus_ordinary_x1","mse",0.028685502977575
28,500,"ordinary_x2_minus_ordinary_x1","oracle_gain",0
28,500,"ordinary_x2_minus_ordinary_x1","regret",0.0279485790818655
28,500,"ordinary_x2_minus_ordinary_x1","treatment_share",0.088366666666667
28,500,"ordinary_x2_minus_ordinary_x1","value_gain",-0.027948579081866
28,500,"ordinary_x2_minus_ordinary_x1","wrong_sign",-0.0807
29,500,"ordinary_x2_minus_ordinary_x1","mae",0.035190791195311
29,500,"ordinary_x2_minus_ordinary_x1","mean_error",0.0073800597942082
29,500,"ordinary_x2_minus_ordinary_x1","mse",0.035730678635244
29,500,"ordinary_x2_minus_ordinary_x1","oracle_gain",0
29,500,"ordinary_x2_minus_ordinary_x1","regret",0.0463775620851881
29,500,"ordinary_x2_minus_ordinary_x1","treatment_share",0.001033333333334
29,500,"ordinary_x2_minus_ordinary_x1","value_gain",-0.046377562085188
29,500,"ordinary_x2_minus_ordinary_x1","wrong_sign",-0.004033333333334
3,500,"ordinary_x2_minus_ordinary_x1","mae",0.053070633486156
3,500,"ordinary_x2_minus_ordinary_x1","mean_error",0.00191315664244
3,500,"ordinary_x2_minus_ordinary_x1","mse",0.047974001234861
3,500,"ordinary_x2_minus_ordinary_x1","oracle_gain",0
3,500,"ordinary_x2_minus_ordinary_x1","regret",0.0427483818071562
3,500,"ordinary_x2_minus_ordinary_x1","treatment_share",0.0295
3,500,"ordinary_x2_minus_ordinary_x1","value_gain",-0.042748381807156
3,500,"ordinary_x2_minus_ordinary_x1","wrong_sign",-0.0263
30,500,"ordinary_x2_minus_ordinary_x1","mae",0.059365138933094
30,500,"ordinary_x2_minus_ordinary_x1","mean_error",0.0012309459079748
30,500,"ordinary_x2_minus_ordinary_x1","mse",0.047216195621226
30,500,"ordinary_x2_minus_ordinary_x1","oracle_gain",0
30,500,"ordinary_x2_minus_ordinary_x1","regret",0.0474578447140461
30,500,"ordinary_x2_minus_ordinary_x1","treatment_share",-0.000233333333332975
30,500,"ordinary_x2_minus_ordinary_x1","value_gain",-0.047457844714046
30,500,"ordinary_x2_minus_ordinary_x1","wrong_sign",-0.00109999999999999
31,500,"ordinary_x2_minus_ordinary_x1","mae",0.099169799851546
31,500,"ordinary_x2_minus_ordinary_x1","mean_error",0.0058370573789774
31,500,"ordinary_x2_minus_ordinary_x1","mse",0.075370087970768
31,500,"ordinary_x2_minus_ordinary_x1","oracle_gain",0
31,500,"ordinary_x2_minus_ordinary_x1","regret",0.0517728497660253
31,500,"ordinary_x2_minus_ordinary_x1","treatment_share",0.0071
31,500,"ordinary_x2_minus_ordinary_x1","value_gain",-0.051772849766026
31,500,"ordinary_x2_minus_ordinary_x1","wrong_sign",-0.00110000000000002
32,500,"ordinary_x2_minus_ordinary_x1","mae",0.015195573541779
32,500,"ordinary_x2_minus_ordinary_x1","mean_error",-0.0021401794529489
32,500,"ordinary_x2_minus_ordinary_x1","mse",0.030861853291962
32,500,"ordinary_x2_minus_ordinary_x1","oracle_gain",0
32,500,"ordinary_x2_minus_ordinary_x1","regret",0.0259304844933644
32,500,"ordinary_x2_minus_ordinary_x1","treatment_share",0.0661
32,500,"ordinary_x2_minus_ordinary_x1","value_gain",-0.025930484493366
32,500,"ordinary_x2_minus_ordinary_x1","wrong_sign",-0.071966666666667
33,500,"ordinary_x2_minus_ordinary_x1","mae",0.074315980435256
33,500,"ordinary_x2_minus_ordinary_x1","mean_error",0.0049472314096482
33,500,"ordinary_x2_minus_ordinary_x1","mse",0.054793547730014
33,500,"ordinary_x2_minus_ordinary_x1","oracle_gain",0
33,500,"ordinary_x2_minus_ordinary_x1","regret",0.0467848302886999
33,500,"ordinary_x2_minus_ordinary_x1","treatment_share",-0.0071
33,500,"ordinary_x2_minus_ordinary_x1","value_gain",-0.0467848302887
33,500,"ordinary_x2_minus_ordinary_x1","wrong_sign",0.00109999999999999
34,500,"ordinary_x2_minus_ordinary_x1","mae",0.00613588533717097
34,500,"ordinary_x2_minus_ordinary_x1","mean_error",-0.000106435893978261
34,500,"ordinary_x2_minus_ordinary_x1","mse",0.016285470409268
34,500,"ordinary_x2_minus_ordinary_x1","oracle_gain",0
34,500,"ordinary_x2_minus_ordinary_x1","regret",0.0379383319791622
34,500,"ordinary_x2_minus_ordinary_x1","treatment_share",0.0387999999999999
34,500,"ordinary_x2_minus_ordinary_x1","value_gain",-0.037938331979163
34,500,"ordinary_x2_minus_ordinary_x1","wrong_sign",-0.038733333333333
35,500,"ordinary_x2_minus_ordinary_x1","mae",0.051744846535615
35,500,"ordinary_x2_minus_ordinary_x1","mean_error",0.0138074047945628
35,500,"ordinary_x2_minus_ordinary_x1","mse",0.036219879236855
35,500,"ordinary_x2_minus_ordinary_x1","oracle_gain",0
35,500,"ordinary_x2_minus_ordinary_x1","regret",0.0456943530603607
35,500,"ordinary_x2_minus_ordinary_x1","treatment_share",0.00463333333333305
35,500,"ordinary_x2_minus_ordinary_x1","value_gain",-0.045694353060361
35,500,"ordinary_x2_minus_ordinary_x1","wrong_sign",-0.00816666666666702
36,500,"ordinary_x2_minus_ordinary_x1","mae",0.037484467843477
36,500,"ordinary_x2_minus_ordinary_x1","mean_error",0.0069429575936707
36,500,"ordinary_x2_minus_ordinary_x1","mse",0.042323602076111
36,500,"ordinary_x2_minus_ordinary_x1","oracle_gain",0
36,500,"ordinary_x2_minus_ordinary_x1","regret",0.0450596740674893
36,500,"ordinary_x2_minus_ordinary_x1","treatment_share",0.00950000000000006
36,500,"ordinary_x2_minus_ordinary_x1","value_gain",-0.04505967406749
36,500,"ordinary_x2_minus_ordinary_x1","wrong_sign",-0.011233333333334
37,500,"ordinary_x2_minus_ordinary_x1","mae",0.064286087944776
37,500,"ordinary_x2_minus_ordinary_x1","mean_error",0.0046634224884214
37,500,"ordinary_x2_minus_ordinary_x1","mse",0.0526432762796
37,500,"ordinary_x2_minus_ordinary_x1","oracle_gain",0
37,500,"ordinary_x2_minus_ordinary_x1","regret",0.0331313445742373
37,500,"ordinary_x2_minus_ordinary_x1","treatment_share",0.0191
37,500,"ordinary_x2_minus_ordinary_x1","value_gain",-0.033131344574237
37,500,"ordinary_x2_minus_ordinary_x1","wrong_sign",-0.0295
38,500,"ordinary_x2_minus_ordinary_x1","mae",0.00612708834829995
38,500,"ordinary_x2_minus_ordinary_x1","mean_error",-0.0128112624507672
38,500,"ordinary_x2_minus_ordinary_x1","mse",0.031818802037572
38,500,"ordinary_x2_minus_ordinary_x1","oracle_gain",0
38,500,"ordinary_x2_minus_ordinary_x1","regret",0.0379555779856636
38,500,"ordinary_x2_minus_ordinary_x1","treatment_share",0.084766666666667
38,500,"ordinary_x2_minus_ordinary_x1","value_gain",-0.037955577985666
38,500,"ordinary_x2_minus_ordinary_x1","wrong_sign",-0.0627
39,500,"ordinary_x2_minus_ordinary_x1","mae",0.03445385091913
39,500,"ordinary_x2_minus_ordinary_x1","mean_error",-0.016149824845971
39,500,"ordinary_x2_minus_ordinary_x1","mse",0.036562321212722
39,500,"ordinary_x2_minus_ordinary_x1","oracle_gain",0
39,500,"ordinary_x2_minus_ordinary_x1","regret",0.0376499026376584
39,500,"ordinary_x2_minus_ordinary_x1","treatment_share",0.035066666666666
39,500,"ordinary_x2_minus_ordinary_x1","value_gain",-0.037649902637658
39,500,"ordinary_x2_minus_ordinary_x1","wrong_sign",-0.035066666666667
4,500,"ordinary_x2_minus_ordinary_x1","mae",0.072653146903593
4,500,"ordinary_x2_minus_ordinary_x1","mean_error",0.0014740495367241
4,500,"ordinary_x2_minus_ordinary_x1","mse",0.063741249775153
4,500,"ordinary_x2_minus_ordinary_x1","oracle_gain",0
4,500,"ordinary_x2_minus_ordinary_x1","regret",0.0467756774642256
4,500,"ordinary_x2_minus_ordinary_x1","treatment_share",0.0105
4,500,"ordinary_x2_minus_ordinary_x1","value_gain",-0.046775677464227
4,500,"ordinary_x2_minus_ordinary_x1","wrong_sign",-0.0105
40,500,"ordinary_x2_minus_ordinary_x1","mae",0.037290269521407
40,500,"ordinary_x2_minus_ordinary_x1","mean_error",-0.00788531367113287
40,500,"ordinary_x2_minus_ordinary_x1","mse",0.038772067627289
40,500,"ordinary_x2_minus_ordinary_x1","oracle_gain",0
40,500,"ordinary_x2_minus_ordinary_x1","regret",0.043850254202558
40,500,"ordinary_x2_minus_ordinary_x1","treatment_share",0.019033333333333
40,500,"ordinary_x2_minus_ordinary_x1","value_gain",-0.043850254202558
40,500,"ordinary_x2_minus_ordinary_x1","wrong_sign",-0.019366666666666
41,500,"ordinary_x2_minus_ordinary_x1","mae",0.040968100519522
41,500,"ordinary_x2_minus_ordinary_x1","mean_error",0.0101407154039796
41,500,"ordinary_x2_minus_ordinary_x1","mse",0.047739829182856
41,500,"ordinary_x2_minus_ordinary_x1","oracle_gain",0
41,500,"ordinary_x2_minus_ordinary_x1","regret",0.0395060437573516
41,500,"ordinary_x2_minus_ordinary_x1","treatment_share",0.0314666666666661
41,500,"ordinary_x2_minus_ordinary_x1","value_gain",-0.039506043757351
41,500,"ordinary_x2_minus_ordinary_x1","wrong_sign",-0.032066666666667
42,500,"ordinary_x2_minus_ordinary_x1","mae",0.030118430240246
42,500,"ordinary_x2_minus_ordinary_x1","mean_error",-0.00557633040477
42,500,"ordinary_x2_minus_ordinary_x1","mse",0.038551685774351
42,500,"ordinary_x2_minus_ordinary_x1","oracle_gain",0
42,500,"ordinary_x2_minus_ordinary_x1","regret",0.0397611349416959
42,500,"ordinary_x2_minus_ordinary_x1","treatment_share",0.00693333333333301
42,500,"ordinary_x2_minus_ordinary_x1","value_gain",-0.039761134941695
42,500,"ordinary_x2_minus_ordinary_x1","wrong_sign",-0.015266666666667
43,500,"ordinary_x2_minus_ordinary_x1","mae",0.083889500525055
43,500,"ordinary_x2_minus_ordinary_x1","mean_error",0.0026497945720646
43,500,"ordinary_x2_minus_ordinary_x1","mse",0.061748571959866
43,500,"ordinary_x2_minus_ordinary_x1","oracle_gain",0
43,500,"ordinary_x2_minus_ordinary_x1","regret",0.0471880161247078
43,500,"ordinary_x2_minus_ordinary_x1","treatment_share",0.00629999999999997
43,500,"ordinary_x2_minus_ordinary_x1","value_gain",-0.047188016124709
43,500,"ordinary_x2_minus_ordinary_x1","wrong_sign",-0.00630000000000003
44,500,"ordinary_x2_minus_ordinary_x1","mae",0.105262586755365
44,500,"ordinary_x2_minus_ordinary_x1","mean_error",0.000616838585522701
44,500,"ordinary_x2_minus_ordinary_x1","mse",0.072196325027908
44,500,"ordinary_x2_minus_ordinary_x1","oracle_gain",0
44,500,"ordinary_x2_minus_ordinary_x1","regret",0.0482111135528841
44,500,"ordinary_x2_minus_ordinary_x1","treatment_share",-0.00946666666666696
44,500,"ordinary_x2_minus_ordinary_x1","value_gain",-0.048211113552885
44,500,"ordinary_x2_minus_ordinary_x1","wrong_sign",0.00546666666666698
45,500,"ordinary_x2_minus_ordinary_x1","mae",0.006467404018561
45,500,"ordinary_x2_minus_ordinary_x1","mean_error",-0.0139982287548874
45,500,"ordinary_x2_minus_ordinary_x1","mse",0.019361757742272
45,500,"ordinary_x2_minus_ordinary_x1","oracle_gain",0
45,500,"ordinary_x2_minus_ordinary_x1","regret",0.0414184053912838
45,500,"ordinary_x2_minus_ordinary_x1","treatment_share",0.0059333333333339
45,500,"ordinary_x2_minus_ordinary_x1","value_gain",-0.041418405391285
45,500,"ordinary_x2_minus_ordinary_x1","wrong_sign",-0.0124
46,500,"ordinary_x2_minus_ordinary_x1","mae",0.020138264331626
46,500,"ordinary_x2_minus_ordinary_x1","mean_error",0.0261760679822801
46,500,"ordinary_x2_minus_ordinary_x1","mse",0.020922986613747
46,500,"ordinary_x2_minus_ordinary_x1","oracle_gain",0
46,500,"ordinary_x2_minus_ordinary_x1","regret",0.0469413721711437
46,500,"ordinary_x2_minus_ordinary_x1","treatment_share",0.0105000000000001
46,500,"ordinary_x2_minus_ordinary_x1","value_gain",-0.046941372171143
46,500,"ordinary_x2_minus_ordinary_x1","wrong_sign",-0.0105
47,500,"ordinary_x2_minus_ordinary_x1","mae",0.06507708367117
47,500,"ordinary_x2_minus_ordinary_x1","mean_error",-0.0054168166693487
47,500,"ordinary_x2_minus_ordinary_x1","mse",0.055818375861725
47,500,"ordinary_x2_minus_ordinary_x1","oracle_gain",0
47,500,"ordinary_x2_minus_ordinary_x1","regret",0.0483007031634636
47,500,"ordinary_x2_minus_ordinary_x1","treatment_share",0.0205
47,500,"ordinary_x2_minus_ordinary_x1","value_gain",-0.048300703163465
47,500,"ordinary_x2_minus_ordinary_x1","wrong_sign",-0.011433333333334
48,500,"ordinary_x2_minus_ordinary_x1","mae",0.098797719448691
48,500,"ordinary_x2_minus_ordinary_x1","mean_error",0.00794226938515733
48,500,"ordinary_x2_minus_ordinary_x1","mse",0.072193390026189
48,500,"ordinary_x2_minus_ordinary_x1","oracle_gain",0
48,500,"ordinary_x2_minus_ordinary_x1","regret",0.0469058769371702
48,500,"ordinary_x2_minus_ordinary_x1","treatment_share",-0.00273333333333292
48,500,"ordinary_x2_minus_ordinary_x1","value_gain",-0.04690587693717
48,500,"ordinary_x2_minus_ordinary_x1","wrong_sign",-0.001
49,500,"ordinary_x2_minus_ordinary_x1","mae",0.036471372945744
49,500,"ordinary_x2_minus_ordinary_x1","mean_error",0.000531501575425995
49,500,"ordinary_x2_minus_ordinary_x1","mse",0.036785907751403
49,500,"ordinary_x2_minus_ordinary_x1","oracle_gain",0
49,500,"ordinary_x2_minus_ordinary_x1","regret",0.0381193377538109
49,500,"ordinary_x2_minus_ordinary_x1","treatment_share",0.029933333333333
49,500,"ordinary_x2_minus_ordinary_x1","value_gain",-0.038119337753811
49,500,"ordinary_x2_minus_ordinary_x1","wrong_sign",-0.0302
5,500,"ordinary_x2_minus_ordinary_x1","mae",0.015625197167184
5,500,"ordinary_x2_minus_ordinary_x1","mean_error",0.00600523818341045
5,500,"ordinary_x2_minus_ordinary_x1","mse",0.021890269042047
5,500,"ordinary_x2_minus_ordinary_x1","oracle_gain",0
5,500,"ordinary_x2_minus_ordinary_x1","regret",0.0446584196665744
5,500,"ordinary_x2_minus_ordinary_x1","treatment_share",0.019733333333333
5,500,"ordinary_x2_minus_ordinary_x1","value_gain",-0.044658419666574
5,500,"ordinary_x2_minus_ordinary_x1","wrong_sign",-0.018266666666666
50,500,"ordinary_x2_minus_ordinary_x1","mae",0.044208477844817
50,500,"ordinary_x2_minus_ordinary_x1","mean_error",0.0073091931193948
50,500,"ordinary_x2_minus_ordinary_x1","mse",0.038595251894332
50,500,"ordinary_x2_minus_ordinary_x1","oracle_gain",0
50,500,"ordinary_x2_minus_ordinary_x1","regret",0.0437795397289046
50,500,"ordinary_x2_minus_ordinary_x1","treatment_share",0.00723333333333398
50,500,"ordinary_x2_minus_ordinary_x1","value_gain",-0.043779539728904
50,500,"ordinary_x2_minus_ordinary_x1","wrong_sign",-0.011033333333333
51,500,"ordinary_x2_minus_ordinary_x1","mae",0.030639638113894
51,500,"ordinary_x2_minus_ordinary_x1","mean_error",-0.0129396437118686
51,500,"ordinary_x2_minus_ordinary_x1","mse",0.032733409158984
51,500,"ordinary_x2_minus_ordinary_x1","oracle_gain",0
51,500,"ordinary_x2_minus_ordinary_x1","regret",0.0445177979068514
51,500,"ordinary_x2_minus_ordinary_x1","treatment_share",0.0117333333333339
51,500,"ordinary_x2_minus_ordinary_x1","value_gain",-0.044517797906852
51,500,"ordinary_x2_minus_ordinary_x1","wrong_sign",-0.011666666666666
52,500,"ordinary_x2_minus_ordinary_x1","mae",0.066533244861429
52,500,"ordinary_x2_minus_ordinary_x1","mean_error",-0.0022086281124654
52,500,"ordinary_x2_minus_ordinary_x1","mse",0.05758271452764
52,500,"ordinary_x2_minus_ordinary_x1","oracle_gain",0
52,500,"ordinary_x2_minus_ordinary_x1","regret",0.0471861248180386
52,500,"ordinary_x2_minus_ordinary_x1","treatment_share",0.00463333333333404
52,500,"ordinary_x2_minus_ordinary_x1","value_gain",-0.047186124818038
52,500,"ordinary_x2_minus_ordinary_x1","wrong_sign",-0.00463333333333299
53,500,"ordinary_x2_minus_ordinary_x1","mae",0.013888282304605
53,500,"ordinary_x2_minus_ordinary_x1","mean_error",0.00172830805427564
53,500,"ordinary_x2_minus_ordinary_x1","mse",0.01527039842455
53,500,"ordinary_x2_minus_ordinary_x1","oracle_gain",0
53,500,"ordinary_x2_minus_ordinary_x1","regret",0.0453187116406671
53,500,"ordinary_x2_minus_ordinary_x1","treatment_share",0.012766666666666
53,500,"ordinary_x2_minus_ordinary_x1","value_gain",-0.045318711640668
53,500,"ordinary_x2_minus_ordinary_x1","wrong_sign",-0.012766666666667
54,500,"ordinary_x2_minus_ordinary_x1","mae",0.04908266175796
54,500,"ordinary_x2_minus_ordinary_x1","mean_error",0.0011485773295408
54,500,"ordinary_x2_minus_ordinary_x1","mse",0.040414731871076
54,500,"ordinary_x2_minus_ordinary_x1","oracle_gain",0
54,500,"ordinary_x2_minus_ordinary_x1","regret",0.0475290431099852
54,500,"ordinary_x2_minus_ordinary_x1","treatment_share",0.00336666666666707
54,500,"ordinary_x2_minus_ordinary_x1","value_gain",-0.047529043109986
54,500,"ordinary_x2_minus_ordinary_x1","wrong_sign",-0.00463333333333299
55,500,"ordinary_x2_minus_ordinary_x1","mae",0.066729038500802
55,500,"ordinary_x2_minus_ordinary_x1","mean_error",0.0050913767524802
55,500,"ordinary_x2_minus_ordinary_x1","mse",0.054722113242122
55,500,"ordinary_x2_minus_ordinary_x1","oracle_gain",0
55,500,"ordinary_x2_minus_ordinary_x1","regret",0.0478375476343199
55,500,"ordinary_x2_minus_ordinary_x1","treatment_share",0.00749999999999995
55,500,"ordinary_x2_minus_ordinary_x1","value_gain",-0.04783754763432
55,500,"ordinary_x2_minus_ordinary_x1","wrong_sign",-0.00670000000000001
56,500,"ordinary_x2_minus_ordinary_x1","mae",0.048679349325547
56,500,"ordinary_x2_minus_ordinary_x1","mean_error",0.0016602501771785
56,500,"ordinary_x2_minus_ordinary_x1","mse",0.041194217475452
56,500,"ordinary_x2_minus_ordinary_x1","oracle_gain",0
56,500,"ordinary_x2_minus_ordinary_x1","regret",0.0427947428973662
56,500,"ordinary_x2_minus_ordinary_x1","treatment_share",0.0151
56,500,"ordinary_x2_minus_ordinary_x1","value_gain",-0.042794742897367
56,500,"ordinary_x2_minus_ordinary_x1","wrong_sign",-0.0181
57,500,"ordinary_x2_minus_ordinary_x1","mae",0.070677980928789
57,500,"ordinary_x2_minus_ordinary_x1","mean_error",-0.0140648636291146
57,500,"ordinary_x2_minus_ordinary_x1","mse",0.057532598304753
57,500,"ordinary_x2_minus_ordinary_x1","oracle_gain",0
57,500,"ordinary_x2_minus_ordinary_x1","regret",0.0505944938019788
57,500,"ordinary_x2_minus_ordinary_x1","treatment_share",-0.013066666666666
57,500,"ordinary_x2_minus_ordinary_x1","value_gain",-0.05059449380198
57,500,"ordinary_x2_minus_ordinary_x1","wrong_sign",0.011
58,500,"ordinary_x2_minus_ordinary_x1","mae",0.041553978921023
58,500,"ordinary_x2_minus_ordinary_x1","mean_error",-0.00710446474508999
58,500,"ordinary_x2_minus_ordinary_x1","mse",0.04143889301285
58,500,"ordinary_x2_minus_ordinary_x1","oracle_gain",0
58,500,"ordinary_x2_minus_ordinary_x1","regret",0.0454592600718845
58,500,"ordinary_x2_minus_ordinary_x1","treatment_share",0.0214000000000001
58,500,"ordinary_x2_minus_ordinary_x1","value_gain",-0.045459260071884
58,500,"ordinary_x2_minus_ordinary_x1","wrong_sign",-0.017266666666667
59,500,"ordinary_x2_minus_ordinary_x1","mae",0.021466801227079
59,500,"ordinary_x2_minus_ordinary_x1","mean_error",-0.0075879461626388
59,500,"ordinary_x2_minus_ordinary_x1","mse",0.02516686901497
59,500,"ordinary_x2_minus_ordinary_x1","oracle_gain",0
59,500,"ordinary_x2_minus_ordinary_x1","regret",0.0486174246599231
59,500,"ordinary_x2_minus_ordinary_x1","treatment_share",-0.00373333333333303
59,500,"ordinary_x2_minus_ordinary_x1","value_gain",-0.048617424659923
59,500,"ordinary_x2_minus_ordinary_x1","wrong_sign",0.000866666666667015
6,500,"ordinary_x2_minus_ordinary_x1","mae",0.037577361261348
6,500,"ordinary_x2_minus_ordinary_x1","mean_error",-0.009057245888158
6,500,"ordinary_x2_minus_ordinary_x1","mse",0.035367424246046
6,500,"ordinary_x2_minus_ordinary_x1","oracle_gain",0
6,500,"ordinary_x2_minus_ordinary_x1","regret",0.0455919358681967
6,500,"ordinary_x2_minus_ordinary_x1","treatment_share",0.011933333333333
6,500,"ordinary_x2_minus_ordinary_x1","value_gain",-0.045591935868196
6,500,"ordinary_x2_minus_ordinary_x1","wrong_sign",-0.0122
60,500,"ordinary_x2_minus_ordinary_x1","mae",0.04867418665324
60,500,"ordinary_x2_minus_ordinary_x1","mean_error",-0.0100712731585721
60,500,"ordinary_x2_minus_ordinary_x1","mse",0.041302331217203
60,500,"ordinary_x2_minus_ordinary_x1","oracle_gain",0
60,500,"ordinary_x2_minus_ordinary_x1","regret",0.0382496280780592
60,500,"ordinary_x2_minus_ordinary_x1","treatment_share",0.013733333333334
60,500,"ordinary_x2_minus_ordinary_x1","value_gain",-0.03824962807806
60,500,"ordinary_x2_minus_ordinary_x1","wrong_sign",-0.020533333333333
61,500,"ordinary_x2_minus_ordinary_x1","mae",0.031678043814642
61,500,"ordinary_x2_minus_ordinary_x1","mean_error",0.0060453832921189
61,500,"ordinary_x2_minus_ordinary_x1","mse",0.028866382964744
61,500,"ordinary_x2_minus_ordinary_x1","oracle_gain",0
61,500,"ordinary_x2_minus_ordinary_x1","regret",0.0484926725994011
61,500,"ordinary_x2_minus_ordinary_x1","treatment_share",-0.00336666666666696
61,500,"ordinary_x2_minus_ordinary_x1","value_gain",-0.048492672599401
61,500,"ordinary_x2_minus_ordinary_x1","wrong_sign",0.00243333333333401
62,500,"ordinary_x2_minus_ordinary_x1","mae",-0.00539027686476501
62,500,"ordinary_x2_minus_ordinary_x1","mean_error",0.0113082786139104
62,500,"ordinary_x2_minus_ordinary_x1","mse",0.011365894535839
62,500,"ordinary_x2_minus_ordinary_x1","oracle_gain",0
62,500,"ordinary_x2_minus_ordinary_x1","regret",-0.0143245008279291
62,500,"ordinary_x2_minus_ordinary_x1","treatment_share",0.214366666666667
62,500,"ordinary_x2_minus_ordinary_x1","value_gain",0.014324500827928
62,500,"ordinary_x2_minus_ordinary_x1","wrong_sign",-0.212633333333334
63,500,"ordinary_x2_minus_ordinary_x1","mae",0.0972310739503541
63,500,"ordinary_x2_minus_ordinary_x1","mean_error",-0.01709928033066
63,500,"ordinary_x2_minus_ordinary_x1","mse",0.073868875791206
63,500,"ordinary_x2_minus_ordinary_x1","oracle_gain",0
63,500,"ordinary_x2_minus_ordinary_x1","regret",0.0480268514611495
63,500,"ordinary_x2_minus_ordinary_x1","treatment_share",-0.0079333333333329
63,500,"ordinary_x2_minus_ordinary_x1","value_gain",-0.04802685146115
63,500,"ordinary_x2_minus_ordinary_x1","wrong_sign",0.00499999999999998
64,500,"ordinary_x2_minus_ordinary_x1","mae",-0.019350691313633
64,500,"ordinary_x2_minus_ordinary_x1","mean_error",-0.0079754673357183
64,500,"ordinary_x2_minus_ordinary_x1","mse",0.015049426899129
64,500,"ordinary_x2_minus_ordinary_x1","oracle_gain",0
64,500,"ordinary_x2_minus_ordinary_x1","regret",-0.0163874831395309
64,500,"ordinary_x2_minus_ordinary_x1","treatment_share",0.226933333333334
64,500,"ordinary_x2_minus_ordinary_x1","value_gain",0.016387483139532
64,500,"ordinary_x2_minus_ordinary_x1","wrong_sign",-0.223066666666667
65,500,"ordinary_x2_minus_ordinary_x1","mae",0.005250521198505
65,500,"ordinary_x2_minus_ordinary_x1","mean_error",-0.0035081005062838
65,500,"ordinary_x2_minus_ordinary_x1","mse",0.013863595534186
65,500,"ordinary_x2_minus_ordinary_x1","oracle_gain",0
65,500,"ordinary_x2_minus_ordinary_x1","regret",0.0293847926693603
65,500,"ordinary_x2_minus_ordinary_x1","treatment_share",0.0683666666666659
65,500,"ordinary_x2_minus_ordinary_x1","value_gain",-0.02938479266936
65,500,"ordinary_x2_minus_ordinary_x1","wrong_sign",-0.066233333333334
66,500,"ordinary_x2_minus_ordinary_x1","mae",0.13104453133699
66,500,"ordinary_x2_minus_ordinary_x1","mean_error",-0.0213713696290034
66,500,"ordinary_x2_minus_ordinary_x1","mse",0.079229411840407
66,500,"ordinary_x2_minus_ordinary_x1","oracle_gain",0
66,500,"ordinary_x2_minus_ordinary_x1","regret",0.048513896256576
66,500,"ordinary_x2_minus_ordinary_x1","treatment_share",-0.0384333333333341
66,500,"ordinary_x2_minus_ordinary_x1","value_gain",-0.048513896256576
66,500,"ordinary_x2_minus_ordinary_x1","wrong_sign",0.0283
67,500,"ordinary_x2_minus_ordinary_x1","mae",0.04177108642262
67,500,"ordinary_x2_minus_ordinary_x1","mean_error",0.0106451123443305
67,500,"ordinary_x2_minus_ordinary_x1","mse",0.038304276475614
67,500,"ordinary_x2_minus_ordinary_x1","oracle_gain",0
67,500,"ordinary_x2_minus_ordinary_x1","regret",0.0411049193402761
67,500,"ordinary_x2_minus_ordinary_x1","treatment_share",0.016066666666666
67,500,"ordinary_x2_minus_ordinary_x1","value_gain",-0.041104919340276
67,500,"ordinary_x2_minus_ordinary_x1","wrong_sign",-0.019733333333333
68,500,"ordinary_x2_minus_ordinary_x1","mae",0.067852827666657
68,500,"ordinary_x2_minus_ordinary_x1","mean_error",-0.0121526231400081
68,500,"ordinary_x2_minus_ordinary_x1","mse",0.05679775253281
68,500,"ordinary_x2_minus_ordinary_x1","oracle_gain",0
68,500,"ordinary_x2_minus_ordinary_x1","regret",0.0445164788276176
68,500,"ordinary_x2_minus_ordinary_x1","treatment_share",0.0105666666666671
68,500,"ordinary_x2_minus_ordinary_x1","value_gain",-0.044516478827618
68,500,"ordinary_x2_minus_ordinary_x1","wrong_sign",-0.012233333333333
69,500,"ordinary_x2_minus_ordinary_x1","mae",0.034485671743833
69,500,"ordinary_x2_minus_ordinary_x1","mean_error",0.0074399722739667
69,500,"ordinary_x2_minus_ordinary_x1","mse",0.0356039959684
69,500,"ordinary_x2_minus_ordinary_x1","oracle_gain",0
69,500,"ordinary_x2_minus_ordinary_x1","regret",0.0473032004427443
69,500,"ordinary_x2_minus_ordinary_x1","treatment_share",0.00450000000000006
69,500,"ordinary_x2_minus_ordinary_x1","value_gain",-0.047303200442745
69,500,"ordinary_x2_minus_ordinary_x1","wrong_sign",-0.00430000000000003
7,500,"ordinary_x2_minus_ordinary_x1","mae",0.058175252915427
7,500,"ordinary_x2_minus_ordinary_x1","mean_error",0.0055880748357833
7,500,"ordinary_x2_minus_ordinary_x1","mse",0.051217324633156
7,500,"ordinary_x2_minus_ordinary_x1","oracle_gain",0
7,500,"ordinary_x2_minus_ordinary_x1","regret",0.0451281167291818
7,500,"ordinary_x2_minus_ordinary_x1","treatment_share",0.014466666666666
7,500,"ordinary_x2_minus_ordinary_x1","value_gain",-0.045128116729183
7,500,"ordinary_x2_minus_ordinary_x1","wrong_sign",-0.014933333333334
70,500,"ordinary_x2_minus_ordinary_x1","mae",0.045275875603166
70,500,"ordinary_x2_minus_ordinary_x1","mean_error",-0.0031761625878505
70,500,"ordinary_x2_minus_ordinary_x1","mse",0.035001062557504
70,500,"ordinary_x2_minus_ordinary_x1","oracle_gain",0
70,500,"ordinary_x2_minus_ordinary_x1","regret",0.0468478003154407
70,500,"ordinary_x2_minus_ordinary_x1","treatment_share",-0.0158333333333329
70,500,"ordinary_x2_minus_ordinary_x1","value_gain",-0.046847800315441
70,500,"ordinary_x2_minus_ordinary_x1","wrong_sign",0.00743333333333301
71,500,"ordinary_x2_minus_ordinary_x1","mae",0.049865092408072
71,500,"ordinary_x2_minus_ordinary_x1","mean_error",-0.0053793661715882
71,500,"ordinary_x2_minus_ordinary_x1","mse",0.050559002696518
71,500,"ordinary_x2_minus_ordinary_x1","oracle_gain",0
71,500,"ordinary_x2_minus_ordinary_x1","regret",0.0325894275296397
71,500,"ordinary_x2_minus_ordinary_x1","treatment_share",0.0375333333333331
71,500,"ordinary_x2_minus_ordinary_x1","value_gain",-0.03258942752964
71,500,"ordinary_x2_minus_ordinary_x1","wrong_sign",-0.041266666666667
72,500,"ordinary_x2_minus_ordinary_x1","mae",0.039639841985986
72,500,"ordinary_x2_minus_ordinary_x1","mean_error",0.0054167075025458
72,500,"ordinary_x2_minus_ordinary_x1","mse",0.03678424282813
72,500,"ordinary_x2_minus_ordinary_x1","oracle_gain",0
72,500,"ordinary_x2_minus_ordinary_x1","regret",0.0445582001053953
72,500,"ordinary_x2_minus_ordinary_x1","treatment_share",0.00980000000000003
72,500,"ordinary_x2_minus_ordinary_x1","value_gain",-0.044558200105396
72,500,"ordinary_x2_minus_ordinary_x1","wrong_sign",-0.0122
73,500,"ordinary_x2_minus_ordinary_x1","mae",0.014822256958729
73,500,"ordinary_x2_minus_ordinary_x1","mean_error",0.0053870919332137
73,500,"ordinary_x2_minus_ordinary_x1","mse",0.013993281702423
73,500,"ordinary_x2_minus_ordinary_x1","oracle_gain",0
73,500,"ordinary_x2_minus_ordinary_x1","regret",0.0338838402187251
73,500,"ordinary_x2_minus_ordinary_x1","treatment_share",0.048633333333333
73,500,"ordinary_x2_minus_ordinary_x1","value_gain",-0.033883840218725
73,500,"ordinary_x2_minus_ordinary_x1","wrong_sign",-0.048966666666666
74,500,"ordinary_x2_minus_ordinary_x1","mae",0.047602926637835
74,500,"ordinary_x2_minus_ordinary_x1","mean_error",-0.0047896444550822
74,500,"ordinary_x2_minus_ordinary_x1","mse",0.045867524570557
74,500,"ordinary_x2_minus_ordinary_x1","oracle_gain",0
74,500,"ordinary_x2_minus_ordinary_x1","regret",0.0431030624107279
74,500,"ordinary_x2_minus_ordinary_x1","treatment_share",0.0224666666666671
74,500,"ordinary_x2_minus_ordinary_x1","value_gain",-0.043103062410728
74,500,"ordinary_x2_minus_ordinary_x1","wrong_sign",-0.021066666666666
75,500,"ordinary_x2_minus_ordinary_x1","mae",0.062847228006319
75,500,"ordinary_x2_minus_ordinary_x1","mean_error",0.0209187390462538
75,500,"ordinary_x2_minus_ordinary_x1","mse",0.052716587732467
75,500,"ordinary_x2_minus_ordinary_x1","oracle_gain",0
75,500,"ordinary_x2_minus_ordinary_x1","regret",0.0440139587865492
75,500,"ordinary_x2_minus_ordinary_x1","treatment_share",0.026766666666667
75,500,"ordinary_x2_minus_ordinary_x1","value_gain",-0.044013958786548
75,500,"ordinary_x2_minus_ordinary_x1","wrong_sign",-0.023633333333333
76,500,"ordinary_x2_minus_ordinary_x1","mae",-0.012667047515234
76,500,"ordinary_x2_minus_ordinary_x1","mean_error",-0.00297532894509266
76,500,"ordinary_x2_minus_ordinary_x1","mse",0.011143270158945
76,500,"ordinary_x2_minus_ordinary_x1","oracle_gain",0
76,500,"ordinary_x2_minus_ordinary_x1","regret",-0.0183723885551492
76,500,"ordinary_x2_minus_ordinary_x1","treatment_share",0.1931
76,500,"ordinary_x2_minus_ordinary_x1","value_gain",0.018372388555149
76,500,"ordinary_x2_minus_ordinary_x1","wrong_sign",-0.205033333333333
77,500,"ordinary_x2_minus_ordinary_x1","mae",0.018736162128363
77,500,"ordinary_x2_minus_ordinary_x1","mean_error",0.000614680529006199
77,500,"ordinary_x2_minus_ordinary_x1","mse",0.024784698311681
77,500,"ordinary_x2_minus_ordinary_x1","oracle_gain",0
77,500,"ordinary_x2_minus_ordinary_x1","regret",0.0465441477870842
77,500,"ordinary_x2_minus_ordinary_x1","treatment_share",0.00446666666666706
77,500,"ordinary_x2_minus_ordinary_x1","value_gain",-0.046544147787084
77,500,"ordinary_x2_minus_ordinary_x1","wrong_sign",-0.00319999999999998
78,500,"ordinary_x2_minus_ordinary_x1","mae",0.030943928743785
78,500,"ordinary_x2_minus_ordinary_x1","mean_error",0.011014278855019
78,500,"ordinary_x2_minus_ordinary_x1","mse",0.027644135873864
78,500,"ordinary_x2_minus_ordinary_x1","oracle_gain",0
78,500,"ordinary_x2_minus_ordinary_x1","regret",0.0438700915231354
78,500,"ordinary_x2_minus_ordinary_x1","treatment_share",-0.00593333333333401
78,500,"ordinary_x2_minus_ordinary_x1","value_gain",-0.043870091523134
78,500,"ordinary_x2_minus_ordinary_x1","wrong_sign",-0.00293333333333401
79,500,"ordinary_x2_minus_ordinary_x1","mae",0.041210111929886
79,500,"ordinary_x2_minus_ordinary_x1","mean_error",0.0124849434657661
79,500,"ordinary_x2_minus_ordinary_x1","mse",0.033258061364666
79,500,"ordinary_x2_minus_ordinary_x1","oracle_gain",0
79,500,"ordinary_x2_minus_ordinary_x1","regret",0.0484846289676459
79,500,"ordinary_x2_minus_ordinary_x1","treatment_share",-0.00636666666666597
79,500,"ordinary_x2_minus_ordinary_x1","value_gain",-0.048484628967646
79,500,"ordinary_x2_minus_ordinary_x1","wrong_sign",0.00496666666666701
8,500,"ordinary_x2_minus_ordinary_x1","mae",0.00129219703989603
8,500,"ordinary_x2_minus_ordinary_x1","mean_error",-0.0086075763855555
8,500,"ordinary_x2_minus_ordinary_x1","mse",0.017931590631248
8,500,"ordinary_x2_minus_ordinary_x1","oracle_gain",0
8,500,"ordinary_x2_minus_ordinary_x1","regret",-0.0083201419392448
8,500,"ordinary_x2_minus_ordinary_x1","treatment_share",0.178533333333333
8,500,"ordinary_x2_minus_ordinary_x1","value_gain",0.00832014193924396
8,500,"ordinary_x2_minus_ordinary_x1","wrong_sign",-0.1832
80,500,"ordinary_x2_minus_ordinary_x1","mae",0.122839410936171
80,500,"ordinary_x2_minus_ordinary_x1","mean_error",0.0052374289914287
80,500,"ordinary_x2_minus_ordinary_x1","mse",0.090623842310486
80,500,"ordinary_x2_minus_ordinary_x1","oracle_gain",0
80,500,"ordinary_x2_minus_ordinary_x1","regret",0.0508195850778388
80,500,"ordinary_x2_minus_ordinary_x1","treatment_share",-0.004033333333334
80,500,"ordinary_x2_minus_ordinary_x1","value_gain",-0.050819585077838
80,500,"ordinary_x2_minus_ordinary_x1","wrong_sign",0.00543333333333401
81,500,"ordinary_x2_minus_ordinary_x1","mae",0.017515003511591
81,500,"ordinary_x2_minus_ordinary_x1","mean_error",0.0129978343618643
81,500,"ordinary_x2_minus_ordinary_x1","mse",0.018142602172174
81,500,"ordinary_x2_minus_ordinary_x1","oracle_gain",0
81,500,"ordinary_x2_minus_ordinary_x1","regret",0.0458770171324552
81,500,"ordinary_x2_minus_ordinary_x1","treatment_share",0.012833333333333
81,500,"ordinary_x2_minus_ordinary_x1","value_gain",-0.045877017132456
81,500,"ordinary_x2_minus_ordinary_x1","wrong_sign",-0.012833333333334
82,500,"ordinary_x2_minus_ordinary_x1","mae",0.025140013337143
82,500,"ordinary_x2_minus_ordinary_x1","mean_error",0.0069306074434031
82,500,"ordinary_x2_minus_ordinary_x1","mse",0.03292045792429
82,500,"ordinary_x2_minus_ordinary_x1","oracle_gain",0
82,500,"ordinary_x2_minus_ordinary_x1","regret",0.0444729240202975
82,500,"ordinary_x2_minus_ordinary_x1","treatment_share",0.0277333333333329
82,500,"ordinary_x2_minus_ordinary_x1","value_gain",-0.044472924020299
82,500,"ordinary_x2_minus_ordinary_x1","wrong_sign",-0.022933333333333
83,500,"ordinary_x2_minus_ordinary_x1","mae",0.062138985001891
83,500,"ordinary_x2_minus_ordinary_x1","mean_error",0.0148915376312301
83,500,"ordinary_x2_minus_ordinary_x1","mse",0.049748855242467
83,500,"ordinary_x2_minus_ordinary_x1","oracle_gain",0
83,500,"ordinary_x2_minus_ordinary_x1","regret",0.0390984140847817
83,500,"ordinary_x2_minus_ordinary_x1","treatment_share",0.0287000000000001
83,500,"ordinary_x2_minus_ordinary_x1","value_gain",-0.039098414084781
83,500,"ordinary_x2_minus_ordinary_x1","wrong_sign",-0.0307
84,500,"ordinary_x2_minus_ordinary_x1","mae",0.05675197659143
84,500,"ordinary_x2_minus_ordinary_x1","mean_error",-0.0021935073675165
84,500,"ordinary_x2_minus_ordinary_x1","mse",0.050485927017486
84,500,"ordinary_x2_minus_ordinary_x1","oracle_gain",0
84,500,"ordinary_x2_minus_ordinary_x1","regret",0.0476359881916982
84,500,"ordinary_x2_minus_ordinary_x1","treatment_share",0.0158
84,500,"ordinary_x2_minus_ordinary_x1","value_gain",-0.047635988191698
84,500,"ordinary_x2_minus_ordinary_x1","wrong_sign",-0.010933333333333
85,500,"ordinary_x2_minus_ordinary_x1","mae",0.000466317607478006
85,500,"ordinary_x2_minus_ordinary_x1","mean_error",0.0021159515825047
85,500,"ordinary_x2_minus_ordinary_x1","mse",0.012518667123372
85,500,"ordinary_x2_minus_ordinary_x1","oracle_gain",0
85,500,"ordinary_x2_minus_ordinary_x1","regret",0.0029309528664935
85,500,"ordinary_x2_minus_ordinary_x1","treatment_share",0.157233333333334
85,500,"ordinary_x2_minus_ordinary_x1","value_gain",-0.00293095286649403
85,500,"ordinary_x2_minus_ordinary_x1","wrong_sign",-0.157233333333333
86,500,"ordinary_x2_minus_ordinary_x1","mae",0.015188910288614
86,500,"ordinary_x2_minus_ordinary_x1","mean_error",-0.00039788553486791
86,500,"ordinary_x2_minus_ordinary_x1","mse",0.026360086485978
86,500,"ordinary_x2_minus_ordinary_x1","oracle_gain",0
86,500,"ordinary_x2_minus_ordinary_x1","regret",-0.0068811000239477
86,500,"ordinary_x2_minus_ordinary_x1","treatment_share",0.177033333333334
86,500,"ordinary_x2_minus_ordinary_x1","value_gain",0.00688110002394798
86,500,"ordinary_x2_minus_ordinary_x1","wrong_sign",-0.1801
87,500,"ordinary_x2_minus_ordinary_x1","mae",0.056594228192572
87,500,"ordinary_x2_minus_ordinary_x1","mean_error",-0.0189127245302437
87,500,"ordinary_x2_minus_ordinary_x1","mse",0.050845789427532
87,500,"ordinary_x2_minus_ordinary_x1","oracle_gain",0
87,500,"ordinary_x2_minus_ordinary_x1","regret",0.0485907296209413
87,500,"ordinary_x2_minus_ordinary_x1","treatment_share",0.00323333333333298
87,500,"ordinary_x2_minus_ordinary_x1","value_gain",-0.048590729620941
87,500,"ordinary_x2_minus_ordinary_x1","wrong_sign",-0.0015
88,500,"ordinary_x2_minus_ordinary_x1","mae",0.06805038024926
88,500,"ordinary_x2_minus_ordinary_x1","mean_error",0.0053637244620274
88,500,"ordinary_x2_minus_ordinary_x1","mse",0.05561969490325
88,500,"ordinary_x2_minus_ordinary_x1","oracle_gain",0
88,500,"ordinary_x2_minus_ordinary_x1","regret",0.047877464864992
88,500,"ordinary_x2_minus_ordinary_x1","treatment_share",0.00880000000000003
88,500,"ordinary_x2_minus_ordinary_x1","value_gain",-0.047877464864993
88,500,"ordinary_x2_minus_ordinary_x1","wrong_sign",-0.00866666666666699
89,500,"ordinary_x2_minus_ordinary_x1","mae",0.05670009212092
89,500,"ordinary_x2_minus_ordinary_x1","mean_error",-0.00130100952807539
89,500,"ordinary_x2_minus_ordinary_x1","mse",0.050310389646447
89,500,"ordinary_x2_minus_ordinary_x1","oracle_gain",0
89,500,"ordinary_x2_minus_ordinary_x1","regret",0.0460019052011394
89,500,"ordinary_x2_minus_ordinary_x1","treatment_share",0.00643333333333296
89,500,"ordinary_x2_minus_ordinary_x1","value_gain",-0.04600190520114
89,500,"ordinary_x2_minus_ordinary_x1","wrong_sign",-0.00643333333333401
9,500,"ordinary_x2_minus_ordinary_x1","mae",0.02812497205657
9,500,"ordinary_x2_minus_ordinary_x1","mean_error",0.00866011923062716
9,500,"ordinary_x2_minus_ordinary_x1","mse",0.036666851342523
9,500,"ordinary_x2_minus_ordinary_x1","oracle_gain",0
9,500,"ordinary_x2_minus_ordinary_x1","regret",0.0351699889920628
9,500,"ordinary_x2_minus_ordinary_x1","treatment_share",0.039666666666667
9,500,"ordinary_x2_minus_ordinary_x1","value_gain",-0.035169988992063
9,500,"ordinary_x2_minus_ordinary_x1","wrong_sign",-0.043866666666667
90,500,"ordinary_x2_minus_ordinary_x1","mae",-0.00111491717013601
90,500,"ordinary_x2_minus_ordinary_x1","mean_error",-0.0112191369937904
90,500,"ordinary_x2_minus_ordinary_x1","mse",0.00408829881457901
90,500,"ordinary_x2_minus_ordinary_x1","oracle_gain",0
90,500,"ordinary_x2_minus_ordinary_x1","regret",0.0371490120971174
90,500,"ordinary_x2_minus_ordinary_x1","treatment_share",0.032133333333333
90,500,"ordinary_x2_minus_ordinary_x1","value_gain",-0.037149012097118
90,500,"ordinary_x2_minus_ordinary_x1","wrong_sign",-0.034933333333333
91,500,"ordinary_x2_minus_ordinary_x1","mae",0.06079504359348
91,500,"ordinary_x2_minus_ordinary_x1","mean_error",0.00391805891535101
91,500,"ordinary_x2_minus_ordinary_x1","mse",0.04336888016427
91,500,"ordinary_x2_minus_ordinary_x1","oracle_gain",0
91,500,"ordinary_x2_minus_ordinary_x1","regret",0.0495760498368195
91,500,"ordinary_x2_minus_ordinary_x1","treatment_share",-0.000533333333334052
91,500,"ordinary_x2_minus_ordinary_x1","value_gain",-0.04957604983682
91,500,"ordinary_x2_minus_ordinary_x1","wrong_sign",0.000333333333332991
92,500,"ordinary_x2_minus_ordinary_x1","mae",0.03843829504744
92,500,"ordinary_x2_minus_ordinary_x1","mean_error",-0.0039106996006487
92,500,"ordinary_x2_minus_ordinary_x1","mse",0.034031584984291
92,500,"ordinary_x2_minus_ordinary_x1","oracle_gain",0
92,500,"ordinary_x2_minus_ordinary_x1","regret",0.0473353405936916
92,500,"ordinary_x2_minus_ordinary_x1","treatment_share",0.0061333333333331
92,500,"ordinary_x2_minus_ordinary_x1","value_gain",-0.047335340593691
92,500,"ordinary_x2_minus_ordinary_x1","wrong_sign",-0.00613333333333302
93,500,"ordinary_x2_minus_ordinary_x1","mae",-0.00920720615589499
93,500,"ordinary_x2_minus_ordinary_x1","mean_error",0.0049967387926231
93,500,"ordinary_x2_minus_ordinary_x1","mse",-0.00267599148857098
93,500,"ordinary_x2_minus_ordinary_x1","oracle_gain",0
93,500,"ordinary_x2_minus_ordinary_x1","regret",0.0473072368002527
93,500,"ordinary_x2_minus_ordinary_x1","treatment_share",0.000600000000000045
93,500,"ordinary_x2_minus_ordinary_x1","value_gain",-0.047307236800254
93,500,"ordinary_x2_minus_ordinary_x1","wrong_sign",-0.00366666666666701
94,500,"ordinary_x2_minus_ordinary_x1","mae",0.066969490437478
94,500,"ordinary_x2_minus_ordinary_x1","mean_error",-0.0097034593613165
94,500,"ordinary_x2_minus_ordinary_x1","mse",0.055242561004744
94,500,"ordinary_x2_minus_ordinary_x1","oracle_gain",0
94,500,"ordinary_x2_minus_ordinary_x1","regret",0.0487212272264041
94,500,"ordinary_x2_minus_ordinary_x1","treatment_share",-0.00116666666666698
94,500,"ordinary_x2_minus_ordinary_x1","value_gain",-0.048721227226404
94,500,"ordinary_x2_minus_ordinary_x1","wrong_sign",0.00116666666666701
95,500,"ordinary_x2_minus_ordinary_x1","mae",0.029216597178907
95,500,"ordinary_x2_minus_ordinary_x1","mean_error",-0.0195665984961684
95,500,"ordinary_x2_minus_ordinary_x1","mse",0.028797977331081
95,500,"ordinary_x2_minus_ordinary_x1","oracle_gain",0
95,500,"ordinary_x2_minus_ordinary_x1","regret",0.0416957393880343
95,500,"ordinary_x2_minus_ordinary_x1","treatment_share",0.027066666666667
95,500,"ordinary_x2_minus_ordinary_x1","value_gain",-0.041695739388035
95,500,"ordinary_x2_minus_ordinary_x1","wrong_sign",-0.027066666666666
96,500,"ordinary_x2_minus_ordinary_x1","mae",-0.00965794711779899
96,500,"ordinary_x2_minus_ordinary_x1","mean_error",0.00536325899360827
96,500,"ordinary_x2_minus_ordinary_x1","mse",0.00168901214108599
96,500,"ordinary_x2_minus_ordinary_x1","oracle_gain",0
96,500,"ordinary_x2_minus_ordinary_x1","regret",0.0376613872121133
96,500,"ordinary_x2_minus_ordinary_x1","treatment_share",0.042733333333333
96,500,"ordinary_x2_minus_ordinary_x1","value_gain",-0.037661387212113
96,500,"ordinary_x2_minus_ordinary_x1","wrong_sign",-0.0418
97,500,"ordinary_x2_minus_ordinary_x1","mae",0.012022640329693
97,500,"ordinary_x2_minus_ordinary_x1","mean_error",-0.0023372375158062
97,500,"ordinary_x2_minus_ordinary_x1","mse",0.018835200586587
97,500,"ordinary_x2_minus_ordinary_x1","oracle_gain",0
97,500,"ordinary_x2_minus_ordinary_x1","regret",0.0480934077396591
97,500,"ordinary_x2_minus_ordinary_x1","treatment_share",0.000299999999999967
97,500,"ordinary_x2_minus_ordinary_x1","value_gain",-0.04809340773966
97,500,"ordinary_x2_minus_ordinary_x1","wrong_sign",-0.000433333333333008
98,500,"ordinary_x2_minus_ordinary_x1","mae",0.049942877016838
98,500,"ordinary_x2_minus_ordinary_x1","mean_error",0.000101067697078003
98,500,"ordinary_x2_minus_ordinary_x1","mse",0.042150717372108
98,500,"ordinary_x2_minus_ordinary_x1","oracle_gain",0
98,500,"ordinary_x2_minus_ordinary_x1","regret",0.0477145713869691
98,500,"ordinary_x2_minus_ordinary_x1","treatment_share",-0.00106666666666599
98,500,"ordinary_x2_minus_ordinary_x1","value_gain",-0.047714571386968
98,500,"ordinary_x2_minus_ordinary_x1","wrong_sign",-6.66666666670201e-05
99,500,"ordinary_x2_minus_ordinary_x1","mae",-0.033578012728745
99,500,"ordinary_x2_minus_ordinary_x1","mean_error",0.00155522677595063
99,500,"ordinary_x2_minus_ordinary_x1","mse",-0.00595556316176302
99,500,"ordinary_x2_minus_ordinary_x1","oracle_gain",0
99,500,"ordinary_x2_minus_ordinary_x1","regret",-0.014867206549459
99,500,"ordinary_x2_minus_ordinary_x1","treatment_share",0.2144
99,500,"ordinary_x2_minus_ordinary_x1","value_gain",0.01486720654946
99,500,"ordinary_x2_minus_ordinary_x1","wrong_sign",-0.215266666666667
1,500,"class_x1_minus_ordinary_x1","mae",0.017938179408629
1,500,"class_x1_minus_ordinary_x1","mean_error",-0.0083523574988483
1,500,"class_x1_minus_ordinary_x1","mse",0.168302494888662
1,500,"class_x1_minus_ordinary_x1","oracle_gain",0
1,500,"class_x1_minus_ordinary_x1","regret",-0.0240652726543764
1,500,"class_x1_minus_ordinary_x1","treatment_share",0.242833333333333
1,500,"class_x1_minus_ordinary_x1","value_gain",0.024065272654378
1,500,"class_x1_minus_ordinary_x1","wrong_sign",-0.242633333333333
10,500,"class_x1_minus_ordinary_x1","mae",0.074537553448331
10,500,"class_x1_minus_ordinary_x1","mean_error",0.000663411749507802
10,500,"class_x1_minus_ordinary_x1","mse",0.178607882441394
10,500,"class_x1_minus_ordinary_x1","oracle_gain",0
10,500,"class_x1_minus_ordinary_x1","regret",-0.0235679404241218
10,500,"class_x1_minus_ordinary_x1","treatment_share",0.2329
10,500,"class_x1_minus_ordinary_x1","value_gain",0.023567940424121
10,500,"class_x1_minus_ordinary_x1","wrong_sign",-0.2337
100,500,"class_x1_minus_ordinary_x1","mae",0.00230105408397296
100,500,"class_x1_minus_ordinary_x1","mean_error",-0.0047900312082659
100,500,"class_x1_minus_ordinary_x1","mse",0.170250126732104
100,500,"class_x1_minus_ordinary_x1","oracle_gain",0
100,500,"class_x1_minus_ordinary_x1","regret",-0.0214903062991626
100,500,"class_x1_minus_ordinary_x1","treatment_share",0.253333333333333
100,500,"class_x1_minus_ordinary_x1","value_gain",0.021490306299163
100,500,"class_x1_minus_ordinary_x1","wrong_sign",-0.246266666666667
11,500,"class_x1_minus_ordinary_x1","mae",0.015114863061908
11,500,"class_x1_minus_ordinary_x1","mean_error",-0.0110266914076271
11,500,"class_x1_minus_ordinary_x1","mse",0.151805927665779
11,500,"class_x1_minus_ordinary_x1","oracle_gain",0
11,500,"class_x1_minus_ordinary_x1","regret",-0.0243564891420616
11,500,"class_x1_minus_ordinary_x1","treatment_share",0.250933333333333
11,500,"class_x1_minus_ordinary_x1","value_gain",0.024356489142061
11,500,"class_x1_minus_ordinary_x1","wrong_sign",-0.249733333333334
12,500,"class_x1_minus_ordinary_x1","mae",0.02477870171533
12,500,"class_x1_minus_ordinary_x1","mean_error",0.0043550608719116
12,500,"class_x1_minus_ordinary_x1","mse",0.182887648366133
12,500,"class_x1_minus_ordinary_x1","oracle_gain",0
12,500,"class_x1_minus_ordinary_x1","regret",-0.0122870539922663
12,500,"class_x1_minus_ordinary_x1","treatment_share",0.258933333333333
12,500,"class_x1_minus_ordinary_x1","value_gain",0.012287053992265
12,500,"class_x1_minus_ordinary_x1","wrong_sign",-0.234066666666666
13,500,"class_x1_minus_ordinary_x1","mae",0.078451602366712
13,500,"class_x1_minus_ordinary_x1","mean_error",-0.0066300484979601
13,500,"class_x1_minus_ordinary_x1","mse",0.180191865819905
13,500,"class_x1_minus_ordinary_x1","oracle_gain",0
13,500,"class_x1_minus_ordinary_x1","regret",-0.0201591964207892
13,500,"class_x1_minus_ordinary_x1","treatment_share",0.239466666666666
13,500,"class_x1_minus_ordinary_x1","value_gain",0.020159196420788
13,500,"class_x1_minus_ordinary_x1","wrong_sign",-0.2324
14,500,"class_x1_minus_ordinary_x1","mae",0.030581342625399
14,500,"class_x1_minus_ordinary_x1","mean_error",-0.00502874880404886
14,500,"class_x1_minus_ordinary_x1","mse",0.181530430956107
14,500,"class_x1_minus_ordinary_x1","oracle_gain",0
14,500,"class_x1_minus_ordinary_x1","regret",-0.0231403678950194
14,500,"class_x1_minus_ordinary_x1","treatment_share",0.247666666666666
14,500,"class_x1_minus_ordinary_x1","value_gain",0.023140367895019
14,500,"class_x1_minus_ordinary_x1","wrong_sign",-0.244666666666667
15,500,"class_x1_minus_ordinary_x1","mae",0.012816881529659
15,500,"class_x1_minus_ordinary_x1","mean_error",0.001015465348036
15,500,"class_x1_minus_ordinary_x1","mse",0.14515432961087
15,500,"class_x1_minus_ordinary_x1","oracle_gain",0
15,500,"class_x1_minus_ordinary_x1","regret",-0.0189620336544901
15,500,"class_x1_minus_ordinary_x1","treatment_share",0.257066666666667
15,500,"class_x1_minus_ordinary_x1","value_gain",0.018962033654491
15,500,"class_x1_minus_ordinary_x1","wrong_sign",-0.2452
16,500,"class_x1_minus_ordinary_x1","mae",0.00396617212585698
16,500,"class_x1_minus_ordinary_x1","mean_error",-0.0208749974061243
16,500,"class_x1_minus_ordinary_x1","mse",0.142353076687708
16,500,"class_x1_minus_ordinary_x1","oracle_gain",0
16,500,"class_x1_minus_ordinary_x1","regret",-0.0223448707109603
16,500,"class_x1_minus_ordinary_x1","treatment_share",0.235366666666667
16,500,"class_x1_minus_ordinary_x1","value_gain",0.02234487071096
16,500,"class_x1_minus_ordinary_x1","wrong_sign",-0.2331
17,500,"class_x1_minus_ordinary_x1","mae",0.048022177129897
17,500,"class_x1_minus_ordinary_x1","mean_error",-0.0122183957787152
17,500,"class_x1_minus_ordinary_x1","mse",0.174553911652802
17,500,"class_x1_minus_ordinary_x1","oracle_gain",0
17,500,"class_x1_minus_ordinary_x1","regret",-0.0246443513026447
17,500,"class_x1_minus_ordinary_x1","treatment_share",0.237766666666667
17,500,"class_x1_minus_ordinary_x1","value_gain",0.024644351302644
17,500,"class_x1_minus_ordinary_x1","wrong_sign",-0.239433333333334
18,500,"class_x1_minus_ordinary_x1","mae",0.00671708145616801
18,500,"class_x1_minus_ordinary_x1","mean_error",0.0161209295925873
18,500,"class_x1_minus_ordinary_x1","mse",0.147729797964329
18,500,"class_x1_minus_ordinary_x1","oracle_gain",0
18,500,"class_x1_minus_ordinary_x1","regret",-0.0234419942477049
18,500,"class_x1_minus_ordinary_x1","treatment_share",0.234533333333333
18,500,"class_x1_minus_ordinary_x1","value_gain",0.023441994247705
18,500,"class_x1_minus_ordinary_x1","wrong_sign",-0.234466666666667
19,500,"class_x1_minus_ordinary_x1","mae",0.023175050236575
19,500,"class_x1_minus_ordinary_x1","mean_error",0.0054148748180957
19,500,"class_x1_minus_ordinary_x1","mse",0.163969025875253
19,500,"class_x1_minus_ordinary_x1","oracle_gain",0
19,500,"class_x1_minus_ordinary_x1","regret",-0.0224111087308621
19,500,"class_x1_minus_ordinary_x1","treatment_share",0.2565
19,500,"class_x1_minus_ordinary_x1","value_gain",0.022411108730862
19,500,"class_x1_minus_ordinary_x1","wrong_sign",-0.250766666666667
2,500,"class_x1_minus_ordinary_x1","mae",0.026587138716344
2,500,"class_x1_minus_ordinary_x1","mean_error",0.0027412582003246
2,500,"class_x1_minus_ordinary_x1","mse",0.184178591505716
2,500,"class_x1_minus_ordinary_x1","oracle_gain",0
2,500,"class_x1_minus_ordinary_x1","regret",-0.0202051934570525
2,500,"class_x1_minus_ordinary_x1","treatment_share",0.248366666666666
2,500,"class_x1_minus_ordinary_x1","value_gain",0.020205193457052
2,500,"class_x1_minus_ordinary_x1","wrong_sign",-0.240033333333333
20,500,"class_x1_minus_ordinary_x1","mae",0.079099685384535
20,500,"class_x1_minus_ordinary_x1","mean_error",0.0012826218361171
20,500,"class_x1_minus_ordinary_x1","mse",0.194635017338546
20,500,"class_x1_minus_ordinary_x1","oracle_gain",0
20,500,"class_x1_minus_ordinary_x1","regret",-0.0108624839605901
20,500,"class_x1_minus_ordinary_x1","treatment_share",0.253333333333333
20,500,"class_x1_minus_ordinary_x1","value_gain",0.010862483960591
20,500,"class_x1_minus_ordinary_x1","wrong_sign",-0.227
21,500,"class_x1_minus_ordinary_x1","mae",0.021831628623333
21,500,"class_x1_minus_ordinary_x1","mean_error",0.0015515269398127
21,500,"class_x1_minus_ordinary_x1","mse",0.17280395117036
21,500,"class_x1_minus_ordinary_x1","oracle_gain",0
21,500,"class_x1_minus_ordinary_x1","regret",-0.0108254628369445
21,500,"class_x1_minus_ordinary_x1","treatment_share",0.256466666666667
21,500,"class_x1_minus_ordinary_x1","value_gain",0.010825462836945
21,500,"class_x1_minus_ordinary_x1","wrong_sign",-0.229666666666667
22,500,"class_x1_minus_ordinary_x1","mae",0.00808527279670501
22,500,"class_x1_minus_ordinary_x1","mean_error",-0.000994022606039499
22,500,"class_x1_minus_ordinary_x1","mse",0.159485357101954
22,500,"class_x1_minus_ordinary_x1","oracle_gain",0
22,500,"class_x1_minus_ordinary_x1","regret",-0.0232511930169801
22,500,"class_x1_minus_ordinary_x1","treatment_share",0.242833333333334
22,500,"class_x1_minus_ordinary_x1","value_gain",0.02325119301698
22,500,"class_x1_minus_ordinary_x1","wrong_sign",-0.241166666666667
23,500,"class_x1_minus_ordinary_x1","mae",0.027379025173579
23,500,"class_x1_minus_ordinary_x1","mean_error",0.0151513163126056
23,500,"class_x1_minus_ordinary_x1","mse",0.161367552388045
23,500,"class_x1_minus_ordinary_x1","oracle_gain",0
23,500,"class_x1_minus_ordinary_x1","regret",-0.0187887889617566
23,500,"class_x1_minus_ordinary_x1","treatment_share",0.255833333333333
23,500,"class_x1_minus_ordinary_x1","value_gain",0.018788788961757
23,500,"class_x1_minus_ordinary_x1","wrong_sign",-0.2427
24,500,"class_x1_minus_ordinary_x1","mae",0.00622809128589902
24,500,"class_x1_minus_ordinary_x1","mean_error",0.00887003643833804
24,500,"class_x1_minus_ordinary_x1","mse",0.161014627007382
24,500,"class_x1_minus_ordinary_x1","oracle_gain",0
24,500,"class_x1_minus_ordinary_x1","regret",-0.0236399067447877
24,500,"class_x1_minus_ordinary_x1","treatment_share",0.2451
24,500,"class_x1_minus_ordinary_x1","value_gain",0.023639906744788
24,500,"class_x1_minus_ordinary_x1","wrong_sign",-0.244233333333333
25,500,"class_x1_minus_ordinary_x1","mae",0.039931724992831
25,500,"class_x1_minus_ordinary_x1","mean_error",0.00306592720769069
25,500,"class_x1_minus_ordinary_x1","mse",0.16749198120022
25,500,"class_x1_minus_ordinary_x1","oracle_gain",0
25,500,"class_x1_minus_ordinary_x1","regret",-0.0149200054471398
25,500,"class_x1_minus_ordinary_x1","treatment_share",0.248566666666666
25,500,"class_x1_minus_ordinary_x1","value_gain",0.01492000544714
25,500,"class_x1_minus_ordinary_x1","wrong_sign",-0.230433333333333
26,500,"class_x1_minus_ordinary_x1","mae",0.015271337064636
26,500,"class_x1_minus_ordinary_x1","mean_error",-0.0015343542933795
26,500,"class_x1_minus_ordinary_x1","mse",0.165386993238653
26,500,"class_x1_minus_ordinary_x1","oracle_gain",0
26,500,"class_x1_minus_ordinary_x1","regret",-0.0233397732443696
26,500,"class_x1_minus_ordinary_x1","treatment_share",0.243766666666667
26,500,"class_x1_minus_ordinary_x1","value_gain",0.023339773244369
26,500,"class_x1_minus_ordinary_x1","wrong_sign",-0.2419
27,500,"class_x1_minus_ordinary_x1","mae",0.035252394172051
27,500,"class_x1_minus_ordinary_x1","mean_error",-0.000901113921191597
27,500,"class_x1_minus_ordinary_x1","mse",0.169177881539622
27,500,"class_x1_minus_ordinary_x1","oracle_gain",0
27,500,"class_x1_minus_ordinary_x1","regret",-0.0216678133389517
27,500,"class_x1_minus_ordinary_x1","treatment_share",0.247
27,500,"class_x1_minus_ordinary_x1","value_gain",0.021667813338951
27,500,"class_x1_minus_ordinary_x1","wrong_sign",-0.241333333333334
28,500,"class_x1_minus_ordinary_x1","mae",0.007142123471305
28,500,"class_x1_minus_ordinary_x1","mean_error",-0.00328330109906655
28,500,"class_x1_minus_ordinary_x1","mse",0.177330900995856
28,500,"class_x1_minus_ordinary_x1","oracle_gain",0
28,500,"class_x1_minus_ordinary_x1","regret",-0.0195596179681124
28,500,"class_x1_minus_ordinary_x1","treatment_share",0.252733333333334
28,500,"class_x1_minus_ordinary_x1","value_gain",0.019559617968112
28,500,"class_x1_minus_ordinary_x1","wrong_sign",-0.242133333333334
29,500,"class_x1_minus_ordinary_x1","mae",0.030212782957242
29,500,"class_x1_minus_ordinary_x1","mean_error",-0.000401365325206501
29,500,"class_x1_minus_ordinary_x1","mse",0.178806458105719
29,500,"class_x1_minus_ordinary_x1","oracle_gain",0
29,500,"class_x1_minus_ordinary_x1","regret",-0.0229599135718712
29,500,"class_x1_minus_ordinary_x1","treatment_share",0.242433333333334
29,500,"class_x1_minus_ordinary_x1","value_gain",0.022959913571872
29,500,"class_x1_minus_ordinary_x1","wrong_sign",-0.240233333333334
3,500,"class_x1_minus_ordinary_x1","mae",0.041626930375362
3,500,"class_x1_minus_ordinary_x1","mean_error",0.00720127463716511
3,500,"class_x1_minus_ordinary_x1","mse",0.179617274629813
3,500,"class_x1_minus_ordinary_x1","oracle_gain",0
3,500,"class_x1_minus_ordinary_x1","regret",-0.0163898783019542
3,500,"class_x1_minus_ordinary_x1","treatment_share",0.255666666666666
3,500,"class_x1_minus_ordinary_x1","value_gain",0.016389878301954
3,500,"class_x1_minus_ordinary_x1","wrong_sign",-0.239066666666667
30,500,"class_x1_minus_ordinary_x1","mae",0.035119005079162
30,500,"class_x1_minus_ordinary_x1","mean_error",0.000468956696498699
30,500,"class_x1_minus_ordinary_x1","mse",0.164909746496531
30,500,"class_x1_minus_ordinary_x1","oracle_gain",0
30,500,"class_x1_minus_ordinary_x1","regret",-0.0237549638223942
30,500,"class_x1_minus_ordinary_x1","treatment_share",0.2414
30,500,"class_x1_minus_ordinary_x1","value_gain",0.023754963822395
30,500,"class_x1_minus_ordinary_x1","wrong_sign",-0.2406
31,500,"class_x1_minus_ordinary_x1","mae",0.079911676144646
31,500,"class_x1_minus_ordinary_x1","mean_error",0.0071853372335679
31,500,"class_x1_minus_ordinary_x1","mse",0.187589762907203
31,500,"class_x1_minus_ordinary_x1","oracle_gain",0
31,500,"class_x1_minus_ordinary_x1","regret",-0.0217920086466714
31,500,"class_x1_minus_ordinary_x1","treatment_share",0.2522
31,500,"class_x1_minus_ordinary_x1","value_gain",0.021792008646671
31,500,"class_x1_minus_ordinary_x1","wrong_sign",-0.246066666666666
32,500,"class_x1_minus_ordinary_x1","mae",0.00540642564879595
32,500,"class_x1_minus_ordinary_x1","mean_error",0.0031229462472257
32,500,"class_x1_minus_ordinary_x1","mse",0.16435949246635
32,500,"class_x1_minus_ordinary_x1","oracle_gain",0
32,500,"class_x1_minus_ordinary_x1","regret",-0.0197449245934731
32,500,"class_x1_minus_ordinary_x1","treatment_share",0.252933333333333
32,500,"class_x1_minus_ordinary_x1","value_gain",0.019744924593473
32,500,"class_x1_minus_ordinary_x1","wrong_sign",-0.2428
33,500,"class_x1_minus_ordinary_x1","mae",0.058607287630671
33,500,"class_x1_minus_ordinary_x1","mean_error",0.000936334779176103
33,500,"class_x1_minus_ordinary_x1","mse",0.187867086238091
33,500,"class_x1_minus_ordinary_x1","oracle_gain",0
33,500,"class_x1_minus_ordinary_x1","regret",-0.0252381710745209
33,500,"class_x1_minus_ordinary_x1","treatment_share",0.2405
33,500,"class_x1_minus_ordinary_x1","value_gain",0.025238171074521
33,500,"class_x1_minus_ordinary_x1","wrong_sign",-0.242766666666666
34,500,"class_x1_minus_ordinary_x1","mae",0.00210520591311597
34,500,"class_x1_minus_ordinary_x1","mean_error",-0.0112647725141079
34,500,"class_x1_minus_ordinary_x1","mse",0.149977648754915
34,500,"class_x1_minus_ordinary_x1","oracle_gain",0
34,500,"class_x1_minus_ordinary_x1","regret",-0.0243384991321938
34,500,"class_x1_minus_ordinary_x1","treatment_share",0.2458
34,500,"class_x1_minus_ordinary_x1","value_gain",0.024338499132194
34,500,"class_x1_minus_ordinary_x1","wrong_sign",-0.245333333333333
35,500,"class_x1_minus_ordinary_x1","mae",0.042022041349174
35,500,"class_x1_minus_ordinary_x1","mean_error",0.0080542909886963
35,500,"class_x1_minus_ordinary_x1","mse",0.163639356959133
35,500,"class_x1_minus_ordinary_x1","oracle_gain",0
35,500,"class_x1_minus_ordinary_x1","regret",-0.0244780341451221
35,500,"class_x1_minus_ordinary_x1","treatment_share",0.246
35,500,"class_x1_minus_ordinary_x1","value_gain",0.024478034145121
35,500,"class_x1_minus_ordinary_x1","wrong_sign",-0.245866666666667
36,500,"class_x1_minus_ordinary_x1","mae",0.021717758362616
36,500,"class_x1_minus_ordinary_x1","mean_error",0.000974517963369802
36,500,"class_x1_minus_ordinary_x1","mse",0.173417769699333
36,500,"class_x1_minus_ordinary_x1","oracle_gain",0
36,500,"class_x1_minus_ordinary_x1","regret",-0.0230392242156964
36,500,"class_x1_minus_ordinary_x1","treatment_share",0.2413
36,500,"class_x1_minus_ordinary_x1","value_gain",0.023039224215696
36,500,"class_x1_minus_ordinary_x1","wrong_sign",-0.239433333333334
37,500,"class_x1_minus_ordinary_x1","mae",0.050587017577946
37,500,"class_x1_minus_ordinary_x1","mean_error",-0.000775707925993997
37,500,"class_x1_minus_ordinary_x1","mse",0.185804312306249
37,500,"class_x1_minus_ordinary_x1","oracle_gain",0
37,500,"class_x1_minus_ordinary_x1","regret",-0.0175224787205619
37,500,"class_x1_minus_ordinary_x1","treatment_share",0.2437
37,500,"class_x1_minus_ordinary_x1","value_gain",0.017522478720563
37,500,"class_x1_minus_ordinary_x1","wrong_sign",-0.231233333333334
38,500,"class_x1_minus_ordinary_x1","mae",0.00303304810776495
38,500,"class_x1_minus_ordinary_x1","mean_error",-0.00832904325093116
38,500,"class_x1_minus_ordinary_x1","mse",0.163490434746935
38,500,"class_x1_minus_ordinary_x1","oracle_gain",0
38,500,"class_x1_minus_ordinary_x1","regret",-0.0137901453530517
38,500,"class_x1_minus_ordinary_x1","treatment_share",0.2558
38,500,"class_x1_minus_ordinary_x1","value_gain",0.013790145353051
38,500,"class_x1_minus_ordinary_x1","wrong_sign",-0.234333333333333
39,500,"class_x1_minus_ordinary_x1","mae",0.033094705707386
39,500,"class_x1_minus_ordinary_x1","mean_error",-0.0197270811068674
39,500,"class_x1_minus_ordinary_x1","mse",0.165388287775481
39,500,"class_x1_minus_ordinary_x1","oracle_gain",0
39,500,"class_x1_minus_ordinary_x1","regret",-0.0247395574094992
39,500,"class_x1_minus_ordinary_x1","treatment_share",0.248033333333333
39,500,"class_x1_minus_ordinary_x1","value_gain",0.024739557409499
39,500,"class_x1_minus_ordinary_x1","wrong_sign",-0.246966666666667
4,500,"class_x1_minus_ordinary_x1","mae",0.049693150155229
4,500,"class_x1_minus_ordinary_x1","mean_error",0.0078224586383854
4,500,"class_x1_minus_ordinary_x1","mse",0.179137162577836
4,500,"class_x1_minus_ordinary_x1","oracle_gain",0
4,500,"class_x1_minus_ordinary_x1","regret",-0.0246767432260661
4,500,"class_x1_minus_ordinary_x1","treatment_share",0.251233333333333
4,500,"class_x1_minus_ordinary_x1","value_gain",0.024676743226065
4,500,"class_x1_minus_ordinary_x1","wrong_sign",-0.2503
40,500,"class_x1_minus_ordinary_x1","mae",0.028470366893689
40,500,"class_x1_minus_ordinary_x1","mean_error",-0.00336651213863443
40,500,"class_x1_minus_ordinary_x1","mse",0.180937052115505
40,500,"class_x1_minus_ordinary_x1","oracle_gain",0
40,500,"class_x1_minus_ordinary_x1","regret",-0.0248872781932983
40,500,"class_x1_minus_ordinary_x1","treatment_share",0.248133333333333
40,500,"class_x1_minus_ordinary_x1","value_gain",0.024887278193298
40,500,"class_x1_minus_ordinary_x1","wrong_sign",-0.248266666666666
41,500,"class_x1_minus_ordinary_x1","mae",0.032757659281293
41,500,"class_x1_minus_ordinary_x1","mean_error",0.00528747095669581
41,500,"class_x1_minus_ordinary_x1","mse",0.181206502592351
41,500,"class_x1_minus_ordinary_x1","oracle_gain",0
41,500,"class_x1_minus_ordinary_x1","regret",-0.0226970760392055
41,500,"class_x1_minus_ordinary_x1","treatment_share",0.248233333333333
41,500,"class_x1_minus_ordinary_x1","value_gain",0.022697076039206
41,500,"class_x1_minus_ordinary_x1","wrong_sign",-0.2447
42,500,"class_x1_minus_ordinary_x1","mae",0.016326568033488
42,500,"class_x1_minus_ordinary_x1","mean_error",-0.0023131942828103
42,500,"class_x1_minus_ordinary_x1","mse",0.16300703386279
42,500,"class_x1_minus_ordinary_x1","oracle_gain",0
42,500,"class_x1_minus_ordinary_x1","regret",-0.0217880857865684
42,500,"class_x1_minus_ordinary_x1","treatment_share",0.233433333333333
42,500,"class_x1_minus_ordinary_x1","value_gain",0.021788085786569
42,500,"class_x1_minus_ordinary_x1","wrong_sign",-0.2305
43,500,"class_x1_minus_ordinary_x1","mae",0.075054777146208
43,500,"class_x1_minus_ordinary_x1","mean_error",0.0047817173510802
43,500,"class_x1_minus_ordinary_x1","mse",0.181735814722359
43,500,"class_x1_minus_ordinary_x1","oracle_gain",0
43,500,"class_x1_minus_ordinary_x1","regret",-0.0242620812106186
43,500,"class_x1_minus_ordinary_x1","treatment_share",0.2436
43,500,"class_x1_minus_ordinary_x1","value_gain",0.024262081210618
43,500,"class_x1_minus_ordinary_x1","wrong_sign",-0.243466666666667
44,500,"class_x1_minus_ordinary_x1","mae",0.089097324986225
44,500,"class_x1_minus_ordinary_x1","mean_error",-0.0063523976539124
44,500,"class_x1_minus_ordinary_x1","mse",0.186713178577061
44,500,"class_x1_minus_ordinary_x1","oracle_gain",0
44,500,"class_x1_minus_ordinary_x1","regret",-0.0229415752922753
44,500,"class_x1_minus_ordinary_x1","treatment_share",0.241233333333333
44,500,"class_x1_minus_ordinary_x1","value_gain",0.022941575292274
44,500,"class_x1_minus_ordinary_x1","wrong_sign",-0.2391
45,500,"class_x1_minus_ordinary_x1","mae",0.00353101425269697
45,500,"class_x1_minus_ordinary_x1","mean_error",-0.0076092956643776
45,500,"class_x1_minus_ordinary_x1","mse",0.153799089436485
45,500,"class_x1_minus_ordinary_x1","oracle_gain",0
45,500,"class_x1_minus_ordinary_x1","regret",-0.0194107245966333
45,500,"class_x1_minus_ordinary_x1","treatment_share",0.230333333333334
45,500,"class_x1_minus_ordinary_x1","value_gain",0.019410724596632
45,500,"class_x1_minus_ordinary_x1","wrong_sign",-0.223933333333333
46,500,"class_x1_minus_ordinary_x1","mae",0.016900065296893
46,500,"class_x1_minus_ordinary_x1","mean_error",0.0130400210370216
46,500,"class_x1_minus_ordinary_x1","mse",0.148585564092102
46,500,"class_x1_minus_ordinary_x1","oracle_gain",0
46,500,"class_x1_minus_ordinary_x1","regret",-0.0240653952523608
46,500,"class_x1_minus_ordinary_x1","treatment_share",0.240633333333333
46,500,"class_x1_minus_ordinary_x1","value_gain",0.024065395252361
46,500,"class_x1_minus_ordinary_x1","wrong_sign",-0.240633333333334
47,500,"class_x1_minus_ordinary_x1","mae",0.044515488616253
47,500,"class_x1_minus_ordinary_x1","mean_error",-0.0047686370155095
47,500,"class_x1_minus_ordinary_x1","mse",0.176530805694046
47,500,"class_x1_minus_ordinary_x1","oracle_gain",0
47,500,"class_x1_minus_ordinary_x1","regret",-0.0191741847403812
47,500,"class_x1_minus_ordinary_x1","treatment_share",0.246533333333334
47,500,"class_x1_minus_ordinary_x1","value_gain",0.019174184740381
47,500,"class_x1_minus_ordinary_x1","wrong_sign",-0.2368
48,500,"class_x1_minus_ordinary_x1","mae",0.074726416533897
48,500,"class_x1_minus_ordinary_x1","mean_error",0.00438617753760713
48,500,"class_x1_minus_ordinary_x1","mse",0.18827633042563
48,500,"class_x1_minus_ordinary_x1","oracle_gain",0
48,500,"class_x1_minus_ordinary_x1","regret",-0.021840706330028
48,500,"class_x1_minus_ordinary_x1","treatment_share",0.245633333333334
48,500,"class_x1_minus_ordinary_x1","value_gain",0.021840706330028
48,500,"class_x1_minus_ordinary_x1","wrong_sign",-0.240633333333333
49,500,"class_x1_minus_ordinary_x1","mae",0.036963298332883
49,500,"class_x1_minus_ordinary_x1","mean_error",-0.000694918365692999
49,500,"class_x1_minus_ordinary_x1","mse",0.18795882225439
49,500,"class_x1_minus_ordinary_x1","oracle_gain",0
49,500,"class_x1_minus_ordinary_x1","regret",-0.0005613168056464
49,500,"class_x1_minus_ordinary_x1","treatment_share",0.260233333333333
49,500,"class_x1_minus_ordinary_x1","value_gain",0.000561316805646972
49,500,"class_x1_minus_ordinary_x1","wrong_sign",-0.213633333333333
5,500,"class_x1_minus_ordinary_x1","mae",0.010312198643765
5,500,"class_x1_minus_ordinary_x1","mean_error",0.00501717930448105
5,500,"class_x1_minus_ordinary_x1","mse",0.15953326967024
5,500,"class_x1_minus_ordinary_x1","oracle_gain",0
5,500,"class_x1_minus_ordinary_x1","regret",-0.0241089315158532
5,500,"class_x1_minus_ordinary_x1","treatment_share",0.249066666666667
5,500,"class_x1_minus_ordinary_x1","value_gain",0.024108931515854
5,500,"class_x1_minus_ordinary_x1","wrong_sign",-0.2474
50,500,"class_x1_minus_ordinary_x1","mae",0.027463028900073
50,500,"class_x1_minus_ordinary_x1","mean_error",0.00076503254191244
50,500,"class_x1_minus_ordinary_x1","mse",0.169807266696611
50,500,"class_x1_minus_ordinary_x1","oracle_gain",0
50,500,"class_x1_minus_ordinary_x1","regret",-0.0234915033270222
50,500,"class_x1_minus_ordinary_x1","treatment_share",0.2447
50,500,"class_x1_minus_ordinary_x1","value_gain",0.023491503327023
50,500,"class_x1_minus_ordinary_x1","wrong_sign",-0.2427
51,500,"class_x1_minus_ordinary_x1","mae",0.029720530071285
51,500,"class_x1_minus_ordinary_x1","mean_error",-0.0054750151300969
51,500,"class_x1_minus_ordinary_x1","mse",0.177693157739619
51,500,"class_x1_minus_ordinary_x1","oracle_gain",0
51,500,"class_x1_minus_ordinary_x1","regret",-0.022019278321052
51,500,"class_x1_minus_ordinary_x1","treatment_share",0.240266666666667
51,500,"class_x1_minus_ordinary_x1","value_gain",0.022019278321052
51,500,"class_x1_minus_ordinary_x1","wrong_sign",-0.236266666666666
52,500,"class_x1_minus_ordinary_x1","mae",0.050940975444476
52,500,"class_x1_minus_ordinary_x1","mean_error",0.0069775708896138
52,500,"class_x1_minus_ordinary_x1","mse",0.184991119999216
52,500,"class_x1_minus_ordinary_x1","oracle_gain",0
52,500,"class_x1_minus_ordinary_x1","regret",-0.0258485843434658
52,500,"class_x1_minus_ordinary_x1","treatment_share",0.251133333333334
52,500,"class_x1_minus_ordinary_x1","value_gain",0.025848584343467
52,500,"class_x1_minus_ordinary_x1","wrong_sign",-0.250866666666667
53,500,"class_x1_minus_ordinary_x1","mae",0.00287147287659101
53,500,"class_x1_minus_ordinary_x1","mean_error",0.00274789132982702
53,500,"class_x1_minus_ordinary_x1","mse",0.141312367115465
53,500,"class_x1_minus_ordinary_x1","oracle_gain",0
53,500,"class_x1_minus_ordinary_x1","regret",-0.0234751772301582
53,500,"class_x1_minus_ordinary_x1","treatment_share",0.238866666666666
53,500,"class_x1_minus_ordinary_x1","value_gain",0.023475177230159
53,500,"class_x1_minus_ordinary_x1","wrong_sign",-0.238733333333334
54,500,"class_x1_minus_ordinary_x1","mae",0.033302762964127
54,500,"class_x1_minus_ordinary_x1","mean_error",0.000336756869230001
54,500,"class_x1_minus_ordinary_x1","mse",0.163534905958127
54,500,"class_x1_minus_ordinary_x1","oracle_gain",0
54,500,"class_x1_minus_ordinary_x1","regret",-0.0220623076756533
54,500,"class_x1_minus_ordinary_x1","treatment_share",0.249233333333334
54,500,"class_x1_minus_ordinary_x1","value_gain",0.022062307675653
54,500,"class_x1_minus_ordinary_x1","wrong_sign",-0.244033333333333
55,500,"class_x1_minus_ordinary_x1","mae",0.049595909538198
55,500,"class_x1_minus_ordinary_x1","mean_error",-0.00209911227536269
55,500,"class_x1_minus_ordinary_x1","mse",0.180737705905296
55,500,"class_x1_minus_ordinary_x1","oracle_gain",0
55,500,"class_x1_minus_ordinary_x1","regret",-0.0240685775437664
55,500,"class_x1_minus_ordinary_x1","treatment_share",0.245866666666667
55,500,"class_x1_minus_ordinary_x1","value_gain",0.024068577543766
55,500,"class_x1_minus_ordinary_x1","wrong_sign",-0.245133333333333
56,500,"class_x1_minus_ordinary_x1","mae",0.034041432140459
56,500,"class_x1_minus_ordinary_x1","mean_error",0.000238233514470299
56,500,"class_x1_minus_ordinary_x1","mse",0.177736057469918
56,500,"class_x1_minus_ordinary_x1","oracle_gain",0
56,500,"class_x1_minus_ordinary_x1","regret",-0.0245371973736904
56,500,"class_x1_minus_ordinary_x1","treatment_share",0.2476
56,500,"class_x1_minus_ordinary_x1","value_gain",0.02453719737369
56,500,"class_x1_minus_ordinary_x1","wrong_sign",-0.2472
57,500,"class_x1_minus_ordinary_x1","mae",0.04481542907347
57,500,"class_x1_minus_ordinary_x1","mean_error",-0.00930528785566396
57,500,"class_x1_minus_ordinary_x1","mse",0.17330239483035
57,500,"class_x1_minus_ordinary_x1","oracle_gain",0
57,500,"class_x1_minus_ordinary_x1","regret",-0.0233210197911722
57,500,"class_x1_minus_ordinary_x1","treatment_share",0.2393
57,500,"class_x1_minus_ordinary_x1","value_gain",0.023321019791171
57,500,"class_x1_minus_ordinary_x1","wrong_sign",-0.2383
58,500,"class_x1_minus_ordinary_x1","mae",0.032298721967116
58,500,"class_x1_minus_ordinary_x1","mean_error",-0.00473851334019344
58,500,"class_x1_minus_ordinary_x1","mse",0.178374575138614
58,500,"class_x1_minus_ordinary_x1","oracle_gain",0
58,500,"class_x1_minus_ordinary_x1","regret",-0.022466127959403
58,500,"class_x1_minus_ordinary_x1","treatment_share",0.2478
58,500,"class_x1_minus_ordinary_x1","value_gain",0.022466127959403
58,500,"class_x1_minus_ordinary_x1","wrong_sign",-0.243533333333333
59,500,"class_x1_minus_ordinary_x1","mae",0.014279913987687
59,500,"class_x1_minus_ordinary_x1","mean_error",-0.0050425756887335
59,500,"class_x1_minus_ordinary_x1","mse",0.166886443207558
59,500,"class_x1_minus_ordinary_x1","oracle_gain",0
59,500,"class_x1_minus_ordinary_x1","regret",-0.0236685291472495
59,500,"class_x1_minus_ordinary_x1","treatment_share",0.2429
59,500,"class_x1_minus_ordinary_x1","value_gain",0.023668529147248
59,500,"class_x1_minus_ordinary_x1","wrong_sign",-0.2417
6,500,"class_x1_minus_ordinary_x1","mae",0.022954928390842
6,500,"class_x1_minus_ordinary_x1","mean_error",-0.0054714242125676
6,500,"class_x1_minus_ordinary_x1","mse",0.15114000892925
6,500,"class_x1_minus_ordinary_x1","oracle_gain",0
6,500,"class_x1_minus_ordinary_x1","regret",-0.0242101934278135
6,500,"class_x1_minus_ordinary_x1","treatment_share",0.243233333333333
6,500,"class_x1_minus_ordinary_x1","value_gain",0.024210193427814
6,500,"class_x1_minus_ordinary_x1","wrong_sign",-0.2431
60,500,"class_x1_minus_ordinary_x1","mae",0.040040305135935
60,500,"class_x1_minus_ordinary_x1","mean_error",-0.0115792845006128
60,500,"class_x1_minus_ordinary_x1","mse",0.166471176578296
60,500,"class_x1_minus_ordinary_x1","oracle_gain",0
60,500,"class_x1_minus_ordinary_x1","regret",-0.0199266000317316
60,500,"class_x1_minus_ordinary_x1","treatment_share",0.236866666666667
60,500,"class_x1_minus_ordinary_x1","value_gain",0.019926600031732
60,500,"class_x1_minus_ordinary_x1","wrong_sign",-0.2302
61,500,"class_x1_minus_ordinary_x1","mae",0.02361109640172
61,500,"class_x1_minus_ordinary_x1","mean_error",0.0053820972971638
61,500,"class_x1_minus_ordinary_x1","mse",0.158400434484311
61,500,"class_x1_minus_ordinary_x1","oracle_gain",0
61,500,"class_x1_minus_ordinary_x1","regret",-0.0226524474588542
61,500,"class_x1_minus_ordinary_x1","treatment_share",0.2369
61,500,"class_x1_minus_ordinary_x1","value_gain",0.022652447458854
61,500,"class_x1_minus_ordinary_x1","wrong_sign",-0.2353
62,500,"class_x1_minus_ordinary_x1","mae",0.00114895907812002
62,500,"class_x1_minus_ordinary_x1","mean_error",0.0087411914758082
62,500,"class_x1_minus_ordinary_x1","mse",0.154584762914406
62,500,"class_x1_minus_ordinary_x1","oracle_gain",0
62,500,"class_x1_minus_ordinary_x1","regret",-0.0239994453108582
62,500,"class_x1_minus_ordinary_x1","treatment_share",0.253166666666667
62,500,"class_x1_minus_ordinary_x1","value_gain",0.023999445310857
62,500,"class_x1_minus_ordinary_x1","wrong_sign",-0.2481
63,500,"class_x1_minus_ordinary_x1","mae",0.067331041591235
63,500,"class_x1_minus_ordinary_x1","mean_error",-0.0049206999778924
63,500,"class_x1_minus_ordinary_x1","mse",0.193884745802341
63,500,"class_x1_minus_ordinary_x1","oracle_gain",0
63,500,"class_x1_minus_ordinary_x1","regret",-0.0176693517925994
63,500,"class_x1_minus_ordinary_x1","treatment_share",0.244366666666667
63,500,"class_x1_minus_ordinary_x1","value_gain",0.017669351792599
63,500,"class_x1_minus_ordinary_x1","wrong_sign",-0.2319
64,500,"class_x1_minus_ordinary_x1","mae",-0.00381998294416797
64,500,"class_x1_minus_ordinary_x1","mean_error",-0.0099947964439618
64,500,"class_x1_minus_ordinary_x1","mse",0.15989034128182
64,500,"class_x1_minus_ordinary_x1","oracle_gain",0
64,500,"class_x1_minus_ordinary_x1","regret",-0.0223893515796191
64,500,"class_x1_minus_ordinary_x1","treatment_share",0.2466
64,500,"class_x1_minus_ordinary_x1","value_gain",0.022389351579619
64,500,"class_x1_minus_ordinary_x1","wrong_sign",-0.242866666666667
65,500,"class_x1_minus_ordinary_x1","mae",0.013033225606916
65,500,"class_x1_minus_ordinary_x1","mean_error",-0.0035245581689752
65,500,"class_x1_minus_ordinary_x1","mse",0.160656065652792
65,500,"class_x1_minus_ordinary_x1","oracle_gain",0
65,500,"class_x1_minus_ordinary_x1","regret",-0.0216930206917677
65,500,"class_x1_minus_ordinary_x1","treatment_share",0.245733333333333
65,500,"class_x1_minus_ordinary_x1","value_gain",0.021693020691769
65,500,"class_x1_minus_ordinary_x1","wrong_sign",-0.2404
66,500,"class_x1_minus_ordinary_x1","mae",0.111435907717446
66,500,"class_x1_minus_ordinary_x1","mean_error",-0.00842263840126495
66,500,"class_x1_minus_ordinary_x1","mse",0.194182694296566
66,500,"class_x1_minus_ordinary_x1","oracle_gain",0
66,500,"class_x1_minus_ordinary_x1","regret",-0.0165643774026912
66,500,"class_x1_minus_ordinary_x1","treatment_share",0.2232
66,500,"class_x1_minus_ordinary_x1","value_gain",0.016564377402691
66,500,"class_x1_minus_ordinary_x1","wrong_sign",-0.212733333333333
67,500,"class_x1_minus_ordinary_x1","mae",0.038021180967078
67,500,"class_x1_minus_ordinary_x1","mean_error",0.00526761217636391
67,500,"class_x1_minus_ordinary_x1","mse",0.189734451411031
67,500,"class_x1_minus_ordinary_x1","oracle_gain",0
67,500,"class_x1_minus_ordinary_x1","regret",-0.016326219450226
67,500,"class_x1_minus_ordinary_x1","treatment_share",0.2487
67,500,"class_x1_minus_ordinary_x1","value_gain",0.016326219450226
67,500,"class_x1_minus_ordinary_x1","wrong_sign",-0.233233333333333
68,500,"class_x1_minus_ordinary_x1","mae",0.052149716843142
68,500,"class_x1_minus_ordinary_x1","mean_error",-0.0134445296192189
68,500,"class_x1_minus_ordinary_x1","mse",0.170826613355723
68,500,"class_x1_minus_ordinary_x1","oracle_gain",0
68,500,"class_x1_minus_ordinary_x1","regret",-0.0243761440371489
68,500,"class_x1_minus_ordinary_x1","treatment_share",0.244
68,500,"class_x1_minus_ordinary_x1","value_gain",0.024376144037148
68,500,"class_x1_minus_ordinary_x1","wrong_sign",-0.243866666666666
69,500,"class_x1_minus_ordinary_x1","mae",0.030341718702292
69,500,"class_x1_minus_ordinary_x1","mean_error",0.0019247271888326
69,500,"class_x1_minus_ordinary_x1","mse",0.176509212600435
69,500,"class_x1_minus_ordinary_x1","oracle_gain",0
69,500,"class_x1_minus_ordinary_x1","regret",-0.0216557345435622
69,500,"class_x1_minus_ordinary_x1","treatment_share",0.244933333333333
69,500,"class_x1_minus_ordinary_x1","value_gain",0.021655734543562
69,500,"class_x1_minus_ordinary_x1","wrong_sign",-0.239866666666666
7,500,"class_x1_minus_ordinary_x1","mae",0.038570418471744
7,500,"class_x1_minus_ordinary_x1","mean_error",0.0061648232266411
7,500,"class_x1_minus_ordinary_x1","mse",0.18037027742251
7,500,"class_x1_minus_ordinary_x1","oracle_gain",0
7,500,"class_x1_minus_ordinary_x1","regret",-0.023507522028993
7,500,"class_x1_minus_ordinary_x1","treatment_share",0.249666666666666
7,500,"class_x1_minus_ordinary_x1","value_gain",0.023507522028992
7,500,"class_x1_minus_ordinary_x1","wrong_sign",-0.247066666666667
70,500,"class_x1_minus_ordinary_x1","mae",0.028472199864081
70,500,"class_x1_minus_ordinary_x1","mean_error",0.0017732495283903
70,500,"class_x1_minus_ordinary_x1","mse",0.154391846469915
70,500,"class_x1_minus_ordinary_x1","oracle_gain",0
70,500,"class_x1_minus_ordinary_x1","regret",-0.0242961978882902
70,500,"class_x1_minus_ordinary_x1","treatment_share",0.235633333333333
70,500,"class_x1_minus_ordinary_x1","value_gain",0.02429619788829
70,500,"class_x1_minus_ordinary_x1","wrong_sign",-0.2369
71,500,"class_x1_minus_ordinary_x1","mae",0.03554473730112
71,500,"class_x1_minus_ordinary_x1","mean_error",-0.0028189007019201
71,500,"class_x1_minus_ordinary_x1","mse",0.171710385793307
71,500,"class_x1_minus_ordinary_x1","oracle_gain",0
71,500,"class_x1_minus_ordinary_x1","regret",-0.0144398289131359
71,500,"class_x1_minus_ordinary_x1","treatment_share",0.2393
71,500,"class_x1_minus_ordinary_x1","value_gain",0.014439828913136
71,500,"class_x1_minus_ordinary_x1","wrong_sign",-0.2221
72,500,"class_x1_minus_ordinary_x1","mae",0.028576387435773
72,500,"class_x1_minus_ordinary_x1","mean_error",0.0024796180062182
72,500,"class_x1_minus_ordinary_x1","mse",0.163243119831298
72,500,"class_x1_minus_ordinary_x1","oracle_gain",0
72,500,"class_x1_minus_ordinary_x1","regret",-0.0227679707770904
72,500,"class_x1_minus_ordinary_x1","treatment_share",0.245
72,500,"class_x1_minus_ordinary_x1","value_gain",0.02276797077709
72,500,"class_x1_minus_ordinary_x1","wrong_sign",-0.241866666666666
73,500,"class_x1_minus_ordinary_x1","mae",0.016759389577273
73,500,"class_x1_minus_ordinary_x1","mean_error",0.0077425328371652
73,500,"class_x1_minus_ordinary_x1","mse",0.160922788618885
73,500,"class_x1_minus_ordinary_x1","oracle_gain",0
73,500,"class_x1_minus_ordinary_x1","regret",-0.0201767186222264
73,500,"class_x1_minus_ordinary_x1","treatment_share",0.2489
73,500,"class_x1_minus_ordinary_x1","value_gain",0.020176718622228
73,500,"class_x1_minus_ordinary_x1","wrong_sign",-0.240166666666666
74,500,"class_x1_minus_ordinary_x1","mae",0.026122708211377
74,500,"class_x1_minus_ordinary_x1","mean_error",-0.001366878819496
74,500,"class_x1_minus_ordinary_x1","mse",0.163509277268202
74,500,"class_x1_minus_ordinary_x1","oracle_gain",0
74,500,"class_x1_minus_ordinary_x1","regret",-0.023299309412165
74,500,"class_x1_minus_ordinary_x1","treatment_share",0.240533333333333
74,500,"class_x1_minus_ordinary_x1","value_gain",0.023299309412165
74,500,"class_x1_minus_ordinary_x1","wrong_sign",-0.239666666666666
75,500,"class_x1_minus_ordinary_x1","mae",0.059862516336209
75,500,"class_x1_minus_ordinary_x1","mean_error",0.0176991518876752
75,500,"class_x1_minus_ordinary_x1","mse",0.163267861682617
75,500,"class_x1_minus_ordinary_x1","oracle_gain",0
75,500,"class_x1_minus_ordinary_x1","regret",-0.0226912339672159
75,500,"class_x1_minus_ordinary_x1","treatment_share",0.253066666666667
75,500,"class_x1_minus_ordinary_x1","value_gain",0.022691233967216
75,500,"class_x1_minus_ordinary_x1","wrong_sign",-0.248066666666666
76,500,"class_x1_minus_ordinary_x1","mae",0.000949682734168955
76,500,"class_x1_minus_ordinary_x1","mean_error",0.00553015702995593
76,500,"class_x1_minus_ordinary_x1","mse",0.168549508837649
76,500,"class_x1_minus_ordinary_x1","oracle_gain",0
76,500,"class_x1_minus_ordinary_x1","regret",-0.0203071234198979
76,500,"class_x1_minus_ordinary_x1","treatment_share",0.238
76,500,"class_x1_minus_ordinary_x1","value_gain",0.020307123419898
76,500,"class_x1_minus_ordinary_x1","wrong_sign",-0.2316
77,500,"class_x1_minus_ordinary_x1","mae",0.015039078231172
77,500,"class_x1_minus_ordinary_x1","mean_error",-0.0032896592159715
77,500,"class_x1_minus_ordinary_x1","mse",0.168932970417015
77,500,"class_x1_minus_ordinary_x1","oracle_gain",0
77,500,"class_x1_minus_ordinary_x1","regret",-0.0182421646443583
77,500,"class_x1_minus_ordinary_x1","treatment_share",0.2395
77,500,"class_x1_minus_ordinary_x1","value_gain",0.018242164644359
77,500,"class_x1_minus_ordinary_x1","wrong_sign",-0.2291
78,500,"class_x1_minus_ordinary_x1","mae",0.026874614350153
78,500,"class_x1_minus_ordinary_x1","mean_error",0.0095443157758701
78,500,"class_x1_minus_ordinary_x1","mse",0.164848102424172
78,500,"class_x1_minus_ordinary_x1","oracle_gain",0
78,500,"class_x1_minus_ordinary_x1","regret",-0.021185901087088
78,500,"class_x1_minus_ordinary_x1","treatment_share",0.242233333333333
78,500,"class_x1_minus_ordinary_x1","value_gain",0.021185901087089
78,500,"class_x1_minus_ordinary_x1","wrong_sign",-0.236633333333334
79,500,"class_x1_minus_ordinary_x1","mae",0.036874048033299
79,500,"class_x1_minus_ordinary_x1","mean_error",0.0078370094444568
79,500,"class_x1_minus_ordinary_x1","mse",0.162319242437603
79,500,"class_x1_minus_ordinary_x1","oracle_gain",0
79,500,"class_x1_minus_ordinary_x1","regret",-0.0235384145893531
79,500,"class_x1_minus_ordinary_x1","treatment_share",0.230866666666667
79,500,"class_x1_minus_ordinary_x1","value_gain",0.023538414589353
79,500,"class_x1_minus_ordinary_x1","wrong_sign",-0.231933333333333
8,500,"class_x1_minus_ordinary_x1","mae",0.00808843973326501
8,500,"class_x1_minus_ordinary_x1","mean_error",-0.00502936327842191
8,500,"class_x1_minus_ordinary_x1","mse",0.165187098776589
8,500,"class_x1_minus_ordinary_x1","oracle_gain",0
8,500,"class_x1_minus_ordinary_x1","regret",-0.0208690596452737
8,500,"class_x1_minus_ordinary_x1","treatment_share",0.2469
8,500,"class_x1_minus_ordinary_x1","value_gain",0.020869059645273
8,500,"class_x1_minus_ordinary_x1","wrong_sign",-0.240033333333333
80,500,"class_x1_minus_ordinary_x1","mae",0.10044453630534
80,500,"class_x1_minus_ordinary_x1","mean_error",0.0038955284600187
80,500,"class_x1_minus_ordinary_x1","mse",0.205980070869604
80,500,"class_x1_minus_ordinary_x1","oracle_gain",0
80,500,"class_x1_minus_ordinary_x1","regret",-0.0228285934496207
80,500,"class_x1_minus_ordinary_x1","treatment_share",0.245333333333333
80,500,"class_x1_minus_ordinary_x1","value_gain",0.022828593449621
80,500,"class_x1_minus_ordinary_x1","wrong_sign",-0.2422
81,500,"class_x1_minus_ordinary_x1","mae",0.011954719232219
81,500,"class_x1_minus_ordinary_x1","mean_error",0.0067472184265369
81,500,"class_x1_minus_ordinary_x1","mse",0.150483281042129
81,500,"class_x1_minus_ordinary_x1","oracle_gain",0
81,500,"class_x1_minus_ordinary_x1","regret",-0.0249008935119405
81,500,"class_x1_minus_ordinary_x1","treatment_share",0.243433333333333
81,500,"class_x1_minus_ordinary_x1","value_gain",0.02490089351194
81,500,"class_x1_minus_ordinary_x1","wrong_sign",-0.243433333333334
82,500,"class_x1_minus_ordinary_x1","mae",0.018360460268318
82,500,"class_x1_minus_ordinary_x1","mean_error",0.0122946835870525
82,500,"class_x1_minus_ordinary_x1","mse",0.177426748274792
82,500,"class_x1_minus_ordinary_x1","oracle_gain",0
82,500,"class_x1_minus_ordinary_x1","regret",-0.0211370795364181
82,500,"class_x1_minus_ordinary_x1","treatment_share",0.251966666666666
82,500,"class_x1_minus_ordinary_x1","value_gain",0.021137079536417
82,500,"class_x1_minus_ordinary_x1","wrong_sign",-0.2445
83,500,"class_x1_minus_ordinary_x1","mae",0.041846650348239
83,500,"class_x1_minus_ordinary_x1","mean_error",0.00941523011900024
83,500,"class_x1_minus_ordinary_x1","mse",0.175794557410661
83,500,"class_x1_minus_ordinary_x1","oracle_gain",0
83,500,"class_x1_minus_ordinary_x1","regret",-0.0232562461142979
83,500,"class_x1_minus_ordinary_x1","treatment_share",0.247566666666667
83,500,"class_x1_minus_ordinary_x1","value_gain",0.023256246114298
83,500,"class_x1_minus_ordinary_x1","wrong_sign",-0.244633333333333
84,500,"class_x1_minus_ordinary_x1","mae",0.031900582034141
84,500,"class_x1_minus_ordinary_x1","mean_error",0.000781500838941098
84,500,"class_x1_minus_ordinary_x1","mse",0.178026308458073
84,500,"class_x1_minus_ordinary_x1","oracle_gain",0
84,500,"class_x1_minus_ordinary_x1","regret",-0.0184368691341144
84,500,"class_x1_minus_ordinary_x1","treatment_share",0.2507
84,500,"class_x1_minus_ordinary_x1","value_gain",0.018436869134115
84,500,"class_x1_minus_ordinary_x1","wrong_sign",-0.239033333333333
85,500,"class_x1_minus_ordinary_x1","mae",0.00393095218266898
85,500,"class_x1_minus_ordinary_x1","mean_error",0.0028604705177001
85,500,"class_x1_minus_ordinary_x1","mse",0.156200785276852
85,500,"class_x1_minus_ordinary_x1","oracle_gain",0
85,500,"class_x1_minus_ordinary_x1","regret",-0.0236201192390989
85,500,"class_x1_minus_ordinary_x1","treatment_share",0.2532
85,500,"class_x1_minus_ordinary_x1","value_gain",0.023620119239098
85,500,"class_x1_minus_ordinary_x1","wrong_sign",-0.249866666666667
86,500,"class_x1_minus_ordinary_x1","mae",0.003881941932043
86,500,"class_x1_minus_ordinary_x1","mean_error",0.00504521857657268
86,500,"class_x1_minus_ordinary_x1","mse",0.161529195576821
86,500,"class_x1_minus_ordinary_x1","oracle_gain",0
86,500,"class_x1_minus_ordinary_x1","regret",-0.0187814422641624
86,500,"class_x1_minus_ordinary_x1","treatment_share",0.2459
86,500,"class_x1_minus_ordinary_x1","value_gain",0.018781442264162
86,500,"class_x1_minus_ordinary_x1","wrong_sign",-0.2355
87,500,"class_x1_minus_ordinary_x1","mae",0.052206224769784
87,500,"class_x1_minus_ordinary_x1","mean_error",-0.0213116437500819
87,500,"class_x1_minus_ordinary_x1","mse",0.182315259526961
87,500,"class_x1_minus_ordinary_x1","oracle_gain",0
87,500,"class_x1_minus_ordinary_x1","regret",-0.0235086922689775
87,500,"class_x1_minus_ordinary_x1","treatment_share",0.241966666666667
87,500,"class_x1_minus_ordinary_x1","value_gain",0.023508692268978
87,500,"class_x1_minus_ordinary_x1","wrong_sign",-0.240766666666666
88,500,"class_x1_minus_ordinary_x1","mae",0.041157748107263
88,500,"class_x1_minus_ordinary_x1","mean_error",0.0070890001291335
88,500,"class_x1_minus_ordinary_x1","mse",0.158045856590101
88,500,"class_x1_minus_ordinary_x1","oracle_gain",0
88,500,"class_x1_minus_ordinary_x1","regret",-0.02402358241697
88,500,"class_x1_minus_ordinary_x1","treatment_share",0.251166666666667
88,500,"class_x1_minus_ordinary_x1","value_gain",0.024023582416969
88,500,"class_x1_minus_ordinary_x1","wrong_sign",-0.249633333333333
89,500,"class_x1_minus_ordinary_x1","mae",0.045131998116717
89,500,"class_x1_minus_ordinary_x1","mean_error",-0.00629513557120165
89,500,"class_x1_minus_ordinary_x1","mse",0.192413330251418
89,500,"class_x1_minus_ordinary_x1","oracle_gain",0
89,500,"class_x1_minus_ordinary_x1","regret",-0.0231721193786842
89,500,"class_x1_minus_ordinary_x1","treatment_share",0.243133333333333
89,500,"class_x1_minus_ordinary_x1","value_gain",0.023172119378684
89,500,"class_x1_minus_ordinary_x1","wrong_sign",-0.240666666666667
9,500,"class_x1_minus_ordinary_x1","mae",0.014004377790469
9,500,"class_x1_minus_ordinary_x1","mean_error",0.00359022615478063
9,500,"class_x1_minus_ordinary_x1","mse",0.166690019308545
9,500,"class_x1_minus_ordinary_x1","oracle_gain",0
9,500,"class_x1_minus_ordinary_x1","regret",-0.0235513221990737
9,500,"class_x1_minus_ordinary_x1","treatment_share",0.2498
9,500,"class_x1_minus_ordinary_x1","value_gain",0.023551322199074
9,500,"class_x1_minus_ordinary_x1","wrong_sign",-0.247133333333334
90,500,"class_x1_minus_ordinary_x1","mae",0.00753949689379402
90,500,"class_x1_minus_ordinary_x1","mean_error",-0.0025964711908445
90,500,"class_x1_minus_ordinary_x1","mse",0.150504889077543
90,500,"class_x1_minus_ordinary_x1","oracle_gain",0
90,500,"class_x1_minus_ordinary_x1","regret",-0.0187517799306429
90,500,"class_x1_minus_ordinary_x1","treatment_share",0.2486
90,500,"class_x1_minus_ordinary_x1","value_gain",0.018751779930643
90,500,"class_x1_minus_ordinary_x1","wrong_sign",-0.237466666666667
91,500,"class_x1_minus_ordinary_x1","mae",0.066714204973053
91,500,"class_x1_minus_ordinary_x1","mean_error",0.000875304978684002
91,500,"class_x1_minus_ordinary_x1","mse",0.16831846751517
91,500,"class_x1_minus_ordinary_x1","oracle_gain",0
91,500,"class_x1_minus_ordinary_x1","regret",-0.022304696493772
91,500,"class_x1_minus_ordinary_x1","treatment_share",0.230066666666666
91,500,"class_x1_minus_ordinary_x1","value_gain",0.022304696493772
91,500,"class_x1_minus_ordinary_x1","wrong_sign",-0.229933333333333
92,500,"class_x1_minus_ordinary_x1","mae",0.025709842098782
92,500,"class_x1_minus_ordinary_x1","mean_error",-0.00011774121477803
92,500,"class_x1_minus_ordinary_x1","mse",0.156543705654962
92,500,"class_x1_minus_ordinary_x1","oracle_gain",0
92,500,"class_x1_minus_ordinary_x1","regret",-0.0242190919123318
92,500,"class_x1_minus_ordinary_x1","treatment_share",0.2454
92,500,"class_x1_minus_ordinary_x1","value_gain",0.024219091912332
92,500,"class_x1_minus_ordinary_x1","wrong_sign",-0.244733333333333
93,500,"class_x1_minus_ordinary_x1","mae",0.00809095599596699
93,500,"class_x1_minus_ordinary_x1","mean_error",-0.000941992135262797
93,500,"class_x1_minus_ordinary_x1","mse",0.14565727692533
93,500,"class_x1_minus_ordinary_x1","oracle_gain",0
93,500,"class_x1_minus_ordinary_x1","regret",-0.0236186420727134
93,500,"class_x1_minus_ordinary_x1","treatment_share",0.242066666666667
93,500,"class_x1_minus_ordinary_x1","value_gain",0.023618642072712
93,500,"class_x1_minus_ordinary_x1","wrong_sign",-0.240866666666667
94,500,"class_x1_minus_ordinary_x1","mae",0.051744692052839
94,500,"class_x1_minus_ordinary_x1","mean_error",-0.0118818279242595
94,500,"class_x1_minus_ordinary_x1","mse",0.179875374265675
94,500,"class_x1_minus_ordinary_x1","oracle_gain",0
94,500,"class_x1_minus_ordinary_x1","regret",-0.0242485390292574
94,500,"class_x1_minus_ordinary_x1","treatment_share",0.243666666666667
94,500,"class_x1_minus_ordinary_x1","value_gain",0.024248539029256
94,500,"class_x1_minus_ordinary_x1","wrong_sign",-0.243266666666666
95,500,"class_x1_minus_ordinary_x1","mae",0.02235580369935
95,500,"class_x1_minus_ordinary_x1","mean_error",-0.00885097033179828
95,500,"class_x1_minus_ordinary_x1","mse",0.168833588376681
95,500,"class_x1_minus_ordinary_x1","oracle_gain",0
95,500,"class_x1_minus_ordinary_x1","regret",-0.0229544527661467
95,500,"class_x1_minus_ordinary_x1","treatment_share",0.251066666666667
95,500,"class_x1_minus_ordinary_x1","value_gain",0.022954452766145
95,500,"class_x1_minus_ordinary_x1","wrong_sign",-0.247133333333333
96,500,"class_x1_minus_ordinary_x1","mae",-0.013425264110213
96,500,"class_x1_minus_ordinary_x1","mean_error",-0.000192687401574489
96,500,"class_x1_minus_ordinary_x1","mse",0.126817947764052
96,500,"class_x1_minus_ordinary_x1","oracle_gain",0
96,500,"class_x1_minus_ordinary_x1","regret",-0.0234513286735141
96,500,"class_x1_minus_ordinary_x1","treatment_share",0.250766666666666
96,500,"class_x1_minus_ordinary_x1","value_gain",0.023451328673514
96,500,"class_x1_minus_ordinary_x1","wrong_sign",-0.247833333333334
97,500,"class_x1_minus_ordinary_x1","mae",0.019256603491435
97,500,"class_x1_minus_ordinary_x1","mean_error",-0.001871397413004
97,500,"class_x1_minus_ordinary_x1","mse",0.159854271893782
97,500,"class_x1_minus_ordinary_x1","oracle_gain",0
97,500,"class_x1_minus_ordinary_x1","regret",-0.0230933833966172
97,500,"class_x1_minus_ordinary_x1","treatment_share",0.232333333333333
97,500,"class_x1_minus_ordinary_x1","value_gain",0.023093383396617
97,500,"class_x1_minus_ordinary_x1","wrong_sign",-0.232466666666666
98,500,"class_x1_minus_ordinary_x1","mae",0.034908259045774
98,500,"class_x1_minus_ordinary_x1","mean_error",0.0048934049210243
98,500,"class_x1_minus_ordinary_x1","mse",0.168768154624115
98,500,"class_x1_minus_ordinary_x1","oracle_gain",0
98,500,"class_x1_minus_ordinary_x1","regret",-0.0200484337651784
98,500,"class_x1_minus_ordinary_x1","treatment_share",0.246266666666667
98,500,"class_x1_minus_ordinary_x1","value_gain",0.020048433765179
98,500,"class_x1_minus_ordinary_x1","wrong_sign",-0.238
99,500,"class_x1_minus_ordinary_x1","mae",-0.016255991187373
99,500,"class_x1_minus_ordinary_x1","mean_error",-0.00300897670044575
99,500,"class_x1_minus_ordinary_x1","mse",0.143640607008377
99,500,"class_x1_minus_ordinary_x1","oracle_gain",0
99,500,"class_x1_minus_ordinary_x1","regret",-0.0245648349756818
99,500,"class_x1_minus_ordinary_x1","treatment_share",0.25
99,500,"class_x1_minus_ordinary_x1","value_gain",0.024564834975683
99,500,"class_x1_minus_ordinary_x1","wrong_sign",-0.249333333333333
1,500,"class_x1_minus_ordinary_x2","mae",-0.023576905572804
1,500,"class_x1_minus_ordinary_x2","mean_error",0.00350900900827109
1,500,"class_x1_minus_ordinary_x2","mse",0.121021292841469
1,500,"class_x1_minus_ordinary_x2","oracle_gain",0
1,500,"class_x1_minus_ordinary_x2","regret",-0.0724574175956121
1,500,"class_x1_minus_ordinary_x2","treatment_share",0.2426
1,500,"class_x1_minus_ordinary_x2","value_gain",0.072457417595613
1,500,"class_x1_minus_ordinary_x2","wrong_sign",-0.242
10,500,"class_x1_minus_ordinary_x2","mae",-0.030412717550763
10,500,"class_x1_minus_ordinary_x2","mean_error",-0.0052805929532703
10,500,"class_x1_minus_ordinary_x2","mse",0.103438782009957
10,500,"class_x1_minus_ordinary_x2","oracle_gain",0
10,500,"class_x1_minus_ordinary_x2","regret",-0.0683356456395758
10,500,"class_x1_minus_ordinary_x2","treatment_share",0.2533
10,500,"class_x1_minus_ordinary_x2","value_gain",0.068335645639575
10,500,"class_x1_minus_ordinary_x2","wrong_sign",-0.2417
100,500,"class_x1_minus_ordinary_x2","mae",0.019143494026502
100,500,"class_x1_minus_ordinary_x2","mean_error",-0.0038276511541969
100,500,"class_x1_minus_ordinary_x2","mse",0.151255700981095
100,500,"class_x1_minus_ordinary_x2","oracle_gain",0
100,500,"class_x1_minus_ordinary_x2","regret",0.00153342268078531
100,500,"class_x1_minus_ordinary_x2","treatment_share",0.00790000000000002
100,500,"class_x1_minus_ordinary_x2","value_gain",-0.00153342268078499
100,500,"class_x1_minus_ordinary_x2","wrong_sign",-0.00176666666666667
11,500,"class_x1_minus_ordinary_x2","mae",-0.00705989980632404
11,500,"class_x1_minus_ordinary_x2","mean_error",0.00672358893831742
11,500,"class_x1_minus_ordinary_x2","mse",0.127802142284132
11,500,"class_x1_minus_ordinary_x2","oracle_gain",0
11,500,"class_x1_minus_ordinary_x2","regret",-0.0684411004703001
11,500,"class_x1_minus_ordinary_x2","treatment_share",0.230266666666666
11,500,"class_x1_minus_ordinary_x2","value_gain",0.068441100470301
11,500,"class_x1_minus_ordinary_x2","wrong_sign",-0.2292
12,500,"class_x1_minus_ordinary_x2","mae",0.00606759296346598
12,500,"class_x1_minus_ordinary_x2","mean_error",0.0083113356621464
12,500,"class_x1_minus_ordinary_x2","mse",0.15405570587477
12,500,"class_x1_minus_ordinary_x2","oracle_gain",0
12,500,"class_x1_minus_ordinary_x2","regret",-0.0292442499594346
12,500,"class_x1_minus_ordinary_x2","treatment_share",0.152733333333333
12,500,"class_x1_minus_ordinary_x2","value_gain",0.029244249959434
12,500,"class_x1_minus_ordinary_x2","wrong_sign",-0.127333333333333
13,500,"class_x1_minus_ordinary_x2","mae",-0.033678095198672
13,500,"class_x1_minus_ordinary_x2","mean_error",-0.0039340995754255
13,500,"class_x1_minus_ordinary_x2","mse",0.0941212155104
13,500,"class_x1_minus_ordinary_x2","oracle_gain",0
13,500,"class_x1_minus_ordinary_x2","regret",-0.0724121838489127
13,500,"class_x1_minus_ordinary_x2","treatment_share",0.242066666666666
13,500,"class_x1_minus_ordinary_x2","value_gain",0.072412183848914
13,500,"class_x1_minus_ordinary_x2","wrong_sign",-0.2416
14,500,"class_x1_minus_ordinary_x2","mae",-0.01332351670461
14,500,"class_x1_minus_ordinary_x2","mean_error",-0.00554317611460305
14,500,"class_x1_minus_ordinary_x2","mse",0.141982186422896
14,500,"class_x1_minus_ordinary_x2","oracle_gain",0
14,500,"class_x1_minus_ordinary_x2","regret",-0.0626857544149421
14,500,"class_x1_minus_ordinary_x2","treatment_share",0.222733333333333
14,500,"class_x1_minus_ordinary_x2","value_gain",0.062685754414942
14,500,"class_x1_minus_ordinary_x2","wrong_sign",-0.2162
15,500,"class_x1_minus_ordinary_x2","mae",-0.015476923650952
15,500,"class_x1_minus_ordinary_x2","mean_error",-0.0139827922395438
15,500,"class_x1_minus_ordinary_x2","mse",0.113190595766958
15,500,"class_x1_minus_ordinary_x2","oracle_gain",0
15,500,"class_x1_minus_ordinary_x2","regret",-0.0576117544492132
15,500,"class_x1_minus_ordinary_x2","treatment_share",0.190366666666667
15,500,"class_x1_minus_ordinary_x2","value_gain",0.057611754449214
15,500,"class_x1_minus_ordinary_x2","wrong_sign",-0.191166666666667
16,500,"class_x1_minus_ordinary_x2","mae",0.000760249533396984
16,500,"class_x1_minus_ordinary_x2","mean_error",0.0113057388824843
16,500,"class_x1_minus_ordinary_x2","mse",0.134205338632729
16,500,"class_x1_minus_ordinary_x2","oracle_gain",0
16,500,"class_x1_minus_ordinary_x2","regret",-0.0691640553515311
16,500,"class_x1_minus_ordinary_x2","treatment_share",0.252666666666667
16,500,"class_x1_minus_ordinary_x2","value_gain",0.06916405535153
16,500,"class_x1_minus_ordinary_x2","wrong_sign",-0.241266666666667
17,500,"class_x1_minus_ordinary_x2","mae",-0.014931211324579
17,500,"class_x1_minus_ordinary_x2","mean_error",0.0072107920787163
17,500,"class_x1_minus_ordinary_x2","mse",0.120724733622074
17,500,"class_x1_minus_ordinary_x2","oracle_gain",0
17,500,"class_x1_minus_ordinary_x2","regret",-0.0715410539428067
17,500,"class_x1_minus_ordinary_x2","treatment_share",0.241433333333333
17,500,"class_x1_minus_ordinary_x2","value_gain",0.071541053942806
17,500,"class_x1_minus_ordinary_x2","wrong_sign",-0.239433333333334
18,500,"class_x1_minus_ordinary_x2","mae",0.00326140861207502
18,500,"class_x1_minus_ordinary_x2","mean_error",-0.0024660713146251
18,500,"class_x1_minus_ordinary_x2","mse",0.139931600434251
18,500,"class_x1_minus_ordinary_x2","oracle_gain",0
18,500,"class_x1_minus_ordinary_x2","regret",-0.0700221661317642
18,500,"class_x1_minus_ordinary_x2","treatment_share",0.225966666666666
18,500,"class_x1_minus_ordinary_x2","value_gain",0.070022166131765
18,500,"class_x1_minus_ordinary_x2","wrong_sign",-0.2259
19,500,"class_x1_minus_ordinary_x2","mae",-0.019812787991695
19,500,"class_x1_minus_ordinary_x2","mean_error",-0.0096232913626582
19,500,"class_x1_minus_ordinary_x2","mse",0.121994431250124
19,500,"class_x1_minus_ordinary_x2","oracle_gain",0
19,500,"class_x1_minus_ordinary_x2","regret",-0.0586698731794747
19,500,"class_x1_minus_ordinary_x2","treatment_share",0.207333333333333
19,500,"class_x1_minus_ordinary_x2","value_gain",0.058669873179474
19,500,"class_x1_minus_ordinary_x2","wrong_sign",-0.201933333333333
2,500,"class_x1_minus_ordinary_x2","mae",-0.012181658552142
2,500,"class_x1_minus_ordinary_x2","mean_error",-0.00304846579284424
2,500,"class_x1_minus_ordinary_x2","mse",0.137786153975333
2,500,"class_x1_minus_ordinary_x2","oracle_gain",0
2,500,"class_x1_minus_ordinary_x2","regret",-0.0545112107754159
2,500,"class_x1_minus_ordinary_x2","treatment_share",0.2012
2,500,"class_x1_minus_ordinary_x2","value_gain",0.054511210775416
2,500,"class_x1_minus_ordinary_x2","wrong_sign",-0.1922
20,500,"class_x1_minus_ordinary_x2","mae",-0.014025363895414
20,500,"class_x1_minus_ordinary_x2","mean_error",0.009897448331634
20,500,"class_x1_minus_ordinary_x2","mse",0.125920953365945
20,500,"class_x1_minus_ordinary_x2","oracle_gain",0
20,500,"class_x1_minus_ordinary_x2","regret",-0.0518014728497804
20,500,"class_x1_minus_ordinary_x2","treatment_share",0.2478
20,500,"class_x1_minus_ordinary_x2","value_gain",0.051801472849782
20,500,"class_x1_minus_ordinary_x2","wrong_sign",-0.213333333333334
21,500,"class_x1_minus_ordinary_x2","mae",-0.00412259147433097
21,500,"class_x1_minus_ordinary_x2","mean_error",0.000795097487298297
21,500,"class_x1_minus_ordinary_x2","mse",0.140224614814142
21,500,"class_x1_minus_ordinary_x2","oracle_gain",0
21,500,"class_x1_minus_ordinary_x2","regret",-0.0555508826695038
21,500,"class_x1_minus_ordinary_x2","treatment_share",0.218933333333334
21,500,"class_x1_minus_ordinary_x2","value_gain",0.055550882669505
21,500,"class_x1_minus_ordinary_x2","wrong_sign",-0.2032
22,500,"class_x1_minus_ordinary_x2","mae",-0.022920036919871
22,500,"class_x1_minus_ordinary_x2","mean_error",-7.12187814109859e-06
22,500,"class_x1_minus_ordinary_x2","mse",0.122846502663627
22,500,"class_x1_minus_ordinary_x2","oracle_gain",0
22,500,"class_x1_minus_ordinary_x2","regret",-0.0667544722443035
22,500,"class_x1_minus_ordinary_x2","treatment_share",0.2352
22,500,"class_x1_minus_ordinary_x2","value_gain",0.066754472244303
22,500,"class_x1_minus_ordinary_x2","wrong_sign",-0.2288
23,500,"class_x1_minus_ordinary_x2","mae",-0.007572414158174
23,500,"class_x1_minus_ordinary_x2","mean_error",-0.0110657870678283
23,500,"class_x1_minus_ordinary_x2","mse",0.129284093261354
23,500,"class_x1_minus_ordinary_x2","oracle_gain",0
23,500,"class_x1_minus_ordinary_x2","regret",-0.0418575261072405
23,500,"class_x1_minus_ordinary_x2","treatment_share",0.151033333333333
23,500,"class_x1_minus_ordinary_x2","value_gain",0.04185752610724
23,500,"class_x1_minus_ordinary_x2","wrong_sign",-0.1455
24,500,"class_x1_minus_ordinary_x2","mae",-0.000488501909239991
24,500,"class_x1_minus_ordinary_x2","mean_error",-0.00789448610246137
24,500,"class_x1_minus_ordinary_x2","mse",0.135637812693846
24,500,"class_x1_minus_ordinary_x2","oracle_gain",0
24,500,"class_x1_minus_ordinary_x2","regret",-0.0429088292061132
24,500,"class_x1_minus_ordinary_x2","treatment_share",0.142933333333334
24,500,"class_x1_minus_ordinary_x2","value_gain",0.042908829206114
24,500,"class_x1_minus_ordinary_x2","wrong_sign",-0.142333333333333
25,500,"class_x1_minus_ordinary_x2","mae",-0.014019324361554
25,500,"class_x1_minus_ordinary_x2","mean_error",-0.0013168007801856
25,500,"class_x1_minus_ordinary_x2","mse",0.125835941294884
25,500,"class_x1_minus_ordinary_x2","oracle_gain",0
25,500,"class_x1_minus_ordinary_x2","regret",-0.0616598384344883
25,500,"class_x1_minus_ordinary_x2","treatment_share",0.247466666666666
25,500,"class_x1_minus_ordinary_x2","value_gain",0.061659838434488
25,500,"class_x1_minus_ordinary_x2","wrong_sign",-0.228466666666667
26,500,"class_x1_minus_ordinary_x2","mae",-0.00761422479700902
26,500,"class_x1_minus_ordinary_x2","mean_error",-0.005265192918009
26,500,"class_x1_minus_ordinary_x2","mse",0.134680737921575
26,500,"class_x1_minus_ordinary_x2","oracle_gain",0
26,500,"class_x1_minus_ordinary_x2","regret",-0.066895381178238
26,500,"class_x1_minus_ordinary_x2","treatment_share",0.227533333333333
26,500,"class_x1_minus_ordinary_x2","value_gain",0.066895381178237
26,500,"class_x1_minus_ordinary_x2","wrong_sign",-0.225333333333333
27,500,"class_x1_minus_ordinary_x2","mae",-0.016348023090971
27,500,"class_x1_minus_ordinary_x2","mean_error",0.0051337942046152
27,500,"class_x1_minus_ordinary_x2","mse",0.123431252025777
27,500,"class_x1_minus_ordinary_x2","oracle_gain",0
27,500,"class_x1_minus_ordinary_x2","regret",-0.0609347841447476
27,500,"class_x1_minus_ordinary_x2","treatment_share",0.239266666666667
27,500,"class_x1_minus_ordinary_x2","value_gain",0.060934784144747
27,500,"class_x1_minus_ordinary_x2","wrong_sign",-0.2228
28,500,"class_x1_minus_ordinary_x2","mae",-0.00082801013476802
28,500,"class_x1_minus_ordinary_x2","mean_error",-0.00603651013527083
28,500,"class_x1_minus_ordinary_x2","mse",0.148645398018281
28,500,"class_x1_minus_ordinary_x2","oracle_gain",0
28,500,"class_x1_minus_ordinary_x2","regret",-0.0475081970499779
28,500,"class_x1_minus_ordinary_x2","treatment_share",0.164366666666667
28,500,"class_x1_minus_ordinary_x2","value_gain",0.047508197049978
28,500,"class_x1_minus_ordinary_x2","wrong_sign",-0.161433333333334
29,500,"class_x1_minus_ordinary_x2","mae",-0.00497800823806899
29,500,"class_x1_minus_ordinary_x2","mean_error",-0.0077814251194147
29,500,"class_x1_minus_ordinary_x2","mse",0.143075779470475
29,500,"class_x1_minus_ordinary_x2","oracle_gain",0
29,500,"class_x1_minus_ordinary_x2","regret",-0.0693374756570593
29,500,"class_x1_minus_ordinary_x2","treatment_share",0.2414
29,500,"class_x1_minus_ordinary_x2","value_gain",0.06933747565706
29,500,"class_x1_minus_ordinary_x2","wrong_sign",-0.2362
3,500,"class_x1_minus_ordinary_x2","mae",-0.011443703110794
3,500,"class_x1_minus_ordinary_x2","mean_error",0.0052881179947251
3,500,"class_x1_minus_ordinary_x2","mse",0.131643273394952
3,500,"class_x1_minus_ordinary_x2","oracle_gain",0
3,500,"class_x1_minus_ordinary_x2","regret",-0.0591382601091104
3,500,"class_x1_minus_ordinary_x2","treatment_share",0.226166666666666
3,500,"class_x1_minus_ordinary_x2","value_gain",0.05913826010911
3,500,"class_x1_minus_ordinary_x2","wrong_sign",-0.212766666666667
30,500,"class_x1_minus_ordinary_x2","mae",-0.024246133853932
30,500,"class_x1_minus_ordinary_x2","mean_error",-0.0007619892114761
30,500,"class_x1_minus_ordinary_x2","mse",0.117693550875305
30,500,"class_x1_minus_ordinary_x2","oracle_gain",0
30,500,"class_x1_minus_ordinary_x2","regret",-0.0712128085364403
30,500,"class_x1_minus_ordinary_x2","treatment_share",0.241633333333333
30,500,"class_x1_minus_ordinary_x2","value_gain",0.071212808536441
30,500,"class_x1_minus_ordinary_x2","wrong_sign",-0.2395
31,500,"class_x1_minus_ordinary_x2","mae",-0.0192581237069
31,500,"class_x1_minus_ordinary_x2","mean_error",0.0013482798545905
31,500,"class_x1_minus_ordinary_x2","mse",0.112219674936435
31,500,"class_x1_minus_ordinary_x2","oracle_gain",0
31,500,"class_x1_minus_ordinary_x2","regret",-0.0735648584126967
31,500,"class_x1_minus_ordinary_x2","treatment_share",0.2451
31,500,"class_x1_minus_ordinary_x2","value_gain",0.073564858412697
31,500,"class_x1_minus_ordinary_x2","wrong_sign",-0.244966666666666
32,500,"class_x1_minus_ordinary_x2","mae",-0.00978914789298302
32,500,"class_x1_minus_ordinary_x2","mean_error",0.0052631257001746
32,500,"class_x1_minus_ordinary_x2","mse",0.133497639174388
32,500,"class_x1_minus_ordinary_x2","oracle_gain",0
32,500,"class_x1_minus_ordinary_x2","regret",-0.0456754090868375
32,500,"class_x1_minus_ordinary_x2","treatment_share",0.186833333333333
32,500,"class_x1_minus_ordinary_x2","value_gain",0.045675409086839
32,500,"class_x1_minus_ordinary_x2","wrong_sign",-0.170833333333333
33,500,"class_x1_minus_ordinary_x2","mae",-0.015708692804585
33,500,"class_x1_minus_ordinary_x2","mean_error",-0.0040108966304721
33,500,"class_x1_minus_ordinary_x2","mse",0.133073538508077
33,500,"class_x1_minus_ordinary_x2","oracle_gain",0
33,500,"class_x1_minus_ordinary_x2","regret",-0.0720230013632208
33,500,"class_x1_minus_ordinary_x2","treatment_share",0.2476
33,500,"class_x1_minus_ordinary_x2","value_gain",0.072023001363221
33,500,"class_x1_minus_ordinary_x2","wrong_sign",-0.243866666666666
34,500,"class_x1_minus_ordinary_x2","mae",-0.004030679424055
34,500,"class_x1_minus_ordinary_x2","mean_error",-0.0111583366201296
34,500,"class_x1_minus_ordinary_x2","mse",0.133692178345647
34,500,"class_x1_minus_ordinary_x2","oracle_gain",0
34,500,"class_x1_minus_ordinary_x2","regret",-0.062276831111356
34,500,"class_x1_minus_ordinary_x2","treatment_share",0.207
34,500,"class_x1_minus_ordinary_x2","value_gain",0.062276831111357
34,500,"class_x1_minus_ordinary_x2","wrong_sign",-0.2066
35,500,"class_x1_minus_ordinary_x2","mae",-0.00972280518644103
35,500,"class_x1_minus_ordinary_x2","mean_error",-0.0057531138058665
35,500,"class_x1_minus_ordinary_x2","mse",0.127419477722278
35,500,"class_x1_minus_ordinary_x2","oracle_gain",0
35,500,"class_x1_minus_ordinary_x2","regret",-0.0701723872054828
35,500,"class_x1_minus_ordinary_x2","treatment_share",0.241366666666667
35,500,"class_x1_minus_ordinary_x2","value_gain",0.070172387205482
35,500,"class_x1_minus_ordinary_x2","wrong_sign",-0.2377
36,500,"class_x1_minus_ordinary_x2","mae",-0.015766709480861
36,500,"class_x1_minus_ordinary_x2","mean_error",-0.0059684396303009
36,500,"class_x1_minus_ordinary_x2","mse",0.131094167623222
36,500,"class_x1_minus_ordinary_x2","oracle_gain",0
36,500,"class_x1_minus_ordinary_x2","regret",-0.0680988982831857
36,500,"class_x1_minus_ordinary_x2","treatment_share",0.2318
36,500,"class_x1_minus_ordinary_x2","value_gain",0.068098898283186
36,500,"class_x1_minus_ordinary_x2","wrong_sign",-0.2282
37,500,"class_x1_minus_ordinary_x2","mae",-0.01369907036683
37,500,"class_x1_minus_ordinary_x2","mean_error",-0.0054391304144154
37,500,"class_x1_minus_ordinary_x2","mse",0.133161036026649
37,500,"class_x1_minus_ordinary_x2","oracle_gain",0
37,500,"class_x1_minus_ordinary_x2","regret",-0.0506538232947992
37,500,"class_x1_minus_ordinary_x2","treatment_share",0.2246
37,500,"class_x1_minus_ordinary_x2","value_gain",0.0506538232948
37,500,"class_x1_minus_ordinary_x2","wrong_sign",-0.201733333333334
38,500,"class_x1_minus_ordinary_x2","mae",-0.003094040240535
38,500,"class_x1_minus_ordinary_x2","mean_error",0.00448221919983605
38,500,"class_x1_minus_ordinary_x2","mse",0.131671632709363
38,500,"class_x1_minus_ordinary_x2","oracle_gain",0
38,500,"class_x1_minus_ordinary_x2","regret",-0.0517457233387153
38,500,"class_x1_minus_ordinary_x2","treatment_share",0.171033333333333
38,500,"class_x1_minus_ordinary_x2","value_gain",0.051745723338717
38,500,"class_x1_minus_ordinary_x2","wrong_sign",-0.171633333333333
39,500,"class_x1_minus_ordinary_x2","mae",-0.00135914521174396
39,500,"class_x1_minus_ordinary_x2","mean_error",-0.0035772562608964
39,500,"class_x1_minus_ordinary_x2","mse",0.128825966562759
39,500,"class_x1_minus_ordinary_x2","oracle_gain",0
39,500,"class_x1_minus_ordinary_x2","regret",-0.0623894600471576
39,500,"class_x1_minus_ordinary_x2","treatment_share",0.212966666666667
39,500,"class_x1_minus_ordinary_x2","value_gain",0.062389460047157
39,500,"class_x1_minus_ordinary_x2","wrong_sign",-0.2119
4,500,"class_x1_minus_ordinary_x2","mae",-0.022959996748364
4,500,"class_x1_minus_ordinary_x2","mean_error",0.0063484091016613
4,500,"class_x1_minus_ordinary_x2","mse",0.115395912802683
4,500,"class_x1_minus_ordinary_x2","oracle_gain",0
4,500,"class_x1_minus_ordinary_x2","regret",-0.0714524206902917
4,500,"class_x1_minus_ordinary_x2","treatment_share",0.240733333333333
4,500,"class_x1_minus_ordinary_x2","value_gain",0.071452420690292
4,500,"class_x1_minus_ordinary_x2","wrong_sign",-0.2398
40,500,"class_x1_minus_ordinary_x2","mae",-0.00881990262771803
40,500,"class_x1_minus_ordinary_x2","mean_error",0.00451880153249844
40,500,"class_x1_minus_ordinary_x2","mse",0.142164984488216
40,500,"class_x1_minus_ordinary_x2","oracle_gain",0
40,500,"class_x1_minus_ordinary_x2","regret",-0.0687375323958563
40,500,"class_x1_minus_ordinary_x2","treatment_share",0.2291
40,500,"class_x1_minus_ordinary_x2","value_gain",0.068737532395856
40,500,"class_x1_minus_ordinary_x2","wrong_sign",-0.2289
41,500,"class_x1_minus_ordinary_x2","mae",-0.008210441238229
41,500,"class_x1_minus_ordinary_x2","mean_error",-0.00485324444728376
41,500,"class_x1_minus_ordinary_x2","mse",0.133466673409495
41,500,"class_x1_minus_ordinary_x2","oracle_gain",0
41,500,"class_x1_minus_ordinary_x2","regret",-0.0622031197965571
41,500,"class_x1_minus_ordinary_x2","treatment_share",0.216766666666667
41,500,"class_x1_minus_ordinary_x2","value_gain",0.062203119796557
41,500,"class_x1_minus_ordinary_x2","wrong_sign",-0.212633333333333
42,500,"class_x1_minus_ordinary_x2","mae",-0.013791862206758
42,500,"class_x1_minus_ordinary_x2","mean_error",0.0032631361219597
42,500,"class_x1_minus_ordinary_x2","mse",0.124455348088439
42,500,"class_x1_minus_ordinary_x2","oracle_gain",0
42,500,"class_x1_minus_ordinary_x2","regret",-0.0615492207282643
42,500,"class_x1_minus_ordinary_x2","treatment_share",0.2265
42,500,"class_x1_minus_ordinary_x2","value_gain",0.061549220728264
42,500,"class_x1_minus_ordinary_x2","wrong_sign",-0.215233333333333
43,500,"class_x1_minus_ordinary_x2","mae",-0.008834723378847
43,500,"class_x1_minus_ordinary_x2","mean_error",0.0021319227790156
43,500,"class_x1_minus_ordinary_x2","mse",0.119987242762493
43,500,"class_x1_minus_ordinary_x2","oracle_gain",0
43,500,"class_x1_minus_ordinary_x2","regret",-0.0714500973353264
43,500,"class_x1_minus_ordinary_x2","treatment_share",0.2373
43,500,"class_x1_minus_ordinary_x2","value_gain",0.071450097335327
43,500,"class_x1_minus_ordinary_x2","wrong_sign",-0.237166666666667
44,500,"class_x1_minus_ordinary_x2","mae",-0.01616526176914
44,500,"class_x1_minus_ordinary_x2","mean_error",-0.0069692362394351
44,500,"class_x1_minus_ordinary_x2","mse",0.114516853549153
44,500,"class_x1_minus_ordinary_x2","oracle_gain",0
44,500,"class_x1_minus_ordinary_x2","regret",-0.0711526888451594
44,500,"class_x1_minus_ordinary_x2","treatment_share",0.2507
44,500,"class_x1_minus_ordinary_x2","value_gain",0.071152688845159
44,500,"class_x1_minus_ordinary_x2","wrong_sign",-0.244566666666667
45,500,"class_x1_minus_ordinary_x2","mae",-0.00293638976586402
45,500,"class_x1_minus_ordinary_x2","mean_error",0.0063889330905098
45,500,"class_x1_minus_ordinary_x2","mse",0.134437331694213
45,500,"class_x1_minus_ordinary_x2","oracle_gain",0
45,500,"class_x1_minus_ordinary_x2","regret",-0.0608291299879171
45,500,"class_x1_minus_ordinary_x2","treatment_share",0.2244
45,500,"class_x1_minus_ordinary_x2","value_gain",0.060829129987917
45,500,"class_x1_minus_ordinary_x2","wrong_sign",-0.211533333333333
46,500,"class_x1_minus_ordinary_x2","mae",-0.00323819903473299
46,500,"class_x1_minus_ordinary_x2","mean_error",-0.0131360469452585
46,500,"class_x1_minus_ordinary_x2","mse",0.127662577478355
46,500,"class_x1_minus_ordinary_x2","oracle_gain",0
46,500,"class_x1_minus_ordinary_x2","regret",-0.0710067674235045
46,500,"class_x1_minus_ordinary_x2","treatment_share",0.230133333333333
46,500,"class_x1_minus_ordinary_x2","value_gain",0.071006767423504
46,500,"class_x1_minus_ordinary_x2","wrong_sign",-0.230133333333334
47,500,"class_x1_minus_ordinary_x2","mae",-0.020561595054917
47,500,"class_x1_minus_ordinary_x2","mean_error",0.000648179653839197
47,500,"class_x1_minus_ordinary_x2","mse",0.120712429832321
47,500,"class_x1_minus_ordinary_x2","oracle_gain",0
47,500,"class_x1_minus_ordinary_x2","regret",-0.0674748879038448
47,500,"class_x1_minus_ordinary_x2","treatment_share",0.226033333333334
47,500,"class_x1_minus_ordinary_x2","value_gain",0.067474887903846
47,500,"class_x1_minus_ordinary_x2","wrong_sign",-0.225366666666666
48,500,"class_x1_minus_ordinary_x2","mae",-0.024071302914794
48,500,"class_x1_minus_ordinary_x2","mean_error",-0.0035560918475502
48,500,"class_x1_minus_ordinary_x2","mse",0.116082940399441
48,500,"class_x1_minus_ordinary_x2","oracle_gain",0
48,500,"class_x1_minus_ordinary_x2","regret",-0.0687465832671982
48,500,"class_x1_minus_ordinary_x2","treatment_share",0.248366666666667
48,500,"class_x1_minus_ordinary_x2","value_gain",0.068746583267198
48,500,"class_x1_minus_ordinary_x2","wrong_sign",-0.239633333333333
49,500,"class_x1_minus_ordinary_x2","mae",0.000491925387138992
49,500,"class_x1_minus_ordinary_x2","mean_error",-0.00122641994111899
49,500,"class_x1_minus_ordinary_x2","mse",0.151172914502987
49,500,"class_x1_minus_ordinary_x2","oracle_gain",0
49,500,"class_x1_minus_ordinary_x2","regret",-0.0386806545594573
49,500,"class_x1_minus_ordinary_x2","treatment_share",0.2303
49,500,"class_x1_minus_ordinary_x2","value_gain",0.038680654559458
49,500,"class_x1_minus_ordinary_x2","wrong_sign",-0.183433333333333
5,500,"class_x1_minus_ordinary_x2","mae",-0.00531299852341904
5,500,"class_x1_minus_ordinary_x2","mean_error",-0.000988058878929401
5,500,"class_x1_minus_ordinary_x2","mse",0.137643000628193
5,500,"class_x1_minus_ordinary_x2","oracle_gain",0
5,500,"class_x1_minus_ordinary_x2","regret",-0.0687673511824276
5,500,"class_x1_minus_ordinary_x2","treatment_share",0.229333333333334
5,500,"class_x1_minus_ordinary_x2","value_gain",0.068767351182428
5,500,"class_x1_minus_ordinary_x2","wrong_sign",-0.229133333333334
50,500,"class_x1_minus_ordinary_x2","mae",-0.016745448944744
50,500,"class_x1_minus_ordinary_x2","mean_error",-0.00654416057748236
50,500,"class_x1_minus_ordinary_x2","mse",0.131212014802279
50,500,"class_x1_minus_ordinary_x2","oracle_gain",0
50,500,"class_x1_minus_ordinary_x2","regret",-0.0672710430559268
50,500,"class_x1_minus_ordinary_x2","treatment_share",0.237466666666666
50,500,"class_x1_minus_ordinary_x2","value_gain",0.067271043055927
50,500,"class_x1_minus_ordinary_x2","wrong_sign",-0.231666666666667
51,500,"class_x1_minus_ordinary_x2","mae",-0.000919108042609029
51,500,"class_x1_minus_ordinary_x2","mean_error",0.0074646285817717
51,500,"class_x1_minus_ordinary_x2","mse",0.144959748580635
51,500,"class_x1_minus_ordinary_x2","oracle_gain",0
51,500,"class_x1_minus_ordinary_x2","regret",-0.0665370762279034
51,500,"class_x1_minus_ordinary_x2","treatment_share",0.228533333333333
51,500,"class_x1_minus_ordinary_x2","value_gain",0.066537076227904
51,500,"class_x1_minus_ordinary_x2","wrong_sign",-0.2246
52,500,"class_x1_minus_ordinary_x2","mae",-0.015592269416953
52,500,"class_x1_minus_ordinary_x2","mean_error",0.0091861990020792
52,500,"class_x1_minus_ordinary_x2","mse",0.127408405471576
52,500,"class_x1_minus_ordinary_x2","oracle_gain",0
52,500,"class_x1_minus_ordinary_x2","regret",-0.0730347091615044
52,500,"class_x1_minus_ordinary_x2","treatment_share",0.2465
52,500,"class_x1_minus_ordinary_x2","value_gain",0.073034709161505
52,500,"class_x1_minus_ordinary_x2","wrong_sign",-0.246233333333334
53,500,"class_x1_minus_ordinary_x2","mae",-0.011016809428014
53,500,"class_x1_minus_ordinary_x2","mean_error",0.00101958327555138
53,500,"class_x1_minus_ordinary_x2","mse",0.126041968690915
53,500,"class_x1_minus_ordinary_x2","oracle_gain",0
53,500,"class_x1_minus_ordinary_x2","regret",-0.0687938888708253
53,500,"class_x1_minus_ordinary_x2","treatment_share",0.2261
53,500,"class_x1_minus_ordinary_x2","value_gain",0.068793888870827
53,500,"class_x1_minus_ordinary_x2","wrong_sign",-0.225966666666667
54,500,"class_x1_minus_ordinary_x2","mae",-0.015779898793833
54,500,"class_x1_minus_ordinary_x2","mean_error",-0.000811820460310801
54,500,"class_x1_minus_ordinary_x2","mse",0.123120174087051
54,500,"class_x1_minus_ordinary_x2","oracle_gain",0
54,500,"class_x1_minus_ordinary_x2","regret",-0.0695913507856385
54,500,"class_x1_minus_ordinary_x2","treatment_share",0.245866666666667
54,500,"class_x1_minus_ordinary_x2","value_gain",0.069591350785639
54,500,"class_x1_minus_ordinary_x2","wrong_sign",-0.2394
55,500,"class_x1_minus_ordinary_x2","mae",-0.017133128962604
55,500,"class_x1_minus_ordinary_x2","mean_error",-0.0071904890278429
55,500,"class_x1_minus_ordinary_x2","mse",0.126015592663174
55,500,"class_x1_minus_ordinary_x2","oracle_gain",0
55,500,"class_x1_minus_ordinary_x2","regret",-0.0719061251780863
55,500,"class_x1_minus_ordinary_x2","treatment_share",0.238366666666667
55,500,"class_x1_minus_ordinary_x2","value_gain",0.071906125178086
55,500,"class_x1_minus_ordinary_x2","wrong_sign",-0.238433333333333
56,500,"class_x1_minus_ordinary_x2","mae",-0.014637917185088
56,500,"class_x1_minus_ordinary_x2","mean_error",-0.0014220166627082
56,500,"class_x1_minus_ordinary_x2","mse",0.136541839994466
56,500,"class_x1_minus_ordinary_x2","oracle_gain",0
56,500,"class_x1_minus_ordinary_x2","regret",-0.0673319402710566
56,500,"class_x1_minus_ordinary_x2","treatment_share",0.2325
56,500,"class_x1_minus_ordinary_x2","value_gain",0.067331940271057
56,500,"class_x1_minus_ordinary_x2","wrong_sign",-0.2291
57,500,"class_x1_minus_ordinary_x2","mae",-0.025862551855319
57,500,"class_x1_minus_ordinary_x2","mean_error",0.00475957577345062
57,500,"class_x1_minus_ordinary_x2","mse",0.115769796525597
57,500,"class_x1_minus_ordinary_x2","oracle_gain",0
57,500,"class_x1_minus_ordinary_x2","regret",-0.073915513593151
57,500,"class_x1_minus_ordinary_x2","treatment_share",0.252366666666666
57,500,"class_x1_minus_ordinary_x2","value_gain",0.073915513593151
57,500,"class_x1_minus_ordinary_x2","wrong_sign",-0.2493
58,500,"class_x1_minus_ordinary_x2","mae",-0.009255256953907
58,500,"class_x1_minus_ordinary_x2","mean_error",0.00236595140489655
58,500,"class_x1_minus_ordinary_x2","mse",0.136935682125764
58,500,"class_x1_minus_ordinary_x2","oracle_gain",0
58,500,"class_x1_minus_ordinary_x2","regret",-0.0679253880312875
58,500,"class_x1_minus_ordinary_x2","treatment_share",0.2264
58,500,"class_x1_minus_ordinary_x2","value_gain",0.067925388031287
58,500,"class_x1_minus_ordinary_x2","wrong_sign",-0.226266666666666
59,500,"class_x1_minus_ordinary_x2","mae",-0.00718688723939204
59,500,"class_x1_minus_ordinary_x2","mean_error",0.0025453704739053
59,500,"class_x1_minus_ordinary_x2","mse",0.141719574192588
59,500,"class_x1_minus_ordinary_x2","oracle_gain",0
59,500,"class_x1_minus_ordinary_x2","regret",-0.0722859538071726
59,500,"class_x1_minus_ordinary_x2","treatment_share",0.246633333333333
59,500,"class_x1_minus_ordinary_x2","value_gain",0.072285953807171
59,500,"class_x1_minus_ordinary_x2","wrong_sign",-0.242566666666667
6,500,"class_x1_minus_ordinary_x2","mae",-0.014622432870506
6,500,"class_x1_minus_ordinary_x2","mean_error",0.0035858216755904
6,500,"class_x1_minus_ordinary_x2","mse",0.115772584683204
6,500,"class_x1_minus_ordinary_x2","oracle_gain",0
6,500,"class_x1_minus_ordinary_x2","regret",-0.0698021292960102
6,500,"class_x1_minus_ordinary_x2","treatment_share",0.2313
6,500,"class_x1_minus_ordinary_x2","value_gain",0.06980212929601
6,500,"class_x1_minus_ordinary_x2","wrong_sign",-0.2309
60,500,"class_x1_minus_ordinary_x2","mae",-0.00863388151730499
60,500,"class_x1_minus_ordinary_x2","mean_error",-0.0015080113420407
60,500,"class_x1_minus_ordinary_x2","mse",0.125168845361093
60,500,"class_x1_minus_ordinary_x2","oracle_gain",0
60,500,"class_x1_minus_ordinary_x2","regret",-0.0581762281097909
60,500,"class_x1_minus_ordinary_x2","treatment_share",0.223133333333333
60,500,"class_x1_minus_ordinary_x2","value_gain",0.058176228109792
60,500,"class_x1_minus_ordinary_x2","wrong_sign",-0.209666666666667
61,500,"class_x1_minus_ordinary_x2","mae",-0.00806694741292202
61,500,"class_x1_minus_ordinary_x2","mean_error",-0.000663285994955097
61,500,"class_x1_minus_ordinary_x2","mse",0.129534051519567
61,500,"class_x1_minus_ordinary_x2","oracle_gain",0
61,500,"class_x1_minus_ordinary_x2","regret",-0.0711451200582553
61,500,"class_x1_minus_ordinary_x2","treatment_share",0.240266666666667
61,500,"class_x1_minus_ordinary_x2","value_gain",0.071145120058255
61,500,"class_x1_minus_ordinary_x2","wrong_sign",-0.237733333333334
62,500,"class_x1_minus_ordinary_x2","mae",0.00653923594288502
62,500,"class_x1_minus_ordinary_x2","mean_error",-0.0025670871381022
62,500,"class_x1_minus_ordinary_x2","mse",0.143218868378567
62,500,"class_x1_minus_ordinary_x2","oracle_gain",0
62,500,"class_x1_minus_ordinary_x2","regret",-0.00967494448292912
62,500,"class_x1_minus_ordinary_x2","treatment_share",0.0387999999999999
62,500,"class_x1_minus_ordinary_x2","value_gain",0.00967494448292899
62,500,"class_x1_minus_ordinary_x2","wrong_sign",-0.0354666666666666
63,500,"class_x1_minus_ordinary_x2","mae",-0.029900032359119
63,500,"class_x1_minus_ordinary_x2","mean_error",0.0121785803527676
63,500,"class_x1_minus_ordinary_x2","mse",0.120015870011135
63,500,"class_x1_minus_ordinary_x2","oracle_gain",0
63,500,"class_x1_minus_ordinary_x2","regret",-0.0656962032537489
63,500,"class_x1_minus_ordinary_x2","treatment_share",0.2523
63,500,"class_x1_minus_ordinary_x2","value_gain",0.065696203253749
63,500,"class_x1_minus_ordinary_x2","wrong_sign",-0.2369
64,500,"class_x1_minus_ordinary_x2","mae",0.015530708369465
64,500,"class_x1_minus_ordinary_x2","mean_error",-0.0020193291082435
64,500,"class_x1_minus_ordinary_x2","mse",0.144840914382691
64,500,"class_x1_minus_ordinary_x2","oracle_gain",0
64,500,"class_x1_minus_ordinary_x2","regret",-0.0060018684400882
64,500,"class_x1_minus_ordinary_x2","treatment_share",0.0196666666666659
64,500,"class_x1_minus_ordinary_x2","value_gain",0.00600186844008699
64,500,"class_x1_minus_ordinary_x2","wrong_sign",-0.0198
65,500,"class_x1_minus_ordinary_x2","mae",0.007782704408411
65,500,"class_x1_minus_ordinary_x2","mean_error",-1.64576626913993e-05
65,500,"class_x1_minus_ordinary_x2","mse",0.146792470118606
65,500,"class_x1_minus_ordinary_x2","oracle_gain",0
65,500,"class_x1_minus_ordinary_x2","regret",-0.051077813361128
65,500,"class_x1_minus_ordinary_x2","treatment_share",0.177366666666667
65,500,"class_x1_minus_ordinary_x2","value_gain",0.051077813361129
65,500,"class_x1_minus_ordinary_x2","wrong_sign",-0.174166666666666
66,500,"class_x1_minus_ordinary_x2","mae",-0.0196086236195441
66,500,"class_x1_minus_ordinary_x2","mean_error",0.0129487312277384
66,500,"class_x1_minus_ordinary_x2","mse",0.114953282456159
66,500,"class_x1_minus_ordinary_x2","oracle_gain",0
66,500,"class_x1_minus_ordinary_x2","regret",-0.0650782736592672
66,500,"class_x1_minus_ordinary_x2","treatment_share",0.261633333333334
66,500,"class_x1_minus_ordinary_x2","value_gain",0.065078273659267
66,500,"class_x1_minus_ordinary_x2","wrong_sign",-0.241033333333333
67,500,"class_x1_minus_ordinary_x2","mae",-0.00374990545554199
67,500,"class_x1_minus_ordinary_x2","mean_error",-0.0053775001679666
67,500,"class_x1_minus_ordinary_x2","mse",0.151430174935417
67,500,"class_x1_minus_ordinary_x2","oracle_gain",0
67,500,"class_x1_minus_ordinary_x2","regret",-0.0574311387905021
67,500,"class_x1_minus_ordinary_x2","treatment_share",0.232633333333334
67,500,"class_x1_minus_ordinary_x2","value_gain",0.057431138790502
67,500,"class_x1_minus_ordinary_x2","wrong_sign",-0.2135
68,500,"class_x1_minus_ordinary_x2","mae",-0.015703110823515
68,500,"class_x1_minus_ordinary_x2","mean_error",-0.0012919064792108
68,500,"class_x1_minus_ordinary_x2","mse",0.114028860822913
68,500,"class_x1_minus_ordinary_x2","oracle_gain",0
68,500,"class_x1_minus_ordinary_x2","regret",-0.0688926228647665
68,500,"class_x1_minus_ordinary_x2","treatment_share",0.233433333333333
68,500,"class_x1_minus_ordinary_x2","value_gain",0.068892622864766
68,500,"class_x1_minus_ordinary_x2","wrong_sign",-0.231633333333333
69,500,"class_x1_minus_ordinary_x2","mae",-0.00414395304154097
69,500,"class_x1_minus_ordinary_x2","mean_error",-0.0055152450851341
69,500,"class_x1_minus_ordinary_x2","mse",0.140905216632035
69,500,"class_x1_minus_ordinary_x2","oracle_gain",0
69,500,"class_x1_minus_ordinary_x2","regret",-0.0689589349863065
69,500,"class_x1_minus_ordinary_x2","treatment_share",0.240433333333333
69,500,"class_x1_minus_ordinary_x2","value_gain",0.068958934986307
69,500,"class_x1_minus_ordinary_x2","wrong_sign",-0.235566666666666
7,500,"class_x1_minus_ordinary_x2","mae",-0.019604834443683
7,500,"class_x1_minus_ordinary_x2","mean_error",0.0005767483908578
7,500,"class_x1_minus_ordinary_x2","mse",0.129152952789354
7,500,"class_x1_minus_ordinary_x2","oracle_gain",0
7,500,"class_x1_minus_ordinary_x2","regret",-0.0686356387581748
7,500,"class_x1_minus_ordinary_x2","treatment_share",0.2352
7,500,"class_x1_minus_ordinary_x2","value_gain",0.068635638758175
7,500,"class_x1_minus_ordinary_x2","wrong_sign",-0.232133333333333
70,500,"class_x1_minus_ordinary_x2","mae",-0.016803675739085
70,500,"class_x1_minus_ordinary_x2","mean_error",0.0049494121162408
70,500,"class_x1_minus_ordinary_x2","mse",0.119390783912411
70,500,"class_x1_minus_ordinary_x2","oracle_gain",0
70,500,"class_x1_minus_ordinary_x2","regret",-0.0711439982037309
70,500,"class_x1_minus_ordinary_x2","treatment_share",0.251466666666666
70,500,"class_x1_minus_ordinary_x2","value_gain",0.071143998203731
70,500,"class_x1_minus_ordinary_x2","wrong_sign",-0.244333333333333
71,500,"class_x1_minus_ordinary_x2","mae",-0.014320355106952
71,500,"class_x1_minus_ordinary_x2","mean_error",0.0025604654696681
71,500,"class_x1_minus_ordinary_x2","mse",0.121151383096789
71,500,"class_x1_minus_ordinary_x2","oracle_gain",0
71,500,"class_x1_minus_ordinary_x2","regret",-0.0470292564427756
71,500,"class_x1_minus_ordinary_x2","treatment_share",0.201766666666667
71,500,"class_x1_minus_ordinary_x2","value_gain",0.047029256442776
71,500,"class_x1_minus_ordinary_x2","wrong_sign",-0.180833333333333
72,500,"class_x1_minus_ordinary_x2","mae",-0.011063454550213
72,500,"class_x1_minus_ordinary_x2","mean_error",-0.0029370894963276
72,500,"class_x1_minus_ordinary_x2","mse",0.126458877003168
72,500,"class_x1_minus_ordinary_x2","oracle_gain",0
72,500,"class_x1_minus_ordinary_x2","regret",-0.0673261708824857
72,500,"class_x1_minus_ordinary_x2","treatment_share",0.2352
72,500,"class_x1_minus_ordinary_x2","value_gain",0.067326170882486
72,500,"class_x1_minus_ordinary_x2","wrong_sign",-0.229666666666666
73,500,"class_x1_minus_ordinary_x2","mae",0.001937132618544
73,500,"class_x1_minus_ordinary_x2","mean_error",0.0023554409039515
73,500,"class_x1_minus_ordinary_x2","mse",0.146929506916462
73,500,"class_x1_minus_ordinary_x2","oracle_gain",0
73,500,"class_x1_minus_ordinary_x2","regret",-0.0540605588409516
73,500,"class_x1_minus_ordinary_x2","treatment_share",0.200266666666667
73,500,"class_x1_minus_ordinary_x2","value_gain",0.054060558840953
73,500,"class_x1_minus_ordinary_x2","wrong_sign",-0.1912
74,500,"class_x1_minus_ordinary_x2","mae",-0.021480218426458
74,500,"class_x1_minus_ordinary_x2","mean_error",0.0034227656355862
74,500,"class_x1_minus_ordinary_x2","mse",0.117641752697645
74,500,"class_x1_minus_ordinary_x2","oracle_gain",0
74,500,"class_x1_minus_ordinary_x2","regret",-0.0664023718228928
74,500,"class_x1_minus_ordinary_x2","treatment_share",0.218066666666666
74,500,"class_x1_minus_ordinary_x2","value_gain",0.066402371822893
74,500,"class_x1_minus_ordinary_x2","wrong_sign",-0.2186
75,500,"class_x1_minus_ordinary_x2","mae",-0.00298471167011
75,500,"class_x1_minus_ordinary_x2","mean_error",-0.00321958715857859
75,500,"class_x1_minus_ordinary_x2","mse",0.11055127395015
75,500,"class_x1_minus_ordinary_x2","oracle_gain",0
75,500,"class_x1_minus_ordinary_x2","regret",-0.0667051927537651
75,500,"class_x1_minus_ordinary_x2","treatment_share",0.2263
75,500,"class_x1_minus_ordinary_x2","value_gain",0.066705192753764
75,500,"class_x1_minus_ordinary_x2","wrong_sign",-0.224433333333333
76,500,"class_x1_minus_ordinary_x2","mae",0.013616730249403
76,500,"class_x1_minus_ordinary_x2","mean_error",0.00850548597504859
76,500,"class_x1_minus_ordinary_x2","mse",0.157406238678704
76,500,"class_x1_minus_ordinary_x2","oracle_gain",0
76,500,"class_x1_minus_ordinary_x2","regret",-0.00193473486474874
76,500,"class_x1_minus_ordinary_x2","treatment_share",0.0448999999999999
76,500,"class_x1_minus_ordinary_x2","value_gain",0.00193473486474899
76,500,"class_x1_minus_ordinary_x2","wrong_sign",-0.0265666666666667
77,500,"class_x1_minus_ordinary_x2","mae",-0.00369708389719103
77,500,"class_x1_minus_ordinary_x2","mean_error",-0.0039043397449777
77,500,"class_x1_minus_ordinary_x2","mse",0.144148272105334
77,500,"class_x1_minus_ordinary_x2","oracle_gain",0
77,500,"class_x1_minus_ordinary_x2","regret",-0.0647863124314425
77,500,"class_x1_minus_ordinary_x2","treatment_share",0.235033333333333
77,500,"class_x1_minus_ordinary_x2","value_gain",0.064786312431443
77,500,"class_x1_minus_ordinary_x2","wrong_sign",-0.2259
78,500,"class_x1_minus_ordinary_x2","mae",-0.00406931439363201
78,500,"class_x1_minus_ordinary_x2","mean_error",-0.0014699630791489
78,500,"class_x1_minus_ordinary_x2","mse",0.137203966550308
78,500,"class_x1_minus_ordinary_x2","oracle_gain",0
78,500,"class_x1_minus_ordinary_x2","regret",-0.0650559926102234
78,500,"class_x1_minus_ordinary_x2","treatment_share",0.248166666666667
78,500,"class_x1_minus_ordinary_x2","value_gain",0.065055992610223
78,500,"class_x1_minus_ordinary_x2","wrong_sign",-0.2337
79,500,"class_x1_minus_ordinary_x2","mae",-0.00433606389658697
79,500,"class_x1_minus_ordinary_x2","mean_error",-0.0046479340213093
79,500,"class_x1_minus_ordinary_x2","mse",0.129061181072937
79,500,"class_x1_minus_ordinary_x2","oracle_gain",0
79,500,"class_x1_minus_ordinary_x2","regret",-0.072023043556999
79,500,"class_x1_minus_ordinary_x2","treatment_share",0.237233333333333
79,500,"class_x1_minus_ordinary_x2","value_gain",0.072023043556999
79,500,"class_x1_minus_ordinary_x2","wrong_sign",-0.2369
8,500,"class_x1_minus_ordinary_x2","mae",0.00679624269336898
8,500,"class_x1_minus_ordinary_x2","mean_error",0.0035782131071336
8,500,"class_x1_minus_ordinary_x2","mse",0.147255508145341
8,500,"class_x1_minus_ordinary_x2","oracle_gain",0
8,500,"class_x1_minus_ordinary_x2","regret",-0.0125489177060289
8,500,"class_x1_minus_ordinary_x2","treatment_share",0.068366666666667
8,500,"class_x1_minus_ordinary_x2","value_gain",0.012548917706029
8,500,"class_x1_minus_ordinary_x2","wrong_sign",-0.0568333333333333
80,500,"class_x1_minus_ordinary_x2","mae",-0.022394874630831
80,500,"class_x1_minus_ordinary_x2","mean_error",-0.00134190053141
80,500,"class_x1_minus_ordinary_x2","mse",0.115356228559118
80,500,"class_x1_minus_ordinary_x2","oracle_gain",0
80,500,"class_x1_minus_ordinary_x2","regret",-0.0736481785274595
80,500,"class_x1_minus_ordinary_x2","treatment_share",0.249366666666667
80,500,"class_x1_minus_ordinary_x2","value_gain",0.073648178527459
80,500,"class_x1_minus_ordinary_x2","wrong_sign",-0.247633333333334
81,500,"class_x1_minus_ordinary_x2","mae",-0.005560284279372
81,500,"class_x1_minus_ordinary_x2","mean_error",-0.0062506159353274
81,500,"class_x1_minus_ordinary_x2","mse",0.132340678869955
81,500,"class_x1_minus_ordinary_x2","oracle_gain",0
81,500,"class_x1_minus_ordinary_x2","regret",-0.0707779106443957
81,500,"class_x1_minus_ordinary_x2","treatment_share",0.2306
81,500,"class_x1_minus_ordinary_x2","value_gain",0.070777910644396
81,500,"class_x1_minus_ordinary_x2","wrong_sign",-0.2306
82,500,"class_x1_minus_ordinary_x2","mae",-0.006779553068825
82,500,"class_x1_minus_ordinary_x2","mean_error",0.0053640761436494
82,500,"class_x1_minus_ordinary_x2","mse",0.144506290350502
82,500,"class_x1_minus_ordinary_x2","oracle_gain",0
82,500,"class_x1_minus_ordinary_x2","regret",-0.0656100035567156
82,500,"class_x1_minus_ordinary_x2","treatment_share",0.224233333333333
82,500,"class_x1_minus_ordinary_x2","value_gain",0.065610003556716
82,500,"class_x1_minus_ordinary_x2","wrong_sign",-0.221566666666667
83,500,"class_x1_minus_ordinary_x2","mae",-0.020292334653652
83,500,"class_x1_minus_ordinary_x2","mean_error",-0.00547630751222988
83,500,"class_x1_minus_ordinary_x2","mse",0.126045702168194
83,500,"class_x1_minus_ordinary_x2","oracle_gain",0
83,500,"class_x1_minus_ordinary_x2","regret",-0.0623546601990796
83,500,"class_x1_minus_ordinary_x2","treatment_share",0.218866666666667
83,500,"class_x1_minus_ordinary_x2","value_gain",0.062354660199079
83,500,"class_x1_minus_ordinary_x2","wrong_sign",-0.213933333333333
84,500,"class_x1_minus_ordinary_x2","mae",-0.024851394557289
84,500,"class_x1_minus_ordinary_x2","mean_error",0.0029750082064576
84,500,"class_x1_minus_ordinary_x2","mse",0.127540381440587
84,500,"class_x1_minus_ordinary_x2","oracle_gain",0
84,500,"class_x1_minus_ordinary_x2","regret",-0.0660728573258126
84,500,"class_x1_minus_ordinary_x2","treatment_share",0.2349
84,500,"class_x1_minus_ordinary_x2","value_gain",0.066072857325813
84,500,"class_x1_minus_ordinary_x2","wrong_sign",-0.2281
85,500,"class_x1_minus_ordinary_x2","mae",0.00346463457519097
85,500,"class_x1_minus_ordinary_x2","mean_error",0.0007445189351954
85,500,"class_x1_minus_ordinary_x2","mse",0.14368211815348
85,500,"class_x1_minus_ordinary_x2","oracle_gain",0
85,500,"class_x1_minus_ordinary_x2","regret",-0.0265510721055924
85,500,"class_x1_minus_ordinary_x2","treatment_share",0.095966666666666
85,500,"class_x1_minus_ordinary_x2","value_gain",0.026551072105592
85,500,"class_x1_minus_ordinary_x2","wrong_sign",-0.0926333333333334
86,500,"class_x1_minus_ordinary_x2","mae",-0.011306968356571
86,500,"class_x1_minus_ordinary_x2","mean_error",0.00544310411144059
86,500,"class_x1_minus_ordinary_x2","mse",0.135169109090843
86,500,"class_x1_minus_ordinary_x2","oracle_gain",0
86,500,"class_x1_minus_ordinary_x2","regret",-0.0119003422402147
86,500,"class_x1_minus_ordinary_x2","treatment_share",0.068866666666666
86,500,"class_x1_minus_ordinary_x2","value_gain",0.011900342240214
86,500,"class_x1_minus_ordinary_x2","wrong_sign",-0.0554
87,500,"class_x1_minus_ordinary_x2","mae",-0.004388003422788
87,500,"class_x1_minus_ordinary_x2","mean_error",-0.0023989192198382
87,500,"class_x1_minus_ordinary_x2","mse",0.131469470099429
87,500,"class_x1_minus_ordinary_x2","oracle_gain",0
87,500,"class_x1_minus_ordinary_x2","regret",-0.0720994218899188
87,500,"class_x1_minus_ordinary_x2","treatment_share",0.238733333333334
87,500,"class_x1_minus_ordinary_x2","value_gain",0.072099421889919
87,500,"class_x1_minus_ordinary_x2","wrong_sign",-0.239266666666666
88,500,"class_x1_minus_ordinary_x2","mae",-0.026892632141997
88,500,"class_x1_minus_ordinary_x2","mean_error",0.0017252756671061
88,500,"class_x1_minus_ordinary_x2","mse",0.102426161686851
88,500,"class_x1_minus_ordinary_x2","oracle_gain",0
88,500,"class_x1_minus_ordinary_x2","regret",-0.071901047281962
88,500,"class_x1_minus_ordinary_x2","treatment_share",0.242366666666667
88,500,"class_x1_minus_ordinary_x2","value_gain",0.071901047281962
88,500,"class_x1_minus_ordinary_x2","wrong_sign",-0.240966666666666
89,500,"class_x1_minus_ordinary_x2","mae",-0.011568094004203
89,500,"class_x1_minus_ordinary_x2","mean_error",-0.00499412604312626
89,500,"class_x1_minus_ordinary_x2","mse",0.142102940604971
89,500,"class_x1_minus_ordinary_x2","oracle_gain",0
89,500,"class_x1_minus_ordinary_x2","regret",-0.0691740245798236
89,500,"class_x1_minus_ordinary_x2","treatment_share",0.2367
89,500,"class_x1_minus_ordinary_x2","value_gain",0.069174024579824
89,500,"class_x1_minus_ordinary_x2","wrong_sign",-0.234233333333333
9,500,"class_x1_minus_ordinary_x2","mae",-0.014120594266101
9,500,"class_x1_minus_ordinary_x2","mean_error",-0.00506989307584653
9,500,"class_x1_minus_ordinary_x2","mse",0.130023167966022
9,500,"class_x1_minus_ordinary_x2","oracle_gain",0
9,500,"class_x1_minus_ordinary_x2","regret",-0.0587213111911365
9,500,"class_x1_minus_ordinary_x2","treatment_share",0.210133333333333
9,500,"class_x1_minus_ordinary_x2","value_gain",0.058721311191137
9,500,"class_x1_minus_ordinary_x2","wrong_sign",-0.203266666666667
90,500,"class_x1_minus_ordinary_x2","mae",0.00865441406393003
90,500,"class_x1_minus_ordinary_x2","mean_error",0.0086226658029459
90,500,"class_x1_minus_ordinary_x2","mse",0.146416590262964
90,500,"class_x1_minus_ordinary_x2","oracle_gain",0
90,500,"class_x1_minus_ordinary_x2","regret",-0.0559007920277603
90,500,"class_x1_minus_ordinary_x2","treatment_share",0.216466666666667
90,500,"class_x1_minus_ordinary_x2","value_gain",0.055900792027761
90,500,"class_x1_minus_ordinary_x2","wrong_sign",-0.202533333333334
91,500,"class_x1_minus_ordinary_x2","mae",0.00591916137957299
91,500,"class_x1_minus_ordinary_x2","mean_error",-0.003042753936667
91,500,"class_x1_minus_ordinary_x2","mse",0.1249495873509
91,500,"class_x1_minus_ordinary_x2","oracle_gain",0
91,500,"class_x1_minus_ordinary_x2","regret",-0.0718807463305915
91,500,"class_x1_minus_ordinary_x2","treatment_share",0.2306
91,500,"class_x1_minus_ordinary_x2","value_gain",0.071880746330592
91,500,"class_x1_minus_ordinary_x2","wrong_sign",-0.230266666666666
92,500,"class_x1_minus_ordinary_x2","mae",-0.012728452948658
92,500,"class_x1_minus_ordinary_x2","mean_error",0.00379295838587067
92,500,"class_x1_minus_ordinary_x2","mse",0.122512120670671
92,500,"class_x1_minus_ordinary_x2","oracle_gain",0
92,500,"class_x1_minus_ordinary_x2","regret",-0.0715544325060234
92,500,"class_x1_minus_ordinary_x2","treatment_share",0.239266666666667
92,500,"class_x1_minus_ordinary_x2","value_gain",0.071554432506023
92,500,"class_x1_minus_ordinary_x2","wrong_sign",-0.2386
93,500,"class_x1_minus_ordinary_x2","mae",0.017298162151862
93,500,"class_x1_minus_ordinary_x2","mean_error",-0.0059387309278859
93,500,"class_x1_minus_ordinary_x2","mse",0.148333268413901
93,500,"class_x1_minus_ordinary_x2","oracle_gain",0
93,500,"class_x1_minus_ordinary_x2","regret",-0.0709258788729661
93,500,"class_x1_minus_ordinary_x2","treatment_share",0.241466666666667
93,500,"class_x1_minus_ordinary_x2","value_gain",0.070925878872966
93,500,"class_x1_minus_ordinary_x2","wrong_sign",-0.2372
94,500,"class_x1_minus_ordinary_x2","mae",-0.015224798384639
94,500,"class_x1_minus_ordinary_x2","mean_error",-0.002178368562943
94,500,"class_x1_minus_ordinary_x2","mse",0.124632813260931
94,500,"class_x1_minus_ordinary_x2","oracle_gain",0
94,500,"class_x1_minus_ordinary_x2","regret",-0.0729697662556615
94,500,"class_x1_minus_ordinary_x2","treatment_share",0.244833333333334
94,500,"class_x1_minus_ordinary_x2","value_gain",0.07296976625566
94,500,"class_x1_minus_ordinary_x2","wrong_sign",-0.244433333333333
95,500,"class_x1_minus_ordinary_x2","mae",-0.00686079347955704
95,500,"class_x1_minus_ordinary_x2","mean_error",0.0107156281643702
95,500,"class_x1_minus_ordinary_x2","mse",0.1400356110456
95,500,"class_x1_minus_ordinary_x2","oracle_gain",0
95,500,"class_x1_minus_ordinary_x2","regret",-0.064650192154181
95,500,"class_x1_minus_ordinary_x2","treatment_share",0.224
95,500,"class_x1_minus_ordinary_x2","value_gain",0.06465019215418
95,500,"class_x1_minus_ordinary_x2","wrong_sign",-0.220066666666667
96,500,"class_x1_minus_ordinary_x2","mae",-0.003767316992414
96,500,"class_x1_minus_ordinary_x2","mean_error",-0.00555594639518276
96,500,"class_x1_minus_ordinary_x2","mse",0.125128935622966
96,500,"class_x1_minus_ordinary_x2","oracle_gain",0
96,500,"class_x1_minus_ordinary_x2","regret",-0.0611127158856274
96,500,"class_x1_minus_ordinary_x2","treatment_share",0.208033333333333
96,500,"class_x1_minus_ordinary_x2","value_gain",0.061112715885627
96,500,"class_x1_minus_ordinary_x2","wrong_sign",-0.206033333333334
97,500,"class_x1_minus_ordinary_x2","mae",0.00723396316174202
97,500,"class_x1_minus_ordinary_x2","mean_error",0.000465840102802199
97,500,"class_x1_minus_ordinary_x2","mse",0.141019071307195
97,500,"class_x1_minus_ordinary_x2","oracle_gain",0
97,500,"class_x1_minus_ordinary_x2","regret",-0.0711867911362763
97,500,"class_x1_minus_ordinary_x2","treatment_share",0.232033333333333
97,500,"class_x1_minus_ordinary_x2","value_gain",0.071186791136277
97,500,"class_x1_minus_ordinary_x2","wrong_sign",-0.232033333333333
98,500,"class_x1_minus_ordinary_x2","mae",-0.015034617971064
98,500,"class_x1_minus_ordinary_x2","mean_error",0.0047923372239463
98,500,"class_x1_minus_ordinary_x2","mse",0.126617437252007
98,500,"class_x1_minus_ordinary_x2","oracle_gain",0
98,500,"class_x1_minus_ordinary_x2","regret",-0.0677630051521475
98,500,"class_x1_minus_ordinary_x2","treatment_share",0.247333333333333
98,500,"class_x1_minus_ordinary_x2","value_gain",0.067763005152147
98,500,"class_x1_minus_ordinary_x2","wrong_sign",-0.237933333333333
99,500,"class_x1_minus_ordinary_x2","mae",0.017322021541372
99,500,"class_x1_minus_ordinary_x2","mean_error",-0.00456420347639638
99,500,"class_x1_minus_ordinary_x2","mse",0.14959617017014
99,500,"class_x1_minus_ordinary_x2","oracle_gain",0
99,500,"class_x1_minus_ordinary_x2","regret",-0.00969762842622279
99,500,"class_x1_minus_ordinary_x2","treatment_share",0.0356000000000001
99,500,"class_x1_minus_ordinary_x2","value_gain",0.00969762842622302
99,500,"class_x1_minus_ordinary_x2","wrong_sign",-0.0340666666666666
