"replication","dimension","method","metric","value"
1,40,"ordinary_x1","mse",0.0318122459143645
1,40,"ordinary_x1","mae",0.13389322978896
1,40,"ordinary_x1","mean_error",0.0116915510283402
1,40,"ordinary_x1","wrong_sign",0.151766666666667
1,40,"ordinary_x1","regret",0.0151268302937442
1,40,"ordinary_x1","value_gain",0.430359049634378
1,40,"ordinary_x1","oracle_gain",0.445485879928122
1,40,"ordinary_x1","treatment_share",0.6004
1,40,"ordinary_x2","mse",0.0253353783165965
1,40,"ordinary_x2","mae",0.107328631228673
1,40,"ordinary_x2","mean_error",0.0116361194115331
1,40,"ordinary_x2","wrong_sign",0.0450666666666667
1,40,"ordinary_x2","regret",0.00495263030368835
1,40,"ordinary_x2","value_gain",0.440533249624434
1,40,"ordinary_x2","oracle_gain",0.445485879928122
1,40,"ordinary_x2","treatment_share",0.7071
1,100,"ordinary_x1","mse",0.073118329427132
1,100,"ordinary_x1","mae",0.25093008220342
1,100,"ordinary_x1","mean_error",0.0151047736105307
1,100,"ordinary_x1","wrong_sign",0.248066666666667
1,100,"ordinary_x1","regret",0.0248182177891598
1,100,"ordinary_x1","value_gain",0.420667662138961
1,100,"ordinary_x1","oracle_gain",0.445485879928122
1,100,"ordinary_x1","treatment_share",0.504233333333333
1,100,"ordinary_x2","mse",0.0559947398246298
1,100,"ordinary_x2","mae",0.203176456712967
1,100,"ordinary_x2","mean_error",0.00994411393195813
1,100,"ordinary_x2","wrong_sign",0.0218666666666667
1,100,"ordinary_x2","regret",0.00360732787501772
1,100,"ordinary_x2","value_gain",0.441878552053104
1,100,"ordinary_x2","oracle_gain",0.445485879928122
1,100,"ordinary_x2","treatment_share",0.730233333333333
1,250,"ordinary_x1","mse",0.139733348664586
1,250,"ordinary_x1","mae",0.364478371436819
1,250,"ordinary_x1","mean_error",0.0167173894683167
1,250,"ordinary_x1","wrong_sign",0.2502
1,250,"ordinary_x1","regret",0.0251031081069788
1,250,"ordinary_x1","value_gain",0.420382771821144
1,250,"ordinary_x1","oracle_gain",0.445485879928122
1,250,"ordinary_x1","treatment_share",0.502233333333333
1,250,"ordinary_x2","mse",0.147968313000722
1,250,"ordinary_x2","mae",0.36461850378842
1,250,"ordinary_x2","mean_error",0.00742928993089009
1,250,"ordinary_x2","wrong_sign",0.121166666666667
1,250,"ordinary_x2","regret",0.0341863514421421
1,250,"ordinary_x2","value_gain",0.411299528485979
1,250,"ordinary_x2","oracle_gain",0.445485879928122
1,250,"ordinary_x2","treatment_share",0.630933333333333
1,500,"ordinary_x1","mse",0.190097752360441
1,500,"ordinary_x1","mae",0.425064462674473
1,500,"ordinary_x1","mean_error",0.0199868917167547
1,500,"ordinary_x1","wrong_sign",0.251
1,500,"ordinary_x1","regret",0.0252141082292632
1,500,"ordinary_x1","value_gain",0.420271771698858
1,500,"ordinary_x1","oracle_gain",0.445485879928122
1,500,"ordinary_x1","treatment_share",0.5015
1,500,"ordinary_x2","mse",0.237378954407634
1,500,"ordinary_x2","mae",0.466579547655906
1,500,"ordinary_x2","mean_error",0.00812552520963531
1,500,"ordinary_x2","wrong_sign",0.250366666666667
1,500,"ordinary_x2","regret",0.0736062531704989
1,500,"ordinary_x2","value_gain",0.371879626757623
1,500,"ordinary_x2","oracle_gain",0.445485879928122
1,500,"ordinary_x2","treatment_share",0.501733333333333
1,500,"class_x1","mse",0.358400247249103
1,500,"class_x1","mae",0.443002642083102
1,500,"class_x1","mean_error",0.0116345342179064
1,500,"class_x1","wrong_sign",0.00836666666666667
1,500,"class_x1","regret",0.00114883557488676
1,500,"class_x1","value_gain",0.444337044353236
1,500,"class_x1","oracle_gain",0.445485879928122
1,500,"class_x1","treatment_share",0.744333333333333
1,500,"class_x2","mse",0.358400247249103
1,500,"class_x2","mae",0.443002642083102
1,500,"class_x2","mean_error",0.0116345342179064
1,500,"class_x2","wrong_sign",0.00836666666666667
1,500,"class_x2","regret",0.00114883557488676
1,500,"class_x2","value_gain",0.444337044353236
1,500,"class_x2","oracle_gain",0.445485879928122
1,500,"class_x2","treatment_share",0.744333333333333
2,40,"ordinary_x1","mse",0.0527276129235686
2,40,"ordinary_x1","mae",0.190858241465516
2,40,"ordinary_x1","mean_error",-0.000280318476700386
2,40,"ordinary_x1","wrong_sign",0.0926
2,40,"ordinary_x1","regret",0.00947199601156244
2,40,"ordinary_x1","value_gain",0.442353167002392
2,40,"ordinary_x1","oracle_gain",0.451825163013955
2,40,"ordinary_x1","treatment_share",0.658866666666667
2,40,"ordinary_x2","mse",0.0405990325163864
2,40,"ordinary_x2","mae",0.150956806332239
2,40,"ordinary_x2","mean_error",-0.000582226215652557
2,40,"ordinary_x2","wrong_sign",0.022
2,40,"ordinary_x2","regret",0.00272730565773167
2,40,"ordinary_x2","value_gain",0.449097857356223
2,40,"ordinary_x2","oracle_gain",0.451825163013955
2,40,"ordinary_x2","treatment_share",0.729666666666667
2,100,"ordinary_x1","mse",0.0971113605647115
2,100,"ordinary_x1","mae",0.291764239430781
2,100,"ordinary_x1","mean_error",-0.00204963792590508
2,100,"ordinary_x1","wrong_sign",0.240166666666667
2,100,"ordinary_x1","regret",0.0247358341715221
2,100,"ordinary_x1","value_gain",0.427089328842432
2,100,"ordinary_x1","oracle_gain",0.451825163013955
2,100,"ordinary_x1","treatment_share",0.5119
2,100,"ordinary_x2","mse",0.0785562186686028
2,100,"ordinary_x2","mae",0.242428695820214
2,100,"ordinary_x2","mean_error",-0.000858504144945153
2,100,"ordinary_x2","wrong_sign",0.00393333333333333
2,100,"ordinary_x2","regret",0.00117261884519832
2,100,"ordinary_x2","value_gain",0.450652544168756
2,100,"ordinary_x2","oracle_gain",0.451825163013955
2,100,"ordinary_x2","treatment_share",0.747933333333333
2,250,"ordinary_x1","mse",0.169485874435591
2,250,"ordinary_x1","mae",0.39853920952208
2,250,"ordinary_x1","mean_error",-0.00405673063168338
2,250,"ordinary_x1","wrong_sign",0.246666666666667
2,250,"ordinary_x1","regret",0.0269229368754825
2,250,"ordinary_x1","value_gain",0.424902226138472
2,250,"ordinary_x1","oracle_gain",0.451825163013955
2,250,"ordinary_x1","treatment_share",0.508866666666667
2,250,"ordinary_x2","mse",0.17048824556129
2,250,"ordinary_x2","mae",0.386852958370155
2,250,"ordinary_x2","mean_error",-0.00255842300936723
2,250,"ordinary_x2","wrong_sign",0.0729333333333333
2,250,"ordinary_x2","regret",0.0223921662355284
2,250,"ordinary_x2","value_gain",0.429432996778426
2,250,"ordinary_x2","oracle_gain",0.451825163013955
2,250,"ordinary_x2","treatment_share",0.6788
2,500,"ordinary_x1","mse",0.211344949078058
2,500,"ordinary_x1","mae",0.441474377974069
2,500,"ordinary_x1","mean_error",-0.00731962521491709
2,500,"ordinary_x1","wrong_sign",0.2473
2,500,"ordinary_x1","regret",0.0273158840278372
2,500,"ordinary_x1","value_gain",0.424509278986118
2,500,"ordinary_x1","oracle_gain",0.451825163013955
2,500,"ordinary_x1","treatment_share",0.508966666666667
2,500,"ordinary_x2","mse",0.257737386608441
2,500,"ordinary_x2","mae",0.480243175242555
2,500,"ordinary_x2","mean_error",-0.00152990122174825
2,500,"ordinary_x2","wrong_sign",0.199466666666667
2,500,"ordinary_x2","regret",0.0616219013462006
2,500,"ordinary_x2","value_gain",0.390203261667754
2,500,"ordinary_x2","oracle_gain",0.451825163013955
2,500,"ordinary_x2","treatment_share",0.556133333333333
2,500,"class_x1","mse",0.395523540583774
2,500,"class_x1","mae",0.468061516690413
2,500,"class_x1","mean_error",-0.00457836701459249
2,500,"class_x1","wrong_sign",0.00726666666666667
2,500,"class_x1","regret",0.0071106905707847
2,500,"class_x1","value_gain",0.44471447244317
2,500,"class_x1","oracle_gain",0.451825163013955
2,500,"class_x1","treatment_share",0.757333333333333
2,500,"class_x2","mse",0.395523540583774
2,500,"class_x2","mae",0.468061516690413
2,500,"class_x2","mean_error",-0.00457836701459249
2,500,"class_x2","wrong_sign",0.00726666666666667
2,500,"class_x2","regret",0.0071106905707847
2,500,"class_x2","value_gain",0.44471447244317
2,500,"class_x2","oracle_gain",0.451825163013955
2,500,"class_x2","treatment_share",0.757333333333333
3,40,"ordinary_x1","mse",0.0299906241461392
3,40,"ordinary_x1","mae",0.128109129208001
3,40,"ordinary_x1","mean_error",0.0325233460525271
3,40,"ordinary_x1","wrong_sign",0.0188333333333333
3,40,"ordinary_x1","regret",0.00205006367331527
3,40,"ordinary_x1","value_gain",0.444070681198432
3,40,"ordinary_x1","oracle_gain",0.446120744871747
3,40,"ordinary_x1","treatment_share",0.7266
3,40,"ordinary_x2","mse",0.0238208861408057
3,40,"ordinary_x2","mae",0.108988613973671
3,40,"ordinary_x2","mean_error",0.0336791468619778
3,40,"ordinary_x2","wrong_sign",0.0029
3,40,"ordinary_x2","regret",0.000751932042690457
3,40,"ordinary_x2","value_gain",0.445368812829057
3,40,"ordinary_x2","oracle_gain",0.446120744871747
3,40,"ordinary_x2","treatment_share",0.7428
3,100,"ordinary_x1","mse",0.0631516069890679
3,100,"ordinary_x1","mae",0.229246228486636
3,100,"ordinary_x1","mean_error",0.0319178943096079
3,100,"ordinary_x1","wrong_sign",0.212266666666667
3,100,"ordinary_x1","regret",0.0213797120324312
3,100,"ordinary_x1","value_gain",0.424741032839316
3,100,"ordinary_x1","oracle_gain",0.446120744871747
3,100,"ordinary_x1","treatment_share",0.533166666666667
3,100,"ordinary_x2","mse",0.059203152738403
3,100,"ordinary_x2","mae",0.221019058694436
3,100,"ordinary_x2","mean_error",0.0326010465700417
3,100,"ordinary_x2","wrong_sign",0.0059
3,100,"ordinary_x2","regret",0.00242708489492301
3,100,"ordinary_x2","value_gain",0.443693659976824
3,100,"ordinary_x2","oracle_gain",0.446120744871747
3,100,"ordinary_x2","treatment_share",0.741466666666667
3,250,"ordinary_x1","mse",0.136848825374898
3,250,"ordinary_x1","mae",0.358119330947187
3,250,"ordinary_x1","mean_error",0.0335591539274524
3,250,"ordinary_x1","wrong_sign",0.247466666666667
3,250,"ordinary_x1","regret",0.0249984763866027
3,250,"ordinary_x1","value_gain",0.421122268485144
3,250,"ordinary_x1","oracle_gain",0.446120744871747
3,250,"ordinary_x1","treatment_share",0.4985
3,250,"ordinary_x2","mse",0.151169292066608
3,250,"ordinary_x2","mae",0.375243816320609
3,250,"ordinary_x2","mean_error",0.0361913941578654
3,250,"ordinary_x2","wrong_sign",0.0926666666666667
3,250,"ordinary_x2","regret",0.0291945481309598
3,250,"ordinary_x2","value_gain",0.416926196740787
3,250,"ordinary_x2","oracle_gain",0.446120744871747
3,250,"ordinary_x2","treatment_share",0.656633333333333
3,500,"ordinary_x1","mse",0.189571136331975
3,500,"ordinary_x1","mae",0.420580734453262
3,500,"ordinary_x1","mean_error",0.0359868125971728
3,500,"ordinary_x1","wrong_sign",0.2483
3,500,"ordinary_x1","regret",0.0253537308367341
3,500,"ordinary_x1","value_gain",0.420767014035013
3,500,"ordinary_x1","oracle_gain",0.446120744871747
3,500,"ordinary_x1","treatment_share",0.498266666666667
3,500,"ordinary_x2","mse",0.237545137566836
3,500,"ordinary_x2","mae",0.473651367939418
3,500,"ordinary_x2","mean_error",0.0378999692396128
3,500,"ordinary_x2","wrong_sign",0.222
3,500,"ordinary_x2","regret",0.0681021126438903
3,500,"ordinary_x2","value_gain",0.378018632227857
3,500,"ordinary_x2","oracle_gain",0.446120744871747
3,500,"ordinary_x2","treatment_share",0.527766666666667
3,500,"class_x1","mse",0.369188410961788
3,500,"class_x1","mae",0.462207664828624
3,500,"class_x1","mean_error",0.0431880872343379
3,500,"class_x1","wrong_sign",0.00923333333333333
3,500,"class_x1","regret",0.00896385253477988
3,500,"class_x1","value_gain",0.437156892336967
3,500,"class_x1","oracle_gain",0.446120744871747
3,500,"class_x1","treatment_share",0.753933333333333
3,500,"class_x2","mse",0.369188410961788
3,500,"class_x2","mae",0.462207664828624
3,500,"class_x2","mean_error",0.0431880872343379
3,500,"class_x2","wrong_sign",0.00923333333333333
3,500,"class_x2","regret",0.00896385253477988
3,500,"class_x2","value_gain",0.437156892336967
3,500,"class_x2","oracle_gain",0.446120744871747
3,500,"class_x2","treatment_share",0.753933333333333
4,40,"ordinary_x1","mse",0.021658986561706
4,40,"ordinary_x1","mae",0.104033187212517
4,40,"ordinary_x1","mean_error",0.0212943185100668
4,40,"ordinary_x1","wrong_sign",0.0220333333333333
4,40,"ordinary_x1","regret",0.00284015138208866
4,40,"ordinary_x1","value_gain",0.443983304673264
4,40,"ordinary_x1","oracle_gain",0.446823456055352
4,40,"ordinary_x1","treatment_share",0.728966666666667
4,40,"ordinary_x2","mse",0.0231158430137036
4,40,"ordinary_x2","mae",0.112953043742591
4,40,"ordinary_x2","mean_error",0.0212380671422216
4,40,"ordinary_x2","wrong_sign",0.0149333333333333
4,40,"ordinary_x2","regret",0.00237101704411521
4,40,"ordinary_x2","value_gain",0.444452439011238
4,40,"ordinary_x2","oracle_gain",0.446823456055352
4,40,"ordinary_x2","treatment_share",0.736066666666667
4,100,"ordinary_x1","mse",0.0538736457805632
4,100,"ordinary_x1","mae",0.21220716311607
4,100,"ordinary_x1","mean_error",0.0219963671417094
4,100,"ordinary_x1","wrong_sign",0.223766666666667
4,100,"ordinary_x1","regret",0.0227338012033895
4,100,"ordinary_x1","value_gain",0.424089654851963
4,100,"ordinary_x1","oracle_gain",0.446823456055352
4,100,"ordinary_x1","treatment_share",0.527233333333333
4,100,"ordinary_x2","mse",0.0656214201735343
4,100,"ordinary_x2","mae",0.237862412103569
4,100,"ordinary_x2","mean_error",0.0236702300155611
4,100,"ordinary_x2","wrong_sign",0.0176666666666667
4,100,"ordinary_x2","regret",0.00345974085354087
4,100,"ordinary_x2","value_gain",0.443363715201812
4,100,"ordinary_x2","oracle_gain",0.446823456055352
4,100,"ordinary_x2","treatment_share",0.733333333333333
4,250,"ordinary_x1","mse",0.127382884008351
4,250,"ordinary_x1","mae",0.346067298425566
4,250,"ordinary_x1","mean_error",0.0276141597059727
4,250,"ordinary_x1","wrong_sign",0.252166666666667
4,250,"ordinary_x1","regret",0.0253842435215444
4,250,"ordinary_x1","value_gain",0.421439212533809
4,250,"ordinary_x1","oracle_gain",0.446823456055352
4,250,"ordinary_x1","treatment_share",0.498833333333333
4,250,"ordinary_x2","mse",0.159118360964236
4,250,"ordinary_x2","mae",0.387152554228252
4,250,"ordinary_x2","mean_error",0.029510812679811
4,250,"ordinary_x2","wrong_sign",0.199833333333333
4,250,"ordinary_x2","regret",0.058543091718168
4,250,"ordinary_x2","value_gain",0.388280364337184
4,250,"ordinary_x2","oracle_gain",0.446823456055352
4,250,"ordinary_x2","treatment_share",0.551166666666667
4,500,"ordinary_x1","mse",0.174390827159236
4,500,"ordinary_x1","mae",0.403191958912748
4,500,"ordinary_x1","mean_error",0.0295733955965782
4,500,"ordinary_x1","wrong_sign",0.2525
4,500,"ordinary_x1","regret",0.0253927745375301
4,500,"ordinary_x1","value_gain",0.421430681517824
4,500,"ordinary_x1","oracle_gain",0.446823456055352
4,500,"ordinary_x1","treatment_share",0.4985
4,500,"ordinary_x2","mse",0.238132076934389
4,500,"ordinary_x2","mae",0.475845105816341
4,500,"ordinary_x2","mean_error",0.0310474451333023
4,500,"ordinary_x2","wrong_sign",0.242
4,500,"ordinary_x2","regret",0.0721684520017557
4,500,"ordinary_x2","value_gain",0.374655004053597
4,500,"ordinary_x2","oracle_gain",0.446823456055352
4,500,"ordinary_x2","treatment_share",0.509
4,500,"class_x1","mse",0.353527989737072
4,500,"class_x1","mae",0.452885109067977
4,500,"class_x1","mean_error",0.0373958542349636
4,500,"class_x1","wrong_sign",0.0022
4,500,"class_x1","regret",0.000716031311463965
4,500,"class_x1","value_gain",0.446107424743889
4,500,"class_x1","oracle_gain",0.446823456055352
4,500,"class_x1","treatment_share",0.749733333333333
4,500,"class_x2","mse",0.353527989737072
4,500,"class_x2","mae",0.452885109067977
4,500,"class_x2","mean_error",0.0373958542349636
4,500,"class_x2","wrong_sign",0.0022
4,500,"class_x2","regret",0.000716031311463965
4,500,"class_x2","value_gain",0.446107424743889
4,500,"class_x2","oracle_gain",0.446823456055352
4,500,"class_x2","treatment_share",0.749733333333333
5,40,"ordinary_x1","mse",0.0329151759542675
5,40,"ordinary_x1","mae",0.139025387311087
5,40,"ordinary_x1","mean_error",-0.0162702773209237
5,40,"ordinary_x1","wrong_sign",0.2303
5,40,"ordinary_x1","regret",0.0244069864299335
5,40,"ordinary_x1","value_gain",0.422258246398433
5,40,"ordinary_x1","oracle_gain",0.446665232828366
5,40,"ordinary_x1","treatment_share",0.516533333333333
5,40,"ordinary_x2","mse",0.0204267350046358
5,40,"ordinary_x2","mae",0.10057303879506
5,40,"ordinary_x2","mean_error",-0.014622160506249
5,40,"ordinary_x2","wrong_sign",0.0859
5,40,"ordinary_x2","regret",0.0100079590803183
5,40,"ordinary_x2","value_gain",0.436657273748048
5,40,"ordinary_x2","oracle_gain",0.446665232828366
5,40,"ordinary_x2","treatment_share",0.660933333333333
5,100,"ordinary_x1","mse",0.0735995674288415
5,100,"ordinary_x1","mae",0.252390792942914
5,100,"ordinary_x1","mean_error",-0.0153905377623857
5,100,"ordinary_x1","wrong_sign",0.253733333333333
5,100,"ordinary_x1","regret",0.0264625616646542
5,100,"ordinary_x1","value_gain",0.420202671163712
5,100,"ordinary_x1","oracle_gain",0.446665232828366
5,100,"ordinary_x1","treatment_share",0.4931
5,100,"ordinary_x2","mse",0.042899522922764
5,100,"ordinary_x2","mae",0.177517815768239
5,100,"ordinary_x2","mean_error",-0.0132334971744292
5,100,"ordinary_x2","wrong_sign",0.027
5,100,"ordinary_x2","regret",0.0065830909698612
5,100,"ordinary_x2","value_gain",0.440082141858505
5,100,"ordinary_x2","oracle_gain",0.446665232828366
5,100,"ordinary_x2","treatment_share",0.719833333333333
5,250,"ordinary_x1","mse",0.144746453416
5,250,"ordinary_x1","mae",0.370944305697859
5,250,"ordinary_x1","mean_error",-0.0165505265641378
5,250,"ordinary_x1","wrong_sign",0.2509
5,250,"ordinary_x1","regret",0.0254973802190957
5,250,"ordinary_x1","value_gain",0.42116785260927
5,250,"ordinary_x1","oracle_gain",0.446665232828366
5,250,"ordinary_x1","treatment_share",0.495933333333333
5,250,"ordinary_x2","mse",0.129741170037933
5,250,"ordinary_x2","mae",0.343823035415838
5,250,"ordinary_x2","mean_error",-0.0109475893829673
5,250,"ordinary_x2","wrong_sign",0.166733333333333
5,250,"ordinary_x2","regret",0.0497649610101757
5,250,"ordinary_x2","value_gain",0.39690027181819
5,250,"ordinary_x2","oracle_gain",0.446665232828366
5,250,"ordinary_x2","treatment_share",0.5801
5,500,"ordinary_x1","mse",0.193964868490264
5,500,"ordinary_x1","mae",0.431451530396044
5,500,"ordinary_x1","mean_error",-0.0148237609831254
5,500,"ordinary_x1","wrong_sign",0.250533333333333
5,500,"ordinary_x1","regret",0.0253882658068153
5,500,"ordinary_x1","value_gain",0.42127696702155
5,500,"ordinary_x1","oracle_gain",0.446665232828366
5,500,"ordinary_x1","treatment_share",0.4963
5,500,"ordinary_x2","mse",0.215855137532311
5,500,"ordinary_x2","mae",0.447076727563228
5,500,"ordinary_x2","mean_error",-0.00881852279971495
5,500,"ordinary_x2","wrong_sign",0.232266666666667
5,500,"ordinary_x2","regret",0.0700466854733897
5,500,"ordinary_x2","value_gain",0.376618547354976
5,500,"ordinary_x2","oracle_gain",0.446665232828366
5,500,"ordinary_x2","treatment_share",0.516033333333333
5,500,"class_x1","mse",0.353498138160504
5,500,"class_x1","mae",0.441763729039809
5,500,"class_x1","mean_error",-0.00980658167864435
5,500,"class_x1","wrong_sign",0.00313333333333333
5,500,"class_x1","regret",0.00127933429096211
5,500,"class_x1","value_gain",0.445385898537404
5,500,"class_x1","oracle_gain",0.446665232828366
5,500,"class_x1","treatment_share",0.745366666666667
5,500,"class_x2","mse",0.353498138160504
5,500,"class_x2","mae",0.441763729039809
5,500,"class_x2","mean_error",-0.00980658167864435
5,500,"class_x2","wrong_sign",0.00313333333333333
5,500,"class_x2","regret",0.00127933429096211
5,500,"class_x2","value_gain",0.445385898537404
5,500,"class_x2","oracle_gain",0.446665232828366
5,500,"class_x2","treatment_share",0.745366666666667
6,40,"ordinary_x1","mse",0.0273916454501514
6,40,"ordinary_x1","mae",0.119236925880643
6,40,"ordinary_x1","mean_error",-0.0474065744667846
6,40,"ordinary_x1","wrong_sign",0.144966666666667
6,40,"ordinary_x1","regret",0.0149482052175498
6,40,"ordinary_x1","value_gain",0.431655256827352
6,40,"ordinary_x1","oracle_gain",0.446603462044902
6,40,"ordinary_x1","treatment_share",0.604833333333333
6,40,"ordinary_x2","mse",0.0187620100787994
6,40,"ordinary_x2","mae",0.0916787417112942
6,40,"ordinary_x2","mean_error",-0.0483276884331088
6,40,"ordinary_x2","wrong_sign",0.0375333333333333
6,40,"ordinary_x2","regret",0.00692385589104925
6,40,"ordinary_x2","value_gain",0.439679606153853
6,40,"ordinary_x2","oracle_gain",0.446603462044902
6,40,"ordinary_x2","treatment_share",0.712266666666667
6,100,"ordinary_x1","mse",0.0622842787076426
6,100,"ordinary_x1","mae",0.225673319875469
6,100,"ordinary_x1","mean_error",-0.0470542841791707
6,100,"ordinary_x1","wrong_sign",0.2478
6,100,"ordinary_x1","regret",0.0251492155832867
6,100,"ordinary_x1","value_gain",0.421454246461616
6,100,"ordinary_x1","oracle_gain",0.446603462044902
6,100,"ordinary_x1","treatment_share",0.502
6,100,"ordinary_x2","mse",0.0443848477270937
6,100,"ordinary_x2","mae",0.181955640197099
6,100,"ordinary_x2","mean_error",-0.0519097969077646
6,100,"ordinary_x2","wrong_sign",0.0396333333333333
6,100,"ordinary_x2","regret",0.0105227368072288
6,100,"ordinary_x2","value_gain",0.436080725237674
6,100,"ordinary_x2","oracle_gain",0.446603462044902
6,100,"ordinary_x2","treatment_share",0.710166666666667
6,250,"ordinary_x1","mse",0.132231055478644
6,250,"ordinary_x1","mae",0.351753480793127
6,250,"ordinary_x1","mean_error",-0.044992502536454
6,250,"ordinary_x1","wrong_sign",0.248966666666667
6,250,"ordinary_x1","regret",0.0251541991818502
6,250,"ordinary_x1","value_gain",0.421449262863052
6,250,"ordinary_x1","oracle_gain",0.446603462044902
6,250,"ordinary_x1","treatment_share",0.5009
6,250,"ordinary_x2","mse",0.126403754899492
6,250,"ordinary_x2","mae",0.340952380327591
6,250,"ordinary_x2","mean_error",-0.0537688615304284
6,250,"ordinary_x2","wrong_sign",0.2168
6,250,"ordinary_x2","regret",0.0645466793752105
6,250,"ordinary_x2","value_gain",0.382056782669692
6,250,"ordinary_x2","oracle_gain",0.446603462044902
6,250,"ordinary_x2","treatment_share",0.533
6,500,"ordinary_x1","mse",0.181686011942321
6,500,"ordinary_x1","mae",0.41501415195428
6,500,"ordinary_x1","mean_error",-0.0455734763284138
6,500,"ordinary_x1","wrong_sign",0.249066666666667
6,500,"ordinary_x1","regret",0.025233783183558
6,500,"ordinary_x1","value_gain",0.421369678861344
6,500,"ordinary_x1","oracle_gain",0.446603462044902
6,500,"ordinary_x1","treatment_share",0.501
6,500,"ordinary_x2","mse",0.217053436188367
6,500,"ordinary_x2","mae",0.452591513215628
6,500,"ordinary_x2","mean_error",-0.0546307222165718
6,500,"ordinary_x2","wrong_sign",0.236866666666667
6,500,"ordinary_x2","regret",0.0708257190517547
6,500,"ordinary_x2","value_gain",0.375777742993148
6,500,"ordinary_x2","oracle_gain",0.446603462044902
6,500,"ordinary_x2","treatment_share",0.512933333333333
6,500,"class_x1","mse",0.332826020871571
6,500,"class_x1","mae",0.437969080345122
6,500,"class_x1","mean_error",-0.0510449005409814
6,500,"class_x1","wrong_sign",0.00596666666666667
6,500,"class_x1","regret",0.00102358975574453
6,500,"class_x1","value_gain",0.445579872289158
6,500,"class_x1","oracle_gain",0.446603462044902
6,500,"class_x1","treatment_share",0.744233333333333
6,500,"class_x2","mse",0.332826020871571
6,500,"class_x2","mae",0.437969080345122
6,500,"class_x2","mean_error",-0.0510449005409814
6,500,"class_x2","wrong_sign",0.00596666666666667
6,500,"class_x2","regret",0.00102358975574453
6,500,"class_x2","value_gain",0.445579872289158
6,500,"class_x2","oracle_gain",0.446603462044902
6,500,"class_x2","treatment_share",0.744233333333333
7,40,"ordinary_x1","mse",0.0400638325632028
7,40,"ordinary_x1","mae",0.155633665368897
7,40,"ordinary_x1","mean_error",-0.0273670029758281
7,40,"ordinary_x1","wrong_sign",0.0343666666666667
7,40,"ordinary_x1","regret",0.00373853448317382
7,40,"ordinary_x1","value_gain",0.44529565386558
7,40,"ordinary_x1","oracle_gain",0.449034188348754
7,40,"ordinary_x1","treatment_share",0.712866666666667
7,40,"ordinary_x2","mse",0.0372705616925896
7,40,"ordinary_x2","mae",0.156072622189749
7,40,"ordinary_x2","mean_error",-0.0263469785417137
7,40,"ordinary_x2","wrong_sign",0.0170333333333333
7,40,"ordinary_x2","regret",0.00247748345249018
7,40,"ordinary_x2","value_gain",0.446556704896263
7,40,"ordinary_x2","oracle_gain",0.449034188348754
7,40,"ordinary_x2","treatment_share",0.730266666666667
7,100,"ordinary_x1","mse",0.0843148232797514
7,100,"ordinary_x1","mae",0.263805082024047
7,100,"ordinary_x1","mean_error",-0.0282995088968948
7,100,"ordinary_x1","wrong_sign",0.2462
7,100,"ordinary_x1","regret",0.0248642326315407
7,100,"ordinary_x1","value_gain",0.424169955717213
7,100,"ordinary_x1","oracle_gain",0.449034188348754
7,100,"ordinary_x1","treatment_share",0.5011
7,100,"ordinary_x2","mse",0.084153291098944
7,100,"ordinary_x2","mae",0.267190488127058
7,100,"ordinary_x2","mean_error",-0.0262351770599532
7,100,"ordinary_x2","wrong_sign",0.0185666666666667
7,100,"ordinary_x2","regret",0.00492374682159944
7,100,"ordinary_x2","value_gain",0.444110441527154
7,100,"ordinary_x2","oracle_gain",0.449034188348754
7,100,"ordinary_x2","treatment_share",0.728733333333333
7,250,"ordinary_x1","mse",0.156435444437734
7,250,"ordinary_x1","mae",0.373725600231397
7,250,"ordinary_x1","mean_error",-0.0268946318482425
7,250,"ordinary_x1","wrong_sign",0.2483
7,250,"ordinary_x1","regret",0.0250488085599632
7,250,"ordinary_x1","value_gain",0.423985379788791
7,250,"ordinary_x1","oracle_gain",0.449034188348754
7,250,"ordinary_x1","treatment_share",0.4994
7,250,"ordinary_x2","mse",0.18734447697628
7,250,"ordinary_x2","mae",0.415744339274928
7,250,"ordinary_x2","mean_error",-0.0223205576509021
7,250,"ordinary_x2","wrong_sign",0.223466666666667
7,250,"ordinary_x2","regret",0.0668921457299699
7,250,"ordinary_x2","value_gain",0.382142042618784
7,250,"ordinary_x2","oracle_gain",0.449034188348754
7,250,"ordinary_x2","treatment_share",0.5239
7,500,"ordinary_x1","mse",0.217691841472659
7,500,"ordinary_x1","mae",0.439891926871697
7,500,"ordinary_x1","mean_error",-0.025958240266218
7,500,"ordinary_x1","wrong_sign",0.249466666666667
7,500,"ordinary_x1","regret",0.0253064756360178
7,500,"ordinary_x1","value_gain",0.423727712712737
7,500,"ordinary_x1","oracle_gain",0.449034188348754
7,500,"ordinary_x1","treatment_share",0.498566666666667
7,500,"ordinary_x2","mse",0.268909166105815
7,500,"ordinary_x2","mae",0.498067179787124
7,500,"ordinary_x2","mean_error",-0.0203701654304347
7,500,"ordinary_x2","wrong_sign",0.234533333333333
7,500,"ordinary_x2","regret",0.0704345923651996
7,500,"ordinary_x2","value_gain",0.378599595983554
7,500,"ordinary_x2","oracle_gain",0.449034188348754
7,500,"ordinary_x2","treatment_share",0.513033333333333
7,500,"class_x1","mse",0.398062118895169
7,500,"class_x1","mae",0.478462345343441
7,500,"class_x1","mean_error",-0.0197934170395769
7,500,"class_x1","wrong_sign",0.0024
7,500,"class_x1","regret",0.00179895360702484
7,500,"class_x1","value_gain",0.447235234741729
7,500,"class_x1","oracle_gain",0.449034188348754
7,500,"class_x1","treatment_share",0.748233333333333
7,500,"class_x2","mse",0.398062118895169
7,500,"class_x2","mae",0.478462345343441
7,500,"class_x2","mean_error",-0.0197934170395769
7,500,"class_x2","wrong_sign",0.0024
7,500,"class_x2","regret",0.00179895360702484
7,500,"class_x2","value_gain",0.447235234741729
7,500,"class_x2","oracle_gain",0.449034188348754
7,500,"class_x2","treatment_share",0.748233333333333
8,40,"ordinary_x1","mse",0.0383928550128751
8,40,"ordinary_x1","mae",0.16523102977186
8,40,"ordinary_x1","mean_error",0.0419537719223773
8,40,"ordinary_x1","wrong_sign",0.2365
8,40,"ordinary_x1","regret",0.0237527980833314
8,40,"ordinary_x1","value_gain",0.426689911646185
8,40,"ordinary_x1","oracle_gain",0.450442709729517
8,40,"ordinary_x1","treatment_share",0.5144
8,40,"ordinary_x2","mse",0.022376174785205
8,40,"ordinary_x2","mae",0.106098284305169
8,40,"ordinary_x2","mean_error",0.0412609004937532
8,40,"ordinary_x2","wrong_sign",0.0406
8,40,"ordinary_x2","regret",0.00447331590307878
8,40,"ordinary_x2","value_gain",0.445969393826438
8,40,"ordinary_x2","oracle_gain",0.450442709729517
8,40,"ordinary_x2","treatment_share",0.7103
8,100,"ordinary_x1","mse",0.0848822030674495
8,100,"ordinary_x1","mae",0.27378069738671
8,100,"ordinary_x1","mean_error",0.0427836759195549
8,100,"ordinary_x1","wrong_sign",0.2454
8,100,"ordinary_x1","regret",0.0245921036831863
8,100,"ordinary_x1","value_gain",0.42585060604633
8,100,"ordinary_x1","oracle_gain",0.450442709729517
8,100,"ordinary_x1","treatment_share",0.505633333333333
8,100,"ordinary_x2","mse",0.0423246286195322
8,100,"ordinary_x2","mae",0.158187857506558
8,100,"ordinary_x2","mean_error",0.0399494844932275
8,100,"ordinary_x2","wrong_sign",0.0141
8,100,"ordinary_x2","regret",0.0018380661278125
8,100,"ordinary_x2","value_gain",0.448604643601705
8,100,"ordinary_x2","oracle_gain",0.450442709729517
8,100,"ordinary_x2","treatment_share",0.7368
8,250,"ordinary_x1","mse",0.156611948805955
8,250,"ordinary_x1","mae",0.386948216768862
8,250,"ordinary_x1","mean_error",0.0432893988476951
8,250,"ordinary_x1","wrong_sign",0.247566666666667
8,250,"ordinary_x1","regret",0.0255692538028699
8,250,"ordinary_x1","value_gain",0.424873455926647
8,250,"ordinary_x1","oracle_gain",0.450442709729517
8,250,"ordinary_x1","treatment_share",0.5052
8,250,"ordinary_x2","mse",0.12378703467407
8,250,"ordinary_x2","mae",0.326716468143007
8,250,"ordinary_x2","mean_error",0.0357964634177789
8,250,"ordinary_x2","wrong_sign",0.0265
8,250,"ordinary_x2","regret",0.00641558687029631
8,250,"ordinary_x2","value_gain",0.44402712285922
8,250,"ordinary_x2","oracle_gain",0.450442709729517
8,250,"ordinary_x2","treatment_share",0.7244
8,500,"ordinary_x1","mse",0.200538336059745
8,500,"ordinary_x1","mae",0.439909620649954
8,500,"ordinary_x1","mean_error",0.042899902477794
8,500,"ordinary_x1","wrong_sign",0.2488
8,500,"ordinary_x1","regret",0.0269513598893739
8,500,"ordinary_x1","value_gain",0.423491349840144
8,500,"ordinary_x1","oracle_gain",0.450442709729517
8,500,"ordinary_x1","treatment_share",0.506766666666667
8,500,"ordinary_x2","mse",0.218469926690993
8,500,"ordinary_x2","mae",0.44120181768985
8,500,"ordinary_x2","mean_error",0.0342923260922385
8,500,"ordinary_x2","wrong_sign",0.0656
8,500,"ordinary_x2","regret",0.0186312179501291
8,500,"ordinary_x2","value_gain",0.431811491779388
8,500,"ordinary_x2","oracle_gain",0.450442709729517
8,500,"ordinary_x2","treatment_share",0.6853
8,500,"class_x1","mse",0.365725434836334
8,500,"class_x1","mae",0.447998060383219
8,500,"class_x1","mean_error",0.0378705391993721
8,500,"class_x1","wrong_sign",0.00876666666666667
8,500,"class_x1","regret",0.00608230024410015
8,500,"class_x1","value_gain",0.444360409485417
8,500,"class_x1","oracle_gain",0.450442709729517
8,500,"class_x1","treatment_share",0.753666666666667
8,500,"class_x2","mse",0.365725434836334
8,500,"class_x2","mae",0.447998060383219
8,500,"class_x2","mean_error",0.0378705391993721
8,500,"class_x2","wrong_sign",0.00876666666666667
8,500,"class_x2","regret",0.00608230024410015
8,500,"class_x2","value_gain",0.444360409485417
8,500,"class_x2","oracle_gain",0.450442709729517
8,500,"class_x2","treatment_share",0.753666666666667
9,40,"ordinary_x1","mse",0.0328713393968919
9,40,"ordinary_x1","mae",0.14360560309876
9,40,"ordinary_x1","mean_error",0.0102458291934085
9,40,"ordinary_x1","wrong_sign",0.0892666666666667
9,40,"ordinary_x1","regret",0.0095819192135684
9,40,"ordinary_x1","value_gain",0.439320785868578
9,40,"ordinary_x1","oracle_gain",0.448902705082146
9,40,"ordinary_x1","treatment_share",0.6677
9,40,"ordinary_x2","mse",0.0246240067845351
9,40,"ordinary_x2","mae",0.108865559065231
9,40,"ordinary_x2","mean_error",0.0129557484170654
9,40,"ordinary_x2","wrong_sign",0.0254666666666667
9,40,"ordinary_x2","regret",0.00308893724187506
9,40,"ordinary_x2","value_gain",0.445813767840271
9,40,"ordinary_x2","oracle_gain",0.448902705082146
9,40,"ordinary_x2","treatment_share",0.728833333333333
9,100,"ordinary_x1","mse",0.0763632115018454
9,100,"ordinary_x1","mae",0.259679996490609
9,100,"ordinary_x1","mean_error",0.00867129380558313
9,100,"ordinary_x1","wrong_sign",0.2418
9,100,"ordinary_x1","regret",0.0262915685630465
9,100,"ordinary_x1","value_gain",0.422611136519099
9,100,"ordinary_x1","oracle_gain",0.448902705082146
9,100,"ordinary_x1","treatment_share",0.5171
9,100,"ordinary_x2","mse",0.0555673506361209
9,100,"ordinary_x2","mae",0.203765166331211
9,100,"ordinary_x2","mean_error",0.0135074722213345
9,100,"ordinary_x2","wrong_sign",0.0199
9,100,"ordinary_x2","regret",0.00295848148700004
9,100,"ordinary_x2","value_gain",0.445944223595146
9,100,"ordinary_x2","oracle_gain",0.448902705082146
9,100,"ordinary_x2","treatment_share",0.7344
9,250,"ordinary_x1","mse",0.15149355371786
9,250,"ordinary_x1","mae",0.379895576666537
9,250,"ordinary_x1","mean_error",0.00653766675927857
9,250,"ordinary_x1","wrong_sign",0.2516
9,250,"ordinary_x1","regret",0.0273275253585896
9,250,"ordinary_x1","value_gain",0.421575179723556
9,250,"ordinary_x1","oracle_gain",0.448902705082146
9,250,"ordinary_x1","treatment_share",0.507433333333333
9,250,"ordinary_x2","mse",0.143888552653109
9,250,"ordinary_x2","mae",0.358429771828988
9,250,"ordinary_x2","mean_error",0.0136269801084812
9,250,"ordinary_x2","wrong_sign",0.0175666666666667
9,250,"ordinary_x2","regret",0.00490386261737909
9,250,"ordinary_x2","value_gain",0.443998842464767
9,250,"ordinary_x2","oracle_gain",0.448902705082146
9,250,"ordinary_x2","treatment_share",0.736933333333333
9,500,"ordinary_x1","mse",0.200617413384383
9,500,"ordinary_x1","mae",0.436375263353442
9,500,"ordinary_x1","mean_error",0.00555429887486464
9,500,"ordinary_x1","wrong_sign",0.251866666666667
9,500,"ordinary_x1","regret",0.02759522666245
9,500,"ordinary_x1","value_gain",0.421307478419696
9,500,"ordinary_x1","oracle_gain",0.448902705082146
9,500,"ordinary_x1","treatment_share",0.5077
9,500,"ordinary_x2","mse",0.237284264726906
9,500,"ordinary_x2","mae",0.464500235410012
9,500,"ordinary_x2","mean_error",0.0142144181054918
9,500,"ordinary_x2","wrong_sign",0.208
9,500,"ordinary_x2","regret",0.0627652156545128
9,500,"ordinary_x2","value_gain",0.386137489427633
9,500,"ordinary_x2","oracle_gain",0.448902705082146
9,500,"ordinary_x2","treatment_share",0.547366666666667
9,500,"class_x1","mse",0.367307432692928
9,500,"class_x1","mae",0.450379641143911
9,500,"class_x1","mean_error",0.00914452502964527
9,500,"class_x1","wrong_sign",0.00473333333333333
9,500,"class_x1","regret",0.00404390446337634
9,500,"class_x1","value_gain",0.44485880061877
9,500,"class_x1","oracle_gain",0.448902705082146
9,500,"class_x1","treatment_share",0.7575
9,500,"class_x2","mse",0.367307432692928
9,500,"class_x2","mae",0.450379641143911
9,500,"class_x2","mean_error",0.00914452502964527
9,500,"class_x2","wrong_sign",0.00473333333333333
9,500,"class_x2","regret",0.00404390446337634
9,500,"class_x2","value_gain",0.44485880061877
9,500,"class_x2","oracle_gain",0.448902705082146
9,500,"class_x2","treatment_share",0.7575
10,40,"ordinary_x1","mse",0.0298912747631566
10,40,"ordinary_x1","mae",0.11720538080427
10,40,"ordinary_x1","mean_error",-0.0123739581272749
10,40,"ordinary_x1","wrong_sign",0.0145
10,40,"ordinary_x1","regret",0.00340903854419473
10,40,"ordinary_x1","value_gain",0.44820928949594
10,40,"ordinary_x1","oracle_gain",0.451618328040134
10,40,"ordinary_x1","treatment_share",0.738966666666667
10,40,"ordinary_x2","mse",0.0426987085946896
10,40,"ordinary_x2","mae",0.169882772662939
10,40,"ordinary_x2","mean_error",-0.0110451946458251
10,40,"ordinary_x2","wrong_sign",0.0079
10,40,"ordinary_x2","regret",0.00138287646770867
10,40,"ordinary_x2","value_gain",0.450235451572426
10,40,"ordinary_x2","oracle_gain",0.451618328040134
10,40,"ordinary_x2","treatment_share",0.7423
10,100,"ordinary_x1","mse",0.05589689757705
10,100,"ordinary_x1","mae",0.188398610648255
10,100,"ordinary_x1","mean_error",-0.0136602300944434
10,100,"ordinary_x1","wrong_sign",0.0666666666666667
10,100,"ordinary_x1","regret",0.0102460139077027
10,100,"ordinary_x1","value_gain",0.441372314132432
10,100,"ordinary_x1","oracle_gain",0.451618328040134
10,100,"ordinary_x1","treatment_share",0.690733333333333
10,100,"ordinary_x2","mse",0.0910874953750188
10,100,"ordinary_x2","mae",0.283854522327432
10,100,"ordinary_x2","mean_error",-0.00991584775480188
10,100,"ordinary_x2","wrong_sign",0.0461
10,100,"ordinary_x2","regret",0.0133942823243507
10,100,"ordinary_x2","value_gain",0.438224045715784
10,100,"ordinary_x2","oracle_gain",0.451618328040134
10,100,"ordinary_x2","treatment_share",0.703033333333333
10,250,"ordinary_x1","mse",0.126393741318702
10,250,"ordinary_x1","mae",0.324600435488528
10,250,"ordinary_x1","mean_error",-0.0164582529764676
10,250,"ordinary_x1","wrong_sign",0.234833333333333
10,250,"ordinary_x1","regret",0.0286067522232506
10,250,"ordinary_x1","value_gain",0.423011575816884
10,250,"ordinary_x1","oracle_gain",0.451618328040134
10,250,"ordinary_x1","treatment_share",0.526033333333333
10,250,"ordinary_x2","mse",0.191791284610272
10,250,"ordinary_x2","mae",0.430264356399921
10,250,"ordinary_x2","mean_error",-0.0119338975231142
10,250,"ordinary_x2","wrong_sign",0.2469
10,250,"ordinary_x2","regret",0.0739181103538712
10,250,"ordinary_x2","value_gain",0.377700217686263
10,250,"ordinary_x2","oracle_gain",0.451618328040134
10,250,"ordinary_x2","treatment_share",0.502233333333333
10,500,"ordinary_x1","mse",0.190096528587218
10,500,"ordinary_x1","mae",0.403676570060679
10,500,"ordinary_x1","mean_error",-0.0165698283676707
10,500,"ordinary_x1","wrong_sign",0.2395
10,500,"ordinary_x1","regret",0.0293785464154758
10,500,"ordinary_x1","value_gain",0.422239781624659
10,500,"ordinary_x1","oracle_gain",0.451618328040134
10,500,"ordinary_x1","treatment_share",0.522033333333333
10,500,"ordinary_x2","mse",0.265265629018655
10,500,"ordinary_x2","mae",0.508626841059773
10,500,"ordinary_x2","mean_error",-0.0106258236648926
10,500,"ordinary_x2","wrong_sign",0.2475
10,500,"ordinary_x2","regret",0.0741462516309298
10,500,"ordinary_x2","value_gain",0.377472076409205
10,500,"ordinary_x2","oracle_gain",0.451618328040134
10,500,"ordinary_x2","treatment_share",0.501633333333333
10,500,"class_x1","mse",0.368704411028612
10,500,"class_x1","mae",0.47821412350901
10,500,"class_x1","mean_error",-0.0159064166181629
10,500,"class_x1","wrong_sign",0.0058
10,500,"class_x1","regret",0.00581060599135404
10,500,"class_x1","value_gain",0.44580772204878
10,500,"class_x1","oracle_gain",0.451618328040134
10,500,"class_x1","treatment_share",0.754933333333333
10,500,"class_x2","mse",0.368704411028612
10,500,"class_x2","mae",0.47821412350901
10,500,"class_x2","mean_error",-0.0159064166181629
10,500,"class_x2","wrong_sign",0.0058
10,500,"class_x2","regret",0.00581060599135404
10,500,"class_x2","value_gain",0.44580772204878
10,500,"class_x2","oracle_gain",0.451618328040134
10,500,"class_x2","treatment_share",0.754933333333333
11,40,"ordinary_x1","mse",0.0195153181860196
11,40,"ordinary_x1","mae",0.0932334740696697
11,40,"ordinary_x1","mean_error",0.0181785334406373
11,40,"ordinary_x1","wrong_sign",0.0784333333333333
11,40,"ordinary_x1","regret",0.00775052473447754
11,40,"ordinary_x1","value_gain",0.449388250261089
11,40,"ordinary_x1","oracle_gain",0.457138774995566
11,40,"ordinary_x1","treatment_share",0.676166666666667
11,40,"ordinary_x2","mse",0.00970894893089334
11,40,"ordinary_x2","mae",0.0572480575330339
11,40,"ordinary_x2","mean_error",0.0158026467423236
11,40,"ordinary_x2","wrong_sign",0.0186
11,40,"ordinary_x2","regret",0.00213186408680707
11,40,"ordinary_x2","value_gain",0.45500691090876
11,40,"ordinary_x2","oracle_gain",0.457138774995566
11,40,"ordinary_x2","treatment_share",0.736
11,100,"ordinary_x1","mse",0.0541887671284438
11,100,"ordinary_x1","mae",0.21239047956647
11,100,"ordinary_x1","mean_error",0.0201974785445296
11,100,"ordinary_x1","wrong_sign",0.249333333333333
11,100,"ordinary_x1","regret",0.0250612532776572
11,100,"ordinary_x1","value_gain",0.43207752171791
11,100,"ordinary_x1","oracle_gain",0.457138774995566
11,100,"ordinary_x1","treatment_share",0.505266666666667
11,100,"ordinary_x2","mse",0.0245134197991063
11,100,"ordinary_x2","mae",0.136695705359558
11,100,"ordinary_x2","mean_error",0.0137677905305088
11,100,"ordinary_x2","wrong_sign",0.00786666666666667
11,100,"ordinary_x2","regret",0.00112376661857047
11,100,"ordinary_x2","value_gain",0.456015008376996
11,100,"ordinary_x2","oracle_gain",0.457138774995566
11,100,"ordinary_x2","treatment_share",0.746733333333333
11,250,"ordinary_x1","mse",0.127336191206585
11,250,"ordinary_x1","mae",0.349086481250173
11,250,"ordinary_x1","mean_error",0.0229006156810744
11,250,"ordinary_x1","wrong_sign",0.250733333333333
11,250,"ordinary_x1","regret",0.0250396022172522
11,250,"ordinary_x1","value_gain",0.432099172778314
11,250,"ordinary_x1","oracle_gain",0.457138774995566
11,250,"ordinary_x1","treatment_share",0.503866666666667
11,250,"ordinary_x2","mse",0.10237397481783
11,250,"ordinary_x2","mae",0.310774211411768
11,250,"ordinary_x2","mean_error",0.00770587310248
11,250,"ordinary_x2","wrong_sign",0.0303333333333333
11,250,"ordinary_x2","regret",0.00881942777823346
11,250,"ordinary_x2","value_gain",0.448319347217333
11,250,"ordinary_x2","oracle_gain",0.457138774995566
11,250,"ordinary_x2","treatment_share",0.724266666666667
11,500,"ordinary_x1","mse",0.168338054732433
11,500,"ordinary_x1","mae",0.40556301376745
11,500,"ordinary_x1","mean_error",0.0223341675332553
11,500,"ordinary_x1","wrong_sign",0.250766666666667
11,500,"ordinary_x1","regret",0.0251205482028023
11,500,"ordinary_x1","value_gain",0.432018226792765
11,500,"ordinary_x1","oracle_gain",0.457138774995566
11,500,"ordinary_x1","treatment_share",0.5041
11,500,"ordinary_x2","mse",0.19234184011408
11,500,"ordinary_x2","mae",0.427737776635682
11,500,"ordinary_x2","mean_error",0.00458388718731078
11,500,"ordinary_x2","wrong_sign",0.230233333333333
11,500,"ordinary_x2","regret",0.0692051595310408
11,500,"ordinary_x2","value_gain",0.387933615464525
11,500,"ordinary_x2","oracle_gain",0.457138774995566
11,500,"ordinary_x2","treatment_share",0.524766666666667
11,500,"class_x1","mse",0.320143982398212
11,500,"class_x1","mae",0.420677876829358
11,500,"class_x1","mean_error",0.0113074761256282
11,500,"class_x1","wrong_sign",0.00103333333333333
11,500,"class_x1","regret",0.000764059060740658
11,500,"class_x1","value_gain",0.456374715934826
11,500,"class_x1","oracle_gain",0.457138774995566
11,500,"class_x1","treatment_share",0.755033333333333
11,500,"class_x2","mse",0.320143982398212
11,500,"class_x2","mae",0.420677876829358
11,500,"class_x2","mean_error",0.0113074761256282
11,500,"class_x2","wrong_sign",0.00103333333333333
11,500,"class_x2","regret",0.000764059060740658
11,500,"class_x2","value_gain",0.456374715934826
11,500,"class_x2","oracle_gain",0.457138774995566
11,500,"class_x2","treatment_share",0.755033333333333
12,40,"ordinary_x1","mse",0.0416047129434889
12,40,"ordinary_x1","mae",0.172064545201139
12,40,"ordinary_x1","mean_error",0.0297235284506642
12,40,"ordinary_x1","wrong_sign",0.126833333333333
12,40,"ordinary_x1","regret",0.0131793130107294
12,40,"ordinary_x1","value_gain",0.434192687372295
12,40,"ordinary_x1","oracle_gain",0.447372000383025
12,40,"ordinary_x1","treatment_share",0.6214
12,40,"ordinary_x2","mse",0.0272501364143086
12,40,"ordinary_x2","mae",0.119476033132566
12,40,"ordinary_x2","mean_error",0.0280482813997391
12,40,"ordinary_x2","wrong_sign",0.0145
12,40,"ordinary_x2","regret",0.00187880857740993
12,40,"ordinary_x2","value_gain",0.445493191805617
12,40,"ordinary_x2","oracle_gain",0.447372000383025
12,40,"ordinary_x2","treatment_share",0.733733333333333
12,100,"ordinary_x1","mse",0.0908038362249047
12,100,"ordinary_x1","mae",0.284073473709333
12,100,"ordinary_x1","mean_error",0.0327167291812333
12,100,"ordinary_x1","wrong_sign",0.245466666666667
12,100,"ordinary_x1","regret",0.0248445411629339
12,100,"ordinary_x1","value_gain",0.422527459220092
12,100,"ordinary_x1","oracle_gain",0.447372000383025
12,100,"ordinary_x1","treatment_share",0.503033333333333
12,100,"ordinary_x2","mse",0.0592283235111258
12,100,"ordinary_x2","mae",0.211863884412388
12,100,"ordinary_x2","mean_error",0.0308426509156025
12,100,"ordinary_x2","wrong_sign",0.00806666666666667
12,100,"ordinary_x2","regret",0.00137154180841517
12,100,"ordinary_x2","value_gain",0.44600045857461
12,100,"ordinary_x2","oracle_gain",0.447372000383025
12,100,"ordinary_x2","treatment_share",0.740233333333333
12,250,"ordinary_x1","mse",0.162412483673662
12,250,"ordinary_x1","mae",0.390014702000294
12,250,"ordinary_x1","mean_error",0.0370923807098084
12,250,"ordinary_x1","wrong_sign",0.247866666666667
12,250,"ordinary_x1","regret",0.0258801346044049
12,250,"ordinary_x1","value_gain",0.421491865778621
12,250,"ordinary_x1","oracle_gain",0.447372000383025
12,250,"ordinary_x1","treatment_share",0.502566666666667
12,250,"ordinary_x2","mse",0.152595929808979
12,250,"ordinary_x2","mae",0.367844281904659
12,250,"ordinary_x2","mean_error",0.0317789384979544
12,250,"ordinary_x2","wrong_sign",0.0119
12,250,"ordinary_x2","regret",0.0033865068751154
12,250,"ordinary_x2","value_gain",0.443985493507911
12,250,"ordinary_x2","oracle_gain",0.447372000383025
12,250,"ordinary_x2","treatment_share",0.736666666666667
12,500,"ordinary_x1","mse",0.216279242175202
12,500,"ordinary_x1","mae",0.447713772590145
12,500,"ordinary_x1","mean_error",0.0380430257437396
12,500,"ordinary_x1","wrong_sign",0.248533333333333
12,500,"ordinary_x1","regret",0.0267549700997792
12,500,"ordinary_x1","value_gain",0.42061703028325
12,500,"ordinary_x1","oracle_gain",0.447372000383025
12,500,"ordinary_x1","treatment_share",0.5037
12,500,"ordinary_x2","mse",0.245111184666565
12,500,"ordinary_x2","mae",0.466424881342009
12,500,"ordinary_x2","mean_error",0.0340867509535048
12,500,"ordinary_x2","wrong_sign",0.1418
12,500,"ordinary_x2","regret",0.0437121660669475
12,500,"ordinary_x2","value_gain",0.403659834316081
12,500,"ordinary_x2","oracle_gain",0.447372000383025
12,500,"ordinary_x2","treatment_share",0.6099
12,500,"class_x1","mse",0.399166890541335
12,500,"class_x1","mae",0.472492474305475
12,500,"class_x1","mean_error",0.0423980866156512
12,500,"class_x1","wrong_sign",0.0144666666666667
12,500,"class_x1","regret",0.0144679161075129
12,500,"class_x1","value_gain",0.432904084275515
12,500,"class_x1","oracle_gain",0.447372000383025
12,500,"class_x1","treatment_share",0.762633333333333
12,500,"class_x2","mse",0.399166890541335
12,500,"class_x2","mae",0.472492474305475
12,500,"class_x2","mean_error",0.0423980866156512
12,500,"class_x2","wrong_sign",0.0144666666666667
12,500,"class_x2","regret",0.0144679161075129
12,500,"class_x2","value_gain",0.432904084275515
12,500,"class_x2","oracle_gain",0.447372000383025
12,500,"class_x2","treatment_share",0.762633333333333
13,40,"ordinary_x1","mse",0.018994502131745
13,40,"ordinary_x1","mae",0.0916153572034653
13,40,"ordinary_x1","mean_error",0.023618595639944
13,40,"ordinary_x1","wrong_sign",0.00806666666666667
13,40,"ordinary_x1","regret",0.00197362685380116
13,40,"ordinary_x1","value_gain",0.444441317444792
13,40,"ordinary_x1","oracle_gain",0.446414944298591
13,40,"ordinary_x1","treatment_share",0.7411
13,40,"ordinary_x2","mse",0.035185802563562
13,40,"ordinary_x2","mae",0.142934796169305
13,40,"ordinary_x2","mean_error",0.0242949200337959
13,40,"ordinary_x2","wrong_sign",0.0113666666666667
13,40,"ordinary_x2","regret",0.00386179157970554
13,40,"ordinary_x2","value_gain",0.442553152718887
13,40,"ordinary_x2","oracle_gain",0.446414944298591
13,40,"ordinary_x2","treatment_share",0.739133333333333
13,100,"ordinary_x1","mse",0.0345659735678376
13,100,"ordinary_x1","mae",0.151894747351451
13,100,"ordinary_x1","mean_error",0.020639328755006
13,100,"ordinary_x1","wrong_sign",0.0381333333333333
13,100,"ordinary_x1","regret",0.00432563759256154
13,100,"ordinary_x1","value_gain",0.442089306706029
13,100,"ordinary_x1","oracle_gain",0.446414944298591
13,100,"ordinary_x1","treatment_share",0.7111
13,100,"ordinary_x2","mse",0.0827461462405189
13,100,"ordinary_x2","mae",0.265560878440071
13,100,"ordinary_x2","mean_error",0.0212021399989683
13,100,"ordinary_x2","wrong_sign",0.0812333333333333
13,100,"ordinary_x2","regret",0.0253730282564633
13,100,"ordinary_x2","value_gain",0.421041916042129
13,100,"ordinary_x2","oracle_gain",0.446414944298591
13,100,"ordinary_x2","treatment_share",0.672266666666667
13,250,"ordinary_x1","mse",0.0989756913332542
13,250,"ordinary_x1","mae",0.294983785833502
13,250,"ordinary_x1","mean_error",0.0190620504219274
13,250,"ordinary_x1","wrong_sign",0.2267
13,250,"ordinary_x1","regret",0.0230357557203745
13,250,"ordinary_x1","value_gain",0.423379188578216
13,250,"ordinary_x1","oracle_gain",0.446414944298591
13,250,"ordinary_x1","treatment_share",0.523
13,250,"ordinary_x2","mse",0.172836286106692
13,250,"ordinary_x2","mae",0.405338937483576
13,250,"ordinary_x2","mean_error",0.0140527611971059
13,250,"ordinary_x2","wrong_sign",0.242933333333333
13,250,"ordinary_x2","regret",0.0752116760681135
13,250,"ordinary_x2","value_gain",0.371203268230479
13,250,"ordinary_x2","oracle_gain",0.446414944298591
13,250,"ordinary_x2","treatment_share",0.512566666666667
13,500,"ordinary_x1","mse",0.163034420793158
13,500,"ordinary_x1","mae",0.380515735209279
13,500,"ordinary_x1","mean_error",0.0183955048516649
13,500,"ordinary_x1","wrong_sign",0.2367
13,500,"ordinary_x1","regret",0.0244437297484915
13,500,"ordinary_x1","value_gain",0.421971214550102
13,500,"ordinary_x1","oracle_gain",0.446414944298591
13,500,"ordinary_x1","treatment_share",0.513866666666667
13,500,"ordinary_x2","mse",0.249105071102663
13,500,"ordinary_x2","mae",0.492645432774663
13,500,"ordinary_x2","mean_error",0.0156995559291303
13,500,"ordinary_x2","wrong_sign",0.2459
13,500,"ordinary_x2","regret",0.076696717176615
13,500,"ordinary_x2","value_gain",0.369718227121976
13,500,"ordinary_x2","oracle_gain",0.446414944298591
13,500,"ordinary_x2","treatment_share",0.511266666666667
13,500,"class_x1","mse",0.343226286613063
13,500,"class_x1","mae",0.458967337575991
13,500,"class_x1","mean_error",0.0117654563537048
13,500,"class_x1","wrong_sign",0.0043
13,500,"class_x1","regret",0.00428453332770235
13,500,"class_x1","value_gain",0.44213041097089
13,500,"class_x1","oracle_gain",0.446414944298591
13,500,"class_x1","treatment_share",0.753333333333333
13,500,"class_x2","mse",0.343226286613063
13,500,"class_x2","mae",0.458967337575991
13,500,"class_x2","mean_error",0.0117654563537048
13,500,"class_x2","wrong_sign",0.0043
13,500,"class_x2","regret",0.00428453332770235
13,500,"class_x2","value_gain",0.44213041097089
13,500,"class_x2","oracle_gain",0.446414944298591
13,500,"class_x2","treatment_share",0.753333333333333
14,40,"ordinary_x1","mse",0.0331233228929605
14,40,"ordinary_x1","mae",0.144701413523326
14,40,"ordinary_x1","mean_error",0.0158377630563034
14,40,"ordinary_x1","wrong_sign",0.0162666666666667
14,40,"ordinary_x1","regret",0.00194492208035585
14,40,"ordinary_x1","value_gain",0.455655426084776
14,40,"ordinary_x1","oracle_gain",0.457600348165132
14,40,"ordinary_x1","treatment_share",0.738366666666667
14,40,"ordinary_x2","mse",0.0254050251282058
14,40,"ordinary_x2","mae",0.121103120151418
14,40,"ordinary_x2","mean_error",0.0161068326961601
14,40,"ordinary_x2","wrong_sign",0.0012
14,40,"ordinary_x2","regret",0.000443575755415931
14,40,"ordinary_x2","value_gain",0.457156772409716
14,40,"ordinary_x2","oracle_gain",0.457600348165132
14,40,"ordinary_x2","treatment_share",0.753366666666667
14,100,"ordinary_x1","mse",0.0763030750959937
14,100,"ordinary_x1","mae",0.257194359293017
14,100,"ordinary_x1","mean_error",0.0132684015279809
14,100,"ordinary_x1","wrong_sign",0.240866666666667
14,100,"ordinary_x1","regret",0.0249553509122475
14,100,"ordinary_x1","value_gain",0.432644997252884
14,100,"ordinary_x1","oracle_gain",0.457600348165132
14,100,"ordinary_x1","treatment_share",0.514833333333333
14,100,"ordinary_x2","mse",0.0590583282356638
14,100,"ordinary_x2","mae",0.221533059160681
14,100,"ordinary_x2","mean_error",0.0153656903571698
14,100,"ordinary_x2","wrong_sign",0.002
14,100,"ordinary_x2","regret",0.000594838825102515
14,100,"ordinary_x2","value_gain",0.457005509340029
14,100,"ordinary_x2","oracle_gain",0.457600348165132
14,100,"ordinary_x2","treatment_share",0.752233333333333
14,250,"ordinary_x1","mse",0.148053133364276
14,250,"ordinary_x1","mae",0.37154602300535
14,250,"ordinary_x1","mean_error",0.00976731177261448
14,250,"ordinary_x1","wrong_sign",0.247433333333333
14,250,"ordinary_x1","regret",0.0260588988420523
14,250,"ordinary_x1","value_gain",0.431541449323079
14,250,"ordinary_x1","oracle_gain",0.457600348165132
14,250,"ordinary_x1","treatment_share",0.509266666666667
14,250,"ordinary_x2","mse",0.152756432414571
14,250,"ordinary_x2","mae",0.375913688175836
14,250,"ordinary_x2","mean_error",0.0120260544473184
14,250,"ordinary_x2","wrong_sign",0.0587333333333333
14,250,"ordinary_x2","regret",0.017662146789306
14,250,"ordinary_x2","value_gain",0.439938201375826
14,250,"ordinary_x2","oracle_gain",0.457600348165132
14,250,"ordinary_x2","treatment_share",0.695366666666667
14,500,"ordinary_x1","mse",0.197292658393422
14,500,"ordinary_x1","mae",0.427378741400444
14,500,"ordinary_x1","mean_error",0.00738228606878258
14,500,"ordinary_x1","wrong_sign",0.248066666666667
14,500,"ordinary_x1","regret",0.0265385610331564
14,500,"ordinary_x1","value_gain",0.431061787131975
14,500,"ordinary_x1","oracle_gain",0.457600348165132
14,500,"ordinary_x1","treatment_share",0.509566666666667
14,500,"ordinary_x2","mse",0.236840902926633
14,500,"ordinary_x2","mae",0.471283600730453
14,500,"ordinary_x2","mean_error",0.00789671337933677
14,500,"ordinary_x2","wrong_sign",0.2196
14,500,"ordinary_x2","regret",0.0660839475530791
14,500,"ordinary_x2","value_gain",0.391516400612052
14,500,"ordinary_x2","oracle_gain",0.457600348165132
14,500,"ordinary_x2","treatment_share",0.5345
14,500,"class_x1","mse",0.378823089349529
14,500,"class_x1","mae",0.457960084025843
14,500,"class_x1","mean_error",0.00235353726473372
14,500,"class_x1","wrong_sign",0.0034
14,500,"class_x1","regret",0.00339819313813702
14,500,"class_x1","value_gain",0.454202155026994
14,500,"class_x1","oracle_gain",0.457600348165132
14,500,"class_x1","treatment_share",0.757233333333333
14,500,"class_x2","mse",0.378823089349529
14,500,"class_x2","mae",0.457960084025843
14,500,"class_x2","mean_error",0.00235353726473372
14,500,"class_x2","wrong_sign",0.0034
14,500,"class_x2","regret",0.00339819313813702
14,500,"class_x2","value_gain",0.454202155026994
14,500,"class_x2","oracle_gain",0.457600348165132
14,500,"class_x2","treatment_share",0.757233333333333
15,40,"ordinary_x1","mse",0.0279297199939805
15,40,"ordinary_x1","mae",0.118408122047219
15,40,"ordinary_x1","mean_error",0.0510020476159816
15,40,"ordinary_x1","wrong_sign",0.0534666666666667
15,40,"ordinary_x1","regret",0.00530818547133823
15,40,"ordinary_x1","value_gain",0.437221089041617
15,40,"ordinary_x1","oracle_gain",0.442529274512954
15,40,"ordinary_x1","treatment_share",0.6937
15,40,"ordinary_x2","mse",0.0217198353378065
15,40,"ordinary_x2","mae",0.102279643745662
15,40,"ordinary_x2","mean_error",0.0555753751433467
15,40,"ordinary_x2","wrong_sign",0.0153
15,40,"ordinary_x2","regret",0.00168924879358769
15,40,"ordinary_x2","value_gain",0.440840025719367
15,40,"ordinary_x2","oracle_gain",0.442529274512954
15,40,"ordinary_x2","treatment_share",0.731933333333333
15,100,"ordinary_x1","mse",0.0602885877120208
15,100,"ordinary_x1","mae",0.216654353020777
15,100,"ordinary_x1","mean_error",0.0473437262969588
15,100,"ordinary_x1","wrong_sign",0.1921
15,100,"ordinary_x1","regret",0.0191284380613051
15,100,"ordinary_x1","value_gain",0.42340083645165
15,100,"ordinary_x1","oracle_gain",0.442529274512954
15,100,"ordinary_x1","treatment_share",0.555133333333333
15,100,"ordinary_x2","mse",0.0389175942603357
15,100,"ordinary_x2","mae",0.152079744005454
15,100,"ordinary_x2","mean_error",0.0560451393451981
15,100,"ordinary_x2","wrong_sign",0.00456666666666667
15,100,"ordinary_x2","regret",0.00183608385592386
15,100,"ordinary_x2","value_gain",0.440693190657031
15,100,"ordinary_x2","oracle_gain",0.442529274512954
15,100,"ordinary_x2","treatment_share",0.744066666666667
15,250,"ordinary_x1","mse",0.126446836343103
15,250,"ordinary_x1","mae",0.3438614165336
15,250,"ordinary_x1","mean_error",0.044242525715772
15,250,"ordinary_x1","wrong_sign",0.2507
15,250,"ordinary_x1","regret",0.0251546604256191
15,250,"ordinary_x1","value_gain",0.417374614087335
15,250,"ordinary_x1","oracle_gain",0.442529274512954
15,250,"ordinary_x1","treatment_share",0.497133333333333
15,250,"ordinary_x2","mse",0.12134467330459
15,250,"ordinary_x2","mae",0.329231348009848
15,250,"ordinary_x2","mean_error",0.0586668120728854
15,250,"ordinary_x2","wrong_sign",0.0116333333333333
15,250,"ordinary_x2","regret",0.00654551768944052
15,250,"ordinary_x2","value_gain",0.435983756823514
15,250,"ordinary_x2","oracle_gain",0.442529274512954
15,250,"ordinary_x2","treatment_share",0.744333333333333
15,500,"ordinary_x1","mse",0.179340221357677
15,500,"ordinary_x1","mae",0.416668450735418
15,500,"ordinary_x1","mean_error",0.042292147375161
15,500,"ordinary_x1","wrong_sign",0.251533333333333
15,500,"ordinary_x1","regret",0.0253043377905161
15,500,"ordinary_x1","value_gain",0.417224936722438
15,500,"ordinary_x1","oracle_gain",0.442529274512954
15,500,"ordinary_x1","treatment_share",0.496433333333333
15,500,"ordinary_x2","mse",0.211303955201589
15,500,"ordinary_x2","mae",0.444962255916029
15,500,"ordinary_x2","mean_error",0.0572904049627408
15,500,"ordinary_x2","wrong_sign",0.1975
15,500,"ordinary_x2","regret",0.0639540585852391
15,500,"ordinary_x2","value_gain",0.378575215927715
15,500,"ordinary_x2","oracle_gain",0.442529274512954
15,500,"ordinary_x2","treatment_share",0.563133333333333
15,500,"class_x1","mse",0.324494550968547
15,500,"class_x1","mae",0.429485332265077
15,500,"class_x1","mean_error",0.043307612723197
15,500,"class_x1","wrong_sign",0.00633333333333333
15,500,"class_x1","regret",0.00634230413602595
15,500,"class_x1","value_gain",0.436186970376929
15,500,"class_x1","oracle_gain",0.442529274512954
15,500,"class_x1","treatment_share",0.7535
15,500,"class_x2","mse",0.324494550968547
15,500,"class_x2","mae",0.429485332265077
15,500,"class_x2","mean_error",0.043307612723197
15,500,"class_x2","wrong_sign",0.00633333333333333
15,500,"class_x2","regret",0.00634230413602595
15,500,"class_x2","value_gain",0.436186970376929
15,500,"class_x2","oracle_gain",0.442529274512954
15,500,"class_x2","treatment_share",0.7535
16,40,"ordinary_x1","mse",0.0363595913500122
16,40,"ordinary_x1","mae",0.145204451981064
16,40,"ordinary_x1","mean_error",-0.0281831273021486
16,40,"ordinary_x1","wrong_sign",0.230466666666667
16,40,"ordinary_x1","regret",0.0237948052437502
16,40,"ordinary_x1","value_gain",0.424096144706633
16,40,"ordinary_x1","oracle_gain",0.447890949950383
16,40,"ordinary_x1","treatment_share",0.5213
16,40,"ordinary_x2","mse",0.0211920064077719
16,40,"ordinary_x2","mae",0.100097495339096
16,40,"ordinary_x2","mean_error",-0.0336514103270612
16,40,"ordinary_x2","wrong_sign",0.1333
16,40,"ordinary_x2","regret",0.0133152959580782
16,40,"ordinary_x2","value_gain",0.434575653992305
16,40,"ordinary_x2","oracle_gain",0.447890949950383
16,40,"ordinary_x2","treatment_share",0.616933333333333
16,100,"ordinary_x1","mse",0.0830334665163956
16,100,"ordinary_x1","mae",0.266698043154766
16,100,"ordinary_x1","mean_error",-0.0230897743961402
16,100,"ordinary_x1","wrong_sign",0.2362
16,100,"ordinary_x1","regret",0.0264265407325342
16,100,"ordinary_x1","value_gain",0.42146440921785
16,100,"ordinary_x1","oracle_gain",0.447890949950383
16,100,"ordinary_x1","treatment_share",0.5201
16,100,"ordinary_x2","mse",0.0394011406715936
16,100,"ordinary_x2","mae",0.166157948922923
16,100,"ordinary_x2","mean_error",-0.039881363330457
16,100,"ordinary_x2","wrong_sign",0.0231333333333333
16,100,"ordinary_x2","regret",0.00434068674618376
16,100,"ordinary_x2","value_gain",0.4435502632042
16,100,"ordinary_x2","oracle_gain",0.447890949950383
16,100,"ordinary_x2","treatment_share",0.7271
16,250,"ordinary_x1","mse",0.157004290555784
16,250,"ordinary_x1","mae",0.384258835216283
16,250,"ordinary_x1","mean_error",-0.0190323566308375
16,250,"ordinary_x1","wrong_sign",0.242466666666667
16,250,"ordinary_x1","regret",0.0277306703154464
16,250,"ordinary_x1","value_gain",0.420160279634937
16,250,"ordinary_x1","oracle_gain",0.447890949950383
16,250,"ordinary_x1","treatment_share",0.5153
16,250,"ordinary_x2","mse",0.12293969354658
16,250,"ordinary_x2","mae",0.334077371088624
16,250,"ordinary_x2","mean_error",-0.0477839224638116
16,250,"ordinary_x2","wrong_sign",0.2441
16,250,"ordinary_x2","regret",0.072779377268732
16,250,"ordinary_x2","value_gain",0.375111572681651
16,250,"ordinary_x2","oracle_gain",0.447890949950383
16,250,"ordinary_x2","treatment_share",0.506066666666667
16,500,"ordinary_x1","mse",0.202675516944503
16,500,"ordinary_x1","mae",0.439133040749257
16,500,"ordinary_x1","mean_error",-0.0163877955699035
16,500,"ordinary_x1","wrong_sign",0.2439
16,500,"ordinary_x1","regret",0.0285556259744653
16,500,"ordinary_x1","value_gain",0.419335323975918
16,500,"ordinary_x1","oracle_gain",0.447890949950383
16,500,"ordinary_x1","treatment_share",0.5154
16,500,"ordinary_x2","mse",0.210823254999482
16,500,"ordinary_x2","mae",0.442338963341717
16,500,"ordinary_x2","mean_error",-0.0485685318585121
16,500,"ordinary_x2","wrong_sign",0.252066666666667
16,500,"ordinary_x2","regret",0.0753748106150361
16,500,"ordinary_x2","value_gain",0.372516139335348
16,500,"ordinary_x2","oracle_gain",0.447890949950383
16,500,"ordinary_x2","treatment_share",0.4981
16,500,"class_x1","mse",0.345028593632211
16,500,"class_x1","mae",0.443099212875114
16,500,"class_x1","mean_error",-0.0372627929760278
16,500,"class_x1","wrong_sign",0.0108
16,500,"class_x1","regret",0.00621075526350497
16,500,"class_x1","value_gain",0.441680194686878
16,500,"class_x1","oracle_gain",0.447890949950383
16,500,"class_x1","treatment_share",0.750766666666667
16,500,"class_x2","mse",0.345028593632211
16,500,"class_x2","mae",0.443099212875114
16,500,"class_x2","mean_error",-0.0372627929760278
16,500,"class_x2","wrong_sign",0.0108
16,500,"class_x2","regret",0.00621075526350497
16,500,"class_x2","value_gain",0.441680194686878
16,500,"class_x2","oracle_gain",0.447890949950383
16,500,"class_x2","treatment_share",0.750766666666667
17,40,"ordinary_x1","mse",0.0244527372307479
17,40,"ordinary_x1","mae",0.111207498220538
17,40,"ordinary_x1","mean_error",-0.00883918068344997
17,40,"ordinary_x1","wrong_sign",0.1295
17,40,"ordinary_x1","regret",0.0132557125865652
17,40,"ordinary_x1","value_gain",0.438719629037688
17,40,"ordinary_x1","oracle_gain",0.451975341624254
17,40,"ordinary_x1","treatment_share",0.6211
17,40,"ordinary_x2","mse",0.0253584571144072
17,40,"ordinary_x2","mae",0.114983220106318
17,40,"ordinary_x2","mean_error",-0.00958908870415966
17,40,"ordinary_x2","wrong_sign",0.0334666666666667
17,40,"ordinary_x2","regret",0.00450098714107338
17,40,"ordinary_x2","value_gain",0.44747435448318
17,40,"ordinary_x2","oracle_gain",0.451975341624254
17,40,"ordinary_x2","treatment_share",0.717066666666667
17,100,"ordinary_x1","mse",0.0511088131926862
17,100,"ordinary_x1","mae",0.195293320181432
17,100,"ordinary_x1","mean_error",-0.0055335523239835
17,100,"ordinary_x1","wrong_sign",0.2396
17,100,"ordinary_x1","regret",0.0244613113798154
17,100,"ordinary_x1","value_gain",0.427514030244438
17,100,"ordinary_x1","oracle_gain",0.451975341624254
17,100,"ordinary_x1","treatment_share",0.512133333333333
17,100,"ordinary_x2","mse",0.0587823218432561
17,100,"ordinary_x2","mae",0.217388365908125
17,100,"ordinary_x2","mean_error",-0.0127505328297205
17,100,"ordinary_x2","wrong_sign",0.0829333333333333
17,100,"ordinary_x2","regret",0.0234977297817573
17,100,"ordinary_x2","value_gain",0.428477611842496
17,100,"ordinary_x2","oracle_gain",0.451975341624254
17,100,"ordinary_x2","treatment_share",0.667666666666667
17,250,"ordinary_x1","mse",0.120908924632389
17,250,"ordinary_x1","mae",0.334814060391856
17,250,"ordinary_x1","mean_error",-0.0038629295817115
17,250,"ordinary_x1","wrong_sign",0.242166666666667
17,250,"ordinary_x1","regret",0.0257439549874026
17,250,"ordinary_x1","value_gain",0.426231386636851
17,250,"ordinary_x1","oracle_gain",0.451975341624254
17,250,"ordinary_x1","treatment_share",0.511833333333333
17,250,"ordinary_x2","mse",0.151321801632925
17,250,"ordinary_x2","mae",0.376543262212954
17,250,"ordinary_x2","mean_error",-0.0184602795477153
17,250,"ordinary_x2","wrong_sign",0.240733333333333
17,250,"ordinary_x2","regret",0.071835988747856
17,250,"ordinary_x2","value_gain",0.380139352876397
17,250,"ordinary_x2","oracle_gain",0.451975341624254
17,250,"ordinary_x2","treatment_share",0.509933333333333
17,500,"ordinary_x1","mse",0.173970479000981
17,500,"ordinary_x1","mae",0.402665889317126
17,500,"ordinary_x1","mean_error",-0.00428090237824844
17,500,"ordinary_x1","wrong_sign",0.243266666666667
17,500,"ordinary_x1","regret",0.0260297003912158
17,500,"ordinary_x1","value_gain",0.425945641233038
17,500,"ordinary_x1","oracle_gain",0.451975341624254
17,500,"ordinary_x1","treatment_share",0.511133333333333
17,500,"ordinary_x2","mse",0.227799657031709
17,500,"ordinary_x2","mae",0.465619277771602
17,500,"ordinary_x2","mean_error",-0.0237100902356799
17,500,"ordinary_x2","wrong_sign",0.243266666666667
17,500,"ordinary_x2","regret",0.0729264030313778
17,500,"ordinary_x2","value_gain",0.379048938592876
17,500,"ordinary_x2","oracle_gain",0.451975341624254
17,500,"ordinary_x2","treatment_share",0.507466666666667
17,500,"class_x1","mse",0.348524390653783
17,500,"class_x1","mae",0.450688066447023
17,500,"class_x1","mean_error",-0.0164992981569636
17,500,"class_x1","wrong_sign",0.00383333333333333
17,500,"class_x1","regret",0.00138534908857113
17,500,"class_x1","value_gain",0.450589992535682
17,500,"class_x1","oracle_gain",0.451975341624254
17,500,"class_x1","treatment_share",0.7489
17,500,"class_x2","mse",0.348524390653783
17,500,"class_x2","mae",0.450688066447023
17,500,"class_x2","mean_error",-0.0164992981569636
17,500,"class_x2","wrong_sign",0.00383333333333333
17,500,"class_x2","regret",0.00138534908857113
17,500,"class_x2","value_gain",0.450589992535682
17,500,"class_x2","oracle_gain",0.451975341624254
17,500,"class_x2","treatment_share",0.7489
18,40,"ordinary_x1","mse",0.0339085858807638
18,40,"ordinary_x1","mae",0.140313223538737
18,40,"ordinary_x1","mean_error",-0.0550951207215409
18,40,"ordinary_x1","wrong_sign",0.246133333333333
18,40,"ordinary_x1","regret",0.0251194339199061
18,40,"ordinary_x1","value_gain",0.423236341328643
18,40,"ordinary_x1","oracle_gain",0.448355775248549
18,40,"ordinary_x1","treatment_share",0.500333333333333
18,40,"ordinary_x2","mse",0.0172777398793092
18,40,"ordinary_x2","mae",0.0885563729021268
18,40,"ordinary_x2","mean_error",-0.051315840689093
18,40,"ordinary_x2","wrong_sign",0.145666666666667
18,40,"ordinary_x2","regret",0.0139475460206095
18,40,"ordinary_x2","value_gain",0.434408229227939
18,40,"ordinary_x2","oracle_gain",0.448355775248549
18,40,"ordinary_x2","treatment_share",0.6008
18,100,"ordinary_x1","mse",0.0811147801523728
18,100,"ordinary_x1","mae",0.262466401595365
18,100,"ordinary_x1","mean_error",-0.0538088209259949
18,100,"ordinary_x1","wrong_sign",0.248266666666667
18,100,"ordinary_x1","regret",0.0252368870132735
18,100,"ordinary_x1","value_gain",0.423118888235275
18,100,"ordinary_x1","oracle_gain",0.448355775248549
18,100,"ordinary_x1","treatment_share",0.4982
18,100,"ordinary_x2","mse",0.0329917302068281
18,100,"ordinary_x2","mae",0.146780356580967
18,100,"ordinary_x2","mean_error",-0.0467122093003206
18,100,"ordinary_x2","wrong_sign",0.0261333333333333
18,100,"ordinary_x2","regret",0.00492361717388119
18,100,"ordinary_x2","value_gain",0.443432158074668
18,100,"ordinary_x2","oracle_gain",0.448355775248549
18,100,"ordinary_x2","treatment_share",0.720333333333333
18,250,"ordinary_x1","mse",0.150867897348428
18,250,"ordinary_x1","mae",0.375615146056539
18,250,"ordinary_x1","mean_error",-0.0540373984596146
18,250,"ordinary_x1","wrong_sign",0.247533333333333
18,250,"ordinary_x1","regret",0.0249691180782028
18,250,"ordinary_x1","value_gain",0.423386657170346
18,250,"ordinary_x1","oracle_gain",0.448355775248549
18,250,"ordinary_x1","treatment_share",0.498933333333333
18,250,"ordinary_x2","mse",0.113185065084241
18,250,"ordinary_x2","mae",0.321036361597742
18,250,"ordinary_x2","mean_error",-0.0381290455669379
18,250,"ordinary_x2","wrong_sign",0.188933333333333
18,250,"ordinary_x2","regret",0.0562915929182394
18,250,"ordinary_x2","value_gain",0.39206418233031
18,250,"ordinary_x2","oracle_gain",0.448355775248549
18,250,"ordinary_x2","treatment_share",0.557533333333333
18,500,"ordinary_x1","mse",0.191391891406705
18,500,"ordinary_x1","mae",0.4284035292783
18,500,"ordinary_x1","mean_error",-0.0509532937698595
18,500,"ordinary_x1","wrong_sign",0.247166666666667
18,500,"ordinary_x1","regret",0.0248383023163994
18,500,"ordinary_x1","value_gain",0.42351747293215
18,500,"ordinary_x1","oracle_gain",0.448355775248549
18,500,"ordinary_x1","treatment_share",0.4993
18,500,"ordinary_x2","mse",0.199190088936783
18,500,"ordinary_x2","mae",0.431859202122393
18,500,"ordinary_x2","mean_error",-0.0323662928626471
18,500,"ordinary_x2","wrong_sign",0.2386
18,500,"ordinary_x2","regret",0.0714184742004587
18,500,"ordinary_x2","value_gain",0.37693730104809
18,500,"ordinary_x2","oracle_gain",0.448355775248549
18,500,"ordinary_x2","treatment_share",0.507866666666667
18,500,"class_x1","mse",0.339121689371034
18,500,"class_x1","mae",0.435120610734468
18,500,"class_x1","mean_error",-0.0348323641772722
18,500,"class_x1","wrong_sign",0.0127
18,500,"class_x1","regret",0.00139630806869449
18,500,"class_x1","value_gain",0.446959467179855
18,500,"class_x1","oracle_gain",0.448355775248549
18,500,"class_x1","treatment_share",0.733833333333333
18,500,"class_x2","mse",0.339121689371034
18,500,"class_x2","mae",0.435120610734468
18,500,"class_x2","mean_error",-0.0348323641772722
18,500,"class_x2","wrong_sign",0.0127
18,500,"class_x2","regret",0.00139630806869449
18,500,"class_x2","value_gain",0.446959467179855
18,500,"class_x2","oracle_gain",0.448355775248549
18,500,"class_x2","treatment_share",0.733833333333333
19,40,"ordinary_x1","mse",0.0360420404683453
19,40,"ordinary_x1","mae",0.149536528627537
19,40,"ordinary_x1","mean_error",0.0287706271902325
19,40,"ordinary_x1","wrong_sign",0.0116333333333333
19,40,"ordinary_x1","regret",0.00122922197011842
19,40,"ordinary_x1","value_gain",0.445536530140793
19,40,"ordinary_x1","oracle_gain",0.446765752110911
19,40,"ordinary_x1","treatment_share",0.742666666666667
19,40,"ordinary_x2","mse",0.0290732238887711
19,40,"ordinary_x2","mae",0.136087297569508
19,40,"ordinary_x2","mean_error",0.034429179460805
19,40,"ordinary_x2","wrong_sign",0.00373333333333333
19,40,"ordinary_x2","regret",0.000521770059923489
19,40,"ordinary_x2","value_gain",0.446243982050988
19,40,"ordinary_x2","oracle_gain",0.446765752110911
19,40,"ordinary_x2","treatment_share",0.750766666666667
19,100,"ordinary_x1","mse",0.0762873946027533
19,100,"ordinary_x1","mae",0.254092448710699
19,100,"ordinary_x1","mean_error",0.022780701526595
19,100,"ordinary_x1","wrong_sign",0.211566666666667
19,100,"ordinary_x1","regret",0.0213634202965915
19,100,"ordinary_x1","value_gain",0.425402331814319
19,100,"ordinary_x1","oracle_gain",0.446765752110911
19,100,"ordinary_x1","treatment_share",0.5434
19,100,"ordinary_x2","mse",0.0613683972559894
19,100,"ordinary_x2","mae",0.216286837793187
19,100,"ordinary_x2","mean_error",0.0343531744004775
19,100,"ordinary_x2","wrong_sign",0.0087
19,100,"ordinary_x2","regret",0.00227387486907188
19,100,"ordinary_x2","value_gain",0.444491877241839
19,100,"ordinary_x2","oracle_gain",0.446765752110911
19,100,"ordinary_x2","treatment_share",0.7456
19,250,"ordinary_x1","mse",0.146928109877714
19,250,"ordinary_x1","mae",0.3704191142422
19,250,"ordinary_x1","mean_error",0.0205639955308145
19,250,"ordinary_x1","wrong_sign",0.254033333333333
19,250,"ordinary_x1","regret",0.0260796867499299
19,250,"ordinary_x1","value_gain",0.420686065360982
19,250,"ordinary_x1","oracle_gain",0.446765752110911
19,250,"ordinary_x1","treatment_share",0.501866666666667
19,250,"ordinary_x2","mse",0.147152086395059
19,250,"ordinary_x2","mae",0.366058667703095
19,250,"ordinary_x2","mean_error",0.0330943517437546
19,250,"ordinary_x2","wrong_sign",0.0145333333333333
19,250,"ordinary_x2","regret",0.00466472944372255
19,250,"ordinary_x2","value_gain",0.442101022667189
19,250,"ordinary_x2","oracle_gain",0.446765752110911
19,250,"ordinary_x2","treatment_share",0.740633333333333
19,500,"ordinary_x1","mse",0.194174495387619
19,500,"ordinary_x1","mae",0.426247957722367
19,500,"ordinary_x1","mean_error",0.0186995284694699
19,500,"ordinary_x1","wrong_sign",0.254666666666667
19,500,"ordinary_x1","regret",0.0263155995705871
19,500,"ordinary_x1","value_gain",0.420450152540324
19,500,"ordinary_x1","oracle_gain",0.446765752110911
19,500,"ordinary_x1","treatment_share",0.501633333333333
19,500,"ordinary_x2","mse",0.236149090012748
19,500,"ordinary_x2","mae",0.469235795950637
19,500,"ordinary_x2","mean_error",0.0337376946502238
19,500,"ordinary_x2","wrong_sign",0.205833333333333
19,500,"ordinary_x2","regret",0.0625743640191997
19,500,"ordinary_x2","value_gain",0.384191388091712
19,500,"ordinary_x2","oracle_gain",0.446765752110911
19,500,"ordinary_x2","treatment_share",0.5508
19,500,"class_x1","mse",0.358143521262872
19,500,"class_x1","mae",0.449423007958942
19,500,"class_x1","mean_error",0.0241144032875656
19,500,"class_x1","wrong_sign",0.0039
19,500,"class_x1","regret",0.00390449083972499
19,500,"class_x1","value_gain",0.442861261271186
19,500,"class_x1","oracle_gain",0.446765752110911
19,500,"class_x1","treatment_share",0.758133333333333
19,500,"class_x2","mse",0.358143521262872
19,500,"class_x2","mae",0.449423007958942
19,500,"class_x2","mean_error",0.0241144032875656
19,500,"class_x2","wrong_sign",0.0039
19,500,"class_x2","regret",0.00390449083972499
19,500,"class_x2","value_gain",0.442861261271186
19,500,"class_x2","oracle_gain",0.446765752110911
19,500,"class_x2","treatment_share",0.758133333333333
20,40,"ordinary_x1","mse",0.032564045954318
20,40,"ordinary_x1","mae",0.140234391288017
20,40,"ordinary_x1","mean_error",0.0673699119546793
20,40,"ordinary_x1","wrong_sign",0.0118
20,40,"ordinary_x1","regret",0.00198120942153503
20,40,"ordinary_x1","value_gain",0.449019941894494
20,40,"ordinary_x1","oracle_gain",0.451001151316029
20,40,"ordinary_x1","treatment_share",0.739933333333333
20,40,"ordinary_x2","mse",0.041458187562733
20,40,"ordinary_x2","mae",0.162851966250103
20,40,"ordinary_x2","mean_error",0.0661435218618259
20,40,"ordinary_x2","wrong_sign",0.0280333333333333
20,40,"ordinary_x2","regret",0.00755181126127246
20,40,"ordinary_x2","value_gain",0.443449340054756
20,40,"ordinary_x2","oracle_gain",0.451001151316029
20,40,"ordinary_x2","treatment_share",0.723633333333333
20,100,"ordinary_x1","mse",0.0650984874547114
20,100,"ordinary_x1","mae",0.21339536332146
20,100,"ordinary_x1","mean_error",0.0682883317831374
20,100,"ordinary_x1","wrong_sign",0.0321333333333333
20,100,"ordinary_x1","regret",0.00477463007981973
20,100,"ordinary_x1","value_gain",0.446226521236209
20,100,"ordinary_x1","oracle_gain",0.451001151316029
20,100,"ordinary_x1","treatment_share",0.722866666666667
20,100,"ordinary_x2","mse",0.0874479271054443
20,100,"ordinary_x2","mae",0.271961410280749
20,100,"ordinary_x2","mean_error",0.0647712070694241
20,100,"ordinary_x2","wrong_sign",0.0377666666666667
20,100,"ordinary_x2","regret",0.0106846156019905
20,100,"ordinary_x2","value_gain",0.440316535714038
20,100,"ordinary_x2","oracle_gain",0.451001151316029
20,100,"ordinary_x2","treatment_share",0.713833333333333
20,250,"ordinary_x1","mse",0.139224527744455
20,250,"ordinary_x1","mae",0.341111847538538
20,250,"ordinary_x1","mean_error",0.0744418025068333
20,250,"ordinary_x1","wrong_sign",0.2405
20,250,"ordinary_x1","regret",0.0271819579555978
20,250,"ordinary_x1","value_gain",0.42381919336043
20,250,"ordinary_x1","oracle_gain",0.451001151316029
20,250,"ordinary_x1","treatment_share",0.517966666666667
20,250,"ordinary_x2","mse",0.18484448060269
20,250,"ordinary_x2","mae",0.415996629774796
20,250,"ordinary_x2","mean_error",0.0646920011842258
20,250,"ordinary_x2","wrong_sign",0.174933333333333
20,250,"ordinary_x2","regret",0.052157624386154
20,250,"ordinary_x2","value_gain",0.398843526929874
20,250,"ordinary_x2","oracle_gain",0.451001151316029
20,250,"ordinary_x2","treatment_share",0.576666666666667
20,500,"ordinary_x1","mse",0.197256838245968
20,500,"ordinary_x1","mae",0.408375157434261
20,500,"ordinary_x1","mean_error",0.0741202670891979
20,500,"ordinary_x1","wrong_sign",0.244233333333333
20,500,"ordinary_x1","regret",0.0281154356949295
20,500,"ordinary_x1","value_gain",0.422885715621099
20,500,"ordinary_x1","oracle_gain",0.451001151316029
20,500,"ordinary_x1","treatment_share",0.5155
20,500,"ordinary_x2","mse",0.265970902218569
20,500,"ordinary_x2","mae",0.50150020671421
20,500,"ordinary_x2","mean_error",0.065505440593681
20,500,"ordinary_x2","wrong_sign",0.230566666666667
20,500,"ordinary_x2","regret",0.0690544245841198
20,500,"ordinary_x2","value_gain",0.381946726731908
20,500,"ordinary_x2","oracle_gain",0.451001151316029
20,500,"ordinary_x2","treatment_share",0.521033333333333
20,500,"class_x1","mse",0.391891855584514
20,500,"class_x1","mae",0.487474842818796
20,500,"class_x1","mean_error",0.075402888925315
20,500,"class_x1","wrong_sign",0.0172333333333333
20,500,"class_x1","regret",0.0172529517343394
20,500,"class_x1","value_gain",0.43374819958169
20,500,"class_x1","oracle_gain",0.451001151316029
20,500,"class_x1","treatment_share",0.768833333333333
20,500,"class_x2","mse",0.391891855584514
20,500,"class_x2","mae",0.487474842818796
20,500,"class_x2","mean_error",0.075402888925315
20,500,"class_x2","wrong_sign",0.0172333333333333
20,500,"class_x2","regret",0.0172529517343394
20,500,"class_x2","value_gain",0.43374819958169
20,500,"class_x2","oracle_gain",0.451001151316029
20,500,"class_x2","treatment_share",0.768833333333333
21,40,"ordinary_x1","mse",0.0463319567965894
21,40,"ordinary_x1","mae",0.164017268475127
21,40,"ordinary_x1","mean_error",0.0254911741277825
21,40,"ordinary_x1","wrong_sign",0.2253
21,40,"ordinary_x1","regret",0.0228692988866358
21,40,"ordinary_x1","value_gain",0.427833874235507
21,40,"ordinary_x1","oracle_gain",0.450703173122143
21,40,"ordinary_x1","treatment_share",0.525866666666667
21,40,"ordinary_x2","mse",0.0360863384231038
21,40,"ordinary_x2","mae",0.13250882426254
21,40,"ordinary_x2","mean_error",0.0274131253242109
21,40,"ordinary_x2","wrong_sign",0.0668333333333333
21,40,"ordinary_x2","regret",0.00778973163859919
21,40,"ordinary_x2","value_gain",0.442913441483544
21,40,"ordinary_x2","oracle_gain",0.450703173122143
21,40,"ordinary_x2","treatment_share",0.684466666666667
21,100,"ordinary_x1","mse",0.087393634788877
21,100,"ordinary_x1","mae",0.269038310626651
21,100,"ordinary_x1","mean_error",0.0270337326085438
21,100,"ordinary_x1","wrong_sign",0.243333333333333
21,100,"ordinary_x1","regret",0.0245586981332287
21,100,"ordinary_x1","value_gain",0.426144474988914
21,100,"ordinary_x1","oracle_gain",0.450703173122143
21,100,"ordinary_x1","treatment_share",0.5079
21,100,"ordinary_x2","mse",0.0637731112501599
21,100,"ordinary_x2","mae",0.20934453419666
21,100,"ordinary_x2","mean_error",0.0266534462678542
21,100,"ordinary_x2","wrong_sign",0.0231333333333333
21,100,"ordinary_x2","regret",0.00692878055767534
21,100,"ordinary_x2","value_gain",0.443774392564467
21,100,"ordinary_x2","oracle_gain",0.450703173122143
21,100,"ordinary_x2","treatment_share",0.729366666666667
21,250,"ordinary_x1","mse",0.151593737591611
21,250,"ordinary_x1","mae",0.374819045024941
21,250,"ordinary_x1","mean_error",0.025999363067931
21,250,"ordinary_x1","wrong_sign",0.243266666666667
21,250,"ordinary_x1","regret",0.0245892669340223
21,250,"ordinary_x1","value_gain",0.42611390618812
21,250,"ordinary_x1","oracle_gain",0.450703173122143
21,250,"ordinary_x1","treatment_share",0.5085
21,250,"ordinary_x2","mse",0.153481096063865
21,250,"ordinary_x2","mae",0.366686624439763
21,250,"ordinary_x2","mean_error",0.0269507388276649
21,250,"ordinary_x2","wrong_sign",0.1505
21,250,"ordinary_x2","regret",0.0490413706736434
21,250,"ordinary_x2","value_gain",0.401661802448499
21,250,"ordinary_x2","oracle_gain",0.450703173122143
21,250,"ordinary_x2","treatment_share",0.6116
21,500,"ordinary_x1","mse",0.206732878614042
21,500,"ordinary_x1","mae",0.439004872044116
21,500,"ordinary_x1","mean_error",0.0269862547557708
21,500,"ordinary_x1","wrong_sign",0.2451
21,500,"ordinary_x1","regret",0.026260445404804
21,500,"ordinary_x1","value_gain",0.424442727717339
21,500,"ordinary_x1","oracle_gain",0.450703173122143
21,500,"ordinary_x1","treatment_share",0.51
21,500,"ordinary_x2","mse",0.23931221497026
21,500,"ordinary_x2","mae",0.46495909214178
21,500,"ordinary_x2","mean_error",0.0277426842082852
21,500,"ordinary_x2","wrong_sign",0.218633333333333
21,500,"ordinary_x2","regret",0.0709858652373633
21,500,"ordinary_x2","value_gain",0.379717307884779
21,500,"ordinary_x2","oracle_gain",0.450703173122143
21,500,"ordinary_x2","treatment_share",0.547533333333333
21,500,"class_x1","mse",0.379536829784402
21,500,"class_x1","mae",0.460836500667449
21,500,"class_x1","mean_error",0.0285377816955835
21,500,"class_x1","wrong_sign",0.0154333333333333
21,500,"class_x1","regret",0.0154349825678595
21,500,"class_x1","value_gain",0.435268190554284
21,500,"class_x1","oracle_gain",0.450703173122143
21,500,"class_x1","treatment_share",0.766466666666667
21,500,"class_x2","mse",0.379536829784402
21,500,"class_x2","mae",0.460836500667449
21,500,"class_x2","mean_error",0.0285377816955835
21,500,"class_x2","wrong_sign",0.0154333333333333
21,500,"class_x2","regret",0.0154349825678595
21,500,"class_x2","value_gain",0.435268190554284
21,500,"class_x2","oracle_gain",0.450703173122143
21,500,"class_x2","treatment_share",0.766466666666667
22,40,"ordinary_x1","mse",0.0515167842989755
22,40,"ordinary_x1","mae",0.174990568913247
22,40,"ordinary_x1","mean_error",0.0108092202518504
22,40,"ordinary_x1","wrong_sign",0.2378
22,40,"ordinary_x1","regret",0.0237087358262468
22,40,"ordinary_x1","value_gain",0.429089512310311
22,40,"ordinary_x1","oracle_gain",0.452798248136558
22,40,"ordinary_x1","treatment_share",0.511666666666667
22,40,"ordinary_x2","mse",0.0337714822161506
22,40,"ordinary_x2","mae",0.131748167156106
22,40,"ordinary_x2","mean_error",0.0105044748238011
22,40,"ordinary_x2","wrong_sign",0.0753333333333333
22,40,"ordinary_x2","regret",0.00713305908010732
22,40,"ordinary_x2","value_gain",0.445665189056451
22,40,"ordinary_x2","oracle_gain",0.452798248136558
22,40,"ordinary_x2","treatment_share",0.674066666666667
22,100,"ordinary_x1","mse",0.0925977070221226
22,100,"ordinary_x1","mae",0.27778109378088
22,100,"ordinary_x1","mean_error",0.012157938510505
22,100,"ordinary_x1","wrong_sign",0.241466666666667
22,100,"ordinary_x1","regret",0.0247118618001067
22,100,"ordinary_x1","value_gain",0.428086386336451
22,100,"ordinary_x1","oracle_gain",0.452798248136558
22,100,"ordinary_x1","treatment_share",0.5094
22,100,"ordinary_x2","mse",0.0651732658894951
22,100,"ordinary_x2","mae",0.215162820451338
22,100,"ordinary_x2","mean_error",0.0126120735568404
22,100,"ordinary_x2","wrong_sign",0.0109333333333333
22,100,"ordinary_x2","regret",0.00154716406276608
22,100,"ordinary_x2","value_gain",0.451251084073792
22,100,"ordinary_x2","oracle_gain",0.452798248136558
22,100,"ordinary_x2","treatment_share",0.7384
22,250,"ordinary_x1","mse",0.156232403134051
22,250,"ordinary_x1","mae",0.381717553030501
22,250,"ordinary_x1","mean_error",0.0129959470617145
22,250,"ordinary_x1","wrong_sign",0.2452
22,250,"ordinary_x1","regret",0.0259016592979268
22,250,"ordinary_x1","value_gain",0.426896588838632
22,250,"ordinary_x1","oracle_gain",0.452798248136558
22,250,"ordinary_x1","treatment_share",0.507466666666667
22,250,"ordinary_x2","mse",0.157771228787366
22,250,"ordinary_x2","mae",0.376005684596053
22,250,"ordinary_x2","mean_error",0.0126235616582244
22,250,"ordinary_x2","wrong_sign",0.209666666666667
22,250,"ordinary_x2","regret",0.0622267243838193
22,250,"ordinary_x2","value_gain",0.390571523752738
22,250,"ordinary_x2","oracle_gain",0.452798248136558
22,250,"ordinary_x2","treatment_share",0.539666666666667
22,500,"ordinary_x1","mse",0.203902101917648
22,500,"ordinary_x1","mae",0.437757052509782
22,500,"ordinary_x1","mean_error",0.0134224667173601
22,500,"ordinary_x1","wrong_sign",0.2461
22,500,"ordinary_x1","regret",0.0268369532253081
22,500,"ordinary_x1","value_gain",0.42596129491125
22,500,"ordinary_x1","oracle_gain",0.452798248136558
22,500,"ordinary_x1","treatment_share",0.508433333333333
22,500,"ordinary_x2","mse",0.240540956355975
22,500,"ordinary_x2","mae",0.468762362226358
22,500,"ordinary_x2","mean_error",0.0124355659894617
22,500,"ordinary_x2","wrong_sign",0.233733333333333
22,500,"ordinary_x2","regret",0.0703402324526315
22,500,"ordinary_x2","value_gain",0.382458015683927
22,500,"ordinary_x2","oracle_gain",0.452798248136558
22,500,"ordinary_x2","treatment_share",0.516066666666667
22,500,"class_x1","mse",0.363387459019602
22,500,"class_x1","mae",0.445842325306487
22,500,"class_x1","mean_error",0.0124284441113206
22,500,"class_x1","wrong_sign",0.00493333333333333
22,500,"class_x1","regret",0.00358576020832801
22,500,"class_x1","value_gain",0.44921248792823
22,500,"class_x1","oracle_gain",0.452798248136558
22,500,"class_x1","treatment_share",0.751266666666667
22,500,"class_x2","mse",0.363387459019602
22,500,"class_x2","mae",0.445842325306487
22,500,"class_x2","mean_error",0.0124284441113206
22,500,"class_x2","wrong_sign",0.00493333333333333
22,500,"class_x2","regret",0.00358576020832801
22,500,"class_x2","value_gain",0.44921248792823
22,500,"class_x2","oracle_gain",0.452798248136558
22,500,"class_x2","treatment_share",0.751266666666667
23,40,"ordinary_x1","mse",0.0314276295012574
23,40,"ordinary_x1","mae",0.140402999294211
23,40,"ordinary_x1","mean_error",0.0380697127019449
23,40,"ordinary_x1","wrong_sign",0.0214
23,40,"ordinary_x1","regret",0.00273847962647133
23,40,"ordinary_x1","value_gain",0.44621599943138
23,40,"ordinary_x1","oracle_gain",0.448954479057852
23,40,"ordinary_x1","treatment_share",0.725933333333333
23,40,"ordinary_x2","mse",0.0261260680747601
23,40,"ordinary_x2","mae",0.124713030974678
23,40,"ordinary_x2","mean_error",0.0430960984125026
23,40,"ordinary_x2","wrong_sign",0.0147
23,40,"ordinary_x2","regret",0.00324496758507794
23,40,"ordinary_x2","value_gain",0.445709511472774
23,40,"ordinary_x2","oracle_gain",0.448954479057852
23,40,"ordinary_x2","treatment_share",0.732633333333333
23,100,"ordinary_x1","mse",0.0744198643706412
23,100,"ordinary_x1","mae",0.251690225857235
23,100,"ordinary_x1","mean_error",0.035790802091825
23,100,"ordinary_x1","wrong_sign",0.223366666666667
23,100,"ordinary_x1","regret",0.0228940557168797
23,100,"ordinary_x1","value_gain",0.426060423340973
23,100,"ordinary_x1","oracle_gain",0.448954479057852
23,100,"ordinary_x1","treatment_share",0.523966666666667
23,100,"ordinary_x2","mse",0.0598013279155814
23,100,"ordinary_x2","mae",0.215248165144176
23,100,"ordinary_x2","mean_error",0.0483967737900995
23,100,"ordinary_x2","wrong_sign",0.017
23,100,"ordinary_x2","regret",0.00548194098445118
23,100,"ordinary_x2","value_gain",0.443472538073401
23,100,"ordinary_x2","oracle_gain",0.448954479057852
23,100,"ordinary_x2","treatment_share",0.7314
23,250,"ordinary_x1","mse",0.145087774765268
23,250,"ordinary_x1","mae",0.365730316469846
23,250,"ordinary_x1","mean_error",0.0337379906767192
23,250,"ordinary_x1","wrong_sign",0.2494
23,250,"ordinary_x1","regret",0.025519451357408
23,250,"ordinary_x1","value_gain",0.423435027700444
23,250,"ordinary_x1","oracle_gain",0.448954479057852
23,250,"ordinary_x1","treatment_share",0.497933333333333
23,250,"ordinary_x2","mse",0.152465643704962
23,250,"ordinary_x2","mae",0.375293793835549
23,250,"ordinary_x2","mean_error",0.0550714550285656
23,250,"ordinary_x2","wrong_sign",0.0311333333333333
23,250,"ordinary_x2","regret",0.0110598132411158
23,250,"ordinary_x2","value_gain",0.437894665816736
23,250,"ordinary_x2","oracle_gain",0.448954479057852
23,250,"ordinary_x2","treatment_share",0.720933333333333
23,500,"ordinary_x1","mse",0.198149561470852
23,500,"ordinary_x1","mae",0.428735099122929
23,500,"ordinary_x1","mean_error",0.0318527430685299
23,500,"ordinary_x1","wrong_sign",0.249266666666667
23,500,"ordinary_x1","regret",0.0253575138743238
23,500,"ordinary_x1","value_gain",0.423596965183528
23,500,"ordinary_x1","oracle_gain",0.448954479057852
23,500,"ordinary_x1","treatment_share",0.498066666666667
23,500,"ordinary_x2","mse",0.230233020597543
23,500,"ordinary_x2","mae",0.463686538454682
23,500,"ordinary_x2","mean_error",0.0580698464489638
23,500,"ordinary_x2","wrong_sign",0.152066666666667
23,500,"ordinary_x2","regret",0.0484262510198077
23,500,"ordinary_x2","value_gain",0.400528228038045
23,500,"ordinary_x2","oracle_gain",0.448954479057852
23,500,"ordinary_x2","treatment_share",0.602866666666667
23,500,"class_x1","mse",0.359517113858897
23,500,"class_x1","mae",0.456114124296508
23,500,"class_x1","mean_error",0.0470040593811355
23,500,"class_x1","wrong_sign",0.00656666666666667
23,500,"class_x1","regret",0.0065687249125672
23,500,"class_x1","value_gain",0.442385754145285
23,500,"class_x1","oracle_gain",0.448954479057852
23,500,"class_x1","treatment_share",0.7539
23,500,"class_x2","mse",0.359517113858897
23,500,"class_x2","mae",0.456114124296508
23,500,"class_x2","mean_error",0.0470040593811355
23,500,"class_x2","wrong_sign",0.00656666666666667
23,500,"class_x2","regret",0.0065687249125672
23,500,"class_x2","value_gain",0.442385754145285
23,500,"class_x2","oracle_gain",0.448954479057852
23,500,"class_x2","treatment_share",0.7539
24,40,"ordinary_x1","mse",0.0347208549531333
24,40,"ordinary_x1","mae",0.148707273053715
24,40,"ordinary_x1","mean_error",-0.00330995825569347
24,40,"ordinary_x1","wrong_sign",0.161133333333333
24,40,"ordinary_x1","regret",0.0161370018855909
24,40,"ordinary_x1","value_gain",0.433566508343484
24,40,"ordinary_x1","oracle_gain",0.449703510229075
24,40,"ordinary_x1","treatment_share",0.590066666666667
24,40,"ordinary_x2","mse",0.0220495159912623
24,40,"ordinary_x2","mae",0.0998689375467556
24,40,"ordinary_x2","mean_error",-0.00042175376086194
24,40,"ordinary_x2","wrong_sign",0.0437666666666667
24,40,"ordinary_x2","regret",0.00480353421691729
24,40,"ordinary_x2","value_gain",0.444899976012157
24,40,"ordinary_x2","oracle_gain",0.449703510229075
24,40,"ordinary_x2","treatment_share",0.707433333333333
24,100,"ordinary_x1","mse",0.0753783187911371
24,100,"ordinary_x1","mae",0.258356842551629
24,100,"ordinary_x1","mean_error",-0.00939553860090869
24,100,"ordinary_x1","wrong_sign",0.247566666666667
24,100,"ordinary_x1","regret",0.0249935496054015
24,100,"ordinary_x1","value_gain",0.424709960623673
24,100,"ordinary_x1","oracle_gain",0.449703510229075
24,100,"ordinary_x1","treatment_share",0.503633333333333
24,100,"ordinary_x2","mse",0.0437693677950197
24,100,"ordinary_x2","mae",0.170499086171952
24,100,"ordinary_x2","mean_error",0.000194840666138954
24,100,"ordinary_x2","wrong_sign",0.0213333333333333
24,100,"ordinary_x2","regret",0.00287020182553056
24,100,"ordinary_x2","value_gain",0.446833308403544
24,100,"ordinary_x2","oracle_gain",0.449703510229075
24,100,"ordinary_x2","treatment_share",0.729866666666667
24,250,"ordinary_x1","mse",0.14410204325393
24,250,"ordinary_x1","mae",0.372262010344542
24,250,"ordinary_x1","mean_error",-0.0128797114289488
24,250,"ordinary_x1","wrong_sign",0.249033333333333
24,250,"ordinary_x1","regret",0.0249720924227188
24,250,"ordinary_x1","value_gain",0.424731417806356
24,250,"ordinary_x1","oracle_gain",0.449703510229075
24,250,"ordinary_x1","treatment_share",0.502233333333333
24,250,"ordinary_x2","mse",0.130748460631977
24,250,"ordinary_x2","mae",0.334944258277083
24,250,"ordinary_x2","mean_error",0.00327910609446034
24,250,"ordinary_x2","wrong_sign",0.0139666666666667
24,250,"ordinary_x2","regret",0.00404323376464736
24,250,"ordinary_x2","value_gain",0.445660276464427
24,250,"ordinary_x2","oracle_gain",0.449703510229075
24,250,"ordinary_x2","treatment_share",0.737366666666667
24,500,"ordinary_x1","mse",0.193472138281475
24,500,"ordinary_x1","mae",0.433398891551744
24,500,"ordinary_x1","mean_error",-0.0151895596321508
24,500,"ordinary_x1","wrong_sign",0.248133333333333
24,500,"ordinary_x1","regret",0.0247375950936018
24,500,"ordinary_x1","value_gain",0.424965915135473
24,500,"ordinary_x1","oracle_gain",0.449703510229075
24,500,"ordinary_x1","treatment_share",0.503266666666667
24,500,"ordinary_x2","mse",0.218848952595011
24,500,"ordinary_x2","mae",0.440115484746883
24,500,"ordinary_x2","mean_error",0.00157496290864861
24,500,"ordinary_x2","wrong_sign",0.146233333333333
24,500,"ordinary_x2","regret",0.0440065175549273
24,500,"ordinary_x2","value_gain",0.405696992674147
24,500,"ordinary_x2","oracle_gain",0.449703510229075
24,500,"ordinary_x2","treatment_share",0.605433333333333
24,500,"class_x1","mse",0.354486765288857
24,500,"class_x1","mae",0.439626982837643
24,500,"class_x1","mean_error",-0.00631952319381276
24,500,"class_x1","wrong_sign",0.0039
24,500,"class_x1","regret",0.00109768834881406
24,500,"class_x1","value_gain",0.448605821880261
24,500,"class_x1","oracle_gain",0.449703510229075
24,500,"class_x1","treatment_share",0.748366666666667
24,500,"class_x2","mse",0.354486765288857
24,500,"class_x2","mae",0.439626982837643
24,500,"class_x2","mean_error",-0.00631952319381276
24,500,"class_x2","wrong_sign",0.0039
24,500,"class_x2","regret",0.00109768834881406
24,500,"class_x2","value_gain",0.448605821880261
24,500,"class_x2","oracle_gain",0.449703510229075
24,500,"class_x2","treatment_share",0.748366666666667
25,40,"ordinary_x1","mse",0.0414065069827962
25,40,"ordinary_x1","mae",0.14135723316102
25,40,"ordinary_x1","mean_error",0.0413628354429964
25,40,"ordinary_x1","wrong_sign",0.0522
25,40,"ordinary_x1","regret",0.00660593688360259
25,40,"ordinary_x1","value_gain",0.44188928075558
25,40,"ordinary_x1","oracle_gain",0.448495217639183
25,40,"ordinary_x1","treatment_share",0.700933333333333
25,40,"ordinary_x2","mse",0.037828062380076
25,40,"ordinary_x2","mae",0.145079953216837
25,40,"ordinary_x2","mean_error",0.0401761094274665
25,40,"ordinary_x2","wrong_sign",0.0405333333333333
25,40,"ordinary_x2","regret",0.00561739843137716
25,40,"ordinary_x2","value_gain",0.442877819207806
25,40,"ordinary_x2","oracle_gain",0.448495217639183
25,40,"ordinary_x2","treatment_share",0.7126
25,100,"ordinary_x1","mse",0.0736251013379085
25,100,"ordinary_x1","mae",0.232299356669058
25,100,"ordinary_x1","mean_error",0.0420104141927345
25,100,"ordinary_x1","wrong_sign",0.207933333333333
25,100,"ordinary_x1","regret",0.0220128098932529
25,100,"ordinary_x1","value_gain",0.42648240774593
25,100,"ordinary_x1","oracle_gain",0.448495217639183
25,100,"ordinary_x1","treatment_share",0.5452
25,100,"ordinary_x2","mse",0.0711466943888994
25,100,"ordinary_x2","mae",0.237246560272329
25,100,"ordinary_x2","mean_error",0.0426344865703837
25,100,"ordinary_x2","wrong_sign",0.0238666666666667
25,100,"ordinary_x2","regret",0.00484734685269721
25,100,"ordinary_x2","value_gain",0.443647870786486
25,100,"ordinary_x2","oracle_gain",0.448495217639183
25,100,"ordinary_x2","treatment_share",0.729266666666667
25,250,"ordinary_x1","mse",0.150091518015084
25,250,"ordinary_x1","mae",0.36423955972517
25,250,"ordinary_x1","mean_error",0.0404028322903311
25,250,"ordinary_x1","wrong_sign",0.2399
25,250,"ordinary_x1","regret",0.0242597819144201
25,250,"ordinary_x1","value_gain",0.424235435724763
25,250,"ordinary_x1","oracle_gain",0.448495217639183
25,250,"ordinary_x1","treatment_share",0.513633333333333
25,250,"ordinary_x2","mse",0.166504750350359
25,250,"ordinary_x2","mae",0.391628328390829
25,250,"ordinary_x2","mean_error",0.0442000871656102
25,250,"ordinary_x2","wrong_sign",0.205866666666667
25,250,"ordinary_x2","regret",0.060665877249286
25,250,"ordinary_x2","value_gain",0.387829340389898
25,250,"ordinary_x2","oracle_gain",0.448495217639183
25,250,"ordinary_x2","treatment_share",0.547266666666667
25,500,"ordinary_x1","mse",0.202386815550948
25,500,"ordinary_x1","mae",0.423544122659833
25,500,"ordinary_x1","mean_error",0.0405345224788192
25,500,"ordinary_x1","wrong_sign",0.240733333333333
25,500,"ordinary_x1","regret",0.024496166028843
25,500,"ordinary_x1","value_gain",0.42399905161034
25,500,"ordinary_x1","oracle_gain",0.448495217639183
25,500,"ordinary_x1","treatment_share",0.513266666666667
25,500,"ordinary_x2","mse",0.244042855456284
25,500,"ordinary_x2","mae",0.477495172014218
25,500,"ordinary_x2","mean_error",0.0449172504666955
25,500,"ordinary_x2","wrong_sign",0.238766666666667
25,500,"ordinary_x2","regret",0.0712359990161915
25,500,"ordinary_x2","value_gain",0.377259218622992
25,500,"ordinary_x2","oracle_gain",0.448495217639183
25,500,"ordinary_x2","treatment_share",0.514366666666667
25,500,"class_x1","mse",0.369878796751168
25,500,"class_x1","mae",0.463475847652664
25,500,"class_x1","mean_error",0.0436004496865099
25,500,"class_x1","wrong_sign",0.0103
25,500,"class_x1","regret",0.00957616058170323
25,500,"class_x1","value_gain",0.43891905705748
25,500,"class_x1","oracle_gain",0.448495217639183
25,500,"class_x1","treatment_share",0.761833333333333
25,500,"class_x2","mse",0.369878796751168
25,500,"class_x2","mae",0.463475847652664
25,500,"class_x2","mean_error",0.0436004496865099
25,500,"class_x2","wrong_sign",0.0103
25,500,"class_x2","regret",0.00957616058170323
25,500,"class_x2","value_gain",0.43891905705748
25,500,"class_x2","oracle_gain",0.448495217639183
25,500,"class_x2","treatment_share",0.761833333333333
26,40,"ordinary_x1","mse",0.0464507448153838
26,40,"ordinary_x1","mae",0.189113790768536
26,40,"ordinary_x1","mean_error",-0.0357818213675701
26,40,"ordinary_x1","wrong_sign",0.238733333333333
26,40,"ordinary_x1","regret",0.0241017945140026
26,40,"ordinary_x1","value_gain",0.431287646328237
26,40,"ordinary_x1","oracle_gain",0.455389440842238
26,40,"ordinary_x1","treatment_share",0.5123
26,40,"ordinary_x2","mse",0.0343775516258737
26,40,"ordinary_x2","mae",0.151576331510391
26,40,"ordinary_x2","mean_error",-0.0341043109112401
26,40,"ordinary_x2","wrong_sign",0.0296666666666667
26,40,"ordinary_x2","regret",0.00378309455622146
26,40,"ordinary_x2","value_gain",0.451606346286017
26,40,"ordinary_x2","oracle_gain",0.455389440842238
26,40,"ordinary_x2","treatment_share",0.721433333333333
26,100,"ordinary_x1","mse",0.0973699729941097
26,100,"ordinary_x1","mae",0.295781642136453
26,100,"ordinary_x1","mean_error",-0.0359015781739465
26,100,"ordinary_x1","wrong_sign",0.242
26,100,"ordinary_x1","regret",0.0242279778566375
26,100,"ordinary_x1","value_gain",0.431161462985601
26,100,"ordinary_x1","oracle_gain",0.455389440842238
26,100,"ordinary_x1","treatment_share",0.509033333333333
26,100,"ordinary_x2","mse",0.0723366773562982
26,100,"ordinary_x2","mae",0.235355508068761
26,100,"ordinary_x2","mean_error",-0.0347475889384566
26,100,"ordinary_x2","wrong_sign",0.0182333333333333
26,100,"ordinary_x2","regret",0.00490137553941628
26,100,"ordinary_x2","value_gain",0.450488065302822
26,100,"ordinary_x2","oracle_gain",0.455389440842238
26,100,"ordinary_x2","treatment_share",0.732933333333333
26,250,"ordinary_x1","mse",0.172263260329598
26,250,"ordinary_x1","mae",0.401278287368299
26,250,"ordinary_x1","mean_error",-0.0384498975705041
26,250,"ordinary_x1","wrong_sign",0.243533333333333
26,250,"ordinary_x1","regret",0.0246404766271691
26,250,"ordinary_x1","value_gain",0.430748964215069
26,250,"ordinary_x1","oracle_gain",0.455389440842238
26,250,"ordinary_x1","treatment_share",0.508166666666667
26,250,"ordinary_x2","mse",0.168812771729471
26,250,"ordinary_x2","mae",0.387501484048324
26,250,"ordinary_x2","mean_error",-0.0349698458101586
26,250,"ordinary_x2","wrong_sign",0.1854
26,250,"ordinary_x2","regret",0.0553083208189635
26,250,"ordinary_x2","value_gain",0.400081120023275
26,250,"ordinary_x2","oracle_gain",0.455389440842238
26,250,"ordinary_x2","treatment_share",0.565766666666667
26,500,"ordinary_x1","mse",0.225460371949831
26,500,"ordinary_x1","mae",0.455519141486697
26,500,"ordinary_x1","mean_error",-0.0385276422048478
26,500,"ordinary_x1","wrong_sign",0.244866666666667
26,500,"ordinary_x1","regret",0.024866932726632
26,500,"ordinary_x1","value_gain",0.430522508115607
26,500,"ordinary_x1","oracle_gain",0.455389440842238
26,500,"ordinary_x1","treatment_share",0.507033333333333
26,500,"ordinary_x2","mse",0.256166627266909
26,500,"ordinary_x2","mae",0.478404703348342
26,500,"ordinary_x2","mean_error",-0.0347968035802183
26,500,"ordinary_x2","wrong_sign",0.2283
26,500,"ordinary_x2","regret",0.0684225406605004
26,500,"ordinary_x2","value_gain",0.386966900181739
26,500,"ordinary_x2","oracle_gain",0.455389440842238
26,500,"ordinary_x2","treatment_share",0.523266666666667
26,500,"class_x1","mse",0.390847365188484
26,500,"class_x1","mae",0.470790478551333
26,500,"class_x1","mean_error",-0.0400619964982273
26,500,"class_x1","wrong_sign",0.00296666666666667
26,500,"class_x1","regret",0.00152715948226243
26,500,"class_x1","value_gain",0.453862281359976
26,500,"class_x1","oracle_gain",0.455389440842238
26,500,"class_x1","treatment_share",0.7508
26,500,"class_x2","mse",0.390847365188484
26,500,"class_x2","mae",0.470790478551333
26,500,"class_x2","mean_error",-0.0400619964982273
26,500,"class_x2","wrong_sign",0.00296666666666667
26,500,"class_x2","regret",0.00152715948226243
26,500,"class_x2","value_gain",0.453862281359976
26,500,"class_x2","oracle_gain",0.455389440842238
26,500,"class_x2","treatment_share",0.7508
27,40,"ordinary_x1","mse",0.0426429674343961
27,40,"ordinary_x1","mae",0.152295806127694
27,40,"ordinary_x1","mean_error",0.0515218729261041
27,40,"ordinary_x1","wrong_sign",0.0924666666666667
27,40,"ordinary_x1","regret",0.00955985408736862
27,40,"ordinary_x1","value_gain",0.435440989227489
27,40,"ordinary_x1","oracle_gain",0.445000843314858
27,40,"ordinary_x1","treatment_share",0.657733333333333
27,40,"ordinary_x2","mse",0.0317117875304864
27,40,"ordinary_x2","mae",0.132031074176545
27,40,"ordinary_x2","mean_error",0.049059107178675
27,40,"ordinary_x2","wrong_sign",0.0580666666666667
27,40,"ordinary_x2","regret",0.00639679381163795
27,40,"ordinary_x2","value_gain",0.43860404950322
27,40,"ordinary_x2","oracle_gain",0.445000843314858
27,40,"ordinary_x2","treatment_share",0.691866666666667
27,100,"ordinary_x1","mse",0.0757678099051691
27,100,"ordinary_x1","mae",0.2380849441523
27,100,"ordinary_x1","mean_error",0.0526116308043423
27,100,"ordinary_x1","wrong_sign",0.196433333333333
27,100,"ordinary_x1","regret",0.0213110554254662
27,100,"ordinary_x1","value_gain",0.423689787889392
27,100,"ordinary_x1","oracle_gain",0.445000843314858
27,100,"ordinary_x1","treatment_share",0.556833333333333
27,100,"ordinary_x2","mse",0.0640975587023049
27,100,"ordinary_x2","mae",0.218698276579832
27,100,"ordinary_x2","mean_error",0.0484622968495007
27,100,"ordinary_x2","wrong_sign",0.0132666666666667
27,100,"ordinary_x2","regret",0.00258312721374592
27,100,"ordinary_x2","value_gain",0.442417716101112
27,100,"ordinary_x2","oracle_gain",0.445000843314858
27,100,"ordinary_x2","treatment_share",0.736666666666667
27,250,"ordinary_x1","mse",0.143112476307675
27,250,"ordinary_x1","mae",0.358522173263473
27,250,"ordinary_x1","mean_error",0.0522706973991432
27,250,"ordinary_x1","wrong_sign",0.2474
27,250,"ordinary_x1","regret",0.028125834647855
27,250,"ordinary_x1","value_gain",0.416875008667003
27,250,"ordinary_x1","oracle_gain",0.445000843314858
27,250,"ordinary_x1","treatment_share",0.509733333333333
27,250,"ordinary_x2","mse",0.152120215349134
27,250,"ordinary_x2","mae",0.370522165413733
27,250,"ordinary_x2","mean_error",0.0468129573005186
27,250,"ordinary_x2","wrong_sign",0.148866666666667
27,250,"ordinary_x2","regret",0.04436228506631
27,250,"ordinary_x2","value_gain",0.400638558248548
27,250,"ordinary_x2","oracle_gain",0.445000843314858
27,250,"ordinary_x2","treatment_share",0.601
27,500,"ordinary_x1","mse",0.192432714103843
27,500,"ordinary_x1","mae",0.418110544251965
27,500,"ordinary_x1","mean_error",0.0534863833800709
27,500,"ordinary_x1","wrong_sign",0.249666666666667
27,500,"ordinary_x1","regret",0.0299452650198495
27,500,"ordinary_x1","value_gain",0.415055578295008
27,500,"ordinary_x1","oracle_gain",0.445000843314858
27,500,"ordinary_x1","treatment_share",0.511
27,500,"ordinary_x2","mse",0.238179343617688
27,500,"ordinary_x2","mae",0.469710961514987
27,500,"ordinary_x2","mean_error",0.0474514752542641
27,500,"ordinary_x2","wrong_sign",0.231133333333333
27,500,"ordinary_x2","regret",0.0692122358256454
27,500,"ordinary_x2","value_gain",0.375788607489212
27,500,"ordinary_x2","oracle_gain",0.445000843314858
27,500,"ordinary_x2","treatment_share",0.518733333333333
27,500,"class_x1","mse",0.361610595643465
27,500,"class_x1","mae",0.453362938424016
27,500,"class_x1","mean_error",0.0525852694588793
27,500,"class_x1","wrong_sign",0.00833333333333333
27,500,"class_x1","regret",0.0082774516808978
27,500,"class_x1","value_gain",0.436723391633959
27,500,"class_x1","oracle_gain",0.445000843314858
27,500,"class_x1","treatment_share",0.758
27,500,"class_x2","mse",0.361610595643465
27,500,"class_x2","mae",0.453362938424016
27,500,"class_x2","mean_error",0.0525852694588793
27,500,"class_x2","wrong_sign",0.00833333333333333
27,500,"class_x2","regret",0.0082774516808978
27,500,"class_x2","value_gain",0.436723391633959
27,500,"class_x2","oracle_gain",0.445000843314858
27,500,"class_x2","treatment_share",0.758
28,40,"ordinary_x1","mse",0.0479996314541183
28,40,"ordinary_x1","mae",0.195681246398189
28,40,"ordinary_x1","mean_error",0.00671739445896232
28,40,"ordinary_x1","wrong_sign",0.2337
28,40,"ordinary_x1","regret",0.0236117114958656
28,40,"ordinary_x1","value_gain",0.426186889192056
28,40,"ordinary_x1","oracle_gain",0.449798600687921
28,40,"ordinary_x1","treatment_share",0.515733333333333
28,40,"ordinary_x2","mse",0.0299463522011475
28,40,"ordinary_x2","mae",0.130771140163943
28,40,"ordinary_x2","mean_error",0.011197497860834
28,40,"ordinary_x2","wrong_sign",0.0284666666666667
28,40,"ordinary_x2","regret",0.0034524243291421
28,40,"ordinary_x2","value_gain",0.446346176358779
28,40,"ordinary_x2","oracle_gain",0.449798600687921
28,40,"ordinary_x2","treatment_share",0.720966666666667
28,100,"ordinary_x1","mse",0.0991575876400682
28,100,"ordinary_x1","mae",0.304112450641456
28,100,"ordinary_x1","mean_error",0.00500871153835427
28,100,"ordinary_x1","wrong_sign",0.247
28,100,"ordinary_x1","regret",0.0250127245236817
28,100,"ordinary_x1","value_gain",0.42478587616424
28,100,"ordinary_x1","oracle_gain",0.449798600687921
28,100,"ordinary_x1","treatment_share",0.5025
28,100,"ordinary_x2","mse",0.0593957547267977
28,100,"ordinary_x2","mae",0.199559712879368
28,100,"ordinary_x2","mean_error",0.0098394645164703
28,100,"ordinary_x2","wrong_sign",0.0108333333333333
28,100,"ordinary_x2","regret",0.00289563064709002
28,100,"ordinary_x2","value_gain",0.446902970040831
28,100,"ordinary_x2","oracle_gain",0.449798600687921
28,100,"ordinary_x2","treatment_share",0.738666666666667
28,250,"ordinary_x1","mse",0.173301089941513
28,250,"ordinary_x1","mae",0.409247506266016
28,250,"ordinary_x1","mean_error",0.00197934619568912
28,250,"ordinary_x1","wrong_sign",0.247933333333333
28,250,"ordinary_x1","regret",0.025291565078313
28,250,"ordinary_x1","value_gain",0.424507035609608
28,250,"ordinary_x1","oracle_gain",0.449798600687921
28,250,"ordinary_x1","treatment_share",0.502033333333333
28,250,"ordinary_x2","mse",0.15023833873235
28,250,"ordinary_x2","mae",0.357153982966822
28,250,"ordinary_x2","mean_error",0.00640473357612793
28,250,"ordinary_x2","wrong_sign",0.0213666666666667
28,250,"ordinary_x2","regret",0.00794304490073808
28,250,"ordinary_x2","value_gain",0.441855555787183
28,250,"ordinary_x2","oracle_gain",0.449798600687921
28,250,"ordinary_x2","treatment_share",0.732066666666667
28,500,"ordinary_x1","mse",0.2134816955184
28,500,"ordinary_x1","mae",0.452204936619168
28,500,"ordinary_x1","mean_error",0.000945266154971814
28,500,"ordinary_x1","wrong_sign",0.248466666666667
28,500,"ordinary_x1","regret",0.0257670233059907
28,500,"ordinary_x1","value_gain",0.42403157738193
28,500,"ordinary_x1","oracle_gain",0.449798600687921
28,500,"ordinary_x1","treatment_share",0.502433333333333
28,500,"ordinary_x2","mse",0.242167198495975
28,500,"ordinary_x2","mae",0.460175070225241
28,500,"ordinary_x2","mean_error",0.00369847519117609
28,500,"ordinary_x2","wrong_sign",0.167766666666667
28,500,"ordinary_x2","regret",0.0537156023878562
28,500,"ordinary_x2","value_gain",0.396082998300064
28,500,"ordinary_x2","oracle_gain",0.449798600687921
28,500,"ordinary_x2","treatment_share",0.5908
28,500,"class_x1","mse",0.390812596514256
28,500,"class_x1","mae",0.459347060090473
28,500,"class_x1","mean_error",-0.00233803494409474
28,500,"class_x1","wrong_sign",0.00633333333333333
28,500,"class_x1","regret",0.00620740533787832
28,500,"class_x1","value_gain",0.443591195350042
28,500,"class_x1","oracle_gain",0.449798600687921
28,500,"class_x1","treatment_share",0.755166666666667
28,500,"class_x2","mse",0.390812596514256
28,500,"class_x2","mae",0.459347060090473
28,500,"class_x2","mean_error",-0.00233803494409474
28,500,"class_x2","wrong_sign",0.00633333333333333
28,500,"class_x2","regret",0.00620740533787832
28,500,"class_x2","value_gain",0.443591195350042
28,500,"class_x2","oracle_gain",0.449798600687921
28,500,"class_x2","treatment_share",0.755166666666667
29,40,"ordinary_x1","mse",0.0315035431321693
29,40,"ordinary_x1","mae",0.136804481712254
29,40,"ordinary_x1","mean_error",-0.049816771718587
29,40,"ordinary_x1","wrong_sign",0.130733333333333
29,40,"ordinary_x1","regret",0.0136536056670795
29,40,"ordinary_x1","value_gain",0.442690103667878
29,40,"ordinary_x1","oracle_gain",0.456343709334958
29,40,"ordinary_x1","treatment_share",0.623333333333333
29,40,"ordinary_x2","mse",0.0215420093927605
29,40,"ordinary_x2","mae",0.0985357458166876
29,40,"ordinary_x2","mean_error",-0.0474126863638366
29,40,"ordinary_x2","wrong_sign",0.0133666666666667
29,40,"ordinary_x2","regret",0.00162233008959957
29,40,"ordinary_x2","value_gain",0.454721379245358
29,40,"ordinary_x2","oracle_gain",0.456343709334958
29,40,"ordinary_x2","treatment_share",0.739633333333333
29,100,"ordinary_x1","mse",0.0755755959886958
29,100,"ordinary_x1","mae",0.255237428971412
29,100,"ordinary_x1","mean_error",-0.0505050815268249
29,100,"ordinary_x1","wrong_sign",0.243433333333333
29,100,"ordinary_x1","regret",0.0251412129590497
29,100,"ordinary_x1","value_gain",0.431202496375908
29,100,"ordinary_x1","oracle_gain",0.456343709334958
29,100,"ordinary_x1","treatment_share",0.510966666666667
29,100,"ordinary_x2","mse",0.0513016462302667
29,100,"ordinary_x2","mae",0.197408778462713
29,100,"ordinary_x2","mean_error",-0.0470298053369327
29,100,"ordinary_x2","wrong_sign",0.00986666666666667
29,100,"ordinary_x2","regret",0.00206070865308865
29,100,"ordinary_x2","value_gain",0.454283000681869
29,100,"ordinary_x2","oracle_gain",0.456343709334958
29,100,"ordinary_x2","treatment_share",0.742533333333333
29,250,"ordinary_x1","mse",0.149513644037074
29,250,"ordinary_x1","mae",0.374816944799996
29,250,"ordinary_x1","mean_error",-0.054851510790752
29,250,"ordinary_x1","wrong_sign",0.2461
29,250,"ordinary_x1","regret",0.0257178509771265
29,250,"ordinary_x1","value_gain",0.430625858357831
29,250,"ordinary_x1","oracle_gain",0.456343709334958
29,250,"ordinary_x1","treatment_share",0.508966666666667
29,250,"ordinary_x2","mse",0.140358997950125
29,250,"ordinary_x2","mae",0.359499325773708
29,250,"ordinary_x2","mean_error",-0.0477370135660244
29,250,"ordinary_x2","wrong_sign",0.168
29,250,"ordinary_x2","regret",0.0498242368435354
29,250,"ordinary_x2","value_gain",0.406519472491422
29,250,"ordinary_x2","oracle_gain",0.456343709334958
29,250,"ordinary_x2","treatment_share",0.5844
29,500,"ordinary_x1","mse",0.198102985428528
29,500,"ordinary_x1","mae",0.432368873210091
29,500,"ordinary_x1","mean_error",-0.0567771669552383
29,500,"ordinary_x1","wrong_sign",0.246666666666667
29,500,"ordinary_x1","regret",0.0259248753692862
29,500,"ordinary_x1","value_gain",0.430418833965671
29,500,"ordinary_x1","oracle_gain",0.456343709334958
29,500,"ordinary_x1","treatment_share",0.508733333333333
29,500,"ordinary_x2","mse",0.233833664063772
29,500,"ordinary_x2","mae",0.467559664405402
29,500,"ordinary_x2","mean_error",-0.0493971071610301
29,500,"ordinary_x2","wrong_sign",0.242633333333333
29,500,"ordinary_x2","regret",0.0723024374544743
29,500,"ordinary_x2","value_gain",0.384041271880483
29,500,"ordinary_x2","oracle_gain",0.456343709334958
29,500,"ordinary_x2","treatment_share",0.509766666666667
29,500,"class_x1","mse",0.376909443534247
29,500,"class_x1","mae",0.462581656167333
29,500,"class_x1","mean_error",-0.0571785322804448
29,500,"class_x1","wrong_sign",0.00643333333333333
29,500,"class_x1","regret",0.00296496179741498
29,500,"class_x1","value_gain",0.453378747537543
29,500,"class_x1","oracle_gain",0.456343709334958
29,500,"class_x1","treatment_share",0.751166666666667
29,500,"class_x2","mse",0.376909443534247
29,500,"class_x2","mae",0.462581656167333
29,500,"class_x2","mean_error",-0.0571785322804448
29,500,"class_x2","wrong_sign",0.00643333333333333
29,500,"class_x2","regret",0.00296496179741498
29,500,"class_x2","value_gain",0.453378747537543
29,500,"class_x2","oracle_gain",0.456343709334958
29,500,"class_x2","treatment_share",0.751166666666667
30,40,"ordinary_x1","mse",0.0183747957298507
30,40,"ordinary_x1","mae",0.0956358130330894
30,40,"ordinary_x1","mean_error",-0.0118607493795127
30,40,"ordinary_x1","wrong_sign",0.0573333333333333
30,40,"ordinary_x1","regret",0.00638461621378163
30,40,"ordinary_x1","value_gain",0.450291044347128
30,40,"ordinary_x1","oracle_gain",0.456675660560909
30,40,"ordinary_x1","treatment_share",0.694433333333333
30,40,"ordinary_x2","mse",0.0205850913572604
30,40,"ordinary_x2","mae",0.109222313700884
30,40,"ordinary_x2","mean_error",-0.0107291280080563
30,40,"ordinary_x2","wrong_sign",0.0105333333333333
30,40,"ordinary_x2","regret",0.00208638966858077
30,40,"ordinary_x2","value_gain",0.454589270892328
30,40,"ordinary_x2","oracle_gain",0.456675660560909
30,40,"ordinary_x2","treatment_share",0.741233333333333
30,100,"ordinary_x1","mse",0.0515207693747317
30,100,"ordinary_x1","mae",0.208817741009034
30,100,"ordinary_x1","mean_error",-0.0122786450203364
30,100,"ordinary_x1","wrong_sign",0.233733333333333
30,100,"ordinary_x1","regret",0.0235581366875442
30,100,"ordinary_x1","value_gain",0.433117523873365
30,100,"ordinary_x1","oracle_gain",0.456675660560909
30,100,"ordinary_x1","treatment_share",0.518033333333333
30,100,"ordinary_x2","mse",0.0580081962948126
30,100,"ordinary_x2","mae",0.224027218846137
30,100,"ordinary_x2","mean_error",-0.0115663451558027
30,100,"ordinary_x2","wrong_sign",0.0180333333333333
30,100,"ordinary_x2","regret",0.00489681149350405
30,100,"ordinary_x2","value_gain",0.451778849067404
30,100,"ordinary_x2","oracle_gain",0.456675660560909
30,100,"ordinary_x2","treatment_share",0.733733333333333
30,250,"ordinary_x1","mse",0.120091775580575
30,250,"ordinary_x1","mae",0.33554137943327
30,250,"ordinary_x1","mean_error",-0.012036617285253
30,250,"ordinary_x1","wrong_sign",0.2406
30,250,"ordinary_x1","regret",0.0243521869732812
30,250,"ordinary_x1","value_gain",0.432323473587627
30,250,"ordinary_x1","oracle_gain",0.456675660560909
30,250,"ordinary_x1","treatment_share",0.5117
30,250,"ordinary_x2","mse",0.148923265184308
30,250,"ordinary_x2","mae",0.378837818521191
30,250,"ordinary_x2","mean_error",-0.00998627579331111
30,250,"ordinary_x2","wrong_sign",0.231433333333333
30,250,"ordinary_x2","regret",0.0691602945575396
30,250,"ordinary_x2","value_gain",0.387515366003369
30,250,"ordinary_x2","oracle_gain",0.456675660560909
30,250,"ordinary_x2","treatment_share",0.520333333333333
30,500,"ordinary_x1","mse",0.179313645185904
30,500,"ordinary_x1","mae",0.41014787257498
30,500,"ordinary_x1","mean_error",-0.0117325036535348
30,500,"ordinary_x1","wrong_sign",0.243066666666667
30,500,"ordinary_x1","regret",0.0249677951813411
30,500,"ordinary_x1","value_gain",0.431707865379567
30,500,"ordinary_x1","oracle_gain",0.456675660560909
30,500,"ordinary_x1","treatment_share",0.510033333333333
30,500,"ordinary_x2","mse",0.22652984080713
30,500,"ordinary_x2","mae",0.469513011508074
30,500,"ordinary_x2","mean_error",-0.01050155774556
30,500,"ordinary_x2","wrong_sign",0.241966666666667
30,500,"ordinary_x2","regret",0.0724256398953872
30,500,"ordinary_x2","value_gain",0.384250020665521
30,500,"ordinary_x2","oracle_gain",0.456675660560909
30,500,"ordinary_x2","treatment_share",0.5098
30,500,"class_x1","mse",0.344223391682435
30,500,"class_x1","mae",0.445266877654142
30,500,"class_x1","mean_error",-0.0112635469570361
30,500,"class_x1","wrong_sign",0.00246666666666667
30,500,"class_x1","regret",0.0012128313589469
30,500,"class_x1","value_gain",0.455462829201962
30,500,"class_x1","oracle_gain",0.456675660560909
30,500,"class_x1","treatment_share",0.751433333333333
30,500,"class_x2","mse",0.344223391682435
30,500,"class_x2","mae",0.445266877654142
30,500,"class_x2","mean_error",-0.0112635469570361
30,500,"class_x2","wrong_sign",0.00246666666666667
30,500,"class_x2","regret",0.0012128313589469
30,500,"class_x2","value_gain",0.455462829201962
30,500,"class_x2","oracle_gain",0.456675660560909
30,500,"class_x2","treatment_share",0.751433333333333
31,40,"ordinary_x1","mse",0.0217616552910964
31,40,"ordinary_x1","mae",0.102577375954016
31,40,"ordinary_x1","mean_error",-0.0440667655872126
31,40,"ordinary_x1","wrong_sign",0.0105
31,40,"ordinary_x1","regret",0.00196998105802648
31,40,"ordinary_x1","value_gain",0.444670743512578
31,40,"ordinary_x1","oracle_gain",0.446640724570603
31,40,"ordinary_x1","treatment_share",0.7403
31,40,"ordinary_x2","mse",0.036309959065409
31,40,"ordinary_x2","mae",0.157108488389604
31,40,"ordinary_x2","mean_error",-0.0444658691670401
31,40,"ordinary_x2","wrong_sign",0.0134333333333333
31,40,"ordinary_x2","regret",0.00406227839299865
31,40,"ordinary_x2","value_gain",0.442578446177605
31,40,"ordinary_x2","oracle_gain",0.446640724570603
31,40,"ordinary_x2","treatment_share",0.737633333333333
31,100,"ordinary_x1","mse",0.0450787100105772
31,100,"ordinary_x1","mae",0.173302393523304
31,100,"ordinary_x1","mean_error",-0.0437832862697231
31,100,"ordinary_x1","wrong_sign",0.110433333333333
31,100,"ordinary_x1","regret",0.0109599386993656
31,100,"ordinary_x1","value_gain",0.435680785871238
31,100,"ordinary_x1","oracle_gain",0.446640724570603
31,100,"ordinary_x1","treatment_share",0.6403
31,100,"ordinary_x2","mse",0.080191893594267
31,100,"ordinary_x2","mae",0.256004878344301
31,100,"ordinary_x2","mean_error",-0.0406317412739425
31,100,"ordinary_x2","wrong_sign",0.0627
31,100,"ordinary_x2","regret",0.02020526144695
31,100,"ordinary_x2","value_gain",0.426435463123654
31,100,"ordinary_x2","oracle_gain",0.446640724570603
31,100,"ordinary_x2","treatment_share",0.6919
31,250,"ordinary_x1","mse",0.111843344161379
31,250,"ordinary_x1","mae",0.312740037869666
31,250,"ordinary_x1","mean_error",-0.0426495704183818
31,250,"ordinary_x1","wrong_sign",0.248466666666667
31,250,"ordinary_x1","regret",0.0248369640140243
31,250,"ordinary_x1","value_gain",0.421803760556579
31,250,"ordinary_x1","oracle_gain",0.446640724570603
31,250,"ordinary_x1","treatment_share",0.502333333333333
31,250,"ordinary_x2","mse",0.175995118111999
31,250,"ordinary_x2","mae",0.407447872821186
31,250,"ordinary_x2","mean_error",-0.0387130670971041
31,250,"ordinary_x2","wrong_sign",0.246333333333333
31,250,"ordinary_x2","regret",0.076167797170476
31,250,"ordinary_x2","value_gain",0.370472927400127
31,250,"ordinary_x2","oracle_gain",0.446640724570603
31,250,"ordinary_x2","treatment_share",0.510466666666667
31,500,"ordinary_x1","mse",0.173811584360899
31,500,"ordinary_x1","mae",0.390822315484456
31,500,"ordinary_x1","mean_error",-0.042359214686781
31,500,"ordinary_x1","wrong_sign",0.249433333333333
31,500,"ordinary_x1","regret",0.0251502119889746
31,500,"ordinary_x1","value_gain",0.42149051258163
31,500,"ordinary_x1","oracle_gain",0.446640724570603
31,500,"ordinary_x1","treatment_share",0.501833333333333
31,500,"ordinary_x2","mse",0.249181672331667
31,500,"ordinary_x2","mae",0.489992115336002
31,500,"ordinary_x2","mean_error",-0.0365221573078036
31,500,"ordinary_x2","wrong_sign",0.248333333333333
31,500,"ordinary_x2","regret",0.0769230617549999
31,500,"ordinary_x2","value_gain",0.369717662815604
31,500,"ordinary_x2","oracle_gain",0.446640724570603
31,500,"ordinary_x2","treatment_share",0.508933333333333
31,500,"class_x1","mse",0.361401347268102
31,500,"class_x1","mae",0.470733991629102
31,500,"class_x1","mean_error",-0.0351738774532131
31,500,"class_x1","wrong_sign",0.00336666666666667
31,500,"class_x1","regret",0.00335820334230319
31,500,"class_x1","value_gain",0.443282521228301
31,500,"class_x1","oracle_gain",0.446640724570603
31,500,"class_x1","treatment_share",0.754033333333333
31,500,"class_x2","mse",0.361401347268102
31,500,"class_x2","mae",0.470733991629102
31,500,"class_x2","mean_error",-0.0351738774532131
31,500,"class_x2","wrong_sign",0.00336666666666667
31,500,"class_x2","regret",0.00335820334230319
31,500,"class_x2","value_gain",0.443282521228301
31,500,"class_x2","oracle_gain",0.446640724570603
31,500,"class_x2","treatment_share",0.754033333333333
32,40,"ordinary_x1","mse",0.0642575446036114
32,40,"ordinary_x1","mae",0.211767560699311
32,40,"ordinary_x1","mean_error",0.0304884219402764
32,40,"ordinary_x1","wrong_sign",0.2324
32,40,"ordinary_x1","regret",0.0247124934456692
32,40,"ordinary_x1","value_gain",0.424697588949367
32,40,"ordinary_x1","oracle_gain",0.449410082395037
32,40,"ordinary_x1","treatment_share",0.520166666666667
32,40,"ordinary_x2","mse",0.0437125339238979
32,40,"ordinary_x2","mae",0.150478813583708
32,40,"ordinary_x2","mean_error",0.0310585360132051
32,40,"ordinary_x2","wrong_sign",0.0832666666666667
32,40,"ordinary_x2","regret",0.00935117326541418
32,40,"ordinary_x2","value_gain",0.440058909129623
32,40,"ordinary_x2","oracle_gain",0.449410082395037
32,40,"ordinary_x2","treatment_share",0.668033333333333
32,100,"ordinary_x1","mse",0.110582830914397
32,100,"ordinary_x1","mae",0.310837981216079
32,100,"ordinary_x1","mean_error",0.0311848146336957
32,100,"ordinary_x1","wrong_sign",0.2498
32,100,"ordinary_x1","regret",0.0271538555048585
32,100,"ordinary_x1","value_gain",0.422256226890177
32,100,"ordinary_x1","oracle_gain",0.449410082395037
32,100,"ordinary_x1","treatment_share",0.504166666666667
32,100,"ordinary_x2","mse",0.0728575287938684
32,100,"ordinary_x2","mae",0.221535815927968
32,100,"ordinary_x2","mean_error",0.0286644276990273
32,100,"ordinary_x2","wrong_sign",0.0152666666666667
32,100,"ordinary_x2","regret",0.00294801797714937
32,100,"ordinary_x2","value_gain",0.446462064417887
32,100,"ordinary_x2","oracle_gain",0.449410082395037
32,100,"ordinary_x2","treatment_share",0.734566666666667
32,250,"ordinary_x1","mse",0.180975353937168
32,250,"ordinary_x1","mae",0.412533144015821
32,250,"ordinary_x1","mean_error",0.0305095190798081
32,250,"ordinary_x1","wrong_sign",0.252233333333333
32,250,"ordinary_x1","regret",0.0289905651780459
32,250,"ordinary_x1","value_gain",0.420419517216991
32,250,"ordinary_x1","oracle_gain",0.449410082395037
32,250,"ordinary_x1","treatment_share",0.505266666666667
32,250,"ordinary_x2","mse",0.164300493049974
32,250,"ordinary_x2","mae",0.373654794625031
32,250,"ordinary_x2","mean_error",0.0263536670345287
32,250,"ordinary_x2","wrong_sign",0.0697333333333333
32,250,"ordinary_x2","regret",0.0210150853530976
32,250,"ordinary_x2","value_gain",0.428394997041939
32,250,"ordinary_x2","oracle_gain",0.449410082395037
32,250,"ordinary_x2","treatment_share",0.680366666666667
32,500,"ordinary_x1","mse",0.219197971656605
32,500,"ordinary_x1","mae",0.453019084912028
32,500,"ordinary_x1","mean_error",0.0327941648944591
32,500,"ordinary_x1","wrong_sign",0.253266666666667
32,500,"ordinary_x1","regret",0.0300476286393397
32,500,"ordinary_x1","value_gain",0.419362453755697
32,500,"ordinary_x1","oracle_gain",0.449410082395037
32,500,"ordinary_x1","treatment_share",0.506366666666667
32,500,"ordinary_x2","mse",0.250059824948567
32,500,"ordinary_x2","mae",0.468214658453807
32,500,"ordinary_x2","mean_error",0.0306539854415102
32,500,"ordinary_x2","wrong_sign",0.1813
32,500,"ordinary_x2","regret",0.0559781131327041
32,500,"ordinary_x2","value_gain",0.393431969262331
32,500,"ordinary_x2","oracle_gain",0.449410082395037
32,500,"ordinary_x2","treatment_share",0.572466666666667
32,500,"class_x1","mse",0.383557464122955
32,500,"class_x1","mae",0.458425510560824
32,500,"class_x1","mean_error",0.0359171111416848
32,500,"class_x1","wrong_sign",0.0104666666666667
32,500,"class_x1","regret",0.0103027040458666
32,500,"class_x1","value_gain",0.43910737834917
32,500,"class_x1","oracle_gain",0.449410082395037
32,500,"class_x1","treatment_share",0.7593
32,500,"class_x2","mse",0.383557464122955
32,500,"class_x2","mae",0.458425510560824
32,500,"class_x2","mean_error",0.0359171111416848
32,500,"class_x2","wrong_sign",0.0104666666666667
32,500,"class_x2","regret",0.0103027040458666
32,500,"class_x2","value_gain",0.43910737834917
32,500,"class_x2","oracle_gain",0.449410082395037
32,500,"class_x2","treatment_share",0.7593
33,40,"ordinary_x1","mse",0.0310861522863139
33,40,"ordinary_x1","mae",0.134810066279476
33,40,"ordinary_x1","mean_error",-0.0260577683532885
33,40,"ordinary_x1","wrong_sign",0.121566666666667
33,40,"ordinary_x1","regret",0.0131951010048645
33,40,"ordinary_x1","value_gain",0.439555346690323
33,40,"ordinary_x1","oracle_gain",0.452750447695187
33,40,"ordinary_x1","treatment_share",0.629366666666667
33,40,"ordinary_x2","mse",0.035461417784454
33,40,"ordinary_x2","mae",0.151121171970533
33,40,"ordinary_x2","mean_error",-0.0262207566752435
33,40,"ordinary_x2","wrong_sign",0.0240666666666667
33,40,"ordinary_x2","regret",0.0055917504787856
33,40,"ordinary_x2","value_gain",0.447158697216401
33,40,"ordinary_x2","oracle_gain",0.452750447695187
33,40,"ordinary_x2","treatment_share",0.726666666666667
33,100,"ordinary_x1","mse",0.0645189540439693
33,100,"ordinary_x1","mae",0.22036678800776
33,100,"ordinary_x1","mean_error",-0.028971534772671
33,100,"ordinary_x1","wrong_sign",0.237366666666667
33,100,"ordinary_x1","regret",0.0246254373176116
33,100,"ordinary_x1","value_gain",0.428125010377575
33,100,"ordinary_x1","oracle_gain",0.452750447695187
33,100,"ordinary_x1","treatment_share",0.5155
33,100,"ordinary_x2","mse",0.0816189772860529
33,100,"ordinary_x2","mae",0.266538594442811
33,100,"ordinary_x2","mean_error",-0.0271936684811511
33,100,"ordinary_x2","wrong_sign",0.123566666666667
33,100,"ordinary_x2","regret",0.03625656028155
33,100,"ordinary_x2","value_gain",0.416493887413637
33,100,"ordinary_x2","oracle_gain",0.452750447695187
33,100,"ordinary_x2","treatment_share",0.627166666666667
33,250,"ordinary_x1","mse",0.140529153473635
33,250,"ordinary_x1","mae",0.35188038474245
33,250,"ordinary_x1","mean_error",-0.0325812756549759
33,250,"ordinary_x1","wrong_sign",0.245566666666667
33,250,"ordinary_x1","regret",0.0266631277783106
33,250,"ordinary_x1","value_gain",0.426087319916877
33,250,"ordinary_x1","oracle_gain",0.452750447695187
33,250,"ordinary_x1","treatment_share",0.510033333333333
33,250,"ordinary_x2","mse",0.176836760472111
33,250,"ordinary_x2","mae",0.410197772162325
33,250,"ordinary_x2","mean_error",-0.0275619163952806
33,250,"ordinary_x2","wrong_sign",0.247566666666667
33,250,"ordinary_x2","regret",0.0738293216306669
33,250,"ordinary_x2","value_gain",0.37892112606452
33,250,"ordinary_x2","oracle_gain",0.452750447695187
33,250,"ordinary_x2","treatment_share",0.503166666666667
33,500,"ordinary_x1","mse",0.199437014939948
33,500,"ordinary_x1","mae",0.418947856355461
33,500,"ordinary_x1","mean_error",-0.0331707762274313
33,500,"ordinary_x1","wrong_sign",0.246933333333333
33,500,"ordinary_x1","regret",0.0273114610378538
33,500,"ordinary_x1","value_gain",0.425438986657333
33,500,"ordinary_x1","oracle_gain",0.452750447695187
33,500,"ordinary_x1","treatment_share",0.5098
33,500,"ordinary_x2","mse",0.254230562669962
33,500,"ordinary_x2","mae",0.493263836790717
33,500,"ordinary_x2","mean_error",-0.0282235448177831
33,500,"ordinary_x2","wrong_sign",0.248033333333333
33,500,"ordinary_x2","regret",0.0740962913265537
33,500,"ordinary_x2","value_gain",0.378654156368633
33,500,"ordinary_x2","oracle_gain",0.452750447695187
33,500,"ordinary_x2","treatment_share",0.5027
33,500,"class_x1","mse",0.387304101178039
33,500,"class_x1","mae",0.477555143986132
33,500,"class_x1","mean_error",-0.0322344414482552
33,500,"class_x1","wrong_sign",0.00416666666666667
33,500,"class_x1","regret",0.00207328996333294
33,500,"class_x1","value_gain",0.450677157731854
33,500,"class_x1","oracle_gain",0.452750447695187
33,500,"class_x1","treatment_share",0.7503
33,500,"class_x2","mse",0.387304101178039
33,500,"class_x2","mae",0.477555143986132
33,500,"class_x2","mean_error",-0.0322344414482552
33,500,"class_x2","wrong_sign",0.00416666666666667
33,500,"class_x2","regret",0.00207328996333294
33,500,"class_x2","value_gain",0.450677157731854
33,500,"class_x2","oracle_gain",0.452750447695187
33,500,"class_x2","treatment_share",0.7503
34,40,"ordinary_x1","mse",0.0327258522278435
34,40,"ordinary_x1","mae",0.142360659609793
34,40,"ordinary_x1","mean_error",0.0222049046083667
34,40,"ordinary_x1","wrong_sign",0.211366666666667
34,40,"ordinary_x1","regret",0.0220657273307367
34,40,"ordinary_x1","value_gain",0.432521732903586
34,40,"ordinary_x1","oracle_gain",0.454587460234322
34,40,"ordinary_x1","treatment_share",0.539633333333333
34,40,"ordinary_x2","mse",0.0202275742037615
34,40,"ordinary_x2","mae",0.0980324315980136
34,40,"ordinary_x2","mean_error",0.0205366104044843
34,40,"ordinary_x2","wrong_sign",0.0545
34,40,"ordinary_x2","regret",0.0068376051795614
34,40,"ordinary_x2","value_gain",0.447749855054762
34,40,"ordinary_x2","oracle_gain",0.454587460234322
34,40,"ordinary_x2","treatment_share",0.6965
34,100,"ordinary_x1","mse",0.0747630582165125
34,100,"ordinary_x1","mae",0.252547136442973
34,100,"ordinary_x1","mean_error",0.016910191262363
34,100,"ordinary_x1","wrong_sign",0.2492
34,100,"ordinary_x1","regret",0.0255086193336204
34,100,"ordinary_x1","value_gain",0.429078840900703
34,100,"ordinary_x1","oracle_gain",0.454587460234322
34,100,"ordinary_x1","treatment_share",0.5018
34,100,"ordinary_x2","mse",0.038716983024534
34,100,"ordinary_x2","mae",0.161208256096915
34,100,"ordinary_x2","mean_error",0.0173718594766939
34,100,"ordinary_x2","wrong_sign",0.0221333333333333
34,100,"ordinary_x2","regret",0.00429387858339652
34,100,"ordinary_x2","value_gain",0.450293581650926
34,100,"ordinary_x2","oracle_gain",0.454587460234322
34,100,"ordinary_x2","treatment_share",0.728866666666667
34,250,"ordinary_x1","mse",0.148131825939307
34,250,"ordinary_x1","mae",0.375083102025583
34,250,"ordinary_x1","mean_error",0.011863268882752
34,250,"ordinary_x1","wrong_sign",0.248933333333333
34,250,"ordinary_x1","regret",0.0252017304441945
34,250,"ordinary_x1","value_gain",0.429385729790129
34,250,"ordinary_x1","oracle_gain",0.454587460234322
34,250,"ordinary_x1","treatment_share",0.502066666666667
34,250,"ordinary_x2","mse",0.123042770733076
34,250,"ordinary_x2","mae",0.330292372654196
34,250,"ordinary_x2","mean_error",0.0101030067407116
34,250,"ordinary_x2","wrong_sign",0.0494333333333333
34,250,"ordinary_x2","regret",0.0146075240400588
34,250,"ordinary_x2","value_gain",0.439979936194264
34,250,"ordinary_x2","oracle_gain",0.454587460234322
34,250,"ordinary_x2","treatment_share",0.701566666666667
34,500,"ordinary_x1","mse",0.194015725268161
34,500,"ordinary_x1","mae",0.43132529587215
34,500,"ordinary_x1","mean_error",0.0071658573176915
34,500,"ordinary_x1","wrong_sign",0.249
34,500,"ordinary_x1","regret",0.0251162732266938
34,500,"ordinary_x1","value_gain",0.429471187007629
34,500,"ordinary_x1","oracle_gain",0.454587460234322
34,500,"ordinary_x1","treatment_share",0.502
34,500,"ordinary_x2","mse",0.210301195677429
34,500,"ordinary_x2","mae",0.437461181209321
34,500,"ordinary_x2","mean_error",0.00705942142371324
34,500,"ordinary_x2","wrong_sign",0.210266666666667
34,500,"ordinary_x2","regret",0.063054605205856
34,500,"ordinary_x2","value_gain",0.391532855028466
34,500,"ordinary_x2","oracle_gain",0.454587460234322
34,500,"ordinary_x2","treatment_share",0.5408
34,500,"class_x1","mse",0.343993374023076
34,500,"class_x1","mae",0.433430501785266
34,500,"class_x1","mean_error",-0.0040989151964164
34,500,"class_x1","wrong_sign",0.00366666666666667
34,500,"class_x1","regret",0.000777774094500036
34,500,"class_x1","value_gain",0.453809686139823
34,500,"class_x1","oracle_gain",0.454587460234322
34,500,"class_x1","treatment_share",0.7478
34,500,"class_x2","mse",0.343993374023076
34,500,"class_x2","mae",0.433430501785266
34,500,"class_x2","mean_error",-0.0040989151964164
34,500,"class_x2","wrong_sign",0.00366666666666667
34,500,"class_x2","regret",0.000777774094500036
34,500,"class_x2","value_gain",0.453809686139823
34,500,"class_x2","oracle_gain",0.454587460234322
34,500,"class_x2","treatment_share",0.7478
35,40,"ordinary_x1","mse",0.0286057887554953
35,40,"ordinary_x1","mae",0.136674292322611
35,40,"ordinary_x1","mean_error",-0.0651956796509082
35,40,"ordinary_x1","wrong_sign",0.2114
35,40,"ordinary_x1","regret",0.0218251516609499
35,40,"ordinary_x1","value_gain",0.424973155668257
35,40,"ordinary_x1","oracle_gain",0.446798307329207
35,40,"ordinary_x1","treatment_share",0.539066666666667
35,40,"ordinary_x2","mse",0.0288660944415273
35,40,"ordinary_x2","mae",0.127780973991067
35,40,"ordinary_x2","mean_error",-0.0639667566604465
35,40,"ordinary_x2","wrong_sign",0.0437666666666667
35,40,"ordinary_x2","regret",0.0104948453899091
35,40,"ordinary_x2","value_gain",0.436303461939297
35,40,"ordinary_x2","oracle_gain",0.446798307329207
35,40,"ordinary_x2","treatment_share",0.706633333333333
35,100,"ordinary_x1","mse",0.0663842914942026
35,100,"ordinary_x1","mae",0.226404819802161
35,100,"ordinary_x1","mean_error",-0.065955902654805
35,100,"ordinary_x1","wrong_sign",0.2388
35,100,"ordinary_x1","regret",0.0243135065000139
35,100,"ordinary_x1","value_gain",0.422484800829193
35,100,"ordinary_x1","oracle_gain",0.446798307329207
35,100,"ordinary_x1","treatment_share",0.512533333333333
35,100,"ordinary_x2","mse",0.0678742510167826
35,100,"ordinary_x2","mae",0.234894171088471
35,100,"ordinary_x2","mean_error",-0.0601878979036191
35,100,"ordinary_x2","wrong_sign",0.108233333333333
35,100,"ordinary_x2","regret",0.0319490488450617
35,100,"ordinary_x2","value_gain",0.414849258484145
35,100,"ordinary_x2","oracle_gain",0.446798307329207
35,100,"ordinary_x2","treatment_share",0.642166666666667
35,250,"ordinary_x1","mse",0.136617454991934
35,250,"ordinary_x1","mae",0.347280218415808
35,250,"ordinary_x1","mean_error",-0.064954147862679
35,250,"ordinary_x1","wrong_sign",0.245266666666667
35,250,"ordinary_x1","regret",0.0258054163187338
35,250,"ordinary_x1","value_gain",0.420992891010473
35,250,"ordinary_x1","oracle_gain",0.446798307329207
35,250,"ordinary_x1","treatment_share",0.507933333333333
35,250,"ordinary_x2","mse",0.155945728452267
35,250,"ordinary_x2","mae",0.382265353182141
35,250,"ordinary_x2","mean_error",-0.0546280995095044
35,250,"ordinary_x2","wrong_sign",0.2385
35,250,"ordinary_x2","regret",0.071476945574413
35,250,"ordinary_x2","value_gain",0.375321361754794
35,250,"ordinary_x2","oracle_gain",0.446798307329207
35,250,"ordinary_x2","treatment_share",0.5119
35,500,"ordinary_x1","mse",0.195481985967293
35,500,"ordinary_x1","mae",0.417097492726536
35,500,"ordinary_x1","mean_error",-0.0653285991244139
35,500,"ordinary_x1","wrong_sign",0.248966666666667
35,500,"ordinary_x1","regret",0.0265125984230274
35,500,"ordinary_x1","value_gain",0.42028570890618
35,500,"ordinary_x1","oracle_gain",0.446798307329207
35,500,"ordinary_x1","treatment_share",0.504966666666667
35,500,"ordinary_x2","mse",0.231701865204148
35,500,"ordinary_x2","mae",0.468842339262151
35,500,"ordinary_x2","mean_error",-0.0515211943298511
35,500,"ordinary_x2","wrong_sign",0.2408
35,500,"ordinary_x2","regret",0.0722069514833881
35,500,"ordinary_x2","value_gain",0.374591355845819
35,500,"ordinary_x2","oracle_gain",0.446798307329207
35,500,"ordinary_x2","treatment_share",0.5096
35,500,"class_x1","mse",0.359121342926426
35,500,"class_x1","mae",0.45911953407571
35,500,"class_x1","mean_error",-0.0572743081357176
35,500,"class_x1","wrong_sign",0.0031
35,500,"class_x1","regret",0.00203456427790532
35,500,"class_x1","value_gain",0.444763743051301
35,500,"class_x1","oracle_gain",0.446798307329207
35,500,"class_x1","treatment_share",0.750966666666667
35,500,"class_x2","mse",0.359121342926426
35,500,"class_x2","mae",0.45911953407571
35,500,"class_x2","mean_error",-0.0572743081357176
35,500,"class_x2","wrong_sign",0.0031
35,500,"class_x2","regret",0.00203456427790532
35,500,"class_x2","value_gain",0.444763743051301
35,500,"class_x2","oracle_gain",0.446798307329207
35,500,"class_x2","treatment_share",0.750966666666667
36,40,"ordinary_x1","mse",0.0528029522543721
36,40,"ordinary_x1","mae",0.19044369218888
36,40,"ordinary_x1","mean_error",-0.0511239371625666
36,40,"ordinary_x1","wrong_sign",0.196766666666667
36,40,"ordinary_x1","regret",0.0198957787280592
36,40,"ordinary_x1","value_gain",0.428711380358805
36,40,"ordinary_x1","oracle_gain",0.448607159086865
36,40,"ordinary_x1","treatment_share",0.5536
36,40,"ordinary_x2","mse",0.0404576941796669
36,40,"ordinary_x2","mae",0.147662104250689
36,40,"ordinary_x2","mean_error",-0.049193895928893
36,40,"ordinary_x2","wrong_sign",0.0186333333333333
36,40,"ordinary_x2","regret",0.00209993343481172
36,40,"ordinary_x2","value_gain",0.446507225652053
36,40,"ordinary_x2","oracle_gain",0.448607159086865
36,40,"ordinary_x2","treatment_share",0.731733333333333
36,100,"ordinary_x1","mse",0.101637142949285
36,100,"ordinary_x1","mae",0.296944654346005
36,100,"ordinary_x1","mean_error",-0.0533500916629482
36,100,"ordinary_x1","wrong_sign",0.245
36,100,"ordinary_x1","regret",0.0246670425601823
36,100,"ordinary_x1","value_gain",0.423940116526683
36,100,"ordinary_x1","oracle_gain",0.448607159086865
36,100,"ordinary_x1","treatment_share",0.505833333333333
36,100,"ordinary_x2","mse",0.0812963124519674
36,100,"ordinary_x2","mae",0.252166577071786
36,100,"ordinary_x2","mean_error",-0.0463202681553013
36,100,"ordinary_x2","wrong_sign",0.0186333333333333
36,100,"ordinary_x2","regret",0.00398682258391361
36,100,"ordinary_x2","value_gain",0.444620336502951
36,100,"ordinary_x2","oracle_gain",0.448607159086865
36,100,"ordinary_x2","treatment_share",0.731733333333333
36,250,"ordinary_x1","mse",0.176127848749107
36,250,"ordinary_x1","mae",0.403167870984952
36,250,"ordinary_x1","mean_error",-0.052714524293155
36,250,"ordinary_x1","wrong_sign",0.248566666666667
36,250,"ordinary_x1","regret",0.0252134980718566
36,250,"ordinary_x1","value_gain",0.423393661015008
36,250,"ordinary_x1","oracle_gain",0.448607159086865
36,250,"ordinary_x1","treatment_share",0.502733333333333
36,250,"ordinary_x2","mse",0.17734534855838
36,250,"ordinary_x2","mae",0.397391145861855
36,250,"ordinary_x2","mean_error",-0.0457617917442555
36,250,"ordinary_x2","wrong_sign",0.1984
36,250,"ordinary_x2","regret",0.0584509769591642
36,250,"ordinary_x2","value_gain",0.390156182127701
36,250,"ordinary_x2","oracle_gain",0.448607159086865
36,250,"ordinary_x2","treatment_share",0.551966666666667
36,500,"ordinary_x1","mse",0.220610922596487
36,500,"ordinary_x1","mae",0.448799197651114
36,500,"ordinary_x1","mean_error",-0.0531593046121525
36,500,"ordinary_x1","wrong_sign",0.249866666666667
36,500,"ordinary_x1","regret",0.0257011093529462
36,500,"ordinary_x1","value_gain",0.422906049733919
36,500,"ordinary_x1","oracle_gain",0.448607159086865
36,500,"ordinary_x1","treatment_share",0.502233333333333
36,500,"ordinary_x2","mse",0.262934524672598
36,500,"ordinary_x2","mae",0.486283665494591
36,500,"ordinary_x2","mean_error",-0.0462163470184818
36,500,"ordinary_x2","wrong_sign",0.238633333333333
36,500,"ordinary_x2","regret",0.0707607834204355
36,500,"ordinary_x2","value_gain",0.377846375666429
36,500,"ordinary_x2","oracle_gain",0.448607159086865
36,500,"ordinary_x2","treatment_share",0.511733333333333
36,500,"class_x1","mse",0.39402869229582
36,500,"class_x1","mae",0.47051695601373
36,500,"class_x1","mean_error",-0.0521847866487827
36,500,"class_x1","wrong_sign",0.0104333333333333
36,500,"class_x1","regret",0.00266188513724982
36,500,"class_x1","value_gain",0.445945273949615
36,500,"class_x1","oracle_gain",0.448607159086865
36,500,"class_x1","treatment_share",0.743533333333333
36,500,"class_x2","mse",0.39402869229582
36,500,"class_x2","mae",0.47051695601373
36,500,"class_x2","mean_error",-0.0521847866487827
36,500,"class_x2","wrong_sign",0.0104333333333333
36,500,"class_x2","regret",0.00266188513724982
36,500,"class_x2","value_gain",0.445945273949615
36,500,"class_x2","oracle_gain",0.448607159086865
36,500,"class_x2","treatment_share",0.743533333333333
37,40,"ordinary_x1","mse",0.0476262144694572
37,40,"ordinary_x1","mae",0.169090157217
37,40,"ordinary_x1","mean_error",0.0537376620075137
37,40,"ordinary_x1","wrong_sign",0.0202
37,40,"ordinary_x1","regret",0.00223170936968255
37,40,"ordinary_x1","value_gain",0.446024441741248
37,40,"ordinary_x1","oracle_gain",0.44825615111093
37,40,"ordinary_x1","treatment_share",0.727233333333333
37,40,"ordinary_x2","mse",0.050251076529333
37,40,"ordinary_x2","mae",0.169260658264267
37,40,"ordinary_x2","mean_error",0.0543524732117635
37,40,"ordinary_x2","wrong_sign",0.0202333333333333
37,40,"ordinary_x2","regret",0.00264061528581661
37,40,"ordinary_x2","value_gain",0.445615535825114
37,40,"ordinary_x2","oracle_gain",0.44825615111093
37,40,"ordinary_x2","treatment_share",0.727133333333333
37,100,"ordinary_x1","mse",0.0851533387551405
37,100,"ordinary_x1","mae",0.251049902924142
37,100,"ordinary_x1","mean_error",0.0518203262130646
37,100,"ordinary_x1","wrong_sign",0.0507666666666667
37,100,"ordinary_x1","regret",0.00655291849684669
37,100,"ordinary_x1","value_gain",0.441703232614084
37,100,"ordinary_x1","oracle_gain",0.44825615111093
37,100,"ordinary_x1","treatment_share",0.699866666666667
37,100,"ordinary_x2","mse",0.0952371069045551
37,100,"ordinary_x2","mae",0.272246047455758
37,100,"ordinary_x2","mean_error",0.0528024406611767
37,100,"ordinary_x2","wrong_sign",0.0197333333333333
37,100,"ordinary_x2","regret",0.00307204893940982
37,100,"ordinary_x2","value_gain",0.445184102171521
37,100,"ordinary_x2","oracle_gain",0.44825615111093
37,100,"ordinary_x2","treatment_share",0.727566666666667
37,250,"ordinary_x1","mse",0.162250359149138
37,250,"ordinary_x1","mae",0.374532354891693
37,250,"ordinary_x1","mean_error",0.047896584240758
37,250,"ordinary_x1","wrong_sign",0.240133333333333
37,250,"ordinary_x1","regret",0.0284743502768005
37,250,"ordinary_x1","value_gain",0.41978180083413
37,250,"ordinary_x1","oracle_gain",0.44825615111093
37,250,"ordinary_x1","treatment_share",0.517033333333333
37,250,"ordinary_x2","mse",0.19156412624546
37,250,"ordinary_x2","mae",0.414577795343226
37,250,"ordinary_x2","mean_error",0.05145407967773
37,250,"ordinary_x2","wrong_sign",0.0259666666666667
37,250,"ordinary_x2","regret",0.00541334888926554
37,250,"ordinary_x2","value_gain",0.442842802221665
37,250,"ordinary_x2","oracle_gain",0.44825615111093
37,250,"ordinary_x2","treatment_share",0.721333333333333
37,500,"ordinary_x1","mse",0.218839209393615
37,500,"ordinary_x1","mae",0.43328027825335
37,500,"ordinary_x1","mean_error",0.0457502999219257
37,500,"ordinary_x1","wrong_sign",0.244266666666667
37,500,"ordinary_x1","regret",0.029112607640406
37,500,"ordinary_x1","value_gain",0.419143543470524
37,500,"ordinary_x1","oracle_gain",0.44825615111093
37,500,"ordinary_x1","treatment_share",0.513433333333333
37,500,"ordinary_x2","mse",0.271482485673215
37,500,"ordinary_x2","mae",0.497566366198126
37,500,"ordinary_x2","mean_error",0.0504137224103471
37,500,"ordinary_x2","wrong_sign",0.214766666666667
37,500,"ordinary_x2","regret",0.0622439522146433
37,500,"ordinary_x2","value_gain",0.386012198896287
37,500,"ordinary_x2","oracle_gain",0.44825615111093
37,500,"ordinary_x2","treatment_share",0.532533333333333
37,500,"class_x1","mse",0.404643521699864
37,500,"class_x1","mae",0.483867295831296
37,500,"class_x1","mean_error",0.0449745919959317
37,500,"class_x1","wrong_sign",0.0130333333333333
37,500,"class_x1","regret",0.0115901289198441
37,500,"class_x1","value_gain",0.436666022191087
37,500,"class_x1","oracle_gain",0.44825615111093
37,500,"class_x1","treatment_share",0.757133333333333
37,500,"class_x2","mse",0.404643521699864
37,500,"class_x2","mae",0.483867295831296
37,500,"class_x2","mean_error",0.0449745919959317
37,500,"class_x2","wrong_sign",0.0130333333333333
37,500,"class_x2","regret",0.0115901289198441
37,500,"class_x2","value_gain",0.436666022191087
37,500,"class_x2","oracle_gain",0.44825615111093
37,500,"class_x2","treatment_share",0.757133333333333
38,40,"ordinary_x1","mse",0.0521690622052192
38,40,"ordinary_x1","mae",0.194931373632483
38,40,"ordinary_x1","mean_error",0.0113401520490829
38,40,"ordinary_x1","wrong_sign",0.225466666666667
38,40,"ordinary_x1","regret",0.0232492032129596
38,40,"ordinary_x1","value_gain",0.425798734419936
38,40,"ordinary_x1","oracle_gain",0.449047937632895
38,40,"ordinary_x1","treatment_share",0.525033333333333
38,40,"ordinary_x2","mse",0.0375357619822346
38,40,"ordinary_x2","mae",0.14359217091918
38,40,"ordinary_x2","mean_error",0.00980665463646305
38,40,"ordinary_x2","wrong_sign",0.156066666666667
38,40,"ordinary_x2","regret",0.017207714834928
38,40,"ordinary_x2","value_gain",0.431840222797968
38,40,"ordinary_x2","oracle_gain",0.449047937632895
38,40,"ordinary_x2","treatment_share",0.5949
38,100,"ordinary_x1","mse",0.0999221105061076
38,100,"ordinary_x1","mae",0.29999544136275
38,100,"ordinary_x1","mean_error",0.0147696927515227
38,100,"ordinary_x1","wrong_sign",0.241366666666667
38,100,"ordinary_x1","regret",0.0246362109474163
38,100,"ordinary_x1","value_gain",0.424411726685477
38,100,"ordinary_x1","oracle_gain",0.449047937632895
38,100,"ordinary_x1","treatment_share",0.509666666666667
38,100,"ordinary_x2","mse",0.0603110489853191
38,100,"ordinary_x2","mae",0.193493885217784
38,100,"ordinary_x2","mean_error",0.00609383480948233
38,100,"ordinary_x2","wrong_sign",0.0157
38,100,"ordinary_x2","regret",0.00379894314091573
38,100,"ordinary_x2","value_gain",0.44524899449198
38,100,"ordinary_x2","oracle_gain",0.449047937632895
38,100,"ordinary_x2","treatment_share",0.735933333333333
38,250,"ordinary_x1","mse",0.17087470057824
38,250,"ordinary_x1","mae",0.403673918890595
38,250,"ordinary_x1","mean_error",0.0166436669615057
38,250,"ordinary_x1","wrong_sign",0.246533333333333
38,250,"ordinary_x1","regret",0.0252619355264965
38,250,"ordinary_x1","value_gain",0.423786002106399
38,250,"ordinary_x1","oracle_gain",0.449047937632895
38,250,"ordinary_x1","treatment_share",0.504966666666667
38,250,"ordinary_x2","mse",0.151560070127917
38,250,"ordinary_x2","mae",0.351764229933669
38,250,"ordinary_x2","mean_error",0.00552979296623148
38,250,"ordinary_x2","wrong_sign",0.0319
38,250,"ordinary_x2","regret",0.011761486721014
38,250,"ordinary_x2","value_gain",0.437286450911882
38,250,"ordinary_x2","oracle_gain",0.449047937632895
38,250,"ordinary_x2","treatment_share",0.724533333333333
38,500,"ordinary_x1","mse",0.213157072266848
38,500,"ordinary_x1","mae",0.449802239886785
38,500,"ordinary_x1","mean_error",0.0172964777497904
38,500,"ordinary_x1","wrong_sign",0.2461
38,500,"ordinary_x1","regret",0.0253920500858934
38,500,"ordinary_x1","value_gain",0.423655887547003
38,500,"ordinary_x1","oracle_gain",0.449047937632895
38,500,"ordinary_x1","treatment_share",0.5058
38,500,"ordinary_x2","mse",0.24497587430442
38,500,"ordinary_x2","mae",0.455929328235085
38,500,"ordinary_x2","mean_error",0.00448521529902319
38,500,"ordinary_x2","wrong_sign",0.1834
38,500,"ordinary_x2","regret",0.063347628071557
38,500,"ordinary_x2","value_gain",0.385700309561337
38,500,"ordinary_x2","oracle_gain",0.449047937632895
38,500,"ordinary_x2","treatment_share",0.590566666666667
38,500,"class_x1","mse",0.376647507013783
38,500,"class_x1","mae",0.45283528799455
38,500,"class_x1","mean_error",0.00896743449885924
38,500,"class_x1","wrong_sign",0.0117666666666667
38,500,"class_x1","regret",0.0116019047328417
38,500,"class_x1","value_gain",0.437446032900054
38,500,"class_x1","oracle_gain",0.449047937632895
38,500,"class_x1","treatment_share",0.7616
38,500,"class_x2","mse",0.376647507013783
38,500,"class_x2","mae",0.45283528799455
38,500,"class_x2","mean_error",0.00896743449885924
38,500,"class_x2","wrong_sign",0.0117666666666667
38,500,"class_x2","regret",0.0116019047328417
38,500,"class_x2","value_gain",0.437446032900054
38,500,"class_x2","oracle_gain",0.449047937632895
38,500,"class_x2","treatment_share",0.7616
39,40,"ordinary_x1","mse",0.0426431828807268
39,40,"ordinary_x1","mae",0.158187408622093
39,40,"ordinary_x1","mean_error",0.0585107090923854
39,40,"ordinary_x1","wrong_sign",0.0685333333333333
39,40,"ordinary_x1","regret",0.00802721781086792
39,40,"ordinary_x1","value_gain",0.453387100436943
39,40,"ordinary_x1","oracle_gain",0.461414318247811
39,40,"ordinary_x1","treatment_share",0.688333333333333
39,40,"ordinary_x2","mse",0.0335712768100164
39,40,"ordinary_x2","mae",0.130875776940259
39,40,"ordinary_x2","mean_error",0.056210561715178
39,40,"ordinary_x2","wrong_sign",0.0382
39,40,"ordinary_x2","regret",0.00557771950562713
39,40,"ordinary_x2","value_gain",0.455836598742184
39,40,"ordinary_x2","oracle_gain",0.461414318247811
39,40,"ordinary_x2","treatment_share",0.718666666666667
39,100,"ordinary_x1","mse",0.0778965494407843
39,100,"ordinary_x1","mae",0.241298368853666
39,100,"ordinary_x1","mean_error",0.0542465110541638
39,100,"ordinary_x1","wrong_sign",0.233933333333333
39,100,"ordinary_x1","regret",0.0242896490711913
39,100,"ordinary_x1","value_gain",0.43712466917662
39,100,"ordinary_x1","oracle_gain",0.461414318247811
39,100,"ordinary_x1","treatment_share",0.522933333333333
39,100,"ordinary_x2","mse",0.0597233455226684
39,100,"ordinary_x2","mae",0.196749836645046
39,100,"ordinary_x2","mean_error",0.0491754049523754
39,100,"ordinary_x2","wrong_sign",0.0261666666666667
39,100,"ordinary_x2","regret",0.00471690832664953
39,100,"ordinary_x2","value_gain",0.456697409921161
39,100,"ordinary_x2","oracle_gain",0.461414318247811
39,100,"ordinary_x2","treatment_share",0.7307
39,250,"ordinary_x1","mse",0.142976025919132
39,250,"ordinary_x1","mae",0.359595911677405
39,250,"ordinary_x1","mean_error",0.0498498841800653
39,250,"ordinary_x1","wrong_sign",0.250033333333333
39,250,"ordinary_x1","regret",0.0257430781648797
39,250,"ordinary_x1","value_gain",0.435671240082931
39,250,"ordinary_x1","oracle_gain",0.461414318247811
39,250,"ordinary_x1","treatment_share",0.506833333333333
39,250,"ordinary_x2","mse",0.14838748426763
39,250,"ordinary_x2","mae",0.36069734658571
39,250,"ordinary_x2","mean_error",0.0383816178157996
39,250,"ordinary_x2","wrong_sign",0.031
39,250,"ordinary_x2","regret",0.00727466318355878
39,250,"ordinary_x2","value_gain",0.454139655064252
39,250,"ordinary_x2","oracle_gain",0.461414318247811
39,250,"ordinary_x2","treatment_share",0.725866666666667
39,500,"ordinary_x1","mse",0.194764491871984
39,500,"ordinary_x1","mae",0.423460805344158
39,500,"ordinary_x1","mean_error",0.0488999940369295
39,500,"ordinary_x1","wrong_sign",0.2496
39,500,"ordinary_x1","regret",0.0255660819908271
39,500,"ordinary_x1","value_gain",0.435848236256984
39,500,"ordinary_x1","oracle_gain",0.461414318247811
39,500,"ordinary_x1","treatment_share",0.507266666666667
39,500,"ordinary_x2","mse",0.231326813084706
39,500,"ordinary_x2","mae",0.457914656263288
39,500,"ordinary_x2","mean_error",0.0327501691909585
39,500,"ordinary_x2","wrong_sign",0.214533333333333
39,500,"ordinary_x2","regret",0.0632159846284855
39,500,"ordinary_x2","value_gain",0.398198333619326
39,500,"ordinary_x2","oracle_gain",0.461414318247811
39,500,"ordinary_x2","treatment_share",0.542333333333333
39,500,"class_x1","mse",0.360152779647465
39,500,"class_x1","mae",0.456555511051544
39,500,"class_x1","mean_error",0.0291729129300621
39,500,"class_x1","wrong_sign",0.00263333333333333
39,500,"class_x1","regret",0.000826524581327857
39,500,"class_x1","value_gain",0.460587793666483
39,500,"class_x1","oracle_gain",0.461414318247811
39,500,"class_x1","treatment_share",0.7553
39,500,"class_x2","mse",0.360152779647465
39,500,"class_x2","mae",0.456555511051544
39,500,"class_x2","mean_error",0.0291729129300621
39,500,"class_x2","wrong_sign",0.00263333333333333
39,500,"class_x2","regret",0.000826524581327857
39,500,"class_x2","value_gain",0.460587793666483
39,500,"class_x2","oracle_gain",0.461414318247811
39,500,"class_x2","treatment_share",0.7553
40,40,"ordinary_x1","mse",0.0295588043258354
40,40,"ordinary_x1","mae",0.138894948650877
40,40,"ordinary_x1","mean_error",-0.0061648595374797
40,40,"ordinary_x1","wrong_sign",0.0513666666666667
40,40,"ordinary_x1","regret",0.00528035411574646
40,40,"ordinary_x1","value_gain",0.443389483629441
40,40,"ordinary_x1","oracle_gain",0.448669837745187
40,40,"ordinary_x1","treatment_share",0.6982
40,40,"ordinary_x2","mse",0.0179095355182185
40,40,"ordinary_x2","mae",0.103014070354156
40,40,"ordinary_x2","mean_error",-0.00472128836554659
40,40,"ordinary_x2","wrong_sign",0.0215666666666667
40,40,"ordinary_x2","regret",0.00279677399019558
40,40,"ordinary_x2","value_gain",0.445873063754992
40,40,"ordinary_x2","oracle_gain",0.448669837745187
40,40,"ordinary_x2","treatment_share",0.728
40,100,"ordinary_x1","mse",0.0703186647640252
40,100,"ordinary_x1","mae",0.250779131140442
40,100,"ordinary_x1","mean_error",-0.00524482542866922
40,100,"ordinary_x1","wrong_sign",0.246066666666667
40,100,"ordinary_x1","regret",0.0247162314499418
40,100,"ordinary_x1","value_gain",0.423953606295246
40,100,"ordinary_x1","oracle_gain",0.448669837745187
40,100,"ordinary_x1","treatment_share",0.5035
40,100,"ordinary_x2","mse",0.0469621099216695
40,100,"ordinary_x2","mae",0.197509098034157
40,100,"ordinary_x2","mean_error",-0.0079870248988438
40,100,"ordinary_x2","wrong_sign",0.0146
40,100,"ordinary_x2","regret",0.00344719684348832
40,100,"ordinary_x2","value_gain",0.445222640901699
40,100,"ordinary_x2","oracle_gain",0.448669837745187
40,100,"ordinary_x2","treatment_share",0.734966666666667
40,250,"ordinary_x1","mse",0.139582505855689
40,250,"ordinary_x1","mae",0.365970952453555
40,250,"ordinary_x1","mean_error",-0.00281052141677289
40,250,"ordinary_x1","wrong_sign",0.249833333333333
40,250,"ordinary_x1","regret",0.0251300694816692
40,250,"ordinary_x1","value_gain",0.423539768263518
40,250,"ordinary_x1","oracle_gain",0.448669837745187
40,250,"ordinary_x1","treatment_share",0.5
40,250,"ordinary_x2","mse",0.138578466191568
40,250,"ordinary_x2","mae",0.360622199581264
40,250,"ordinary_x2","mean_error",-0.0109378714554057
40,250,"ordinary_x2","wrong_sign",0.0929666666666667
40,250,"ordinary_x2","regret",0.0275797383583741
40,250,"ordinary_x2","value_gain",0.421090099386813
40,250,"ordinary_x2","oracle_gain",0.448669837745187
40,250,"ordinary_x2","treatment_share",0.6566
40,500,"ordinary_x1","mse",0.187874414703295
40,500,"ordinary_x1","mae",0.4242255810544
40,500,"ordinary_x1","mean_error",-0.00367394503302283
40,500,"ordinary_x1","wrong_sign",0.249833333333333
40,500,"ordinary_x1","regret",0.0251601423197845
40,500,"ordinary_x1","value_gain",0.423509695425403
40,500,"ordinary_x1","oracle_gain",0.448669837745187
40,500,"ordinary_x1","treatment_share",0.500066666666667
40,500,"ordinary_x2","mse",0.226646482330584
40,500,"ordinary_x2","mae",0.461515850575807
40,500,"ordinary_x2","mean_error",-0.0115592587041557
40,500,"ordinary_x2","wrong_sign",0.230466666666667
40,500,"ordinary_x2","regret",0.0690103965223425
40,500,"ordinary_x2","value_gain",0.379659441222845
40,500,"ordinary_x2","oracle_gain",0.448669837745187
40,500,"ordinary_x2","treatment_share",0.5191
40,500,"class_x1","mse",0.3688114668188
40,500,"class_x1","mae",0.452695947948089
40,500,"class_x1","mean_error",-0.00704045717165726
40,500,"class_x1","wrong_sign",0.00156666666666667
40,500,"class_x1","regret",0.000272864126486234
40,500,"class_x1","value_gain",0.448396973618701
40,500,"class_x1","oracle_gain",0.448669837745187
40,500,"class_x1","treatment_share",0.7482
40,500,"class_x2","mse",0.3688114668188
40,500,"class_x2","mae",0.452695947948089
40,500,"class_x2","mean_error",-0.00704045717165726
40,500,"class_x2","wrong_sign",0.00156666666666667
40,500,"class_x2","regret",0.000272864126486234
40,500,"class_x2","value_gain",0.448396973618701
40,500,"class_x2","oracle_gain",0.448669837745187
40,500,"class_x2","treatment_share",0.7482
41,40,"ordinary_x1","mse",0.0569380627081122
41,40,"ordinary_x1","mae",0.188660907420009
41,40,"ordinary_x1","mean_error",0.00376955037031986
41,40,"ordinary_x1","wrong_sign",0.245466666666667
41,40,"ordinary_x1","regret",0.024816758792967
41,40,"ordinary_x1","value_gain",0.427647709892652
41,40,"ordinary_x1","oracle_gain",0.452464468685618
41,40,"ordinary_x1","treatment_share",0.504566666666667
41,40,"ordinary_x2","mse",0.0464794316167668
41,40,"ordinary_x2","mae",0.173217970793829
41,40,"ordinary_x2","mean_error",0.00531923014734318
41,40,"ordinary_x2","wrong_sign",0.144166666666667
41,40,"ordinary_x2","regret",0.0152474380923458
41,40,"ordinary_x2","value_gain",0.437217030593273
41,40,"ordinary_x2","oracle_gain",0.452464468685618
41,40,"ordinary_x2","treatment_share",0.605933333333333
41,100,"ordinary_x1","mse",0.0929163710531622
41,100,"ordinary_x1","mae",0.266981830695746
41,100,"ordinary_x1","mean_error",0.00192720316480336
41,100,"ordinary_x1","wrong_sign",0.2467
41,100,"ordinary_x1","regret",0.0245842103280942
41,100,"ordinary_x1","value_gain",0.427880258357524
41,100,"ordinary_x1","oracle_gain",0.452464468685618
41,100,"ordinary_x1","treatment_share",0.503466666666667
41,100,"ordinary_x2","mse",0.0804544171140072
41,100,"ordinary_x2","mae",0.235518261046872
41,100,"ordinary_x2","mean_error",0.0104769181275975
41,100,"ordinary_x2","wrong_sign",0.0632666666666667
41,100,"ordinary_x2","regret",0.0154017317396114
41,100,"ordinary_x2","value_gain",0.437062736946007
41,100,"ordinary_x2","oracle_gain",0.452464468685618
41,100,"ordinary_x2","treatment_share",0.6869
41,250,"ordinary_x1","mse",0.152664031731446
41,250,"ordinary_x1","mae",0.373118111377237
41,250,"ordinary_x1","mean_error",0.00226281351614077
41,250,"ordinary_x1","wrong_sign",0.247533333333333
41,250,"ordinary_x1","regret",0.0248123033630297
41,250,"ordinary_x1","value_gain",0.427652165322589
41,250,"ordinary_x1","oracle_gain",0.452464468685618
41,250,"ordinary_x1","treatment_share",0.502966666666667
41,250,"ordinary_x2","mse",0.172567549401838
41,250,"ordinary_x2","mae",0.38814860437831
41,250,"ordinary_x2","mean_error",0.0110515618526463
41,250,"ordinary_x2","wrong_sign",0.214333333333333
41,250,"ordinary_x2","regret",0.0635888288266421
41,250,"ordinary_x2","value_gain",0.388875639858976
41,250,"ordinary_x2","oracle_gain",0.452464468685618
41,250,"ordinary_x2","treatment_share",0.535833333333333
41,500,"ordinary_x1","mse",0.200152226137351
41,500,"ordinary_x1","mae",0.43160285967306
41,500,"ordinary_x1","mean_error",0.00324940604658253
41,500,"ordinary_x1","wrong_sign",0.2476
41,500,"ordinary_x1","regret",0.0250340785558087
41,500,"ordinary_x1","value_gain",0.427430390129809
41,500,"ordinary_x1","oracle_gain",0.452464468685618
41,500,"ordinary_x1","treatment_share",0.503366666666667
41,500,"ordinary_x2","mse",0.247892055320207
41,500,"ordinary_x2","mae",0.472570960192582
41,500,"ordinary_x2","mean_error",0.0133901214505621
41,500,"ordinary_x2","wrong_sign",0.215533333333333
41,500,"ordinary_x2","regret",0.0645401223131603
41,500,"ordinary_x2","value_gain",0.387924346372458
41,500,"ordinary_x2","oracle_gain",0.452464468685618
41,500,"ordinary_x2","treatment_share",0.534833333333333
41,500,"class_x1","mse",0.381358728729702
41,500,"class_x1","mae",0.464360518954353
41,500,"class_x1","mean_error",0.00853687700327834
41,500,"class_x1","wrong_sign",0.0029
41,500,"class_x1","regret",0.00233700251660323
41,500,"class_x1","value_gain",0.450127466169015
41,500,"class_x1","oracle_gain",0.452464468685618
41,500,"class_x1","treatment_share",0.7516
41,500,"class_x2","mse",0.381358728729702
41,500,"class_x2","mae",0.464360518954353
41,500,"class_x2","mean_error",0.00853687700327834
41,500,"class_x2","wrong_sign",0.0029
41,500,"class_x2","regret",0.00233700251660323
41,500,"class_x2","value_gain",0.450127466169015
41,500,"class_x2","oracle_gain",0.452464468685618
41,500,"class_x2","treatment_share",0.7516
42,40,"ordinary_x1","mse",0.0477221333748608
42,40,"ordinary_x1","mae",0.172885874401643
42,40,"ordinary_x1","mean_error",-0.0189233218866433
42,40,"ordinary_x1","wrong_sign",0.0703
42,40,"ordinary_x1","regret",0.00722637008836337
42,40,"ordinary_x1","value_gain",0.443240979760798
42,40,"ordinary_x1","oracle_gain",0.450467349849161
42,40,"ordinary_x1","treatment_share",0.6816
42,40,"ordinary_x2","mse",0.0375666563021235
42,40,"ordinary_x2","mae",0.136548063361154
42,40,"ordinary_x2","mean_error",-0.0204208208225164
42,40,"ordinary_x2","wrong_sign",0.0335666666666667
42,40,"ordinary_x2","regret",0.00404977607169573
42,40,"ordinary_x2","value_gain",0.446417573777465
42,40,"ordinary_x2","oracle_gain",0.450467349849161
42,40,"ordinary_x2","treatment_share",0.719
42,100,"ordinary_x1","mse",0.0911525647096975
42,100,"ordinary_x1","mae",0.278866711696245
42,100,"ordinary_x1","mean_error",-0.0189119346847867
42,100,"ordinary_x1","wrong_sign",0.234
42,100,"ordinary_x1","regret",0.0244974770714273
42,100,"ordinary_x1","value_gain",0.425969872777734
42,100,"ordinary_x1","oracle_gain",0.450467349849161
42,100,"ordinary_x1","treatment_share",0.519366666666667
42,100,"ordinary_x2","mse",0.0715467111129636
42,100,"ordinary_x2","mae",0.230458201511714
42,100,"ordinary_x2","mean_error",-0.0209779826183047
42,100,"ordinary_x2","wrong_sign",0.0219
42,100,"ordinary_x2","regret",0.0027000826827848
42,100,"ordinary_x2","value_gain",0.447767267166376
42,100,"ordinary_x2","oracle_gain",0.450467349849161
42,100,"ordinary_x2","treatment_share",0.729933333333333
42,250,"ordinary_x1","mse",0.157951477120695
42,250,"ordinary_x1","mae",0.382455283800871
42,250,"ordinary_x1","mean_error",-0.0162436310324916
42,250,"ordinary_x1","wrong_sign",0.2397
42,250,"ordinary_x1","regret",0.0258982874797557
42,250,"ordinary_x1","value_gain",0.424569062369405
42,250,"ordinary_x1","oracle_gain",0.450467349849161
42,250,"ordinary_x1","treatment_share",0.515533333333333
42,250,"ordinary_x2","mse",0.161836807792225
42,250,"ordinary_x2","mae",0.375711132723308
42,250,"ordinary_x2","mean_error",-0.0231886518921616
42,250,"ordinary_x2","wrong_sign",0.0947666666666667
42,250,"ordinary_x2","regret",0.027291366958275
42,250,"ordinary_x2","value_gain",0.423175982890886
42,250,"ordinary_x2","oracle_gain",0.450467349849161
42,250,"ordinary_x2","treatment_share",0.6566
42,500,"ordinary_x1","mse",0.209857517966141
42,500,"ordinary_x1","mae",0.439538371386354
42,500,"ordinary_x1","mean_error",-0.0180619513612162
42,500,"ordinary_x1","wrong_sign",0.2424
42,500,"ordinary_x1","regret",0.0282253324672967
42,500,"ordinary_x1","value_gain",0.422242017381864
42,500,"ordinary_x1","oracle_gain",0.450467349849161
42,500,"ordinary_x1","treatment_share",0.517366666666667
42,500,"ordinary_x2","mse",0.248409203740492
42,500,"ordinary_x2","mae",0.4696568016266
42,500,"ordinary_x2","mean_error",-0.0236382817659862
42,500,"ordinary_x2","wrong_sign",0.227133333333333
42,500,"ordinary_x2","regret",0.0679864674089926
42,500,"ordinary_x2","value_gain",0.382480882440169
42,500,"ordinary_x2","oracle_gain",0.450467349849161
42,500,"ordinary_x2","treatment_share",0.5243
42,500,"class_x1","mse",0.372864551828931
42,500,"class_x1","mae",0.455864939419842
42,500,"class_x1","mean_error",-0.0203751456440265
42,500,"class_x1","wrong_sign",0.0119
42,500,"class_x1","regret",0.00643724668072834
42,500,"class_x1","value_gain",0.444030103168433
42,500,"class_x1","oracle_gain",0.450467349849161
42,500,"class_x1","treatment_share",0.7508
42,500,"class_x2","mse",0.372864551828931
42,500,"class_x2","mae",0.455864939419842
42,500,"class_x2","mean_error",-0.0203751456440265
42,500,"class_x2","wrong_sign",0.0119
42,500,"class_x2","regret",0.00643724668072834
42,500,"class_x2","value_gain",0.444030103168433
42,500,"class_x2","oracle_gain",0.450467349849161
42,500,"class_x2","treatment_share",0.7508
43,40,"ordinary_x1","mse",0.0311806390363281
43,40,"ordinary_x1","mae",0.104531053987793
43,40,"ordinary_x1","mean_error",-0.0344418273203423
43,40,"ordinary_x1","wrong_sign",0.0354333333333333
43,40,"ordinary_x1","regret",0.00751441016509749
43,40,"ordinary_x1","value_gain",0.43820191330317
43,40,"ordinary_x1","oracle_gain",0.445716323468267
43,40,"ordinary_x1","treatment_share",0.7123
43,40,"ordinary_x2","mse",0.04146066402007
43,40,"ordinary_x2","mae",0.144357811528113
43,40,"ordinary_x2","mean_error",-0.0339810062781237
43,40,"ordinary_x2","wrong_sign",0.0435666666666667
43,40,"ordinary_x2","regret",0.0104932510919131
43,40,"ordinary_x2","value_gain",0.435223072376354
43,40,"ordinary_x2","oracle_gain",0.445716323468267
43,40,"ordinary_x2","treatment_share",0.704166666666667
43,100,"ordinary_x1","mse",0.0537424461955677
43,100,"ordinary_x1","mae",0.188686001910174
43,100,"ordinary_x1","mean_error",-0.0314845890721931
43,100,"ordinary_x1","wrong_sign",0.156833333333333
43,100,"ordinary_x1","regret",0.0175165386708159
43,100,"ordinary_x1","value_gain",0.428199784797451
43,100,"ordinary_x1","oracle_gain",0.445716323468267
43,100,"ordinary_x1","treatment_share",0.5909
43,100,"ordinary_x2","mse",0.0814509586253855
43,100,"ordinary_x2","mae",0.257356560756767
43,100,"ordinary_x2","mean_error",-0.0322616357028521
43,100,"ordinary_x2","wrong_sign",0.0726333333333333
43,100,"ordinary_x2","regret",0.0194332248980304
43,100,"ordinary_x2","value_gain",0.426283098570236
43,100,"ordinary_x2","oracle_gain",0.445716323468267
43,100,"ordinary_x2","treatment_share",0.6751
43,250,"ordinary_x1","mse",0.12364154723538
43,250,"ordinary_x1","mae",0.325717716494071
43,250,"ordinary_x1","mean_error",-0.0338208998408487
43,250,"ordinary_x1","wrong_sign",0.2545
43,250,"ordinary_x1","regret",0.0264244334279964
43,250,"ordinary_x1","value_gain",0.419291890040271
43,250,"ordinary_x1","oracle_gain",0.445716323468267
43,250,"ordinary_x1","treatment_share",0.493233333333333
43,250,"ordinary_x2","mse",0.166085990652909
43,250,"ordinary_x2","mae",0.393855527862577
43,250,"ordinary_x2","mean_error",-0.0273918602561314
43,250,"ordinary_x2","wrong_sign",0.2475
43,250,"ordinary_x2","regret",0.072226571156429
43,250,"ordinary_x2","value_gain",0.373489752311838
43,250,"ordinary_x2","oracle_gain",0.445716323468267
43,250,"ordinary_x2","treatment_share",0.500233333333333
43,500,"ordinary_x1","mse",0.184167937102024
43,500,"ordinary_x1","mae",0.400598042927787
43,500,"ordinary_x1","mean_error",-0.0296503058424339
43,500,"ordinary_x1","wrong_sign",0.255366666666667
43,500,"ordinary_x1","regret",0.0264227396216064
43,500,"ordinary_x1","value_gain",0.419293583846661
43,500,"ordinary_x1","oracle_gain",0.445716323468267
43,500,"ordinary_x1","treatment_share",0.492366666666667
43,500,"ordinary_x2","mse",0.24591650906189
43,500,"ordinary_x2","mae",0.484487543452842
43,500,"ordinary_x2","mean_error",-0.0270005112703693
43,500,"ordinary_x2","wrong_sign",0.249066666666667
43,500,"ordinary_x2","regret",0.0736107557463142
43,500,"ordinary_x2","value_gain",0.372105567721952
43,500,"ordinary_x2","oracle_gain",0.445716323468267
43,500,"ordinary_x2","treatment_share",0.498666666666667
43,500,"class_x1","mse",0.365903751824383
43,500,"class_x1","mae",0.475652820073995
43,500,"class_x1","mean_error",-0.0248685884913537
43,500,"class_x1","wrong_sign",0.0119
43,500,"class_x1","regret",0.00216065841098778
43,500,"class_x1","value_gain",0.443555665057279
43,500,"class_x1","oracle_gain",0.445716323468267
43,500,"class_x1","treatment_share",0.735966666666667
43,500,"class_x2","mse",0.365903751824383
43,500,"class_x2","mae",0.475652820073995
43,500,"class_x2","mean_error",-0.0248685884913537
43,500,"class_x2","wrong_sign",0.0119
43,500,"class_x2","regret",0.00216065841098778
43,500,"class_x2","value_gain",0.443555665057279
43,500,"class_x2","oracle_gain",0.445716323468267
43,500,"class_x2","treatment_share",0.735966666666667
44,40,"ordinary_x1","mse",0.0234943787591938
44,40,"ordinary_x1","mae",0.116150284505512
44,40,"ordinary_x1","mean_error",-0.00822028107099775
44,40,"ordinary_x1","wrong_sign",0.0593666666666667
44,40,"ordinary_x1","regret",0.00636200276942299
44,40,"ordinary_x1","value_gain",0.44461519291739
44,40,"ordinary_x1","oracle_gain",0.450977195686813
44,40,"ordinary_x1","treatment_share",0.695233333333333
44,40,"ordinary_x2","mse",0.0326812337135059
44,40,"ordinary_x2","mae",0.140187236607434
44,40,"ordinary_x2","mean_error",-0.00786860164541341
44,40,"ordinary_x2","wrong_sign",0.0349666666666667
44,40,"ordinary_x2","regret",0.00995115011569354
44,40,"ordinary_x2","value_gain",0.441026045571119
44,40,"ordinary_x2","oracle_gain",0.450977195686813
44,40,"ordinary_x2","treatment_share",0.719566666666667
44,100,"ordinary_x1","mse",0.0435946677016487
44,100,"ordinary_x1","mae",0.170281945541522
44,100,"ordinary_x1","mean_error",-0.00874729743729851
44,100,"ordinary_x1","wrong_sign",0.172333333333333
44,100,"ordinary_x1","regret",0.0175904140508555
44,100,"ordinary_x1","value_gain",0.433386781635957
44,100,"ordinary_x1","oracle_gain",0.450977195686813
44,100,"ordinary_x1","treatment_share",0.583133333333333
44,100,"ordinary_x2","mse",0.0777733668586886
44,100,"ordinary_x2","mae",0.260031133865688
44,100,"ordinary_x2","mean_error",-0.0111077937550708
44,100,"ordinary_x2","wrong_sign",0.217533333333333
44,100,"ordinary_x2","regret",0.0651850337249957
44,100,"ordinary_x2","value_gain",0.385792161961817
44,100,"ordinary_x2","oracle_gain",0.450977195686813
44,100,"ordinary_x2","treatment_share",0.537066666666667
44,250,"ordinary_x1","mse",0.106854059883376
44,250,"ordinary_x1","mae",0.298666762110298
44,250,"ordinary_x1","mean_error",-0.0134338653858593
44,250,"ordinary_x1","wrong_sign",0.240766666666667
44,250,"ordinary_x1","regret",0.0264892672179173
44,250,"ordinary_x1","value_gain",0.424487928468895
44,250,"ordinary_x1","oracle_gain",0.450977195686813
44,250,"ordinary_x1","treatment_share",0.518966666666667
44,250,"ordinary_x2","mse",0.169368621645347
44,250,"ordinary_x2","mae",0.40350090113352
44,250,"ordinary_x2","mean_error",-0.0147374208106434
44,250,"ordinary_x2","wrong_sign",0.246966666666667
44,250,"ordinary_x2","regret",0.074284302119556
44,250,"ordinary_x2","value_gain",0.376692893567257
44,250,"ordinary_x2","oracle_gain",0.450977195686813
44,250,"ordinary_x2","treatment_share",0.508166666666667
44,500,"ordinary_x1","mse",0.17223897875567
44,500,"ordinary_x1","mae",0.38312757391611
44,500,"ordinary_x1","mean_error",-0.0155785865139223
44,500,"ordinary_x1","wrong_sign",0.2431
44,500,"ordinary_x1","regret",0.0269580038105636
44,500,"ordinary_x1","value_gain",0.42401919187625
44,500,"ordinary_x1","oracle_gain",0.450977195686813
44,500,"ordinary_x1","treatment_share",0.517166666666667
44,500,"ordinary_x2","mse",0.244435303783578
44,500,"ordinary_x2","mae",0.488390160671475
44,500,"ordinary_x2","mean_error",-0.0149617479283996
44,500,"ordinary_x2","wrong_sign",0.248566666666667
44,500,"ordinary_x2","regret",0.0751691173634477
44,500,"ordinary_x2","value_gain",0.375808078323365
44,500,"ordinary_x2","oracle_gain",0.450977195686813
44,500,"ordinary_x2","treatment_share",0.5077
44,500,"class_x1","mse",0.358952157332731
44,500,"class_x1","mae",0.472224898902335
44,500,"class_x1","mean_error",-0.0219309841678347
44,500,"class_x1","wrong_sign",0.004
44,500,"class_x1","regret",0.00401642851828833
44,500,"class_x1","value_gain",0.446960767168524
44,500,"class_x1","oracle_gain",0.450977195686813
44,500,"class_x1","treatment_share",0.7584
44,500,"class_x2","mse",0.358952157332731
44,500,"class_x2","mae",0.472224898902335
44,500,"class_x2","mean_error",-0.0219309841678347
44,500,"class_x2","wrong_sign",0.004
44,500,"class_x2","regret",0.00401642851828833
44,500,"class_x2","value_gain",0.446960767168524
44,500,"class_x2","oracle_gain",0.450977195686813
44,500,"class_x2","treatment_share",0.7584
45,40,"ordinary_x1","mse",0.0452641064638761
45,40,"ordinary_x1","mae",0.179361569922924
45,40,"ordinary_x1","mean_error",-0.0318082954708833
45,40,"ordinary_x1","wrong_sign",0.222733333333333
45,40,"ordinary_x1","regret",0.0226279139089118
45,40,"ordinary_x1","value_gain",0.424737123798404
45,40,"ordinary_x1","oracle_gain",0.447365037707316
45,40,"ordinary_x1","treatment_share",0.530966666666667
45,40,"ordinary_x2","mse",0.0290370029381287
45,40,"ordinary_x2","mae",0.11882415746065
45,40,"ordinary_x2","mean_error",-0.035394792733893
45,40,"ordinary_x2","wrong_sign",0.0668333333333333
45,40,"ordinary_x2","regret",0.00722818995537001
45,40,"ordinary_x2","value_gain",0.440136847751946
45,40,"ordinary_x2","oracle_gain",0.447365037707316
45,40,"ordinary_x2","treatment_share",0.6866
45,100,"ordinary_x1","mse",0.0914394633635369
45,100,"ordinary_x1","mae",0.284491107396895
45,100,"ordinary_x1","mean_error",-0.0308999800175275
45,100,"ordinary_x1","wrong_sign",0.237
45,100,"ordinary_x1","regret",0.0245567155493005
45,100,"ordinary_x1","value_gain",0.422808322158015
45,100,"ordinary_x1","oracle_gain",0.447365037707316
45,100,"ordinary_x1","treatment_share",0.517833333333333
45,100,"ordinary_x2","mse",0.0511554780870961
45,100,"ordinary_x2","mae",0.181079623403923
45,100,"ordinary_x2","mean_error",-0.0383977752851466
45,100,"ordinary_x2","wrong_sign",0.0177
45,100,"ordinary_x2","regret",0.0022452123259667
45,100,"ordinary_x2","value_gain",0.445119825381349
45,100,"ordinary_x2","oracle_gain",0.447365037707316
45,100,"ordinary_x2","treatment_share",0.735266666666667
45,250,"ordinary_x1","mse",0.1647377698837
45,250,"ordinary_x1","mae",0.39323653219227
45,250,"ordinary_x1","mean_error",-0.0284008089340324
45,250,"ordinary_x1","wrong_sign",0.2405
45,250,"ordinary_x1","regret",0.0255454478058033
45,250,"ordinary_x1","value_gain",0.421819589901512
45,250,"ordinary_x1","oracle_gain",0.447365037707316
45,250,"ordinary_x1","treatment_share",0.515733333333333
45,250,"ordinary_x2","mse",0.137712144863901
45,250,"ordinary_x2","mae",0.344382440900857
45,250,"ordinary_x2","mean_error",-0.0411904423685289
45,250,"ordinary_x2","wrong_sign",0.0514333333333333
45,250,"ordinary_x2","regret",0.0134320073076152
45,250,"ordinary_x2","value_gain",0.4339330303997
45,250,"ordinary_x2","oracle_gain",0.447365037707316
45,250,"ordinary_x2","treatment_share",0.701333333333333
45,500,"ordinary_x1","mse",0.209568118096336
45,500,"ordinary_x1","mae",0.443434267937489
45,500,"ordinary_x1","mean_error",-0.0266014660682976
45,500,"ordinary_x1","wrong_sign",0.242633333333333
45,500,"ordinary_x1","regret",0.0271685409603725
45,500,"ordinary_x1","value_gain",0.420196496746944
45,500,"ordinary_x1","oracle_gain",0.447365037707316
45,500,"ordinary_x1","treatment_share",0.516733333333333
45,500,"ordinary_x2","mse",0.228929875838608
45,500,"ordinary_x2","mae",0.44990167195605
45,500,"ordinary_x2","mean_error",-0.040599694823185
45,500,"ordinary_x2","wrong_sign",0.230233333333333
45,500,"ordinary_x2","regret",0.0685869463516563
45,500,"ordinary_x2","value_gain",0.378778091355659
45,500,"ordinary_x2","oracle_gain",0.447365037707316
45,500,"ordinary_x2","treatment_share",0.522666666666667
45,500,"class_x1","mse",0.363367207532821
45,500,"class_x1","mae",0.446965282190186
45,500,"class_x1","mean_error",-0.0342107617326752
45,500,"class_x1","wrong_sign",0.0187
45,500,"class_x1","regret",0.00775781636373924
45,500,"class_x1","value_gain",0.439607221343576
45,500,"class_x1","oracle_gain",0.447365037707316
45,500,"class_x1","treatment_share",0.747066666666667
45,500,"class_x2","mse",0.363367207532821
45,500,"class_x2","mae",0.446965282190186
45,500,"class_x2","mean_error",-0.0342107617326752
45,500,"class_x2","wrong_sign",0.0187
45,500,"class_x2","regret",0.00775781636373924
45,500,"class_x2","value_gain",0.439607221343576
45,500,"class_x2","oracle_gain",0.447365037707316
45,500,"class_x2","treatment_share",0.747066666666667
46,40,"ordinary_x1","mse",0.0305230631840097
46,40,"ordinary_x1","mae",0.136405417596334
46,40,"ordinary_x1","mean_error",-0.0690801217071157
46,40,"ordinary_x1","wrong_sign",0.248433333333333
46,40,"ordinary_x1","regret",0.0250615385168822
46,40,"ordinary_x1","value_gain",0.424761780682153
46,40,"ordinary_x1","oracle_gain",0.449823319199035
46,40,"ordinary_x1","treatment_share",0.504433333333333
46,40,"ordinary_x2","mse",0.0162649817195964
46,40,"ordinary_x2","mae",0.0957504665136243
46,40,"ordinary_x2","mean_error",-0.0621424711270831
46,40,"ordinary_x2","wrong_sign",0.0938666666666667
46,40,"ordinary_x2","regret",0.010339107809201
46,40,"ordinary_x2","value_gain",0.439484211389834
46,40,"ordinary_x2","oracle_gain",0.449823319199035
46,40,"ordinary_x2","treatment_share",0.659
46,100,"ordinary_x1","mse",0.0724811749286834
46,100,"ordinary_x1","mae",0.245716016226292
46,100,"ordinary_x1","mean_error",-0.0735084344650129
46,100,"ordinary_x1","wrong_sign",0.250966666666667
46,100,"ordinary_x1","regret",0.0251357686887744
46,100,"ordinary_x1","value_gain",0.42468755051026
46,100,"ordinary_x1","oracle_gain",0.449823319199035
46,100,"ordinary_x1","treatment_share",0.5019
46,100,"ordinary_x2","mse",0.0372766394404661
46,100,"ordinary_x2","mae",0.166302375296102
46,100,"ordinary_x2","mean_error",-0.0584723000650053
46,100,"ordinary_x2","wrong_sign",0.0282
46,100,"ordinary_x2","regret",0.00623890567503248
46,100,"ordinary_x2","value_gain",0.443584413524002
46,100,"ordinary_x2","oracle_gain",0.449823319199035
46,100,"ordinary_x2","treatment_share",0.724666666666667
46,250,"ordinary_x1","mse",0.145442434085554
46,250,"ordinary_x1","mae",0.368076112306472
46,250,"ordinary_x1","mean_error",-0.0784355320695002
46,250,"ordinary_x1","wrong_sign",0.252533333333333
46,250,"ordinary_x1","regret",0.0252546967846753
46,250,"ordinary_x1","value_gain",0.42456862241436
46,250,"ordinary_x1","oracle_gain",0.449823319199035
46,250,"ordinary_x1","treatment_share",0.500333333333333
46,250,"ordinary_x2","mse",0.123361920125904
46,250,"ordinary_x2","mae",0.336946129176131
46,250,"ordinary_x2","mean_error",-0.0527144834622141
46,250,"ordinary_x2","wrong_sign",0.223666666666667
46,250,"ordinary_x2","regret",0.066008868608848
46,250,"ordinary_x2","value_gain",0.383814450590187
46,250,"ordinary_x2","oracle_gain",0.449823319199035
46,250,"ordinary_x2","treatment_share",0.5292
46,500,"ordinary_x1","mse",0.191813238133892
46,500,"ordinary_x1","mae",0.425814595271524
46,500,"ordinary_x1","mean_error",-0.0784939610527342
46,500,"ordinary_x1","wrong_sign",0.252666666666667
46,500,"ordinary_x1","regret",0.0252670406926439
46,500,"ordinary_x1","value_gain",0.424556278506391
46,500,"ordinary_x1","oracle_gain",0.449823319199035
46,500,"ordinary_x1","treatment_share",0.5002
46,500,"ordinary_x2","mse",0.212736224747639
46,500,"ordinary_x2","mae",0.44595285960315
46,500,"ordinary_x2","mean_error",-0.0523178930704541
46,500,"ordinary_x2","wrong_sign",0.242166666666667
46,500,"ordinary_x2","regret",0.0722084128637876
46,500,"ordinary_x2","value_gain",0.377614906335248
46,500,"ordinary_x2","oracle_gain",0.449823319199035
46,500,"ordinary_x2","treatment_share",0.5107
46,500,"class_x1","mse",0.340398802225994
46,500,"class_x1","mae",0.442714660568417
46,500,"class_x1","mean_error",-0.0654539400157126
46,500,"class_x1","wrong_sign",0.0120333333333333
46,500,"class_x1","regret",0.00120164544028307
46,500,"class_x1","value_gain",0.448621673758752
46,500,"class_x1","oracle_gain",0.449823319199035
46,500,"class_x1","treatment_share",0.740833333333333
46,500,"class_x2","mse",0.340398802225994
46,500,"class_x2","mae",0.442714660568417
46,500,"class_x2","mean_error",-0.0654539400157126
46,500,"class_x2","wrong_sign",0.0120333333333333
46,500,"class_x2","regret",0.00120164544028307
46,500,"class_x2","value_gain",0.448621673758752
46,500,"class_x2","oracle_gain",0.449823319199035
46,500,"class_x2","treatment_share",0.740833333333333
47,40,"ordinary_x1","mse",0.0389425318646891
47,40,"ordinary_x1","mae",0.13402480012555
47,40,"ordinary_x1","mean_error",-0.027816778452919
47,40,"ordinary_x1","wrong_sign",0.00526666666666667
47,40,"ordinary_x1","regret",0.00128980156271563
47,40,"ordinary_x1","value_gain",0.448463727608483
47,40,"ordinary_x1","oracle_gain",0.449753529171199
47,40,"ordinary_x1","treatment_share",0.7455
47,40,"ordinary_x2","mse",0.0420731798323967
47,40,"ordinary_x2","mae",0.156284883694103
47,40,"ordinary_x2","mean_error",-0.0285164746111978
47,40,"ordinary_x2","wrong_sign",0.00433333333333333
47,40,"ordinary_x2","regret",0.00144383610614418
47,40,"ordinary_x2","value_gain",0.448309693065054
47,40,"ordinary_x2","oracle_gain",0.449753529171199
47,40,"ordinary_x2","treatment_share",0.746566666666667
47,100,"ordinary_x1","mse",0.0695450819226739
47,100,"ordinary_x1","mae",0.223908050023674
47,100,"ordinary_x1","mean_error",-0.0259895825240862
47,100,"ordinary_x1","wrong_sign",0.146366666666667
47,100,"ordinary_x1","regret",0.0148896845281908
47,100,"ordinary_x1","value_gain",0.434863844643008
47,100,"ordinary_x1","oracle_gain",0.449753529171199
47,100,"ordinary_x1","treatment_share",0.6044
47,100,"ordinary_x2","mse",0.0831313332616797
47,100,"ordinary_x2","mae",0.257624305834426
47,100,"ordinary_x2","mean_error",-0.0300908012548843
47,100,"ordinary_x2","wrong_sign",0.0082
47,100,"ordinary_x2","regret",0.00280553879954777
47,100,"ordinary_x2","value_gain",0.44694799037165
47,100,"ordinary_x2","oracle_gain",0.449753529171199
47,100,"ordinary_x2","treatment_share",0.743233333333333
47,250,"ordinary_x1","mse",0.138856757491759
47,250,"ordinary_x1","mae",0.350681306198684
47,250,"ordinary_x1","mean_error",-0.0250356987358004
47,250,"ordinary_x1","wrong_sign",0.243133333333333
47,250,"ordinary_x1","regret",0.025653712253174
47,250,"ordinary_x1","value_gain",0.424099816918024
47,250,"ordinary_x1","oracle_gain",0.449753529171199
47,250,"ordinary_x1","treatment_share",0.510233333333333
47,250,"ordinary_x2","mse",0.173974073038054
47,250,"ordinary_x2","mae",0.400914930977886
47,250,"ordinary_x2","mean_error",-0.0329417575695134
47,250,"ordinary_x2","wrong_sign",0.2251
47,250,"ordinary_x2","regret",0.0693725933217646
47,250,"ordinary_x2","value_gain",0.380380935849434
47,250,"ordinary_x2","oracle_gain",0.449753529171199
47,250,"ordinary_x2","treatment_share",0.530333333333333
47,500,"ordinary_x1","mse",0.197496824649235
47,500,"ordinary_x1","mae",0.421862019717891
47,500,"ordinary_x1","mean_error",-0.0279878565458661
47,500,"ordinary_x1","wrong_sign",0.244466666666667
47,500,"ordinary_x1","regret",0.0263016951205504
47,500,"ordinary_x1","value_gain",0.423451834050648
47,500,"ordinary_x1","oracle_gain",0.449753529171199
47,500,"ordinary_x1","treatment_share",0.510033333333333
47,500,"ordinary_x2","mse",0.25331520051096
47,500,"ordinary_x2","mae",0.486939103389061
47,500,"ordinary_x2","mean_error",-0.0334046732152148
47,500,"ordinary_x2","wrong_sign",0.233033333333333
47,500,"ordinary_x2","regret",0.074602398284014
47,500,"ordinary_x2","value_gain",0.375151130887183
47,500,"ordinary_x2","oracle_gain",0.449753529171199
47,500,"ordinary_x2","treatment_share",0.530533333333333
47,500,"class_x1","mse",0.374027630343281
47,500,"class_x1","mae",0.466377508334144
47,500,"class_x1","mean_error",-0.0327564935613756
47,500,"class_x1","wrong_sign",0.00766666666666667
47,500,"class_x1","regret",0.00712751038016918
47,500,"class_x1","value_gain",0.442626018791029
47,500,"class_x1","oracle_gain",0.449753529171199
47,500,"class_x1","treatment_share",0.756566666666667
47,500,"class_x2","mse",0.374027630343281
47,500,"class_x2","mae",0.466377508334144
47,500,"class_x2","mean_error",-0.0327564935613756
47,500,"class_x2","wrong_sign",0.00766666666666667
47,500,"class_x2","regret",0.00712751038016918
47,500,"class_x2","value_gain",0.442626018791029
47,500,"class_x2","oracle_gain",0.449753529171199
47,500,"class_x2","treatment_share",0.756566666666667
48,40,"ordinary_x1","mse",0.0241443814041354
48,40,"ordinary_x1","mae",0.113391336854302
48,40,"ordinary_x1","mean_error",0.00657039616972785
48,40,"ordinary_x1","wrong_sign",0.0182333333333333
48,40,"ordinary_x1","regret",0.00222893241132688
48,40,"ordinary_x1","value_gain",0.446334269516063
48,40,"ordinary_x1","oracle_gain",0.44856320192739
48,40,"ordinary_x1","treatment_share",0.732533333333333
48,40,"ordinary_x2","mse",0.0348067254958338
48,40,"ordinary_x2","mae",0.161225378175495
48,40,"ordinary_x2","mean_error",0.00554616829466512
48,40,"ordinary_x2","wrong_sign",0.0163333333333333
48,40,"ordinary_x2","regret",0.00425153535780269
48,40,"ordinary_x2","value_gain",0.444311666569587
48,40,"ordinary_x2","oracle_gain",0.44856320192739
48,40,"ordinary_x2","treatment_share",0.734433333333333
48,100,"ordinary_x1","mse",0.0489537077557944
48,100,"ordinary_x1","mae",0.182502885506505
48,100,"ordinary_x1","mean_error",0.00350859749011967
48,100,"ordinary_x1","wrong_sign",0.183933333333333
48,100,"ordinary_x1","regret",0.0186024122544898
48,100,"ordinary_x1","value_gain",0.4299607896729
48,100,"ordinary_x1","oracle_gain",0.44856320192739
48,100,"ordinary_x1","treatment_share",0.566833333333333
48,100,"ordinary_x2","mse",0.0909698240054172
48,100,"ordinary_x2","mae",0.29007803154537
48,100,"ordinary_x2","mean_error",0.00697093760074086
48,100,"ordinary_x2","wrong_sign",0.180733333333333
48,100,"ordinary_x2","regret",0.0539408379143345
48,100,"ordinary_x2","value_gain",0.394622364013055
48,100,"ordinary_x2","oracle_gain",0.44856320192739
48,100,"ordinary_x2","treatment_share",0.570033333333333
48,250,"ordinary_x1","mse",0.120581416883902
48,250,"ordinary_x1","mae",0.321887456287766
48,250,"ordinary_x1","mean_error",0.00433888953479935
48,250,"ordinary_x1","wrong_sign",0.243466666666667
48,250,"ordinary_x1","regret",0.0251402168873968
48,250,"ordinary_x1","value_gain",0.423422985039993
48,250,"ordinary_x1","oracle_gain",0.44856320192739
48,250,"ordinary_x1","treatment_share",0.509033333333333
48,250,"ordinary_x2","mse",0.18893036718708
48,250,"ordinary_x2","mae",0.427929675299608
48,250,"ordinary_x2","mean_error",0.0108257806416554
48,250,"ordinary_x2","wrong_sign",0.2385
48,250,"ordinary_x2","regret",0.0714025206260933
48,250,"ordinary_x2","value_gain",0.377160681301297
48,250,"ordinary_x2","oracle_gain",0.44856320192739
48,250,"ordinary_x2","treatment_share",0.512266666666667
48,500,"ordinary_x1","mse",0.180710634247162
48,500,"ordinary_x1","mae",0.397543929925197
48,500,"ordinary_x1","mean_error",0.00576606091610557
48,500,"ordinary_x1","wrong_sign",0.245033333333333
48,500,"ordinary_x1","regret",0.0262165253058488
48,500,"ordinary_x1","value_gain",0.422346676621541
48,500,"ordinary_x1","oracle_gain",0.44856320192739
48,500,"ordinary_x1","treatment_share",0.509533333333333
48,500,"ordinary_x2","mse",0.252904024273351
48,500,"ordinary_x2","mae",0.496341649373888
48,500,"ordinary_x2","mean_error",0.0137083303012629
48,500,"ordinary_x2","wrong_sign",0.244033333333333
48,500,"ordinary_x2","regret",0.073122402243019
48,500,"ordinary_x2","value_gain",0.375440799684371
48,500,"ordinary_x2","oracle_gain",0.44856320192739
48,500,"ordinary_x2","treatment_share",0.5068
48,500,"class_x1","mse",0.368986964672792
48,500,"class_x1","mae",0.472270346459094
48,500,"class_x1","mean_error",0.0101522384537127
48,500,"class_x1","wrong_sign",0.0044
48,500,"class_x1","regret",0.00437581897582079
48,500,"class_x1","value_gain",0.444187382951569
48,500,"class_x1","oracle_gain",0.44856320192739
48,500,"class_x1","treatment_share",0.755166666666667
48,500,"class_x2","mse",0.368986964672792
48,500,"class_x2","mae",0.472270346459094
48,500,"class_x2","mean_error",0.0101522384537127
48,500,"class_x2","wrong_sign",0.0044
48,500,"class_x2","regret",0.00437581897582079
48,500,"class_x2","value_gain",0.444187382951569
48,500,"class_x2","oracle_gain",0.44856320192739
48,500,"class_x2","treatment_share",0.755166666666667
49,40,"ordinary_x1","mse",0.0458901236622339
49,40,"ordinary_x1","mae",0.175225329781457
49,40,"ordinary_x1","mean_error",0.0437972630681807
49,40,"ordinary_x1","wrong_sign",0.171833333333333
49,40,"ordinary_x1","regret",0.017218113368762
49,40,"ordinary_x1","value_gain",0.439915106194624
49,40,"ordinary_x1","oracle_gain",0.457133219563386
49,40,"ordinary_x1","treatment_share",0.579033333333333
49,40,"ordinary_x2","mse",0.0336793527647068
49,40,"ordinary_x2","mae",0.136497134673503
49,40,"ordinary_x2","mean_error",0.0444655797285905
49,40,"ordinary_x2","wrong_sign",0.0125333333333333
49,40,"ordinary_x2","regret",0.00176928521661242
49,40,"ordinary_x2","value_gain",0.455363934346774
49,40,"ordinary_x2","oracle_gain",0.457133219563386
49,40,"ordinary_x2","treatment_share",0.7384
49,100,"ordinary_x1","mse",0.0968179355063848
49,100,"ordinary_x1","mae",0.28687419213877
49,100,"ordinary_x1","mean_error",0.0449782004452059
49,100,"ordinary_x1","wrong_sign",0.2318
49,100,"ordinary_x1","regret",0.0234359389315297
49,100,"ordinary_x1","value_gain",0.433697280631856
49,100,"ordinary_x1","oracle_gain",0.457133219563386
49,100,"ordinary_x1","treatment_share",0.519266666666667
49,100,"ordinary_x2","mse",0.0735033918222464
49,100,"ordinary_x2","mae",0.239728988483449
49,100,"ordinary_x2","mean_error",0.0431160434698318
49,100,"ordinary_x2","wrong_sign",0.00693333333333333
49,100,"ordinary_x2","regret",0.00168617111656507
49,100,"ordinary_x2","value_gain",0.455447048446821
49,100,"ordinary_x2","oracle_gain",0.457133219563386
49,100,"ordinary_x2","treatment_share",0.743866666666667
49,250,"ordinary_x1","mse",0.167579941198849
49,250,"ordinary_x1","mae",0.390415090078639
49,250,"ordinary_x1","mean_error",0.0437805737198951
49,250,"ordinary_x1","wrong_sign",0.2364
49,250,"ordinary_x1","regret",0.0239345182231953
49,250,"ordinary_x1","value_gain",0.433198701340191
49,250,"ordinary_x1","oracle_gain",0.457133219563386
49,250,"ordinary_x1","treatment_share",0.5148
49,250,"ordinary_x2","mse",0.167035610489624
49,250,"ordinary_x2","mae",0.385990130602462
49,250,"ordinary_x2","mean_error",0.0447171012077614
49,250,"ordinary_x2","wrong_sign",0.0529333333333333
49,250,"ordinary_x2","regret",0.0156773343744618
49,250,"ordinary_x2","value_gain",0.441455885188924
49,250,"ordinary_x2","oracle_gain",0.457133219563386
49,250,"ordinary_x2","treatment_share",0.697866666666667
49,500,"ordinary_x1","mse",0.220634979512246
49,500,"ordinary_x1","mae",0.445466832247901
49,500,"ordinary_x1","mean_error",0.0442498148569697
49,500,"ordinary_x1","wrong_sign",0.237333333333333
49,500,"ordinary_x1","regret",0.0242048767716849
49,500,"ordinary_x1","value_gain",0.432928342791701
49,500,"ordinary_x1","oracle_gain",0.457133219563386
49,500,"ordinary_x1","treatment_share",0.514266666666667
49,500,"ordinary_x2","mse",0.257420887263649
49,500,"ordinary_x2","mae",0.481938205193645
49,500,"ordinary_x2","mean_error",0.0447813164323957
49,500,"ordinary_x2","wrong_sign",0.207133333333333
49,500,"ordinary_x2","regret",0.0623242145254958
49,500,"ordinary_x2","value_gain",0.39480900503789
49,500,"ordinary_x2","oracle_gain",0.457133219563386
49,500,"ordinary_x2","treatment_share",0.5442
49,500,"class_x1","mse",0.408593801766636
49,500,"class_x1","mae",0.482430130580784
49,500,"class_x1","mean_error",0.0435548964912767
49,500,"class_x1","wrong_sign",0.0237
49,500,"class_x1","regret",0.0236435599660385
49,500,"class_x1","value_gain",0.433489659597348
49,500,"class_x1","oracle_gain",0.457133219563386
49,500,"class_x1","treatment_share",0.7745
49,500,"class_x2","mse",0.408593801766636
49,500,"class_x2","mae",0.482430130580784
49,500,"class_x2","mean_error",0.0435548964912767
49,500,"class_x2","wrong_sign",0.0237
49,500,"class_x2","regret",0.0236435599660385
49,500,"class_x2","value_gain",0.433489659597348
49,500,"class_x2","oracle_gain",0.457133219563386
49,500,"class_x2","treatment_share",0.7745
50,40,"ordinary_x1","mse",0.0249205643991064
50,40,"ordinary_x1","mae",0.124790670043844
50,40,"ordinary_x1","mean_error",0.00950293530542704
50,40,"ordinary_x1","wrong_sign",0.0321333333333333
50,40,"ordinary_x1","regret",0.00336527515359144
50,40,"ordinary_x1","value_gain",0.446739070751465
50,40,"ordinary_x1","oracle_gain",0.450104345905057
50,40,"ordinary_x1","treatment_share",0.719866666666667
50,40,"ordinary_x2","mse",0.0224535102627908
50,40,"ordinary_x2","mae",0.11567042133004
50,40,"ordinary_x2","mean_error",0.0114065636779112
50,40,"ordinary_x2","wrong_sign",0.00596666666666667
50,40,"ordinary_x2","regret",0.000761484643037745
50,40,"ordinary_x2","value_gain",0.449342861262019
50,40,"ordinary_x2","oracle_gain",0.450104345905057
50,40,"ordinary_x2","treatment_share",0.7459
50,100,"ordinary_x1","mse",0.0650149282161066
50,100,"ordinary_x1","mae",0.237382544433921
50,100,"ordinary_x1","mean_error",0.00780209736569778
50,100,"ordinary_x1","wrong_sign",0.206066666666667
50,100,"ordinary_x1","regret",0.0210048746618644
50,100,"ordinary_x1","value_gain",0.429099471243193
50,100,"ordinary_x1","oracle_gain",0.450104345905057
50,100,"ordinary_x1","treatment_share",0.5464
50,100,"ordinary_x2","mse",0.056694090054167
50,100,"ordinary_x2","mae",0.219334959128443
50,100,"ordinary_x2","mean_error",0.0112640862212388
50,100,"ordinary_x2","wrong_sign",0.0132333333333333
50,100,"ordinary_x2","regret",0.00332917372663502
50,100,"ordinary_x2","value_gain",0.446775172178422
50,100,"ordinary_x2","oracle_gain",0.450104345905057
50,100,"ordinary_x2","treatment_share",0.738633333333333
50,250,"ordinary_x1","mse",0.138016456891318
50,250,"ordinary_x1","mae",0.359917409330573
50,250,"ordinary_x1","mean_error",0.00321555338722866
50,250,"ordinary_x1","wrong_sign",0.246166666666667
50,250,"ordinary_x1","regret",0.0262429576992437
50,250,"ordinary_x1","value_gain",0.423861388205813
50,250,"ordinary_x1","oracle_gain",0.450104345905057
50,250,"ordinary_x1","treatment_share",0.5091
50,250,"ordinary_x2","mse",0.152168011205674
50,250,"ordinary_x2","mae",0.380612531220475
50,250,"ordinary_x2","mean_error",0.0100435590098158
50,250,"ordinary_x2","wrong_sign",0.103533333333333
50,250,"ordinary_x2","regret",0.0305474877458203
50,250,"ordinary_x2","value_gain",0.419556858159236
50,250,"ordinary_x2","oracle_gain",0.450104345905057
50,250,"ordinary_x2","treatment_share",0.648333333333333
50,500,"ordinary_x1","mse",0.190676125278435
50,500,"ordinary_x1","mae",0.421919957054674
50,500,"ordinary_x1","mean_error",0.0030494550807134
50,500,"ordinary_x1","wrong_sign",0.246833333333333
50,500,"ordinary_x1","regret",0.0264915501305063
50,500,"ordinary_x1","value_gain",0.42361279577455
50,500,"ordinary_x1","oracle_gain",0.450104345905057
50,500,"ordinary_x1","treatment_share",0.508833333333333
50,500,"ordinary_x2","mse",0.229271377172767
50,500,"ordinary_x2","mae",0.466128434899491
50,500,"ordinary_x2","mean_error",0.0103586482001082
50,500,"ordinary_x2","wrong_sign",0.2358
50,500,"ordinary_x2","regret",0.0702710898594109
50,500,"ordinary_x2","value_gain",0.379833256045646
50,500,"ordinary_x2","oracle_gain",0.450104345905057
50,500,"ordinary_x2","treatment_share",0.516066666666667
50,500,"class_x1","mse",0.360483391975046
50,500,"class_x1","mae",0.449382985954747
50,500,"class_x1","mean_error",0.00381448762262584
50,500,"class_x1","wrong_sign",0.00413333333333333
50,500,"class_x1","regret",0.00300004680348412
50,500,"class_x1","value_gain",0.447104299101573
50,500,"class_x1","oracle_gain",0.450104345905057
50,500,"class_x1","treatment_share",0.753533333333333
50,500,"class_x2","mse",0.360483391975046
50,500,"class_x2","mae",0.449382985954747
50,500,"class_x2","mean_error",0.00381448762262584
50,500,"class_x2","wrong_sign",0.00413333333333333
50,500,"class_x2","regret",0.00300004680348412
50,500,"class_x2","value_gain",0.447104299101573
50,500,"class_x2","oracle_gain",0.450104345905057
50,500,"class_x2","treatment_share",0.753533333333333
51,40,"ordinary_x1","mse",0.0342150778142075
51,40,"ordinary_x1","mae",0.144149069140195
51,40,"ordinary_x1","mean_error",-0.0197509876157181
51,40,"ordinary_x1","wrong_sign",0.111833333333333
51,40,"ordinary_x1","regret",0.0119578339510217
51,40,"ordinary_x1","value_gain",0.443952718528648
51,40,"ordinary_x1","oracle_gain",0.45591055247967
51,40,"ordinary_x1","treatment_share",0.638133333333333
51,40,"ordinary_x2","mse",0.0261251571651907
51,40,"ordinary_x2","mae",0.112591261347894
51,40,"ordinary_x2","mean_error",-0.0213981975573426
51,40,"ordinary_x2","wrong_sign",0.0279666666666667
51,40,"ordinary_x2","regret",0.00456963499039878
51,40,"ordinary_x2","value_gain",0.451340917489271
51,40,"ordinary_x2","oracle_gain",0.45591055247967
51,40,"ordinary_x2","treatment_share",0.722066666666667
51,100,"ordinary_x1","mse",0.0764460720702144
51,100,"ordinary_x1","mae",0.258892162266781
51,100,"ordinary_x1","mean_error",-0.0136140865939395
51,100,"ordinary_x1","wrong_sign",0.234533333333333
51,100,"ordinary_x1","regret",0.0242480707479625
51,100,"ordinary_x1","value_gain",0.431662481731707
51,100,"ordinary_x1","oracle_gain",0.45591055247967
51,100,"ordinary_x1","treatment_share",0.5155
51,100,"ordinary_x2","mse",0.0556229933543689
51,100,"ordinary_x2","mae",0.208767265189755
51,100,"ordinary_x2","mean_error",-0.0234937848297205
51,100,"ordinary_x2","wrong_sign",0.0263666666666667
51,100,"ordinary_x2","regret",0.00591430677404701
51,100,"ordinary_x2","value_gain",0.449996245705623
51,100,"ordinary_x2","oracle_gain",0.45591055247967
51,100,"ordinary_x2","treatment_share",0.723733333333333
51,250,"ordinary_x1","mse",0.148812054902939
51,250,"ordinary_x1","mae",0.374270389822882
51,250,"ordinary_x1","mean_error",-0.0127109893785494
51,250,"ordinary_x1","wrong_sign",0.2413
51,250,"ordinary_x1","regret",0.0247227544741441
51,250,"ordinary_x1","value_gain",0.431187798005526
51,250,"ordinary_x1","oracle_gain",0.45591055247967
51,250,"ordinary_x1","treatment_share",0.5088
51,250,"ordinary_x2","mse",0.152044015903745
51,250,"ordinary_x2","mae",0.372792591456755
51,250,"ordinary_x2","mean_error",-0.0253194912033106
51,250,"ordinary_x2","wrong_sign",0.196533333333333
51,250,"ordinary_x2","regret",0.0590528459996857
51,250,"ordinary_x2","value_gain",0.396857706479984
51,250,"ordinary_x2","oracle_gain",0.45591055247967
51,250,"ordinary_x2","treatment_share",0.553833333333333
51,500,"ordinary_x1","mse",0.19443445146412
51,500,"ordinary_x1","mae",0.427285702650281
51,500,"ordinary_x1","mean_error",-0.0117721620626226
51,500,"ordinary_x1","wrong_sign",0.240933333333333
51,500,"ordinary_x1","regret",0.0245650184608934
51,500,"ordinary_x1","value_gain",0.431345534018777
51,500,"ordinary_x1","oracle_gain",0.45591055247967
51,500,"ordinary_x1","treatment_share",0.509633333333333
51,500,"ordinary_x2","mse",0.227167860623104
51,500,"ordinary_x2","mae",0.457925340764175
51,500,"ordinary_x2","mean_error",-0.0247118057744912
51,500,"ordinary_x2","wrong_sign",0.229266666666667
51,500,"ordinary_x2","regret",0.0690828163677448
51,500,"ordinary_x2","value_gain",0.386827736111925
51,500,"ordinary_x2","oracle_gain",0.45591055247967
51,500,"ordinary_x2","treatment_share",0.521366666666667
51,500,"class_x1","mse",0.372127609203739
51,500,"class_x1","mae",0.457006232721566
51,500,"class_x1","mean_error",-0.0172471771927195
51,500,"class_x1","wrong_sign",0.00466666666666667
51,500,"class_x1","regret",0.0025457401398414
51,500,"class_x1","value_gain",0.453364812339829
51,500,"class_x1","oracle_gain",0.45591055247967
51,500,"class_x1","treatment_share",0.7499
51,500,"class_x2","mse",0.372127609203739
51,500,"class_x2","mae",0.457006232721566
51,500,"class_x2","mean_error",-0.0172471771927195
51,500,"class_x2","wrong_sign",0.00466666666666667
51,500,"class_x2","regret",0.0025457401398414
51,500,"class_x2","value_gain",0.453364812339829
51,500,"class_x2","oracle_gain",0.45591055247967
51,500,"class_x2","treatment_share",0.7499
52,40,"ordinary_x1","mse",0.0376658379739175
52,40,"ordinary_x1","mae",0.139598256997074
52,40,"ordinary_x1","mean_error",0.0304442504836515
52,40,"ordinary_x1","wrong_sign",0.0406333333333333
52,40,"ordinary_x1","regret",0.00603892856608067
52,40,"ordinary_x1","value_gain",0.446400452085148
52,40,"ordinary_x1","oracle_gain",0.452439380651229
52,40,"ordinary_x1","treatment_share",0.7125
52,40,"ordinary_x2","mse",0.0356230099045509
52,40,"ordinary_x2","mae",0.138699958454273
52,40,"ordinary_x2","mean_error",0.02907869402685
52,40,"ordinary_x2","wrong_sign",0.0350333333333333
52,40,"ordinary_x2","regret",0.0056985265413555
52,40,"ordinary_x2","value_gain",0.446740854109873
52,40,"ordinary_x2","oracle_gain",0.452439380651229
52,40,"ordinary_x2","treatment_share",0.7181
52,100,"ordinary_x1","mse",0.0693416396694231
52,100,"ordinary_x1","mae",0.227369951172883
52,100,"ordinary_x1","mean_error",0.0307160711303394
52,100,"ordinary_x1","wrong_sign",0.098
52,100,"ordinary_x1","regret",0.0114707265966277
52,100,"ordinary_x1","value_gain",0.440968654054601
52,100,"ordinary_x1","oracle_gain",0.452439380651229
52,100,"ordinary_x1","treatment_share",0.655133333333333
52,100,"ordinary_x2","mse",0.0782338215554651
52,100,"ordinary_x2","mae",0.252891778940275
52,100,"ordinary_x2","mean_error",0.0301328659215162
52,100,"ordinary_x2","wrong_sign",0.0274666666666667
52,100,"ordinary_x2","regret",0.00603955405343088
52,100,"ordinary_x2","value_gain",0.446399826597797
52,100,"ordinary_x2","oracle_gain",0.452439380651229
52,100,"ordinary_x2","treatment_share",0.725666666666667
52,250,"ordinary_x1","mse",0.136750509811273
52,250,"ordinary_x1","mae",0.348991679677049
52,250,"ordinary_x1","mean_error",0.0342479432156289
52,250,"ordinary_x1","wrong_sign",0.256033333333333
52,250,"ordinary_x1","regret",0.0270356961178391
52,250,"ordinary_x1","value_gain",0.425403684533388
52,250,"ordinary_x1","oracle_gain",0.452439380651229
52,250,"ordinary_x1","treatment_share",0.4971
52,250,"ordinary_x2","mse",0.176267564450922
52,250,"ordinary_x2","mae",0.403942407077684
52,250,"ordinary_x2","mean_error",0.0345977938653124
52,250,"ordinary_x2","wrong_sign",0.173633333333333
52,250,"ordinary_x2","regret",0.0506080070759658
52,250,"ordinary_x2","value_gain",0.401831373575262
52,250,"ordinary_x2","oracle_gain",0.452439380651229
52,250,"ordinary_x2","treatment_share",0.5795
52,500,"ordinary_x1","mse",0.194552544617985
52,500,"ordinary_x1","mae",0.419544914421639
52,500,"ordinary_x1","mean_error",0.0362406714640657
52,500,"ordinary_x1","wrong_sign",0.2549
52,500,"ordinary_x1","regret",0.0268469572503966
52,500,"ordinary_x1","value_gain",0.425592423400831
52,500,"ordinary_x1","oracle_gain",0.452439380651229
52,500,"ordinary_x1","treatment_share",0.498233333333333
52,500,"ordinary_x2","mse",0.252135259145625
52,500,"ordinary_x2","mae",0.486078159283068
52,500,"ordinary_x2","mean_error",0.0340320433516003
52,500,"ordinary_x2","wrong_sign",0.250266666666667
52,500,"ordinary_x2","regret",0.0740330820684352
52,500,"ordinary_x2","value_gain",0.378406298582793
52,500,"ordinary_x2","oracle_gain",0.452439380651229
52,500,"ordinary_x2","treatment_share",0.502866666666667
52,500,"class_x1","mse",0.379543664617201
52,500,"class_x1","mae",0.470485889866115
52,500,"class_x1","mean_error",0.0432182423536795
52,500,"class_x1","wrong_sign",0.00403333333333333
52,500,"class_x1","regret",0.000998372906930761
52,500,"class_x1","value_gain",0.451441007744298
52,500,"class_x1","oracle_gain",0.452439380651229
52,500,"class_x1","treatment_share",0.749366666666667
52,500,"class_x2","mse",0.379543664617201
52,500,"class_x2","mae",0.470485889866115
52,500,"class_x2","mean_error",0.0432182423536795
52,500,"class_x2","wrong_sign",0.00403333333333333
52,500,"class_x2","regret",0.000998372906930761
52,500,"class_x2","value_gain",0.451441007744298
52,500,"class_x2","oracle_gain",0.452439380651229
52,500,"class_x2","treatment_share",0.749366666666667
53,40,"ordinary_x1","mse",0.0270976420071908
53,40,"ordinary_x1","mae",0.124247444981844
53,40,"ordinary_x1","mean_error",-0.0038801783713314
53,40,"ordinary_x1","wrong_sign",0.2416
53,40,"ordinary_x1","regret",0.0251597613628092
53,40,"ordinary_x1","value_gain",0.423514332736524
53,40,"ordinary_x1","oracle_gain",0.448674094099331
53,40,"ordinary_x1","treatment_share",0.505466666666667
53,40,"ordinary_x2","mse",0.0174250122759092
53,40,"ordinary_x2","mae",0.0841003439296843
53,40,"ordinary_x2","mean_error",-0.00207498009601372
53,40,"ordinary_x2","wrong_sign",0.0469
53,40,"ordinary_x2","regret",0.00634328250863282
53,40,"ordinary_x2","value_gain",0.442330811590699
53,40,"ordinary_x2","oracle_gain",0.448674094099331
53,40,"ordinary_x2","treatment_share",0.700166666666667
53,100,"ordinary_x1","mse",0.0634929626750551
53,100,"ordinary_x1","mae",0.228286584649337
53,100,"ordinary_x1","mean_error",-0.00161911734010789
53,100,"ordinary_x1","wrong_sign",0.2495
53,100,"ordinary_x1","regret",0.0255380061534567
53,100,"ordinary_x1","value_gain",0.423136087945873
53,100,"ordinary_x1","oracle_gain",0.448674094099331
53,100,"ordinary_x1","treatment_share",0.497566666666667
53,100,"ordinary_x2","mse",0.0315830207696412
53,100,"ordinary_x2","mae",0.142846641140953
53,100,"ordinary_x2","mean_error",0.000203345935560927
53,100,"ordinary_x2","wrong_sign",0.0218333333333333
53,100,"ordinary_x2","regret",0.00459551721728256
53,100,"ordinary_x2","value_gain",0.444078576882049
53,100,"ordinary_x2","oracle_gain",0.448674094099331
53,100,"ordinary_x2","treatment_share",0.725233333333333
53,250,"ordinary_x1","mse",0.132055636196553
53,250,"ordinary_x1","mae",0.352066054227703
53,250,"ordinary_x1","mean_error",-0.00165088079914516
53,250,"ordinary_x1","wrong_sign",0.2487
53,250,"ordinary_x1","regret",0.0251783829035338
53,250,"ordinary_x1","value_gain",0.423495711195797
53,250,"ordinary_x1","oracle_gain",0.448674094099331
53,250,"ordinary_x1","treatment_share",0.498366666666667
53,250,"ordinary_x2","mse",0.11256524105798
53,250,"ordinary_x2","mae",0.322457207740626
53,250,"ordinary_x2","mean_error",0.00087837687926586
53,250,"ordinary_x2","wrong_sign",0.1651
53,250,"ordinary_x2","regret",0.0486422566072332
53,250,"ordinary_x2","value_gain",0.400031837492099
53,250,"ordinary_x2","oracle_gain",0.448674094099331
53,250,"ordinary_x2","treatment_share",0.581966666666667
53,500,"ordinary_x1","mse",0.183789620359244
53,500,"ordinary_x1","mae",0.420826123383381
53,500,"ordinary_x1","mean_error",0.000863249378193147
53,500,"ordinary_x1","wrong_sign",0.247166666666667
53,500,"ordinary_x1","regret",0.0247297360228755
53,500,"ordinary_x1","value_gain",0.423944358076456
53,500,"ordinary_x1","oracle_gain",0.448674094099331
53,500,"ordinary_x1","treatment_share",0.499966666666667
53,500,"ordinary_x2","mse",0.199060018783794
53,500,"ordinary_x2","mae",0.434714405687986
53,500,"ordinary_x2","mean_error",0.00259155743246879
53,500,"ordinary_x2","wrong_sign",0.2344
53,500,"ordinary_x2","regret",0.0700484476635426
53,500,"ordinary_x2","value_gain",0.378625646435788
53,500,"ordinary_x2","oracle_gain",0.448674094099331
53,500,"ordinary_x2","treatment_share",0.512733333333333
53,500,"class_x1","mse",0.325101987474709
53,500,"class_x1","mae",0.423697596259972
53,500,"class_x1","mean_error",0.00361114070802017
53,500,"class_x1","wrong_sign",0.00843333333333333
53,500,"class_x1","regret",0.00125455879271728
53,500,"class_x1","value_gain",0.447419535306615
53,500,"class_x1","oracle_gain",0.448674094099331
53,500,"class_x1","treatment_share",0.738833333333333
53,500,"class_x2","mse",0.325101987474709
53,500,"class_x2","mae",0.423697596259972
53,500,"class_x2","mean_error",0.00361114070802017
53,500,"class_x2","wrong_sign",0.00843333333333333
53,500,"class_x2","regret",0.00125455879271728
53,500,"class_x2","value_gain",0.447419535306615
53,500,"class_x2","oracle_gain",0.448674094099331
53,500,"class_x2","treatment_share",0.738833333333333
54,40,"ordinary_x1","mse",0.0224191626210794
54,40,"ordinary_x1","mae",0.108459857956011
54,40,"ordinary_x1","mean_error",0.043569009435314
54,40,"ordinary_x1","wrong_sign",0.0428666666666667
54,40,"ordinary_x1","regret",0.00566359697634587
54,40,"ordinary_x1","value_gain",0.44075377848167
54,40,"ordinary_x1","oracle_gain",0.446417375458016
54,40,"ordinary_x1","treatment_share",0.7079
54,40,"ordinary_x2","mse",0.0211641403085404
54,40,"ordinary_x2","mae",0.104384887340878
54,40,"ordinary_x2","mean_error",0.044687209134071
54,40,"ordinary_x2","wrong_sign",0.0160666666666667
54,40,"ordinary_x2","regret",0.00391267061813344
54,40,"ordinary_x2","value_gain",0.442504704839882
54,40,"ordinary_x2","oracle_gain",0.446417375458016
54,40,"ordinary_x2","treatment_share",0.7347
54,100,"ordinary_x1","mse",0.0562391023686522
54,100,"ordinary_x1","mae",0.214232034791925
54,100,"ordinary_x1","mean_error",0.042621937785242
54,100,"ordinary_x1","wrong_sign",0.241366666666667
54,100,"ordinary_x1","regret",0.024301463620294
54,100,"ordinary_x1","value_gain",0.422115911837722
54,100,"ordinary_x1","oracle_gain",0.446417375458016
54,100,"ordinary_x1","treatment_share",0.509533333333333
54,100,"ordinary_x2","mse",0.049577544509663
54,100,"ordinary_x2","mae",0.195111024921036
54,100,"ordinary_x2","mean_error",0.0464747599445731
54,100,"ordinary_x2","wrong_sign",0.0183333333333333
54,100,"ordinary_x2","regret",0.0050045155835501
54,100,"ordinary_x2","value_gain",0.441412859874466
54,100,"ordinary_x2","oracle_gain",0.446417375458016
54,100,"ordinary_x2","treatment_share",0.732366666666667
54,250,"ordinary_x1","mse",0.132225509933455
54,250,"ordinary_x1","mae",0.34987713800451
54,250,"ordinary_x1","mean_error",0.0429553229175746
54,250,"ordinary_x1","wrong_sign",0.246866666666667
54,250,"ordinary_x1","regret",0.0251142408621762
54,250,"ordinary_x1","value_gain",0.42130313459584
54,250,"ordinary_x1","oracle_gain",0.446417375458016
54,250,"ordinary_x1","treatment_share",0.504766666666667
54,250,"ordinary_x2","mse",0.138297865833839
54,250,"ordinary_x2","mae",0.35998243094925
54,250,"ordinary_x2","mean_error",0.0456127235837576
54,250,"ordinary_x2","wrong_sign",0.119966666666667
54,250,"ordinary_x2","regret",0.0357303261848958
54,250,"ordinary_x2","value_gain",0.41068704927312
54,250,"ordinary_x2","oracle_gain",0.446417375458016
54,250,"ordinary_x2","treatment_share",0.630733333333333
54,500,"ordinary_x1","mse",0.182395333231106
54,500,"ordinary_x1","mae",0.411469551107476
54,500,"ordinary_x1","mean_error",0.046024598189147
54,500,"ordinary_x1","wrong_sign",0.247533333333333
54,500,"ordinary_x1","regret",0.0253175014875333
54,500,"ordinary_x1","value_gain",0.421099873970483
54,500,"ordinary_x1","oracle_gain",0.446417375458016
54,500,"ordinary_x1","treatment_share",0.504433333333333
54,500,"ordinary_x2","mse",0.222810065102182
54,500,"ordinary_x2","mae",0.460552212865436
54,500,"ordinary_x2","mean_error",0.0471731755186878
54,500,"ordinary_x2","wrong_sign",0.2429
54,500,"ordinary_x2","regret",0.0728465445975185
54,500,"ordinary_x2","value_gain",0.373570830860497
54,500,"ordinary_x2","oracle_gain",0.446417375458016
54,500,"ordinary_x2","treatment_share",0.5078
54,500,"class_x1","mse",0.345930239189233
54,500,"class_x1","mae",0.444772314071603
54,500,"class_x1","mean_error",0.046361355058377
54,500,"class_x1","wrong_sign",0.0035
54,500,"class_x1","regret",0.00325519381188005
54,500,"class_x1","value_gain",0.443162181646136
54,500,"class_x1","oracle_gain",0.446417375458016
54,500,"class_x1","treatment_share",0.753666666666667
54,500,"class_x2","mse",0.345930239189233
54,500,"class_x2","mae",0.444772314071603
54,500,"class_x2","mean_error",0.046361355058377
54,500,"class_x2","wrong_sign",0.0035
54,500,"class_x2","regret",0.00325519381188005
54,500,"class_x2","value_gain",0.443162181646136
54,500,"class_x2","oracle_gain",0.446417375458016
54,500,"class_x2","treatment_share",0.753666666666667
55,40,"ordinary_x1","mse",0.0318010352200659
55,40,"ordinary_x1","mae",0.137630518703129
55,40,"ordinary_x1","mean_error",-0.0575970641201067
55,40,"ordinary_x1","wrong_sign",0.128066666666667
55,40,"ordinary_x1","regret",0.0141464882458941
55,40,"ordinary_x1","value_gain",0.439197570802249
55,40,"ordinary_x1","oracle_gain",0.453344059048143
55,40,"ordinary_x1","treatment_share",0.625966666666667
55,40,"ordinary_x2","mse",0.0293062285085703
55,40,"ordinary_x2","mae",0.130124269049878
55,40,"ordinary_x2","mean_error",-0.054304913347556
55,40,"ordinary_x2","wrong_sign",0.0139
55,40,"ordinary_x2","regret",0.00291809978443047
55,40,"ordinary_x2","value_gain",0.450425959263713
55,40,"ordinary_x2","oracle_gain",0.453344059048143
55,40,"ordinary_x2","treatment_share",0.740133333333333
55,100,"ordinary_x1","mse",0.0719217553542577
55,100,"ordinary_x1","mae",0.239158859774801
55,100,"ordinary_x1","mean_error",-0.0594065568171716
55,100,"ordinary_x1","wrong_sign",0.245533333333333
55,100,"ordinary_x1","regret",0.0253649383167371
55,100,"ordinary_x1","value_gain",0.427979120731406
55,100,"ordinary_x1","oracle_gain",0.453344059048143
55,100,"ordinary_x1","treatment_share",0.5085
55,100,"ordinary_x2","mse",0.0689664380152456
55,100,"ordinary_x2","mae",0.240955007081312
55,100,"ordinary_x2","mean_error",-0.0554428171720859
55,100,"ordinary_x2","wrong_sign",0.0572666666666667
55,100,"ordinary_x2","regret",0.0163581934848453
55,100,"ordinary_x2","value_gain",0.436985865563298
55,100,"ordinary_x2","oracle_gain",0.453344059048143
55,100,"ordinary_x2","treatment_share",0.696766666666667
55,250,"ordinary_x1","mse",0.142047072120027
55,250,"ordinary_x1","mae",0.356474777530585
55,250,"ordinary_x1","mean_error",-0.0617830906517889
55,250,"ordinary_x1","wrong_sign",0.249266666666667
55,250,"ordinary_x1","regret",0.0254583658837201
55,250,"ordinary_x1","value_gain",0.427885693164423
55,250,"ordinary_x1","oracle_gain",0.453344059048143
55,250,"ordinary_x1","treatment_share",0.504766666666667
55,250,"ordinary_x2","mse",0.166881723884066
55,250,"ordinary_x2","mae",0.394218419266876
55,250,"ordinary_x2","mean_error",-0.0577112277457924
55,250,"ordinary_x2","wrong_sign",0.235066666666667
55,250,"ordinary_x2","regret",0.0701838446866505
55,250,"ordinary_x2","value_gain",0.383160214361493
55,250,"ordinary_x2","oracle_gain",0.453344059048143
55,250,"ordinary_x2","treatment_share",0.518966666666667
55,500,"ordinary_x1","mse",0.198449364190602
55,500,"ordinary_x1","mae",0.420899578503602
55,500,"ordinary_x1","mean_error",-0.0643184188151953
55,500,"ordinary_x1","wrong_sign",0.2492
55,500,"ordinary_x1","regret",0.025206283512786
55,500,"ordinary_x1","value_gain",0.428137775535357
55,500,"ordinary_x1","oracle_gain",0.453344059048143
55,500,"ordinary_x1","treatment_share",0.504833333333333
55,500,"ordinary_x2","mse",0.253171477432724
55,500,"ordinary_x2","mae",0.487628617004404
55,500,"ordinary_x2","mean_error",-0.0592270420627151
55,500,"ordinary_x2","wrong_sign",0.2425
55,500,"ordinary_x2","regret",0.0730438311471059
55,500,"ordinary_x2","value_gain",0.380300227901037
55,500,"ordinary_x2","oracle_gain",0.453344059048143
55,500,"ordinary_x2","treatment_share",0.512333333333333
55,500,"class_x1","mse",0.379187070095898
55,500,"class_x1","mae",0.4704954880418
55,500,"class_x1","mean_error",-0.066417531090558
55,500,"class_x1","wrong_sign",0.00406666666666667
55,500,"class_x1","regret",0.00113770596901961
55,500,"class_x1","value_gain",0.452206353079123
55,500,"class_x1","oracle_gain",0.453344059048143
55,500,"class_x1","treatment_share",0.7507
55,500,"class_x2","mse",0.379187070095898
55,500,"class_x2","mae",0.4704954880418
55,500,"class_x2","mean_error",-0.066417531090558
55,500,"class_x2","wrong_sign",0.00406666666666667
55,500,"class_x2","regret",0.00113770596901961
55,500,"class_x2","value_gain",0.452206353079123
55,500,"class_x2","oracle_gain",0.453344059048143
55,500,"class_x2","treatment_share",0.7507
56,40,"ordinary_x1","mse",0.0406982607381015
56,40,"ordinary_x1","mae",0.158472412612781
56,40,"ordinary_x1","mean_error",-0.0111135143934167
56,40,"ordinary_x1","wrong_sign",0.0165
56,40,"ordinary_x1","regret",0.00194717196145174
56,40,"ordinary_x1","value_gain",0.441633861113745
56,40,"ordinary_x1","oracle_gain",0.443581033075197
56,40,"ordinary_x1","treatment_share",0.732233333333333
56,40,"ordinary_x2","mse",0.0347568491123646
56,40,"ordinary_x2","mae",0.1401669988125
56,40,"ordinary_x2","mean_error",-0.00944442587349179
56,40,"ordinary_x2","wrong_sign",0.00623333333333333
56,40,"ordinary_x2","regret",0.00102436306900655
56,40,"ordinary_x2","value_gain",0.442556670006191
56,40,"ordinary_x2","oracle_gain",0.443581033075197
56,40,"ordinary_x2","treatment_share",0.742433333333333
56,100,"ordinary_x1","mse",0.0849679182023177
56,100,"ordinary_x1","mae",0.265272035256613
56,100,"ordinary_x1","mean_error",-0.0140150142322224
56,100,"ordinary_x1","wrong_sign",0.227633333333333
56,100,"ordinary_x1","regret",0.0229057762981524
56,100,"ordinary_x1","value_gain",0.420675256777045
56,100,"ordinary_x1","oracle_gain",0.443581033075197
56,100,"ordinary_x1","treatment_share",0.521233333333333
56,100,"ordinary_x2","mse",0.075287760961003
56,100,"ordinary_x2","mae",0.247800010028868
56,100,"ordinary_x2","mean_error",-0.0133645272755129
56,100,"ordinary_x2","wrong_sign",0.0056
56,100,"ordinary_x2","regret",0.00140603477370459
56,100,"ordinary_x2","value_gain",0.442174998301492
56,100,"ordinary_x2","oracle_gain",0.443581033075197
56,100,"ordinary_x2","treatment_share",0.742933333333333
56,250,"ordinary_x1","mse",0.159663212968964
56,250,"ordinary_x1","mae",0.383167966050472
56,250,"ordinary_x1","mean_error",-0.0155124461396983
56,250,"ordinary_x1","wrong_sign",0.246966666666667
56,250,"ordinary_x1","regret",0.0254666020165267
56,250,"ordinary_x1","value_gain",0.418114431058671
56,250,"ordinary_x1","oracle_gain",0.443581033075197
56,250,"ordinary_x1","treatment_share",0.5033
56,250,"ordinary_x2","mse",0.170132773004719
56,250,"ordinary_x2","mae",0.397526325623569
56,250,"ordinary_x2","mean_error",-0.0135528002530885
56,250,"ordinary_x2","wrong_sign",0.169166666666667
56,250,"ordinary_x2","regret",0.0505300842334619
56,250,"ordinary_x2","value_gain",0.393050948841736
56,250,"ordinary_x2","oracle_gain",0.443581033075197
56,250,"ordinary_x2","treatment_share",0.579366666666667
56,500,"ordinary_x1","mse",0.205333238158993
56,500,"ordinary_x1","mae",0.430865560066905
56,500,"ordinary_x1","mean_error",-0.0155972733638182
56,500,"ordinary_x1","wrong_sign",0.248966666666667
56,500,"ordinary_x1","regret",0.0262782924118608
56,500,"ordinary_x1","value_gain",0.417302740663337
56,500,"ordinary_x1","oracle_gain",0.443581033075197
56,500,"ordinary_x1","treatment_share",0.502633333333333
56,500,"ordinary_x2","mse",0.246527455634445
56,500,"ordinary_x2","mae",0.479544909392452
56,500,"ordinary_x2","mean_error",-0.0139370231866397
56,500,"ordinary_x2","wrong_sign",0.230866666666667
56,500,"ordinary_x2","regret",0.069073035309227
56,500,"ordinary_x2","value_gain",0.37450799776597
56,500,"ordinary_x2","oracle_gain",0.443581033075197
56,500,"ordinary_x2","treatment_share",0.517733333333333
56,500,"class_x1","mse",0.383069295628911
56,500,"class_x1","mae",0.464906992207364
56,500,"class_x1","mean_error",-0.0153590398493479
56,500,"class_x1","wrong_sign",0.00176666666666667
56,500,"class_x1","regret",0.00174109503817044
56,500,"class_x1","value_gain",0.441839938037027
56,500,"class_x1","oracle_gain",0.443581033075197
56,500,"class_x1","treatment_share",0.750233333333333
56,500,"class_x2","mse",0.383069295628911
56,500,"class_x2","mae",0.464906992207364
56,500,"class_x2","mean_error",-0.0153590398493479
56,500,"class_x2","wrong_sign",0.00176666666666667
56,500,"class_x2","regret",0.00174109503817044
56,500,"class_x2","value_gain",0.441839938037027
56,500,"class_x2","oracle_gain",0.443581033075197
56,500,"class_x2","treatment_share",0.750233333333333
57,40,"ordinary_x1","mse",0.0322050561921875
57,40,"ordinary_x1","mae",0.138699142518681
57,40,"ordinary_x1","mean_error",0.00920014162270741
57,40,"ordinary_x1","wrong_sign",0.0197666666666667
57,40,"ordinary_x1","regret",0.00245085743740435
57,40,"ordinary_x1","value_gain",0.443765834878673
57,40,"ordinary_x1","oracle_gain",0.446216692316077
57,40,"ordinary_x1","treatment_share",0.728166666666667
57,40,"ordinary_x2","mse",0.0352808230553221
57,40,"ordinary_x2","mae",0.144565707672005
57,40,"ordinary_x2","mean_error",0.00566113536761453
57,40,"ordinary_x2","wrong_sign",0.0222666666666667
57,40,"ordinary_x2","regret",0.00430720901899039
57,40,"ordinary_x2","value_gain",0.441909483297087
57,40,"ordinary_x2","oracle_gain",0.446216692316077
57,40,"ordinary_x2","treatment_share",0.725666666666667
57,100,"ordinary_x1","mse",0.0657665569798402
57,100,"ordinary_x1","mae",0.226032313228711
57,100,"ordinary_x1","mean_error",0.0115883983406116
57,100,"ordinary_x1","wrong_sign",0.0802
57,100,"ordinary_x1","regret",0.00796405129956463
57,100,"ordinary_x1","value_gain",0.438252641016513
57,100,"ordinary_x1","oracle_gain",0.446216692316077
57,100,"ordinary_x1","treatment_share",0.667866666666667
57,100,"ordinary_x2","mse",0.0794729728532074
57,100,"ordinary_x2","mae",0.258720780825365
57,100,"ordinary_x2","mean_error",0.00520225477031921
57,100,"ordinary_x2","wrong_sign",0.0319333333333333
57,100,"ordinary_x2","regret",0.00745257803693175
57,100,"ordinary_x2","value_gain",0.438764114279145
57,100,"ordinary_x2","oracle_gain",0.446216692316077
57,100,"ordinary_x2","treatment_share",0.716
57,250,"ordinary_x1","mse",0.133474676255982
57,250,"ordinary_x1","mae",0.347070486359469
57,250,"ordinary_x1","mean_error",0.0114776655904616
57,250,"ordinary_x1","wrong_sign",0.2414
57,250,"ordinary_x1","regret",0.0243564254779881
57,250,"ordinary_x1","value_gain",0.421860266838089
57,250,"ordinary_x1","oracle_gain",0.446216692316077
57,250,"ordinary_x1","treatment_share",0.507133333333333
57,250,"ordinary_x2","mse",0.17570766528191
57,250,"ordinary_x2","mae",0.406533254696646
57,250,"ordinary_x2","mean_error",0.000591244846971757
57,250,"ordinary_x2","wrong_sign",0.2055
57,250,"ordinary_x2","regret",0.0605495297461134
57,250,"ordinary_x2","value_gain",0.385667162569964
57,250,"ordinary_x2","oracle_gain",0.446216692316077
57,250,"ordinary_x2","treatment_share",0.542433333333333
57,500,"ordinary_x1","mse",0.19010888094059
57,500,"ordinary_x1","mae",0.414639338660445
57,500,"ordinary_x1","mean_error",0.0134353658907366
57,500,"ordinary_x1","wrong_sign",0.243166666666667
57,500,"ordinary_x1","regret",0.0251898146449433
57,500,"ordinary_x1","value_gain",0.421026877671135
57,500,"ordinary_x1","oracle_gain",0.446216692316077
57,500,"ordinary_x1","treatment_share",0.506833333333333
57,500,"ordinary_x2","mse",0.247641479245343
57,500,"ordinary_x2","mae",0.485317319589234
57,500,"ordinary_x2","mean_error",-0.000629497738377977
57,500,"ordinary_x2","wrong_sign",0.254166666666667
57,500,"ordinary_x2","regret",0.0757843084469221
57,500,"ordinary_x2","value_gain",0.370432383869155
57,500,"ordinary_x2","oracle_gain",0.446216692316077
57,500,"ordinary_x2","treatment_share",0.493766666666667
57,500,"class_x1","mse",0.36341127577094
57,500,"class_x1","mae",0.459454767733915
57,500,"class_x1","mean_error",0.00413007803507264
57,500,"class_x1","wrong_sign",0.00486666666666667
57,500,"class_x1","regret",0.00186879485377108
57,500,"class_x1","value_gain",0.444347897462306
57,500,"class_x1","oracle_gain",0.446216692316077
57,500,"class_x1","treatment_share",0.746133333333333
57,500,"class_x2","mse",0.36341127577094
57,500,"class_x2","mae",0.459454767733915
57,500,"class_x2","mean_error",0.00413007803507264
57,500,"class_x2","wrong_sign",0.00486666666666667
57,500,"class_x2","regret",0.00186879485377108
57,500,"class_x2","value_gain",0.444347897462306
57,500,"class_x2","oracle_gain",0.446216692316077
57,500,"class_x2","treatment_share",0.746133333333333
58,40,"ordinary_x1","mse",0.0285048171481465
58,40,"ordinary_x1","mae",0.136284962771843
58,40,"ordinary_x1","mean_error",0.00453649402447431
58,40,"ordinary_x1","wrong_sign",0.0606333333333333
58,40,"ordinary_x1","regret",0.0061207650218601
58,40,"ordinary_x1","value_gain",0.447720500590442
58,40,"ordinary_x1","oracle_gain",0.453841265612302
58,40,"ordinary_x1","treatment_share",0.690733333333333
58,40,"ordinary_x2","mse",0.0246708176434465
58,40,"ordinary_x2","mae",0.119761978525286
58,40,"ordinary_x2","mean_error",0.00194394803367199
58,40,"ordinary_x2","wrong_sign",0.0145666666666667
58,40,"ordinary_x2","regret",0.00150816225433723
58,40,"ordinary_x2","value_gain",0.452333103357965
58,40,"ordinary_x2","oracle_gain",0.453841265612302
58,40,"ordinary_x2","treatment_share",0.7368
58,100,"ordinary_x1","mse",0.0680317844592227
58,100,"ordinary_x1","mae",0.244315266974679
58,100,"ordinary_x1","mean_error",0.00385212743411287
58,100,"ordinary_x1","wrong_sign",0.2194
58,100,"ordinary_x1","regret",0.0220143945350295
58,100,"ordinary_x1","value_gain",0.431826871077272
58,100,"ordinary_x1","oracle_gain",0.453841265612302
58,100,"ordinary_x1","treatment_share",0.531966666666667
58,100,"ordinary_x2","mse",0.0635794197771207
58,100,"ordinary_x2","mae",0.230298694598672
58,100,"ordinary_x2","mean_error",0.000373984972896664
58,100,"ordinary_x2","wrong_sign",0.0058
58,100,"ordinary_x2","regret",0.00108892289710459
58,100,"ordinary_x2","value_gain",0.452752342715197
58,100,"ordinary_x2","oracle_gain",0.453841265612302
58,100,"ordinary_x2","treatment_share",0.745633333333333
58,250,"ordinary_x1","mse",0.139590528649518
58,250,"ordinary_x1","mae",0.363093803570665
58,250,"ordinary_x1","mean_error",0.00200699750462115
58,250,"ordinary_x1","wrong_sign",0.246533333333333
58,250,"ordinary_x1","regret",0.0250351485452987
58,250,"ordinary_x1","value_gain",0.428806117067003
58,250,"ordinary_x1","oracle_gain",0.453841265612302
58,250,"ordinary_x1","treatment_share",0.5055
58,250,"ordinary_x2","mse",0.158056908154177
58,250,"ordinary_x2","mae",0.382481651580839
58,250,"ordinary_x2","mean_error",-0.0048361452070075
58,250,"ordinary_x2","wrong_sign",0.150866666666667
58,250,"ordinary_x2","regret",0.04535425122302
58,250,"ordinary_x2","value_gain",0.408487014389282
58,250,"ordinary_x2","oracle_gain",0.453841265612302
58,250,"ordinary_x2","treatment_share",0.6013
58,500,"ordinary_x1","mse",0.195717483803134
58,500,"ordinary_x1","mae",0.427113911043537
58,500,"ordinary_x1","mean_error",0.00125033123946321
58,500,"ordinary_x1","wrong_sign",0.2468
58,500,"ordinary_x1","regret",0.0251790231191484
58,500,"ordinary_x1","value_gain",0.428662242493154
58,500,"ordinary_x1","oracle_gain",0.453841265612302
58,500,"ordinary_x1","treatment_share",0.5055
58,500,"ordinary_x2","mse",0.237156376815984
58,500,"ordinary_x2","mae",0.46866788996456
58,500,"ordinary_x2","mean_error",-0.00585413350562678
58,500,"ordinary_x2","wrong_sign",0.229533333333333
58,500,"ordinary_x2","regret",0.0706382831910329
58,500,"ordinary_x2","value_gain",0.38320298242127
58,500,"ordinary_x2","oracle_gain",0.453841265612302
58,500,"ordinary_x2","treatment_share",0.5269
58,500,"class_x1","mse",0.374092058941748
58,500,"class_x1","mae",0.459412633010653
58,500,"class_x1","mean_error",-0.00348818210073023
58,500,"class_x1","wrong_sign",0.00326666666666667
58,500,"class_x1","regret",0.0027128951597454
58,500,"class_x1","value_gain",0.451128370452557
58,500,"class_x1","oracle_gain",0.453841265612302
58,500,"class_x1","treatment_share",0.7533
58,500,"class_x2","mse",0.374092058941748
58,500,"class_x2","mae",0.459412633010653
58,500,"class_x2","mean_error",-0.00348818210073023
58,500,"class_x2","wrong_sign",0.00326666666666667
58,500,"class_x2","regret",0.0027128951597454
58,500,"class_x2","value_gain",0.451128370452557
58,500,"class_x2","oracle_gain",0.453841265612302
58,500,"class_x2","treatment_share",0.7533
59,40,"ordinary_x1","mse",0.0332442525671362
59,40,"ordinary_x1","mae",0.140776301932968
59,40,"ordinary_x1","mean_error",-0.0241581500150806
59,40,"ordinary_x1","wrong_sign",0.108233333333333
59,40,"ordinary_x1","regret",0.011004465586727
59,40,"ordinary_x1","value_gain",0.434613401509523
59,40,"ordinary_x1","oracle_gain",0.44561786709625
59,40,"ordinary_x1","treatment_share",0.641533333333333
59,40,"ordinary_x2","mse",0.0224927992646388
59,40,"ordinary_x2","mae",0.0967192888407108
59,40,"ordinary_x2","mean_error",-0.0239502260832435
59,40,"ordinary_x2","wrong_sign",0.0296333333333333
59,40,"ordinary_x2","regret",0.0045131562454548
59,40,"ordinary_x2","value_gain",0.441104710850795
59,40,"ordinary_x2","oracle_gain",0.44561786709625
59,40,"ordinary_x2","treatment_share",0.720133333333333
59,100,"ordinary_x1","mse",0.0719052885299766
59,100,"ordinary_x1","mae",0.250038093545567
59,100,"ordinary_x1","mean_error",-0.0233667164797537
59,100,"ordinary_x1","wrong_sign",0.247866666666667
59,100,"ordinary_x1","regret",0.0251227300176963
59,100,"ordinary_x1","value_gain",0.420495137078551
59,100,"ordinary_x1","oracle_gain",0.44561786709625
59,100,"ordinary_x1","treatment_share",0.5019
59,100,"ordinary_x2","mse",0.0482992734346246
59,100,"ordinary_x2","mae",0.190858018974507
59,100,"ordinary_x2","mean_error",-0.0245360241869023
59,100,"ordinary_x2","wrong_sign",0.0266
59,100,"ordinary_x2","regret",0.0049917756682821
59,100,"ordinary_x2","value_gain",0.440626091427967
59,100,"ordinary_x2","oracle_gain",0.44561786709625
59,100,"ordinary_x2","treatment_share",0.723166666666667
59,250,"ordinary_x1","mse",0.142376712152304
59,250,"ordinary_x1","mae",0.367616978273782
59,250,"ordinary_x1","mean_error",-0.0224472224335558
59,250,"ordinary_x1","wrong_sign",0.251466666666667
59,250,"ordinary_x1","regret",0.0259605593583539
59,250,"ordinary_x1","value_gain",0.419657307737897
59,250,"ordinary_x1","oracle_gain",0.44561786709625
59,250,"ordinary_x1","treatment_share",0.500033333333333
59,250,"ordinary_x2","mse",0.137719184070768
59,250,"ordinary_x2","mae",0.35551567585522
59,250,"ordinary_x2","mean_error",-0.0265779042097935
59,250,"ordinary_x2","wrong_sign",0.104233333333333
59,250,"ordinary_x2","regret",0.0303800255374472
59,250,"ordinary_x2","value_gain",0.415237841558802
59,250,"ordinary_x2","oracle_gain",0.44561786709625
59,250,"ordinary_x2","treatment_share",0.645533333333333
59,500,"ordinary_x1","mse",0.196582012676277
59,500,"ordinary_x1","mae",0.432928812851719
59,500,"ordinary_x1","mean_error",-0.0209636154160128
59,500,"ordinary_x1","wrong_sign",0.252033333333333
59,500,"ordinary_x1","regret",0.0265211523721242
59,500,"ordinary_x1","value_gain",0.419096714724127
59,500,"ordinary_x1","oracle_gain",0.44561786709625
59,500,"ordinary_x1","treatment_share",0.5006
59,500,"ordinary_x2","mse",0.221748881691247
59,500,"ordinary_x2","mae",0.454395614078798
59,500,"ordinary_x2","mean_error",-0.0285515615786516
59,500,"ordinary_x2","wrong_sign",0.2529
59,500,"ordinary_x2","regret",0.0751385770320473
59,500,"ordinary_x2","value_gain",0.370479290064204
59,500,"ordinary_x2","oracle_gain",0.44561786709625
59,500,"ordinary_x2","treatment_share",0.496866666666667
59,500,"class_x1","mse",0.363468455883835
59,500,"class_x1","mae",0.447208726839406
59,500,"class_x1","mean_error",-0.0260061911047463
59,500,"class_x1","wrong_sign",0.0103333333333333
59,500,"class_x1","regret",0.00285262322487469
59,500,"class_x1","value_gain",0.442765243871375
59,500,"class_x1","oracle_gain",0.44561786709625
59,500,"class_x1","treatment_share",0.7435
59,500,"class_x2","mse",0.363468455883835
59,500,"class_x2","mae",0.447208726839406
59,500,"class_x2","mean_error",-0.0260061911047463
59,500,"class_x2","wrong_sign",0.0103333333333333
59,500,"class_x2","regret",0.00285262322487469
59,500,"class_x2","value_gain",0.442765243871375
59,500,"class_x2","oracle_gain",0.44561786709625
59,500,"class_x2","treatment_share",0.7435
60,40,"ordinary_x1","mse",0.0285535528817414
60,40,"ordinary_x1","mae",0.11988367105037
60,40,"ordinary_x1","mean_error",0.040152841605876
60,40,"ordinary_x1","wrong_sign",0.00623333333333333
60,40,"ordinary_x1","regret",0.0016589399272483
60,40,"ordinary_x1","value_gain",0.451705747021731
60,40,"ordinary_x1","oracle_gain",0.45336468694898
60,40,"ordinary_x1","treatment_share",0.744966666666667
60,40,"ordinary_x2","mse",0.0269908194225343
60,40,"ordinary_x2","mae",0.112298920466215
60,40,"ordinary_x2","mean_error",0.0397523413116122
60,40,"ordinary_x2","wrong_sign",0.00166666666666667
60,40,"ordinary_x2","regret",0.000799194296982594
60,40,"ordinary_x2","value_gain",0.452565492651997
60,40,"ordinary_x2","oracle_gain",0.45336468694898
60,40,"ordinary_x2","treatment_share",0.7486
60,100,"ordinary_x1","mse",0.0556543225393201
60,100,"ordinary_x1","mae",0.197655131492805
60,100,"ordinary_x1","mean_error",0.0391473586346202
60,100,"ordinary_x1","wrong_sign",0.1
60,100,"ordinary_x1","regret",0.0118459834576375
60,100,"ordinary_x1","value_gain",0.441518703491343
60,100,"ordinary_x1","oracle_gain",0.45336468694898
60,100,"ordinary_x1","treatment_share",0.6536
60,100,"ordinary_x2","mse",0.0528203906468014
60,100,"ordinary_x2","mae",0.195000922051013
60,100,"ordinary_x2","mean_error",0.0363560913746756
60,100,"ordinary_x2","wrong_sign",0.00436666666666667
60,100,"ordinary_x2","regret",0.00143631776571272
60,100,"ordinary_x2","value_gain",0.451928369183268
60,100,"ordinary_x2","oracle_gain",0.45336468694898
60,100,"ordinary_x2","treatment_share",0.7451
60,250,"ordinary_x1","mse",0.11894830647012
60,250,"ordinary_x1","mae",0.328803963370894
60,250,"ordinary_x1","mean_error",0.0365831519643755
60,250,"ordinary_x1","wrong_sign",0.236033333333333
60,250,"ordinary_x1","regret",0.0273887408319309
60,250,"ordinary_x1","value_gain",0.425975946117049
60,250,"ordinary_x1","oracle_gain",0.45336468694898
60,250,"ordinary_x1","treatment_share",0.521433333333333
60,250,"ordinary_x2","mse",0.138078329850755
60,250,"ordinary_x2","mae",0.356214092590049
60,250,"ordinary_x2","mean_error",0.028971584839045
60,250,"ordinary_x2","wrong_sign",0.133033333333333
60,250,"ordinary_x2","regret",0.0397339002273247
60,250,"ordinary_x2","value_gain",0.413630786721656
60,250,"ordinary_x2","oracle_gain",0.45336468694898
60,250,"ordinary_x2","treatment_share",0.616566666666667
60,500,"ordinary_x1","mse",0.172526995775923
60,500,"ordinary_x1","mae",0.402446284987977
60,500,"ordinary_x1","mean_error",0.0353236202453749
60,500,"ordinary_x1","wrong_sign",0.238433333333333
60,500,"ordinary_x1","regret",0.028147186233
60,500,"ordinary_x1","value_gain",0.42521750071598
60,500,"ordinary_x1","oracle_gain",0.45336468694898
60,500,"ordinary_x1","treatment_share",0.520233333333333
60,500,"ordinary_x2","mse",0.213829326993126
60,500,"ordinary_x2","mae",0.451120471641217
60,500,"ordinary_x2","mean_error",0.0252523470868028
60,500,"ordinary_x2","wrong_sign",0.2179
60,500,"ordinary_x2","regret",0.0663968143110592
60,500,"ordinary_x2","value_gain",0.38696787263792
60,500,"ordinary_x2","oracle_gain",0.45336468694898
60,500,"ordinary_x2","treatment_share",0.533966666666667
60,500,"class_x1","mse",0.338998172354219
60,500,"class_x1","mae",0.442486590123912
60,500,"class_x1","mean_error",0.0237443357447621
60,500,"class_x1","wrong_sign",0.00823333333333333
60,500,"class_x1","regret",0.00822058620126835
60,500,"class_x1","value_gain",0.445144100747712
60,500,"class_x1","oracle_gain",0.45336468694898
60,500,"class_x1","treatment_share",0.7571
60,500,"class_x2","mse",0.338998172354219
60,500,"class_x2","mae",0.442486590123912
60,500,"class_x2","mean_error",0.0237443357447621
60,500,"class_x2","wrong_sign",0.00823333333333333
60,500,"class_x2","regret",0.00822058620126835
60,500,"class_x2","value_gain",0.445144100747712
60,500,"class_x2","oracle_gain",0.45336468694898
60,500,"class_x2","treatment_share",0.7571
61,40,"ordinary_x1","mse",0.0264176890105698
61,40,"ordinary_x1","mae",0.125226238451585
61,40,"ordinary_x1","mean_error",-0.0536066224123195
61,40,"ordinary_x1","wrong_sign",0.229133333333333
61,40,"ordinary_x1","regret",0.0229431324595353
61,40,"ordinary_x1","value_gain",0.423370497858961
61,40,"ordinary_x1","oracle_gain",0.446313630318496
61,40,"ordinary_x1","treatment_share",0.523266666666667
61,40,"ordinary_x2","mse",0.0210559041501209
61,40,"ordinary_x2","mae",0.106296273056426
61,40,"ordinary_x2","mean_error",-0.0504142599898251
61,40,"ordinary_x2","wrong_sign",0.0361
61,40,"ordinary_x2","regret",0.00362905875858849
61,40,"ordinary_x2","value_gain",0.442684571559907
61,40,"ordinary_x2","oracle_gain",0.446313630318496
61,40,"ordinary_x2","treatment_share",0.7163
61,100,"ordinary_x1","mse",0.0659419545717018
61,100,"ordinary_x1","mae",0.23451348965574
61,100,"ordinary_x1","mean_error",-0.0531597195663422
61,100,"ordinary_x1","wrong_sign",0.240533333333333
61,100,"ordinary_x1","regret",0.0239502630712488
61,100,"ordinary_x1","value_gain",0.422363367247247
61,100,"ordinary_x1","oracle_gain",0.446313630318496
61,100,"ordinary_x1","treatment_share",0.511866666666667
61,100,"ordinary_x2","mse",0.049725803053643
61,100,"ordinary_x2","mae",0.19308967174338
61,100,"ordinary_x2","mean_error",-0.0509215761808142
61,100,"ordinary_x2","wrong_sign",0.0174666666666667
61,100,"ordinary_x2","regret",0.0034118566595359
61,100,"ordinary_x2","value_gain",0.44290177365896
61,100,"ordinary_x2","oracle_gain",0.446313630318496
61,100,"ordinary_x2","treatment_share",0.734933333333333
61,250,"ordinary_x1","mse",0.138592731708646
61,250,"ordinary_x1","mae",0.357936730927443
61,250,"ordinary_x1","mean_error",-0.0546887174975068
61,250,"ordinary_x1","wrong_sign",0.244266666666667
61,250,"ordinary_x1","regret",0.0242523420699599
61,250,"ordinary_x1","value_gain",0.422061288248536
61,250,"ordinary_x1","oracle_gain",0.446313630318496
61,250,"ordinary_x1","treatment_share",0.508133333333333
61,250,"ordinary_x2","mse",0.134329205038466
61,250,"ordinary_x2","mae",0.350852610437684
61,250,"ordinary_x2","mean_error",-0.0489825948050372
61,250,"ordinary_x2","wrong_sign",0.2439
61,250,"ordinary_x2","regret",0.0719611072616246
61,250,"ordinary_x2","value_gain",0.374352523056871
61,250,"ordinary_x2","oracle_gain",0.446313630318496
61,250,"ordinary_x2","treatment_share",0.5085
61,500,"ordinary_x1","mse",0.193632816877673
61,500,"ordinary_x1","mae",0.424997046372462
61,500,"ordinary_x1","mean_error",-0.0563334270888452
61,500,"ordinary_x1","wrong_sign",0.244833333333333
61,500,"ordinary_x1","regret",0.0247233913701789
61,500,"ordinary_x1","value_gain",0.421590238948317
61,500,"ordinary_x1","oracle_gain",0.446313630318496
61,500,"ordinary_x1","treatment_share",0.5085
61,500,"ordinary_x2","mse",0.222499199842417
61,500,"ordinary_x2","mae",0.456675090187104
61,500,"ordinary_x2","mean_error",-0.0502880437967263
61,500,"ordinary_x2","wrong_sign",0.247266666666667
61,500,"ordinary_x2","regret",0.07321606396958
61,500,"ordinary_x2","value_gain",0.373097566348916
61,500,"ordinary_x2","oracle_gain",0.446313630318496
61,500,"ordinary_x2","treatment_share",0.505133333333333
61,500,"class_x1","mse",0.352033251361984
61,500,"class_x1","mae",0.448608142774182
61,500,"class_x1","mean_error",-0.0509513297916814
61,500,"class_x1","wrong_sign",0.00953333333333333
61,500,"class_x1","regret",0.00207094391132467
61,500,"class_x1","value_gain",0.444242686407171
61,500,"class_x1","oracle_gain",0.446313630318496
61,500,"class_x1","treatment_share",0.7454
61,500,"class_x2","mse",0.352033251361984
61,500,"class_x2","mae",0.448608142774182
61,500,"class_x2","mean_error",-0.0509513297916814
61,500,"class_x2","wrong_sign",0.00953333333333333
61,500,"class_x2","regret",0.00207094391132467
61,500,"class_x2","value_gain",0.444242686407171
61,500,"class_x2","oracle_gain",0.446313630318496
61,500,"class_x2","treatment_share",0.7454
62,40,"ordinary_x1","mse",0.0604545015915464
62,40,"ordinary_x1","mae",0.202275288977886
62,40,"ordinary_x1","mean_error",0.0148942427826249
62,40,"ordinary_x1","wrong_sign",0.147033333333333
62,40,"ordinary_x1","regret",0.0166303681668631
62,40,"ordinary_x1","value_gain",0.434629748457991
62,40,"ordinary_x1","oracle_gain",0.451260116624855
62,40,"ordinary_x1","treatment_share",0.602666666666667
62,40,"ordinary_x2","mse",0.039012162292813
62,40,"ordinary_x2","mae",0.144099052455019
62,40,"ordinary_x2","mean_error",0.0177139178369452
62,40,"ordinary_x2","wrong_sign",0.0514333333333333
62,40,"ordinary_x2","regret",0.00761757130128407
62,40,"ordinary_x2","value_gain",0.443642545323571
62,40,"ordinary_x2","oracle_gain",0.451260116624855
62,40,"ordinary_x2","treatment_share",0.698266666666667
62,100,"ordinary_x1","mse",0.107969328199428
62,100,"ordinary_x1","mae",0.30544386868426
62,100,"ordinary_x1","mean_error",0.0132069495629467
62,100,"ordinary_x1","wrong_sign",0.253366666666667
62,100,"ordinary_x1","regret",0.0272459182856542
62,100,"ordinary_x1","value_gain",0.424014198339201
62,100,"ordinary_x1","oracle_gain",0.451260116624855
62,100,"ordinary_x1","treatment_share",0.496333333333333
62,100,"ordinary_x2","mse",0.0590069427587711
62,100,"ordinary_x2","mae",0.195314397795687
62,100,"ordinary_x2","mean_error",0.0182295600905671
62,100,"ordinary_x2","wrong_sign",0.0200333333333333
62,100,"ordinary_x2","regret",0.00484137306298891
62,100,"ordinary_x2","value_gain",0.446418743561866
62,100,"ordinary_x2","oracle_gain",0.451260116624855
62,100,"ordinary_x2","treatment_share",0.729666666666667
62,250,"ordinary_x1","mse",0.176604107166736
62,250,"ordinary_x1","mae",0.40434801693521
62,250,"ordinary_x1","mean_error",0.0156363550118132
62,250,"ordinary_x1","wrong_sign",0.253166666666667
62,250,"ordinary_x1","regret",0.0267232066236266
62,250,"ordinary_x1","value_gain",0.424536910001228
62,250,"ordinary_x1","oracle_gain",0.451260116624855
62,250,"ordinary_x1","treatment_share",0.496533333333333
62,250,"ordinary_x2","mse",0.143682744995877
62,250,"ordinary_x2","mae",0.346972879982274
62,250,"ordinary_x2","mean_error",0.0202434410031558
62,250,"ordinary_x2","wrong_sign",0.0203666666666667
62,250,"ordinary_x2","regret",0.00559546423147447
62,250,"ordinary_x2","value_gain",0.44566465239338
62,250,"ordinary_x2","oracle_gain",0.451260116624855
62,250,"ordinary_x2","treatment_share",0.729333333333333
62,500,"ordinary_x1","mse",0.221873146460491
62,500,"ordinary_x1","mae",0.455452032908442
62,500,"ordinary_x1","mean_error",0.0140356835099043
62,500,"ordinary_x1","wrong_sign",0.252366666666667
62,500,"ordinary_x1","regret",0.0268418101692401
62,500,"ordinary_x1","value_gain",0.424418306455615
62,500,"ordinary_x1","oracle_gain",0.451260116624855
62,500,"ordinary_x1","treatment_share",0.497333333333333
62,500,"ordinary_x2","mse",0.23323904099633
62,500,"ordinary_x2","mae",0.450061756043677
62,500,"ordinary_x2","mean_error",0.0253439621238147
62,500,"ordinary_x2","wrong_sign",0.0397333333333333
62,500,"ordinary_x2","regret",0.012517309341311
62,500,"ordinary_x2","value_gain",0.438742807283543
62,500,"ordinary_x2","oracle_gain",0.451260116624855
62,500,"ordinary_x2","treatment_share",0.7117
62,500,"class_x1","mse",0.376457909374897
62,500,"class_x1","mae",0.456600991986562
62,500,"class_x1","mean_error",0.0227768749857125
62,500,"class_x1","wrong_sign",0.00426666666666667
62,500,"class_x1","regret",0.00284236485838188
62,500,"class_x1","value_gain",0.448417751766472
62,500,"class_x1","oracle_gain",0.451260116624855
62,500,"class_x1","treatment_share",0.7505
62,500,"class_x2","mse",0.376457909374897
62,500,"class_x2","mae",0.456600991986562
62,500,"class_x2","mean_error",0.0227768749857125
62,500,"class_x2","wrong_sign",0.00426666666666667
62,500,"class_x2","regret",0.00284236485838188
62,500,"class_x2","value_gain",0.448417751766472
62,500,"class_x2","oracle_gain",0.451260116624855
62,500,"class_x2","treatment_share",0.7505
63,40,"ordinary_x1","mse",0.0231027932908684
63,40,"ordinary_x1","mae",0.10087599897932
63,40,"ordinary_x1","mean_error",0.0157976313537477
63,40,"ordinary_x1","wrong_sign",0.0104
63,40,"ordinary_x1","regret",0.00119925324481211
63,40,"ordinary_x1","value_gain",0.445050741305613
63,40,"ordinary_x1","oracle_gain",0.446249994550425
63,40,"ordinary_x1","treatment_share",0.7402
63,40,"ordinary_x2","mse",0.0341452747113099
63,40,"ordinary_x2","mae",0.146688518934887
63,40,"ordinary_x2","mean_error",0.0110208133946186
63,40,"ordinary_x2","wrong_sign",0.00263333333333333
63,40,"ordinary_x2","regret",0.00119110087570118
63,40,"ordinary_x2","value_gain",0.445058893674724
63,40,"ordinary_x2","oracle_gain",0.446249994550425
63,40,"ordinary_x2","treatment_share",0.7487
63,100,"ordinary_x1","mse",0.0539471736609642
63,100,"ordinary_x1","mae",0.200532014085626
63,100,"ordinary_x1","mean_error",0.0193392856402663
63,100,"ordinary_x1","wrong_sign",0.138333333333333
63,100,"ordinary_x1","regret",0.0145798529833238
63,100,"ordinary_x1","value_gain",0.431670141567101
63,100,"ordinary_x1","oracle_gain",0.446249994550425
63,100,"ordinary_x1","treatment_share",0.614666666666667
63,100,"ordinary_x2","mse",0.0829629036503862
63,100,"ordinary_x2","mae",0.2716115335143
63,100,"ordinary_x2","mean_error",0.00679235836243751
63,100,"ordinary_x2","wrong_sign",0.0493
63,100,"ordinary_x2","regret",0.0157678187836777
63,100,"ordinary_x2","value_gain",0.430482175766747
63,100,"ordinary_x2","oracle_gain",0.446249994550425
63,100,"ordinary_x2","treatment_share",0.7041
63,250,"ordinary_x1","mse",0.125224856103766
63,250,"ordinary_x1","mae",0.332677312214969
63,250,"ordinary_x1","mean_error",0.0237771501774659
63,250,"ordinary_x1","wrong_sign",0.2414
63,250,"ordinary_x1","regret",0.0275615123282326
63,250,"ordinary_x1","value_gain",0.418688482222193
63,250,"ordinary_x1","oracle_gain",0.446249994550425
63,250,"ordinary_x1","treatment_share",0.516133333333333
63,250,"ordinary_x2","mse",0.175139563818012
63,250,"ordinary_x2","mae",0.410980212552178
63,250,"ordinary_x2","mean_error",0.010131404520238
63,250,"ordinary_x2","wrong_sign",0.244333333333333
63,250,"ordinary_x2","regret",0.0749997100132805
63,250,"ordinary_x2","value_gain",0.371250284537145
63,250,"ordinary_x2","oracle_gain",0.446249994550425
63,250,"ordinary_x2","treatment_share",0.5106
63,500,"ordinary_x1","mse",0.185702889811654
63,500,"ordinary_x1","mae",0.404773719265161
63,500,"ordinary_x1","mean_error",0.0265605590415012
63,500,"ordinary_x1","wrong_sign",0.242833333333333
63,500,"ordinary_x1","regret",0.0285827590440703
63,500,"ordinary_x1","value_gain",0.417667235506355
63,500,"ordinary_x1","oracle_gain",0.446249994550425
63,500,"ordinary_x1","treatment_share",0.516633333333333
63,500,"ordinary_x2","mse",0.25957176560286
63,500,"ordinary_x2","mae",0.502004793215515
63,500,"ordinary_x2","mean_error",0.0094612787108412
63,500,"ordinary_x2","wrong_sign",0.247833333333333
63,500,"ordinary_x2","regret",0.0766096105052198
63,500,"ordinary_x2","value_gain",0.369640384045205
63,500,"ordinary_x2","oracle_gain",0.446249994550425
63,500,"ordinary_x2","treatment_share",0.5087
63,500,"class_x1","mse",0.379587635613995
63,500,"class_x1","mae",0.472104760856396
63,500,"class_x1","mean_error",0.0216398590636088
63,500,"class_x1","wrong_sign",0.0109333333333333
63,500,"class_x1","regret",0.0109134072514709
63,500,"class_x1","value_gain",0.435336587298954
63,500,"class_x1","oracle_gain",0.446249994550425
63,500,"class_x1","treatment_share",0.761
63,500,"class_x2","mse",0.379587635613995
63,500,"class_x2","mae",0.472104760856396
63,500,"class_x2","mean_error",0.0216398590636088
63,500,"class_x2","wrong_sign",0.0109333333333333
63,500,"class_x2","regret",0.0109134072514709
63,500,"class_x2","value_gain",0.435336587298954
63,500,"class_x2","oracle_gain",0.446249994550425
63,500,"class_x2","treatment_share",0.761
64,40,"ordinary_x1","mse",0.0638459137616445
64,40,"ordinary_x1","mae",0.222016441838059
64,40,"ordinary_x1","mean_error",0.0339499967822724
64,40,"ordinary_x1","wrong_sign",0.2432
64,40,"ordinary_x1","regret",0.0242453978104059
64,40,"ordinary_x1","value_gain",0.43112069859405
64,40,"ordinary_x1","oracle_gain",0.455366096404456
64,40,"ordinary_x1","treatment_share",0.5061
64,40,"ordinary_x2","mse",0.0377612298609352
64,40,"ordinary_x2","mae",0.151937274490589
64,40,"ordinary_x2","mean_error",0.0328056823473016
64,40,"ordinary_x2","wrong_sign",0.168966666666667
64,40,"ordinary_x2","regret",0.017138003116236
64,40,"ordinary_x2","value_gain",0.438228093288221
64,40,"ordinary_x2","oracle_gain",0.455366096404456
64,40,"ordinary_x2","treatment_share",0.5804
64,100,"ordinary_x1","mse",0.116742406340025
64,100,"ordinary_x1","mae",0.326556956174551
64,100,"ordinary_x1","mean_error",0.0326485226249879
64,100,"ordinary_x1","wrong_sign",0.244766666666667
64,100,"ordinary_x1","regret",0.024316780276709
64,100,"ordinary_x1","value_gain",0.431049316127746
64,100,"ordinary_x1","oracle_gain",0.455366096404456
64,100,"ordinary_x1","treatment_share",0.5046
64,100,"ordinary_x2","mse",0.0610199360013101
64,100,"ordinary_x2","mae",0.195375646318105
64,100,"ordinary_x2","mean_error",0.0310593814425681
64,100,"ordinary_x2","wrong_sign",0.0219333333333333
64,100,"ordinary_x2","regret",0.00326291318963899
64,100,"ordinary_x2","value_gain",0.452103183214818
64,100,"ordinary_x2","oracle_gain",0.455366096404456
64,100,"ordinary_x2","treatment_share",0.727366666666667
64,250,"ordinary_x1","mse",0.18105036414435
64,250,"ordinary_x1","mae",0.417205575213321
64,250,"ordinary_x1","mean_error",0.0325326328417153
64,250,"ordinary_x1","wrong_sign",0.2452
64,250,"ordinary_x1","regret",0.024418897157039
64,250,"ordinary_x1","value_gain",0.430947199247418
64,250,"ordinary_x1","oracle_gain",0.455366096404456
64,250,"ordinary_x1","treatment_share",0.5043
64,250,"ordinary_x2","mse",0.14797598702577
64,250,"ordinary_x2","mae",0.345887012495395
64,250,"ordinary_x2","mean_error",0.0263225891003217
64,250,"ordinary_x2","wrong_sign",0.0104666666666667
64,250,"ordinary_x2","regret",0.00314997669547099
64,250,"ordinary_x2","value_gain",0.452216119708985
64,250,"ordinary_x2","oracle_gain",0.455366096404456
64,250,"ordinary_x2","treatment_share",0.7391
64,500,"ordinary_x1","mse",0.221319311114577
64,500,"ordinary_x1","mae",0.462127704242032
64,500,"ordinary_x1","mean_error",0.0335019333265954
64,500,"ordinary_x1","wrong_sign",0.245366666666667
64,500,"ordinary_x1","regret",0.0246195047310903
64,500,"ordinary_x1","value_gain",0.430746591673366
64,500,"ordinary_x1","oracle_gain",0.455366096404456
64,500,"ordinary_x1","treatment_share",0.504533333333333
64,500,"ordinary_x2","mse",0.236368738013706
64,500,"ordinary_x2","mae",0.442777012928399
64,500,"ordinary_x2","mean_error",0.0255264659908771
64,500,"ordinary_x2","wrong_sign",0.0223
64,500,"ordinary_x2","regret",0.0082320215915594
64,500,"ordinary_x2","value_gain",0.447134074812898
64,500,"ordinary_x2","oracle_gain",0.455366096404456
64,500,"ordinary_x2","treatment_share",0.731466666666667
64,500,"class_x1","mse",0.381209652396397
64,500,"class_x1","mae",0.458307721297864
64,500,"class_x1","mean_error",0.0235071368826336
64,500,"class_x1","wrong_sign",0.0025
64,500,"class_x1","regret",0.0022301531514712
64,500,"class_x1","value_gain",0.453135943252985
64,500,"class_x1","oracle_gain",0.455366096404456
64,500,"class_x1","treatment_share",0.751133333333333
64,500,"class_x2","mse",0.381209652396397
64,500,"class_x2","mae",0.458307721297864
64,500,"class_x2","mean_error",0.0235071368826336
64,500,"class_x2","wrong_sign",0.0025
64,500,"class_x2","regret",0.0022301531514712
64,500,"class_x2","value_gain",0.453135943252985
64,500,"class_x2","oracle_gain",0.455366096404456
64,500,"class_x2","treatment_share",0.751133333333333
65,40,"ordinary_x1","mse",0.0268822846692372
65,40,"ordinary_x1","mae",0.134429198966509
65,40,"ordinary_x1","mean_error",0.030520285242436
65,40,"ordinary_x1","wrong_sign",0.161033333333333
65,40,"ordinary_x1","regret",0.0158410405492278
65,40,"ordinary_x1","value_gain",0.43849931184845
65,40,"ordinary_x1","oracle_gain",0.454340352397677
65,40,"ordinary_x1","treatment_share",0.585333333333333
65,40,"ordinary_x2","mse",0.0126114889806555
65,40,"ordinary_x2","mae",0.0763858516615617
65,40,"ordinary_x2","mean_error",0.0297594141353627
65,40,"ordinary_x2","wrong_sign",0.0310666666666667
65,40,"ordinary_x2","regret",0.00356136891066173
65,40,"ordinary_x2","value_gain",0.450778983487015
65,40,"ordinary_x2","oracle_gain",0.454340352397677
65,40,"ordinary_x2","treatment_share",0.7153
65,100,"ordinary_x1","mse",0.070319447685011
65,100,"ordinary_x1","mae",0.250613428678491
65,100,"ordinary_x1","mean_error",0.030986990261767
65,100,"ordinary_x1","wrong_sign",0.240933333333333
65,100,"ordinary_x1","regret",0.0242965178538432
65,100,"ordinary_x1","value_gain",0.430043834543833
65,100,"ordinary_x1","oracle_gain",0.454340352397677
65,100,"ordinary_x1","treatment_share",0.5057
65,100,"ordinary_x2","mse",0.0304001198360611
65,100,"ordinary_x2","mae",0.146542241879769
65,100,"ordinary_x2","mean_error",0.0293880914430156
65,100,"ordinary_x2","wrong_sign",0.00633333333333333
65,100,"ordinary_x2","regret",0.00145742804410633
65,100,"ordinary_x2","value_gain",0.45288292435357
65,100,"ordinary_x2","oracle_gain",0.454340352397677
65,100,"ordinary_x2","treatment_share",0.740033333333333
65,250,"ordinary_x1","mse",0.146632414320496
65,250,"ordinary_x1","mae",0.37569948096698
65,250,"ordinary_x1","mean_error",0.0320941969853265
65,250,"ordinary_x1","wrong_sign",0.2435
65,250,"ordinary_x1","regret",0.0248805245568316
65,250,"ordinary_x1","value_gain",0.429459827840845
65,250,"ordinary_x1","oracle_gain",0.454340352397677
65,250,"ordinary_x1","treatment_share",0.503866666666667
65,250,"ordinary_x2","mse",0.110727716700988
65,250,"ordinary_x2","mae",0.317928796477051
65,250,"ordinary_x2","mean_error",0.0265272950659389
65,250,"ordinary_x2","wrong_sign",0.0191
65,250,"ordinary_x2","regret",0.0057434036144522
65,250,"ordinary_x2","value_gain",0.448596948783225
65,250,"ordinary_x2","oracle_gain",0.454340352397677
65,250,"ordinary_x2","treatment_share",0.727466666666667
65,500,"ordinary_x1","mse",0.188392759107325
65,500,"ordinary_x1","mae",0.427595393727567
65,500,"ordinary_x1","mean_error",0.0305376593150091
65,500,"ordinary_x1","wrong_sign",0.243766666666667
65,500,"ordinary_x1","regret",0.0249388090307312
65,500,"ordinary_x1","value_gain",0.429401543366945
65,500,"ordinary_x1","oracle_gain",0.454340352397677
65,500,"ordinary_x1","treatment_share",0.503666666666667
65,500,"ordinary_x2","mse",0.202256354641511
65,500,"ordinary_x2","mae",0.432845914926072
65,500,"ordinary_x2","mean_error",0.0270295588087253
65,500,"ordinary_x2","wrong_sign",0.177533333333333
65,500,"ordinary_x2","regret",0.0543236017000915
65,500,"ordinary_x2","value_gain",0.400016750697585
65,500,"ordinary_x2","oracle_gain",0.454340352397677
65,500,"ordinary_x2","treatment_share",0.572033333333333
65,500,"class_x1","mse",0.349048824760117
65,500,"class_x1","mae",0.440628619334483
65,500,"class_x1","mean_error",0.0270131011460339
65,500,"class_x1","wrong_sign",0.00336666666666667
65,500,"class_x1","regret",0.00324578833896353
65,500,"class_x1","value_gain",0.451094564058714
65,500,"class_x1","oracle_gain",0.454340352397677
65,500,"class_x1","treatment_share",0.7494
65,500,"class_x2","mse",0.349048824760117
65,500,"class_x2","mae",0.440628619334483
65,500,"class_x2","mean_error",0.0270131011460339
65,500,"class_x2","wrong_sign",0.00336666666666667
65,500,"class_x2","regret",0.00324578833896353
65,500,"class_x2","value_gain",0.451094564058714
65,500,"class_x2","oracle_gain",0.454340352397677
65,500,"class_x2","treatment_share",0.7494
66,40,"ordinary_x1","mse",0.0519654535796964
66,40,"ordinary_x1","mae",0.180722364913838
66,40,"ordinary_x1","mean_error",-0.0052518863593495
66,40,"ordinary_x1","wrong_sign",0.0551333333333333
66,40,"ordinary_x1","regret",0.0106485254473845
66,40,"ordinary_x1","value_gain",0.43547156007171
66,40,"ordinary_x1","oracle_gain",0.446120085519095
66,40,"ordinary_x1","treatment_share",0.696533333333333
66,40,"ordinary_x2","mse",0.0729947572368524
66,40,"ordinary_x2","mae",0.225118152331362
66,40,"ordinary_x2","mean_error",-0.0068598262431537
66,40,"ordinary_x2","wrong_sign",0.182333333333333
66,40,"ordinary_x2","regret",0.0542521358443827
66,40,"ordinary_x2","value_gain",0.391867949674712
66,40,"ordinary_x2","oracle_gain",0.446120085519095
66,40,"ordinary_x2","treatment_share",0.5694
66,100,"ordinary_x1","mse",0.0725680149394193
66,100,"ordinary_x1","mae",0.221598848525832
66,100,"ordinary_x1","mean_error",-0.000326175613604504
66,100,"ordinary_x1","wrong_sign",0.118066666666667
66,100,"ordinary_x1","regret",0.0136627539377092
66,100,"ordinary_x1","value_gain",0.432457331581385
66,100,"ordinary_x1","oracle_gain",0.446120085519095
66,100,"ordinary_x1","treatment_share",0.633866666666667
66,100,"ordinary_x2","mse",0.129348005547651
66,100,"ordinary_x2","mae",0.336320754320099
66,100,"ordinary_x2","mean_error",-0.0121534121000699
66,100,"ordinary_x2","wrong_sign",0.245166666666667
66,100,"ordinary_x2","regret",0.0732785431090464
66,100,"ordinary_x2","value_gain",0.372841542410048
66,100,"ordinary_x2","oracle_gain",0.446120085519095
66,100,"ordinary_x2","treatment_share",0.5065
66,250,"ordinary_x1","mse",0.138554785767894
66,250,"ordinary_x1","mae",0.320857795368622
66,250,"ordinary_x1","mean_error",0.00462628026906004
66,250,"ordinary_x1","wrong_sign",0.219366666666667
66,250,"ordinary_x1","regret",0.0233215847447715
66,250,"ordinary_x1","value_gain",0.422798500774323
66,250,"ordinary_x1","oracle_gain",0.446120085519095
66,250,"ordinary_x1","treatment_share",0.5351
66,250,"ordinary_x2","mse",0.212912056555277
66,250,"ordinary_x2","mae",0.451258307619916
66,250,"ordinary_x2","mean_error",-0.0154055437249602
66,250,"ordinary_x2","wrong_sign",0.251166666666667
66,250,"ordinary_x2","regret",0.075331398207287
66,250,"ordinary_x2","value_gain",0.370788687311808
66,250,"ordinary_x2","oracle_gain",0.446120085519095
66,250,"ordinary_x2","treatment_share",0.500566666666667
66,500,"ordinary_x1","mse",0.198537667494684
66,500,"ordinary_x1","mae",0.389959402684093
66,500,"ordinary_x1","mean_error",0.00613758142113939
66,500,"ordinary_x1","wrong_sign",0.2232
66,500,"ordinary_x1","regret",0.0270156265234854
66,500,"ordinary_x1","value_gain",0.419104458995609
66,500,"ordinary_x1","oracle_gain",0.446120085519095
66,500,"ordinary_x1","treatment_share",0.538866666666667
66,500,"ordinary_x2","mse",0.277767079335091
66,500,"ordinary_x2","mae",0.521003934021083
66,500,"ordinary_x2","mean_error",-0.015233788207864
66,500,"ordinary_x2","wrong_sign",0.2515
66,500,"ordinary_x2","regret",0.0755295227800614
66,500,"ordinary_x2","value_gain",0.370590562739033
66,500,"ordinary_x2","oracle_gain",0.446120085519095
66,500,"ordinary_x2","treatment_share",0.500433333333333
66,500,"class_x1","mse",0.39272036179125
66,500,"class_x1","mae",0.501395310401539
66,500,"class_x1","mean_error",-0.00228505698012556
66,500,"class_x1","wrong_sign",0.0104666666666667
66,500,"class_x1","regret",0.0104512491207942
66,500,"class_x1","value_gain",0.4356688363983
66,500,"class_x1","oracle_gain",0.446120085519095
66,500,"class_x1","treatment_share",0.762066666666667
66,500,"class_x2","mse",0.39272036179125
66,500,"class_x2","mae",0.501395310401539
66,500,"class_x2","mean_error",-0.00228505698012556
66,500,"class_x2","wrong_sign",0.0104666666666667
66,500,"class_x2","regret",0.0104512491207942
66,500,"class_x2","value_gain",0.4356688363983
66,500,"class_x2","oracle_gain",0.446120085519095
66,500,"class_x2","treatment_share",0.762066666666667
67,40,"ordinary_x1","mse",0.0349279760913544
67,40,"ordinary_x1","mae",0.149905101248935
67,40,"ordinary_x1","mean_error",0.00849606451136143
67,40,"ordinary_x1","wrong_sign",0.0961
67,40,"ordinary_x1","regret",0.00944863070498376
67,40,"ordinary_x1","value_gain",0.437663235286799
67,40,"ordinary_x1","oracle_gain",0.447111865991782
67,40,"ordinary_x1","treatment_share",0.650933333333333
67,40,"ordinary_x2","mse",0.0285536523124148
67,40,"ordinary_x2","mae",0.124092452306492
67,40,"ordinary_x2","mean_error",0.0116780690703297
67,40,"ordinary_x2","wrong_sign",0.0101
67,40,"ordinary_x2","regret",0.00131093276347652
67,40,"ordinary_x2","value_gain",0.445800933228306
67,40,"ordinary_x2","oracle_gain",0.447111865991782
67,40,"ordinary_x2","treatment_share",0.735666666666667
67,100,"ordinary_x1","mse",0.0804950854463537
67,100,"ordinary_x1","mae",0.264532374034115
67,100,"ordinary_x1","mean_error",0.00705014660539461
67,100,"ordinary_x1","wrong_sign",0.235766666666667
67,100,"ordinary_x1","regret",0.0248958439388289
67,100,"ordinary_x1","value_gain",0.422216022052953
67,100,"ordinary_x1","oracle_gain",0.447111865991782
67,100,"ordinary_x1","treatment_share",0.512333333333333
67,100,"ordinary_x2","mse",0.0664030108718871
67,100,"ordinary_x2","mae",0.234440260358781
67,100,"ordinary_x2","mean_error",0.0123080060398561
67,100,"ordinary_x2","wrong_sign",0.0059
67,100,"ordinary_x2","regret",0.00125400804994475
67,100,"ordinary_x2","value_gain",0.445857857941838
67,100,"ordinary_x2","oracle_gain",0.447111865991782
67,100,"ordinary_x2","treatment_share",0.7398
67,250,"ordinary_x1","mse",0.156450938935431
67,250,"ordinary_x1","mae",0.381943854229865
67,250,"ordinary_x1","mean_error",0.00498351816115251
67,250,"ordinary_x1","wrong_sign",0.244166666666667
67,250,"ordinary_x1","regret",0.0274827787723207
67,250,"ordinary_x1","value_gain",0.419629087219462
67,250,"ordinary_x1","oracle_gain",0.447111865991782
67,250,"ordinary_x1","treatment_share",0.5078
67,250,"ordinary_x2","mse",0.1624093866027
67,250,"ordinary_x2","mae",0.388676981475785
67,250,"ordinary_x2","mean_error",0.0161841447636356
67,250,"ordinary_x2","wrong_sign",0.1754
67,250,"ordinary_x2","regret",0.0535521137987542
67,250,"ordinary_x2","value_gain",0.393559752193028
67,250,"ordinary_x2","oracle_gain",0.447111865991782
67,250,"ordinary_x2","treatment_share",0.5721
67,500,"ordinary_x1","mse",0.205266175461002
67,500,"ordinary_x1","mae",0.434653084489695
67,500,"ordinary_x1","mean_error",0.00592175470848279
67,500,"ordinary_x1","wrong_sign",0.2459
67,500,"ordinary_x1","regret",0.0290026378964291
67,500,"ordinary_x1","value_gain",0.418109228095353
67,500,"ordinary_x1","oracle_gain",0.447111865991782
67,500,"ordinary_x1","treatment_share",0.509066666666667
67,500,"ordinary_x2","mse",0.243570451936616
67,500,"ordinary_x2","mae",0.476424170912315
67,500,"ordinary_x2","mean_error",0.0165668670528133
67,500,"ordinary_x2","wrong_sign",0.226166666666667
67,500,"ordinary_x2","regret",0.0701075572367052
67,500,"ordinary_x2","value_gain",0.377004308755077
67,500,"ordinary_x2","oracle_gain",0.447111865991782
67,500,"ordinary_x2","treatment_share",0.525133333333333
67,500,"class_x1","mse",0.395000626872033
67,500,"class_x1","mae",0.472674265456773
67,500,"class_x1","mean_error",0.0111893668848467
67,500,"class_x1","wrong_sign",0.0126666666666667
67,500,"class_x1","regret",0.0126764184462031
67,500,"class_x1","value_gain",0.434435447545579
67,500,"class_x1","oracle_gain",0.447111865991782
67,500,"class_x1","treatment_share",0.757766666666667
67,500,"class_x2","mse",0.395000626872033
67,500,"class_x2","mae",0.472674265456773
67,500,"class_x2","mean_error",0.0111893668848467
67,500,"class_x2","wrong_sign",0.0126666666666667
67,500,"class_x2","regret",0.0126764184462031
67,500,"class_x2","value_gain",0.434435447545579
67,500,"class_x2","oracle_gain",0.447111865991782
67,500,"class_x2","treatment_share",0.757766666666667
68,40,"ordinary_x1","mse",0.0153528063670062
68,40,"ordinary_x1","mae",0.0729984563842351
68,40,"ordinary_x1","mean_error",0.0311076034484499
68,40,"ordinary_x1","wrong_sign",0.0138666666666667
68,40,"ordinary_x1","regret",0.00179316538859159
68,40,"ordinary_x1","value_gain",0.449498486320469
68,40,"ordinary_x1","oracle_gain",0.45129165170906
68,40,"ordinary_x1","treatment_share",0.737966666666667
68,40,"ordinary_x2","mse",0.0183200762247599
68,40,"ordinary_x2","mae",0.0994302616508782
68,40,"ordinary_x2","mean_error",0.030223817124167
68,40,"ordinary_x2","wrong_sign",0.00706666666666667
68,40,"ordinary_x2","regret",0.0017912110320455
68,40,"ordinary_x2","value_gain",0.449500440677015
68,40,"ordinary_x2","oracle_gain",0.45129165170906
68,40,"ordinary_x2","treatment_share",0.7447
68,100,"ordinary_x1","mse",0.0358035187676625
68,100,"ordinary_x1","mae",0.16247781598488
68,100,"ordinary_x1","mean_error",0.0320872875484037
68,100,"ordinary_x1","wrong_sign",0.215366666666667
68,100,"ordinary_x1","regret",0.0217419533476342
68,100,"ordinary_x1","value_gain",0.429549698361426
68,100,"ordinary_x1","oracle_gain",0.45129165170906
68,100,"ordinary_x1","treatment_share",0.5366
68,100,"ordinary_x2","mse",0.0464421145292861
68,100,"ordinary_x2","mae",0.190863235970747
68,100,"ordinary_x2","mean_error",0.0245529659873975
68,100,"ordinary_x2","wrong_sign",0.0293
68,100,"ordinary_x2","regret",0.00875008467330979
68,100,"ordinary_x2","value_gain",0.44254156703575
68,100,"ordinary_x2","oracle_gain",0.45129165170906
68,100,"ordinary_x2","treatment_share",0.722466666666667
68,250,"ordinary_x1","mse",0.105365570168563
68,250,"ordinary_x1","mae",0.315443342007639
68,250,"ordinary_x1","mean_error",0.0291963125164454
68,250,"ordinary_x1","wrong_sign",0.2439
68,250,"ordinary_x1","regret",0.0250295773530503
68,250,"ordinary_x1","value_gain",0.42626207435601
68,250,"ordinary_x1","oracle_gain",0.45129165170906
68,250,"ordinary_x1","treatment_share",0.509
68,250,"ordinary_x2","mse",0.133063455842945
68,250,"ordinary_x2","mae",0.354222984025409
68,250,"ordinary_x2","mean_error",0.0191824791108058
68,250,"ordinary_x2","wrong_sign",0.2244
68,250,"ordinary_x2","regret",0.0673161136307157
68,250,"ordinary_x2","value_gain",0.383975538078345
68,250,"ordinary_x2","oracle_gain",0.45129165170906
68,250,"ordinary_x2","treatment_share",0.527366666666667
68,500,"ordinary_x1","mse",0.156793661725477
68,500,"ordinary_x1","mae",0.387838319154758
68,500,"ordinary_x1","mean_error",0.0250484775270696
68,500,"ordinary_x1","wrong_sign",0.245233333333333
68,500,"ordinary_x1","regret",0.025496251690962
68,500,"ordinary_x1","value_gain",0.425795400018099
68,500,"ordinary_x1","oracle_gain",0.45129165170906
68,500,"ordinary_x1","treatment_share",0.5084
68,500,"ordinary_x2","mse",0.213591414258287
68,500,"ordinary_x2","mae",0.455691146821415
68,500,"ordinary_x2","mean_error",0.0128958543870615
68,500,"ordinary_x2","wrong_sign",0.233
68,500,"ordinary_x2","regret",0.0700127305185796
68,500,"ordinary_x2","value_gain",0.381278921190481
68,500,"ordinary_x2","oracle_gain",0.45129165170906
68,500,"ordinary_x2","treatment_share",0.518966666666667
68,500,"class_x1","mse",0.3276202750812
68,500,"class_x1","mae",0.4399880359979
68,500,"class_x1","mean_error",0.0116039479078507
68,500,"class_x1","wrong_sign",0.00136666666666667
68,500,"class_x1","regret",0.00112010765381307
68,500,"class_x1","value_gain",0.450171544055247
68,500,"class_x1","oracle_gain",0.45129165170906
68,500,"class_x1","treatment_share",0.7524
68,500,"class_x2","mse",0.3276202750812
68,500,"class_x2","mae",0.4399880359979
68,500,"class_x2","mean_error",0.0116039479078507
68,500,"class_x2","wrong_sign",0.00136666666666667
68,500,"class_x2","regret",0.00112010765381307
68,500,"class_x2","value_gain",0.450171544055247
68,500,"class_x2","oracle_gain",0.45129165170906
68,500,"class_x2","treatment_share",0.7524
69,40,"ordinary_x1","mse",0.0527722626312564
69,40,"ordinary_x1","mae",0.189309281826726
69,40,"ordinary_x1","mean_error",-0.0167009380121567
69,40,"ordinary_x1","wrong_sign",0.2257
69,40,"ordinary_x1","regret",0.0230028535558563
69,40,"ordinary_x1","value_gain",0.426318859572476
69,40,"ordinary_x1","oracle_gain",0.449321713128332
69,40,"ordinary_x1","treatment_share",0.523066666666667
69,40,"ordinary_x2","mse",0.0413763394953905
69,40,"ordinary_x2","mae",0.16965905238078
69,40,"ordinary_x2","mean_error",-0.015554392468176
69,40,"ordinary_x2","wrong_sign",0.1644
69,40,"ordinary_x2","regret",0.0179192702420972
69,40,"ordinary_x2","value_gain",0.431402442886235
69,40,"ordinary_x2","oracle_gain",0.449321713128332
69,40,"ordinary_x2","treatment_share",0.584433333333333
69,100,"ordinary_x1","mse",0.100343560262724
69,100,"ordinary_x1","mae",0.287625754268493
69,100,"ordinary_x1","mean_error",-0.0179278977792444
69,100,"ordinary_x1","wrong_sign",0.232066666666667
69,100,"ordinary_x1","regret",0.0234506264123367
69,100,"ordinary_x1","value_gain",0.425871086715996
69,100,"ordinary_x1","oracle_gain",0.449321713128332
69,100,"ordinary_x1","treatment_share",0.517166666666667
69,100,"ordinary_x2","mse",0.0808906616110409
69,100,"ordinary_x2","mae",0.246985855571652
69,100,"ordinary_x2","mean_error",-0.0147644578357678
69,100,"ordinary_x2","wrong_sign",0.0514333333333333
69,100,"ordinary_x2","regret",0.0148867617302311
69,100,"ordinary_x2","value_gain",0.434434951398101
69,100,"ordinary_x2","oracle_gain",0.449321713128332
69,100,"ordinary_x2","treatment_share",0.6974
69,250,"ordinary_x1","mse",0.16706675641379
69,250,"ordinary_x1","mae",0.390774414613735
69,250,"ordinary_x1","mean_error",-0.0199463011157866
69,250,"ordinary_x1","wrong_sign",0.244466666666667
69,250,"ordinary_x1","regret",0.0250764551957309
69,250,"ordinary_x1","value_gain",0.424245257932601
69,250,"ordinary_x1","oracle_gain",0.449321713128332
69,250,"ordinary_x1","treatment_share",0.5057
69,250,"ordinary_x2","mse",0.167786558189223
69,250,"ordinary_x2","mae",0.386416107241547
69,250,"ordinary_x2","mean_error",-0.011791445200668
69,250,"ordinary_x2","wrong_sign",0.233166666666667
69,250,"ordinary_x2","regret",0.070557395460611
69,250,"ordinary_x2","value_gain",0.378764317667721
69,250,"ordinary_x2","oracle_gain",0.449321713128332
69,250,"ordinary_x2","treatment_share",0.517266666666667
69,500,"ordinary_x1","mse",0.21310547306419
69,500,"ordinary_x1","mae",0.439076354500767
69,500,"ordinary_x1","mean_error",-0.0185893664615171
69,500,"ordinary_x1","wrong_sign",0.243833333333333
69,500,"ordinary_x1","regret",0.0254997344160212
69,500,"ordinary_x1","value_gain",0.423821978712311
69,500,"ordinary_x1","oracle_gain",0.449321713128332
69,500,"ordinary_x1","treatment_share",0.5074
69,500,"ordinary_x2","mse",0.24870946903259
69,500,"ordinary_x2","mae",0.4735620262446
69,500,"ordinary_x2","mean_error",-0.0111493941875504
69,500,"ordinary_x2","wrong_sign",0.239533333333333
69,500,"ordinary_x2","regret",0.0728029348587655
69,500,"ordinary_x2","value_gain",0.376518778269566
69,500,"ordinary_x2","oracle_gain",0.449321713128332
69,500,"ordinary_x2","treatment_share",0.5119
69,500,"class_x1","mse",0.389614685664625
69,500,"class_x1","mae",0.469418073203059
69,500,"class_x1","mean_error",-0.0166646392726845
69,500,"class_x1","wrong_sign",0.00396666666666667
69,500,"class_x1","regret",0.00384399987245901
69,500,"class_x1","value_gain",0.445477713255873
69,500,"class_x1","oracle_gain",0.449321713128332
69,500,"class_x1","treatment_share",0.752333333333333
69,500,"class_x2","mse",0.389614685664625
69,500,"class_x2","mae",0.469418073203059
69,500,"class_x2","mean_error",-0.0166646392726845
69,500,"class_x2","wrong_sign",0.00396666666666667
69,500,"class_x2","regret",0.00384399987245901
69,500,"class_x2","value_gain",0.445477713255873
69,500,"class_x2","oracle_gain",0.449321713128332
69,500,"class_x2","treatment_share",0.752333333333333
70,40,"ordinary_x1","mse",0.0266309943430947
70,40,"ordinary_x1","mae",0.112555556825309
70,40,"ordinary_x1","mean_error",-0.0264318873799211
70,40,"ordinary_x1","wrong_sign",0.0592
70,40,"ordinary_x1","regret",0.00619227454045786
70,40,"ordinary_x1","value_gain",0.444471660657428
70,40,"ordinary_x1","oracle_gain",0.450663935197886
70,40,"ordinary_x1","treatment_share",0.692966666666667
70,40,"ordinary_x2","mse",0.0262547568588185
70,40,"ordinary_x2","mae",0.108393177825397
70,40,"ordinary_x2","mean_error",-0.0284442933161145
70,40,"ordinary_x2","wrong_sign",0.0133333333333333
70,40,"ordinary_x2","regret",0.00169573637561719
70,40,"ordinary_x2","value_gain",0.448968198822269
70,40,"ordinary_x2","oracle_gain",0.450663935197886
70,40,"ordinary_x2","treatment_share",0.738833333333333
70,100,"ordinary_x1","mse",0.0642203692453348
70,100,"ordinary_x1","mae",0.229618419685626
70,100,"ordinary_x1","mean_error",-0.0247379215959913
70,100,"ordinary_x1","wrong_sign",0.225033333333333
70,100,"ordinary_x1","regret",0.022757813592398
70,100,"ordinary_x1","value_gain",0.427906121605488
70,100,"ordinary_x1","oracle_gain",0.450663935197886
70,100,"ordinary_x1","treatment_share",0.527533333333333
70,100,"ordinary_x2","mse",0.0600973536603086
70,100,"ordinary_x2","mae",0.217794061690793
70,100,"ordinary_x2","mean_error",-0.0265664361029901
70,100,"ordinary_x2","wrong_sign",0.0151
70,100,"ordinary_x2","regret",0.00346526370161135
70,100,"ordinary_x2","value_gain",0.447198671496275
70,100,"ordinary_x2","oracle_gain",0.450663935197886
70,100,"ordinary_x2","treatment_share",0.737066666666667
70,250,"ordinary_x1","mse",0.135000368499541
70,250,"ordinary_x1","mae",0.352294273827573
70,250,"ordinary_x1","mean_error",-0.0223202516038761
70,250,"ordinary_x1","wrong_sign",0.237066666666667
70,250,"ordinary_x1","regret",0.0246197814369561
70,250,"ordinary_x1","value_gain",0.42604415376093
70,250,"ordinary_x1","oracle_gain",0.450663935197886
70,250,"ordinary_x1","treatment_share",0.517033333333333
70,250,"ordinary_x2","mse",0.15014571767322
70,250,"ordinary_x2","mae",0.376332759824328
70,250,"ordinary_x2","mean_error",-0.0263974717606471
70,250,"ordinary_x2","wrong_sign",0.251533333333333
70,250,"ordinary_x2","regret",0.0749320022390806
70,250,"ordinary_x2","value_gain",0.375731932958805
70,250,"ordinary_x2","oracle_gain",0.450663935197886
70,250,"ordinary_x2","treatment_share",0.500633333333333
70,500,"ordinary_x1","mse",0.190270381030088
70,500,"ordinary_x1","mae",0.420039665668369
70,500,"ordinary_x1","mean_error",-0.021334812222067
70,500,"ordinary_x1","wrong_sign",0.243966666666667
70,500,"ordinary_x1","regret",0.0282235015247391
70,500,"ordinary_x1","value_gain",0.422440433673147
70,500,"ordinary_x1","oracle_gain",0.450663935197886
70,500,"ordinary_x1","treatment_share",0.5166
70,500,"ordinary_x2","mse",0.225271443587592
70,500,"ordinary_x2","mae",0.465315541271535
70,500,"ordinary_x2","mean_error",-0.0245109748099175
70,500,"ordinary_x2","wrong_sign",0.2514
70,500,"ordinary_x2","regret",0.0750713018401798
70,500,"ordinary_x2","value_gain",0.375592633357706
70,500,"ordinary_x2","oracle_gain",0.450663935197886
70,500,"ordinary_x2","treatment_share",0.500766666666667
70,500,"class_x1","mse",0.344662227500003
70,500,"class_x1","mae",0.44851186553245
70,500,"class_x1","mean_error",-0.0195615626936767
70,500,"class_x1","wrong_sign",0.00706666666666667
70,500,"class_x1","regret",0.00392730363644886
70,500,"class_x1","value_gain",0.446736631561437
70,500,"class_x1","oracle_gain",0.450663935197886
70,500,"class_x1","treatment_share",0.752233333333333
70,500,"class_x2","mse",0.344662227500003
70,500,"class_x2","mae",0.44851186553245
70,500,"class_x2","mean_error",-0.0195615626936767
70,500,"class_x2","wrong_sign",0.00706666666666667
70,500,"class_x2","regret",0.00392730363644886
70,500,"class_x2","value_gain",0.446736631561437
70,500,"class_x2","oracle_gain",0.450663935197886
70,500,"class_x2","treatment_share",0.752233333333333
71,40,"ordinary_x1","mse",0.0552116415599132
71,40,"ordinary_x1","mae",0.178338333623953
71,40,"ordinary_x1","mean_error",0.0264249624115522
71,40,"ordinary_x1","wrong_sign",0.0755666666666667
71,40,"ordinary_x1","regret",0.00903286731056323
71,40,"ordinary_x1","value_gain",0.440746100281286
71,40,"ordinary_x1","oracle_gain",0.449778967591849
71,40,"ordinary_x1","treatment_share",0.678066666666667
71,40,"ordinary_x2","mse",0.0481949138340454
71,40,"ordinary_x2","mae",0.166588330327407
71,40,"ordinary_x2","mean_error",0.0225353240378944
71,40,"ordinary_x2","wrong_sign",0.0280333333333333
71,40,"ordinary_x2","regret",0.00478834514998056
71,40,"ordinary_x2","value_gain",0.444990622441868
71,40,"ordinary_x2","oracle_gain",0.449778967591849
71,40,"ordinary_x2","treatment_share",0.7248
71,100,"ordinary_x1","mse",0.0891436730968143
71,100,"ordinary_x1","mae",0.261557087456656
71,100,"ordinary_x1","mean_error",0.0264676647908455
71,100,"ordinary_x1","wrong_sign",0.229
71,100,"ordinary_x1","regret",0.0268179204322468
71,100,"ordinary_x1","value_gain",0.422961047159601
71,100,"ordinary_x1","oracle_gain",0.449778967591849
71,100,"ordinary_x1","treatment_share",0.529233333333333
71,100,"ordinary_x2","mse",0.0828486366935083
71,100,"ordinary_x2","mae",0.255341420486764
71,100,"ordinary_x2","mean_error",0.0215192450318241
71,100,"ordinary_x2","wrong_sign",0.0294666666666667
71,100,"ordinary_x2","regret",0.00861678145642938
71,100,"ordinary_x2","value_gain",0.441162186135419
71,100,"ordinary_x2","oracle_gain",0.449778967591849
71,100,"ordinary_x2","treatment_share",0.723033333333333
71,250,"ordinary_x1","mse",0.153993580194937
71,250,"ordinary_x1","mae",0.37168869061746
71,250,"ordinary_x1","mean_error",0.0271837661054338
71,250,"ordinary_x1","wrong_sign",0.236833333333333
71,250,"ordinary_x1","regret",0.0291268640990998
71,250,"ordinary_x1","value_gain",0.420652103492749
71,250,"ordinary_x1","oracle_gain",0.449778967591849
71,250,"ordinary_x1","treatment_share",0.5248
71,250,"ordinary_x2","mse",0.174779983762485
71,250,"ordinary_x2","mae",0.393813547780113
71,250,"ordinary_x2","mean_error",0.021345179519761
71,250,"ordinary_x2","wrong_sign",0.187866666666667
71,250,"ordinary_x2","regret",0.0572345787575025
71,250,"ordinary_x2","value_gain",0.392544388834346
71,250,"ordinary_x2","oracle_gain",0.449778967591849
71,250,"ordinary_x2","treatment_share",0.564633333333333
71,500,"ordinary_x1","mse",0.204053837821418
71,500,"ordinary_x1","mae",0.430282367644081
71,500,"ordinary_x1","mean_error",0.0265654099694072
71,500,"ordinary_x1","wrong_sign",0.238066666666667
71,500,"ordinary_x1","regret",0.0301214979978231
71,500,"ordinary_x1","value_gain",0.419657469594026
71,500,"ordinary_x1","oracle_gain",0.449778967591849
71,500,"ordinary_x1","treatment_share",0.5255
71,500,"ordinary_x2","mse",0.254612840517936
71,500,"ordinary_x2","mae",0.480147460052153
71,500,"ordinary_x2","mean_error",0.021186043797819
71,500,"ordinary_x2","wrong_sign",0.1968
71,500,"ordinary_x2","regret",0.0627109255274628
71,500,"ordinary_x2","value_gain",0.387068042064386
71,500,"ordinary_x2","oracle_gain",0.449778967591849
71,500,"ordinary_x2","treatment_share",0.563033333333333
71,500,"class_x1","mse",0.375764223614725
71,500,"class_x1","mae",0.465827104945201
71,500,"class_x1","mean_error",0.0237465092674871
71,500,"class_x1","wrong_sign",0.0159666666666667
71,500,"class_x1","regret",0.0156816690846872
71,500,"class_x1","value_gain",0.434097298507162
71,500,"class_x1","oracle_gain",0.449778967591849
71,500,"class_x1","treatment_share",0.7648
71,500,"class_x2","mse",0.375764223614725
71,500,"class_x2","mae",0.465827104945201
71,500,"class_x2","mean_error",0.0237465092674871
71,500,"class_x2","wrong_sign",0.0159666666666667
71,500,"class_x2","regret",0.0156816690846872
71,500,"class_x2","value_gain",0.434097298507162
71,500,"class_x2","oracle_gain",0.449778967591849
71,500,"class_x2","treatment_share",0.7648
72,40,"ordinary_x1","mse",0.0395038628045919
72,40,"ordinary_x1","mae",0.148564768687833
72,40,"ordinary_x1","mean_error",-0.0421262177249635
72,40,"ordinary_x1","wrong_sign",0.0784333333333333
72,40,"ordinary_x1","regret",0.00868129450829547
72,40,"ordinary_x1","value_gain",0.438783451208059
72,40,"ordinary_x1","oracle_gain",0.447464745716354
72,40,"ordinary_x1","treatment_share",0.672233333333333
72,40,"ordinary_x2","mse",0.0352856185943728
72,40,"ordinary_x2","mae",0.128752367890973
72,40,"ordinary_x2","mean_error",-0.0417390100186924
72,40,"ordinary_x2","wrong_sign",0.0222666666666667
72,40,"ordinary_x2","regret",0.00307312513902473
72,40,"ordinary_x2","value_gain",0.444391620577329
72,40,"ordinary_x2","oracle_gain",0.447464745716354
72,40,"ordinary_x2","treatment_share",0.728666666666667
72,100,"ordinary_x1","mse",0.0801602540064023
72,100,"ordinary_x1","mae",0.255135485970277
72,100,"ordinary_x1","mean_error",-0.0457082957062568
72,100,"ordinary_x1","wrong_sign",0.238366666666667
72,100,"ordinary_x1","regret",0.024033175086795
72,100,"ordinary_x1","value_gain",0.423431570629559
72,100,"ordinary_x1","oracle_gain",0.447464745716354
72,100,"ordinary_x1","treatment_share",0.512566666666667
72,100,"ordinary_x2","mse",0.06776378778355
72,100,"ordinary_x2","mae",0.220644027914904
72,100,"ordinary_x2","mean_error",-0.0400080474241829
72,100,"ordinary_x2","wrong_sign",0.0138
72,100,"ordinary_x2","regret",0.00275107959738469
72,100,"ordinary_x2","value_gain",0.444713666118969
72,100,"ordinary_x2","oracle_gain",0.447464745716354
72,100,"ordinary_x2","treatment_share",0.737066666666667
72,250,"ordinary_x1","mse",0.151075816984715
72,250,"ordinary_x1","mae",0.370027668308786
72,250,"ordinary_x1","mean_error",-0.0452761543684091
72,250,"ordinary_x1","wrong_sign",0.246066666666667
72,250,"ordinary_x1","regret",0.0251463040785259
72,250,"ordinary_x1","value_gain",0.422318441637828
72,250,"ordinary_x1","oracle_gain",0.447464745716354
72,250,"ordinary_x1","treatment_share",0.505733333333333
72,250,"ordinary_x2","mse",0.149674159475184
72,250,"ordinary_x2","mae",0.364905147846419
72,250,"ordinary_x2","mean_error",-0.0404916951978957
72,250,"ordinary_x2","wrong_sign",0.122666666666667
72,250,"ordinary_x2","regret",0.0367333568597709
72,250,"ordinary_x2","value_gain",0.410731388856583
72,250,"ordinary_x2","oracle_gain",0.447464745716354
72,250,"ordinary_x2","treatment_share",0.6282
72,500,"ordinary_x1","mse",0.202291332507218
72,500,"ordinary_x1","mae",0.428704845812082
72,500,"ordinary_x1","mean_error",-0.0435022681878104
72,500,"ordinary_x1","wrong_sign",0.246933333333333
72,500,"ordinary_x1","regret",0.0259213558119264
72,500,"ordinary_x1","value_gain",0.421543389904428
72,500,"ordinary_x1","oracle_gain",0.447464745716354
72,500,"ordinary_x1","treatment_share",0.5064
72,500,"ordinary_x2","mse",0.239075575335348
72,500,"ordinary_x2","mae",0.468344687798068
72,500,"ordinary_x2","mean_error",-0.0380855606852646
72,500,"ordinary_x2","wrong_sign",0.234733333333333
72,500,"ordinary_x2","regret",0.0704795559173217
72,500,"ordinary_x2","value_gain",0.376985189799032
72,500,"ordinary_x2","oracle_gain",0.447464745716354
72,500,"ordinary_x2","treatment_share",0.5162
72,500,"class_x1","mse",0.365534452338516
72,500,"class_x1","mae",0.457281233247855
72,500,"class_x1","mean_error",-0.0410226501815922
72,500,"class_x1","wrong_sign",0.00506666666666667
72,500,"class_x1","regret",0.00315338503483601
72,500,"class_x1","value_gain",0.444311360681518
72,500,"class_x1","oracle_gain",0.447464745716354
72,500,"class_x1","treatment_share",0.7514
72,500,"class_x2","mse",0.365534452338516
72,500,"class_x2","mae",0.457281233247855
72,500,"class_x2","mean_error",-0.0410226501815922
72,500,"class_x2","wrong_sign",0.00506666666666667
72,500,"class_x2","regret",0.00315338503483601
72,500,"class_x2","value_gain",0.444311360681518
72,500,"class_x2","oracle_gain",0.447464745716354
72,500,"class_x2","treatment_share",0.7514
73,40,"ordinary_x1","mse",0.0312102745225061
73,40,"ordinary_x1","mae",0.134612979453304
73,40,"ordinary_x1","mean_error",0.0249227263960729
73,40,"ordinary_x1","wrong_sign",0.0519333333333333
73,40,"ordinary_x1","regret",0.0070294514433062
73,40,"ordinary_x1","value_gain",0.443094662458212
73,40,"ordinary_x1","oracle_gain",0.450124113901517
73,40,"ordinary_x1","treatment_share",0.698266666666667
73,40,"ordinary_x2","mse",0.0210616387533303
73,40,"ordinary_x2","mae",0.0949723021807657
73,40,"ordinary_x2","mean_error",0.0248788408307559
73,40,"ordinary_x2","wrong_sign",0.0268333333333333
73,40,"ordinary_x2","regret",0.00531976442243281
73,40,"ordinary_x2","value_gain",0.444804349479085
73,40,"ordinary_x2","oracle_gain",0.450124113901517
73,40,"ordinary_x2","treatment_share",0.723366666666667
73,100,"ordinary_x1","mse",0.0738942974486492
73,100,"ordinary_x1","mae",0.251328315267609
73,100,"ordinary_x1","mean_error",0.0263091892982824
73,100,"ordinary_x1","wrong_sign",0.246666666666667
73,100,"ordinary_x1","regret",0.025808123438661
73,100,"ordinary_x1","value_gain",0.424315990462855
73,100,"ordinary_x1","oracle_gain",0.450124113901517
73,100,"ordinary_x1","treatment_share",0.503533333333333
73,100,"ordinary_x2","mse",0.0498087877458715
73,100,"ordinary_x2","mae",0.194526939159797
73,100,"ordinary_x2","mean_error",0.0290901460721092
73,100,"ordinary_x2","wrong_sign",0.0219
73,100,"ordinary_x2","regret",0.00566185760148494
73,100,"ordinary_x2","value_gain",0.444462256300033
73,100,"ordinary_x2","oracle_gain",0.450124113901517
73,100,"ordinary_x2","treatment_share",0.7283
73,250,"ordinary_x1","mse",0.149978762288615
73,250,"ordinary_x1","mae",0.373150669426486
73,250,"ordinary_x1","mean_error",0.0272461436216153
73,250,"ordinary_x1","wrong_sign",0.250033333333333
73,250,"ordinary_x1","regret",0.0258923673073032
73,250,"ordinary_x1","value_gain",0.424231746594213
73,250,"ordinary_x1","oracle_gain",0.450124113901517
73,250,"ordinary_x1","treatment_share",0.500166666666667
73,250,"ordinary_x2","mse",0.134245990412561
73,250,"ordinary_x2","mae",0.351478001614199
73,250,"ordinary_x2","mean_error",0.0321210645608909
73,250,"ordinary_x2","wrong_sign",0.0470666666666667
73,250,"ordinary_x2","regret",0.0135210396464634
73,250,"ordinary_x2","value_gain",0.436603074255053
73,250,"ordinary_x2","oracle_gain",0.450124113901517
73,250,"ordinary_x2","treatment_share",0.703133333333333
73,500,"ordinary_x1","mse",0.207771393389327
73,500,"ordinary_x1","mae",0.438922804482144
73,500,"ordinary_x1","mean_error",0.02872654799919
73,500,"ordinary_x1","wrong_sign",0.246833333333333
73,500,"ordinary_x1","regret",0.0249359939259446
73,500,"ordinary_x1","value_gain",0.425188119975572
73,500,"ordinary_x1","oracle_gain",0.450124113901517
73,500,"ordinary_x1","treatment_share",0.5037
73,500,"ordinary_x2","mse",0.22176467509175
73,500,"ordinary_x2","mae",0.453745061440873
73,500,"ordinary_x2","mean_error",0.0341136399324037
73,500,"ordinary_x2","wrong_sign",0.197866666666667
73,500,"ordinary_x2","regret",0.0588198341446697
73,500,"ordinary_x2","value_gain",0.391304279756847
73,500,"ordinary_x2","oracle_gain",0.450124113901517
73,500,"ordinary_x2","treatment_share",0.552333333333333
73,500,"class_x1","mse",0.368694182008212
73,500,"class_x1","mae",0.455682194059417
73,500,"class_x1","mean_error",0.0364690808363552
73,500,"class_x1","wrong_sign",0.00666666666666667
73,500,"class_x1","regret",0.00475927530371815
73,500,"class_x1","value_gain",0.4453648385978
73,500,"class_x1","oracle_gain",0.450124113901517
73,500,"class_x1","treatment_share",0.7526
73,500,"class_x2","mse",0.368694182008212
73,500,"class_x2","mae",0.455682194059417
73,500,"class_x2","mean_error",0.0364690808363552
73,500,"class_x2","wrong_sign",0.00666666666666667
73,500,"class_x2","regret",0.00475927530371815
73,500,"class_x2","value_gain",0.4453648385978
73,500,"class_x2","oracle_gain",0.450124113901517
73,500,"class_x2","treatment_share",0.7526
74,40,"ordinary_x1","mse",0.033212264714675
74,40,"ordinary_x1","mae",0.14777776982613
74,40,"ordinary_x1","mean_error",-0.0361443025145965
74,40,"ordinary_x1","wrong_sign",0.236533333333333
74,40,"ordinary_x1","regret",0.0246330561740712
74,40,"ordinary_x1","value_gain",0.429022354713196
74,40,"ordinary_x1","oracle_gain",0.453655410887268
74,40,"ordinary_x1","treatment_share",0.5126
74,40,"ordinary_x2","mse",0.0274353943002854
74,40,"ordinary_x2","mae",0.125195118078444
74,40,"ordinary_x2","mean_error",-0.0369467012885631
74,40,"ordinary_x2","wrong_sign",0.0255666666666667
74,40,"ordinary_x2","regret",0.00511220709276228
74,40,"ordinary_x2","value_gain",0.448543203794505
74,40,"ordinary_x2","oracle_gain",0.453655410887268
74,40,"ordinary_x2","treatment_share",0.723566666666667
74,100,"ordinary_x1","mse",0.0742270514054758
74,100,"ordinary_x1","mae",0.252445176699592
74,100,"ordinary_x1","mean_error",-0.0339707887834704
74,100,"ordinary_x1","wrong_sign",0.245633333333333
74,100,"ordinary_x1","regret",0.0249911845766342
74,100,"ordinary_x1","value_gain",0.428664226310634
74,100,"ordinary_x1","oracle_gain",0.453655410887268
74,100,"ordinary_x1","treatment_share",0.5035
74,100,"ordinary_x2","mse",0.063529416983771
74,100,"ordinary_x2","mae",0.22451870695419
74,100,"ordinary_x2","mean_error",-0.0401639189708909
74,100,"ordinary_x2","wrong_sign",0.0437333333333333
74,100,"ordinary_x2","regret",0.0118899772103533
74,100,"ordinary_x2","value_gain",0.441765433676914
74,100,"ordinary_x2","oracle_gain",0.453655410887268
74,100,"ordinary_x2","treatment_share",0.7054
74,250,"ordinary_x1","mse",0.14495036084082
74,250,"ordinary_x1","mae",0.368979221132616
74,250,"ordinary_x1","mean_error",-0.0338433355678993
74,250,"ordinary_x1","wrong_sign",0.245666666666667
74,250,"ordinary_x1","regret",0.0246388860542071
74,250,"ordinary_x1","value_gain",0.429016524833061
74,250,"ordinary_x1","oracle_gain",0.453655410887268
74,250,"ordinary_x1","treatment_share",0.503466666666667
74,250,"ordinary_x2","mse",0.155865726412106
74,250,"ordinary_x2","mae",0.378977515301228
74,250,"ordinary_x2","mean_error",-0.0383139221665753
74,250,"ordinary_x2","wrong_sign",0.218633333333333
74,250,"ordinary_x2","regret",0.0648616727282089
74,250,"ordinary_x2","value_gain",0.388793738159058
74,250,"ordinary_x2","oracle_gain",0.453655410887268
74,250,"ordinary_x2","treatment_share",0.5305
74,500,"ordinary_x1","mse",0.191588823849071
74,500,"ordinary_x1","mae",0.423319154110193
74,500,"ordinary_x1","mean_error",-0.0330162315648252
74,500,"ordinary_x1","wrong_sign",0.245733333333333
74,500,"ordinary_x1","regret",0.0246284910443208
74,500,"ordinary_x1","value_gain",0.429026919842947
74,500,"ordinary_x1","oracle_gain",0.453655410887268
74,500,"ordinary_x1","treatment_share",0.5034
74,500,"ordinary_x2","mse",0.237456348419628
74,500,"ordinary_x2","mae",0.470922080748028
74,500,"ordinary_x2","mean_error",-0.0378058760199074
74,500,"ordinary_x2","wrong_sign",0.224666666666667
74,500,"ordinary_x2","regret",0.0677315534550487
74,500,"ordinary_x2","value_gain",0.385923857432219
74,500,"ordinary_x2","oracle_gain",0.453655410887268
74,500,"ordinary_x2","treatment_share",0.525866666666667
74,500,"class_x1","mse",0.355098101117273
74,500,"class_x1","mae",0.44944186232157
74,500,"class_x1","mean_error",-0.0343831103843212
74,500,"class_x1","wrong_sign",0.00606666666666667
74,500,"class_x1","regret",0.00132918163215585
74,500,"class_x1","value_gain",0.452326229255112
74,500,"class_x1","oracle_gain",0.453655410887268
74,500,"class_x1","treatment_share",0.743933333333333
74,500,"class_x2","mse",0.355098101117273
74,500,"class_x2","mae",0.44944186232157
74,500,"class_x2","mean_error",-0.0343831103843212
74,500,"class_x2","wrong_sign",0.00606666666666667
74,500,"class_x2","regret",0.00132918163215585
74,500,"class_x2","value_gain",0.452326229255112
74,500,"class_x2","oracle_gain",0.453655410887268
74,500,"class_x2","treatment_share",0.743933333333333
75,40,"ordinary_x1","mse",0.0199909284517903
75,40,"ordinary_x1","mae",0.103695999132733
75,40,"ordinary_x1","mean_error",0.0593017378929732
75,40,"ordinary_x1","wrong_sign",0.0131666666666667
75,40,"ordinary_x1","regret",0.0022217761517556
75,40,"ordinary_x1","value_gain",0.449864912762721
75,40,"ordinary_x1","oracle_gain",0.452086688914477
75,40,"ordinary_x1","treatment_share",0.737266666666667
75,40,"ordinary_x2","mse",0.022953659571379
75,40,"ordinary_x2","mae",0.108283470231348
75,40,"ordinary_x2","mean_error",0.0615652686686957
75,40,"ordinary_x2","wrong_sign",0.00993333333333333
75,40,"ordinary_x2","regret",0.0026566743624738
75,40,"ordinary_x2","value_gain",0.449430014552003
75,40,"ordinary_x2","oracle_gain",0.452086688914477
75,40,"ordinary_x2","treatment_share",0.7405
75,100,"ordinary_x1","mse",0.0386038763414337
75,100,"ordinary_x1","mae",0.158806046608962
75,100,"ordinary_x1","mean_error",0.0587257150082898
75,100,"ordinary_x1","wrong_sign",0.025
75,100,"ordinary_x1","regret",0.00312837792531586
75,100,"ordinary_x1","value_gain",0.448958310989162
75,100,"ordinary_x1","oracle_gain",0.452086688914477
75,100,"ordinary_x1","treatment_share",0.725433333333333
75,100,"ordinary_x2","mse",0.0496073470960257
75,100,"ordinary_x2","mae",0.179053229135678
75,100,"ordinary_x2","mean_error",0.0669199201491641
75,100,"ordinary_x2","wrong_sign",0.0162333333333333
75,100,"ordinary_x2","regret",0.00468678606483372
75,100,"ordinary_x2","value_gain",0.447399902849643
75,100,"ordinary_x2","oracle_gain",0.452086688914477
75,100,"ordinary_x2","treatment_share",0.7342
75,250,"ordinary_x1","mse",0.103694544465575
75,250,"ordinary_x1","mae",0.304586715029781
75,250,"ordinary_x1","mean_error",0.0557104360948983
75,250,"ordinary_x1","wrong_sign",0.248966666666667
75,250,"ordinary_x1","regret",0.0252281649289785
75,250,"ordinary_x1","value_gain",0.426858523985498
75,250,"ordinary_x1","oracle_gain",0.452086688914477
75,250,"ordinary_x1","treatment_share",0.501466666666667
75,250,"ordinary_x2","mse",0.133937663148133
75,250,"ordinary_x2","mae",0.346545003911673
75,250,"ordinary_x2","mean_error",0.0741603259209583
75,250,"ordinary_x2","wrong_sign",0.0523333333333333
75,250,"ordinary_x2","regret",0.0157102936638691
75,250,"ordinary_x2","value_gain",0.436376395250608
75,250,"ordinary_x2","oracle_gain",0.452086688914477
75,250,"ordinary_x2","treatment_share",0.698233333333333
75,500,"ordinary_x1","mse",0.161933160914533
75,500,"ordinary_x1","mae",0.387711418247701
75,500,"ordinary_x1","mean_error",0.0581446834294771
75,500,"ordinary_x1","wrong_sign",0.250833333333333
75,500,"ordinary_x1","regret",0.0252768487244696
75,500,"ordinary_x1","value_gain",0.426809840190007
75,500,"ordinary_x1","oracle_gain",0.452086688914477
75,500,"ordinary_x1","treatment_share",0.4996
75,500,"ordinary_x2","mse",0.214649748647
75,500,"ordinary_x2","mae",0.45055864625402
75,500,"ordinary_x2","mean_error",0.0790634224757309
75,500,"ordinary_x2","wrong_sign",0.2272
75,500,"ordinary_x2","regret",0.0692908075110188
75,500,"ordinary_x2","value_gain",0.382795881403459
75,500,"ordinary_x2","oracle_gain",0.452086688914477
75,500,"ordinary_x2","treatment_share",0.526366666666667
75,500,"class_x1","mse",0.32520102259715
75,500,"class_x1","mae",0.44757393458391
75,500,"class_x1","mean_error",0.0758438353171523
75,500,"class_x1","wrong_sign",0.00276666666666667
75,500,"class_x1","regret",0.00258561475725375
75,500,"class_x1","value_gain",0.449501074157223
75,500,"class_x1","oracle_gain",0.452086688914477
75,500,"class_x1","treatment_share",0.752666666666667
75,500,"class_x2","mse",0.32520102259715
75,500,"class_x2","mae",0.44757393458391
75,500,"class_x2","mean_error",0.0758438353171523
75,500,"class_x2","wrong_sign",0.00276666666666667
75,500,"class_x2","regret",0.00258561475725375
75,500,"class_x2","value_gain",0.449501074157223
75,500,"class_x2","oracle_gain",0.452086688914477
75,500,"class_x2","treatment_share",0.752666666666667
76,40,"ordinary_x1","mse",0.0545141893760649
76,40,"ordinary_x1","mae",0.198932801549512
76,40,"ordinary_x1","mean_error",-0.0135556587732031
76,40,"ordinary_x1","wrong_sign",0.228966666666667
76,40,"ordinary_x1","regret",0.0251534226653375
76,40,"ordinary_x1","value_gain",0.427597414538797
76,40,"ordinary_x1","oracle_gain",0.452750837204135
76,40,"ordinary_x1","treatment_share",0.526833333333333
76,40,"ordinary_x2","mse",0.0316180537148777
76,40,"ordinary_x2","mae",0.127711156380432
76,40,"ordinary_x2","mean_error",-0.0162362224329077
76,40,"ordinary_x2","wrong_sign",0.0987666666666667
76,40,"ordinary_x2","regret",0.0102128588855515
76,40,"ordinary_x2","value_gain",0.442537978318583
76,40,"ordinary_x2","oracle_gain",0.452750837204135
76,40,"ordinary_x2","treatment_share",0.652433333333333
76,100,"ordinary_x1","mse",0.102696176631119
76,100,"ordinary_x1","mae",0.303437195675462
76,100,"ordinary_x1","mean_error",-0.00997648788172346
76,100,"ordinary_x1","wrong_sign",0.239066666666667
76,100,"ordinary_x1","regret",0.0268883399365951
76,100,"ordinary_x1","value_gain",0.425862497267539
76,100,"ordinary_x1","oracle_gain",0.452750837204135
76,100,"ordinary_x1","treatment_share",0.518333333333333
76,100,"ordinary_x2","mse",0.0525759987819645
76,100,"ordinary_x2","mae",0.179195906031606
76,100,"ordinary_x2","mean_error",-0.0162117566128807
76,100,"ordinary_x2","wrong_sign",0.0223666666666667
76,100,"ordinary_x2","regret",0.00340216535711663
76,100,"ordinary_x2","value_gain",0.449348671847018
76,100,"ordinary_x2","oracle_gain",0.452750837204135
76,100,"ordinary_x2","treatment_share",0.728433333333333
76,250,"ordinary_x1","mse",0.173822107463781
76,250,"ordinary_x1","mae",0.406193371613987
76,250,"ordinary_x1","mean_error",-0.00919877841609729
76,250,"ordinary_x1","wrong_sign",0.241866666666667
76,250,"ordinary_x1","regret",0.0279570753192584
76,250,"ordinary_x1","value_gain",0.424793761884876
76,250,"ordinary_x1","oracle_gain",0.452750837204135
76,250,"ordinary_x1","treatment_share",0.517266666666667
76,250,"ordinary_x2","mse",0.138363039252326
76,250,"ordinary_x2","mae",0.340377868371557
76,250,"ordinary_x2","mean_error",-0.011348509157711
76,250,"ordinary_x2","wrong_sign",0.0167333333333333
76,250,"ordinary_x2","regret",0.00390807299931224
76,250,"ordinary_x2","value_gain",0.448842764204822
76,250,"ordinary_x2","oracle_gain",0.452750837204135
76,250,"ordinary_x2","treatment_share",0.734066666666667
76,500,"ordinary_x1","mse",0.219661601683093
76,500,"ordinary_x1","mae",0.456971069891948
76,500,"ordinary_x1","mean_error",-0.00610485490599271
76,500,"ordinary_x1","wrong_sign",0.2436
76,500,"ordinary_x1","regret",0.0297508878446115
76,500,"ordinary_x1","value_gain",0.422999949359523
76,500,"ordinary_x1","oracle_gain",0.452750837204135
76,500,"ordinary_x1","treatment_share",0.519133333333333
76,500,"ordinary_x2","mse",0.230804871842038
76,500,"ordinary_x2","mae",0.444304022376714
76,500,"ordinary_x2","mean_error",-0.00908018385108537
76,500,"ordinary_x2","wrong_sign",0.0385666666666667
76,500,"ordinary_x2","regret",0.0113784992894623
76,500,"ordinary_x2","value_gain",0.441372337914672
76,500,"ordinary_x2","oracle_gain",0.452750837204135
76,500,"ordinary_x2","treatment_share",0.712233333333333
76,500,"class_x1","mse",0.388211110520742
76,500,"class_x1","mae",0.457920752626117
76,500,"class_x1","mean_error",-0.000574697876036778
76,500,"class_x1","wrong_sign",0.012
76,500,"class_x1","regret",0.00944376442471356
76,500,"class_x1","value_gain",0.443307072779421
76,500,"class_x1","oracle_gain",0.452750837204135
76,500,"class_x1","treatment_share",0.757133333333333
76,500,"class_x2","mse",0.388211110520742
76,500,"class_x2","mae",0.457920752626117
76,500,"class_x2","mean_error",-0.000574697876036778
76,500,"class_x2","wrong_sign",0.012
76,500,"class_x2","regret",0.00944376442471356
76,500,"class_x2","value_gain",0.443307072779421
76,500,"class_x2","oracle_gain",0.452750837204135
76,500,"class_x2","treatment_share",0.757133333333333
77,40,"ordinary_x1","mse",0.0485425090984
77,40,"ordinary_x1","mae",0.184676307406146
77,40,"ordinary_x1","mean_error",-0.0129685742589737
77,40,"ordinary_x1","wrong_sign",0.187033333333333
77,40,"ordinary_x1","regret",0.0194357544031569
77,40,"ordinary_x1","value_gain",0.427187517909027
77,40,"ordinary_x1","oracle_gain",0.446623272312183
77,40,"ordinary_x1","treatment_share",0.561766666666667
77,40,"ordinary_x2","mse",0.0375038147233515
77,40,"ordinary_x2","mae",0.134516458327801
77,40,"ordinary_x2","mean_error",-0.0110481519501318
77,40,"ordinary_x2","wrong_sign",0.0222666666666667
77,40,"ordinary_x2","regret",0.00289607951888194
77,40,"ordinary_x2","value_gain",0.443727192793302
77,40,"ordinary_x2","oracle_gain",0.446623272312183
77,40,"ordinary_x2","treatment_share",0.7262
77,100,"ordinary_x1","mse",0.0994777505007658
77,100,"ordinary_x1","mae",0.29536775610467
77,100,"ordinary_x1","mean_error",-0.0159333787010192
77,100,"ordinary_x1","wrong_sign",0.2288
77,100,"ordinary_x1","regret",0.0251621796092353
77,100,"ordinary_x1","value_gain",0.421461092702948
77,100,"ordinary_x1","oracle_gain",0.446623272312183
77,100,"ordinary_x1","treatment_share",0.523266666666667
77,100,"ordinary_x2","mse",0.0712406009538744
77,100,"ordinary_x2","mae",0.226306289325288
77,100,"ordinary_x2","mean_error",-0.0118097886895927
77,100,"ordinary_x2","wrong_sign",0.00533333333333333
77,100,"ordinary_x2","regret",0.00189571038613791
77,100,"ordinary_x2","value_gain",0.444727561926045
77,100,"ordinary_x2","oracle_gain",0.446623272312183
77,100,"ordinary_x2","treatment_share",0.743533333333333
77,250,"ordinary_x1","mse",0.172653265339249
77,250,"ordinary_x1","mae",0.400158151369335
77,250,"ordinary_x1","mean_error",-0.0180276272979224
77,250,"ordinary_x1","wrong_sign",0.237066666666667
77,250,"ordinary_x1","regret",0.0269736724412961
77,250,"ordinary_x1","value_gain",0.419649599870887
77,250,"ordinary_x1","oracle_gain",0.446623272312183
77,250,"ordinary_x1","treatment_share",0.5172
77,250,"ordinary_x2","mse",0.163921560277127
77,250,"ordinary_x2","mae",0.381589246293386
77,250,"ordinary_x2","mean_error",-0.0153684113771975
77,250,"ordinary_x2","wrong_sign",0.140433333333333
77,250,"ordinary_x2","regret",0.0448572077645262
77,250,"ordinary_x2","value_gain",0.401766064547657
77,250,"ordinary_x2","oracle_gain",0.446623272312183
77,250,"ordinary_x2","treatment_share",0.6143
77,500,"ordinary_x1","mse",0.222548228352931
77,500,"ordinary_x1","mae",0.453862502547787
77,500,"ordinary_x1","mean_error",-0.0180007096905764
77,500,"ordinary_x1","wrong_sign",0.2408
77,500,"ordinary_x1","regret",0.0296445969233692
77,500,"ordinary_x1","value_gain",0.416978675388814
77,500,"ordinary_x1","oracle_gain",0.446623272312183
77,500,"ordinary_x1","treatment_share",0.5186
77,500,"ordinary_x2","mse",0.247332926664612
77,500,"ordinary_x2","mae",0.47259866467615
77,500,"ordinary_x2","mean_error",-0.0173860291615702
77,500,"ordinary_x2","wrong_sign",0.2376
77,500,"ordinary_x2","regret",0.0761887447104534
77,500,"ordinary_x2","value_gain",0.37043452760173
77,500,"ordinary_x2","oracle_gain",0.446623272312183
77,500,"ordinary_x2","treatment_share",0.523066666666667
77,500,"class_x1","mse",0.391481198769946
77,500,"class_x1","mae",0.468901580778959
77,500,"class_x1","mean_error",-0.0212903689065479
77,500,"class_x1","wrong_sign",0.0117
77,500,"class_x1","regret",0.0114024322790109
77,500,"class_x1","value_gain",0.435220840033173
77,500,"class_x1","oracle_gain",0.446623272312183
77,500,"class_x1","treatment_share",0.7581
77,500,"class_x2","mse",0.391481198769946
77,500,"class_x2","mae",0.468901580778959
77,500,"class_x2","mean_error",-0.0212903689065479
77,500,"class_x2","wrong_sign",0.0117
77,500,"class_x2","regret",0.0114024322790109
77,500,"class_x2","value_gain",0.435220840033173
77,500,"class_x2","oracle_gain",0.446623272312183
77,500,"class_x2","treatment_share",0.7581
78,40,"ordinary_x1","mse",0.0415396688787408
78,40,"ordinary_x1","mae",0.150553478187535
78,40,"ordinary_x1","mean_error",0.0249622005230409
78,40,"ordinary_x1","wrong_sign",0.1416
78,40,"ordinary_x1","regret",0.0139743241741469
78,40,"ordinary_x1","value_gain",0.430558634411464
78,40,"ordinary_x1","oracle_gain",0.444532958585611
78,40,"ordinary_x1","treatment_share",0.610666666666667
78,40,"ordinary_x2","mse",0.0297403660566702
78,40,"ordinary_x2","mae",0.118949532466563
78,40,"ordinary_x2","mean_error",0.0256823409292643
78,40,"ordinary_x2","wrong_sign",0.0735
78,40,"ordinary_x2","regret",0.00820103308269135
78,40,"ordinary_x2","value_gain",0.436331925502921
78,40,"ordinary_x2","oracle_gain",0.444532958585611
78,40,"ordinary_x2","treatment_share",0.678766666666667
78,100,"ordinary_x1","mse",0.080484964097984
78,100,"ordinary_x1","mae",0.256321957082384
78,100,"ordinary_x1","mean_error",0.0233700077907981
78,100,"ordinary_x1","wrong_sign",0.2355
78,100,"ordinary_x1","regret",0.0248774649819212
78,100,"ordinary_x1","value_gain",0.419655493603691
78,100,"ordinary_x1","oracle_gain",0.444532958585611
78,100,"ordinary_x1","treatment_share",0.5197
78,100,"ordinary_x2","mse",0.0532801312655279
78,100,"ordinary_x2","mae",0.198510914704858
78,100,"ordinary_x2","mean_error",0.0274127026649431
78,100,"ordinary_x2","wrong_sign",0.0179
78,100,"ordinary_x2","regret",0.00346190073899846
78,100,"ordinary_x2","value_gain",0.441071057846613
78,100,"ordinary_x2","oracle_gain",0.444532958585611
78,100,"ordinary_x2","treatment_share",0.734366666666667
78,250,"ordinary_x1","mse",0.146345916255223
78,250,"ordinary_x1","mae",0.367312917813587
78,250,"ordinary_x1","mean_error",0.0215989838755556
78,250,"ordinary_x1","wrong_sign",0.242566666666667
78,250,"ordinary_x1","regret",0.0278933123987123
78,250,"ordinary_x1","value_gain",0.4166396461869
78,250,"ordinary_x1","oracle_gain",0.444532958585611
78,250,"ordinary_x1","treatment_share",0.517766666666667
78,250,"ordinary_x2","mse",0.139041878611684
78,250,"ordinary_x2","mae",0.35688490607719
78,250,"ordinary_x2","mean_error",0.0303475833950475
78,250,"ordinary_x2","wrong_sign",0.156233333333333
78,250,"ordinary_x2","regret",0.0462659367650583
78,250,"ordinary_x2","value_gain",0.398267021820552
78,250,"ordinary_x2","oracle_gain",0.444532958585611
78,250,"ordinary_x2","treatment_share",0.596033333333333
78,500,"ordinary_x1","mse",0.192433309243492
78,500,"ordinary_x1","mae",0.423311151512469
78,500,"ordinary_x1","mean_error",0.0217022144543776
78,500,"ordinary_x1","wrong_sign",0.244966666666667
78,500,"ordinary_x1","regret",0.0285060702193708
78,500,"ordinary_x1","value_gain",0.41602688836624
78,500,"ordinary_x1","oracle_gain",0.444532958585611
78,500,"ordinary_x1","treatment_share",0.516166666666667
78,500,"ordinary_x2","mse",0.220077445117356
78,500,"ordinary_x2","mae",0.454255080256254
78,500,"ordinary_x2","mean_error",0.0327164933093966
78,500,"ordinary_x2","wrong_sign",0.242033333333333
78,500,"ordinary_x2","regret",0.0723761617425062
78,500,"ordinary_x2","value_gain",0.372156796843106
78,500,"ordinary_x2","oracle_gain",0.444532958585611
78,500,"ordinary_x2","treatment_share",0.510233333333333
78,500,"class_x1","mse",0.357281411667664
78,500,"class_x1","mae",0.450185765862622
78,500,"class_x1","mean_error",0.0312465302302477
78,500,"class_x1","wrong_sign",0.00833333333333333
78,500,"class_x1","regret",0.00732016913228285
78,500,"class_x1","value_gain",0.437212789453329
78,500,"class_x1","oracle_gain",0.444532958585611
78,500,"class_x1","treatment_share",0.7584
78,500,"class_x2","mse",0.357281411667664
78,500,"class_x2","mae",0.450185765862622
78,500,"class_x2","mean_error",0.0312465302302477
78,500,"class_x2","wrong_sign",0.00833333333333333
78,500,"class_x2","regret",0.00732016913228285
78,500,"class_x2","value_gain",0.437212789453329
78,500,"class_x2","oracle_gain",0.444532958585611
78,500,"class_x2","treatment_share",0.7584
79,40,"ordinary_x1","mse",0.027309687515091
79,40,"ordinary_x1","mae",0.123604366393369
79,40,"ordinary_x1","mean_error",-0.0506696779291766
79,40,"ordinary_x1","wrong_sign",0.226733333333333
79,40,"ordinary_x1","regret",0.0230851555899803
79,40,"ordinary_x1","value_gain",0.425066061462131
79,40,"ordinary_x1","oracle_gain",0.448151217052112
79,40,"ordinary_x1","treatment_share",0.522333333333333
79,40,"ordinary_x2","mse",0.0238309802810713
79,40,"ordinary_x2","mae",0.110894202957642
79,40,"ordinary_x2","mean_error",-0.0488521122564271
79,40,"ordinary_x2","wrong_sign",0.0783666666666667
79,40,"ordinary_x2","regret",0.0112616211966099
79,40,"ordinary_x2","value_gain",0.436889595855502
79,40,"ordinary_x2","oracle_gain",0.448151217052112
79,40,"ordinary_x2","treatment_share",0.6707
79,100,"ordinary_x1","mse",0.0602571561710846
79,100,"ordinary_x1","mae",0.217099193435797
79,100,"ordinary_x1","mean_error",-0.0535038945023004
79,100,"ordinary_x1","wrong_sign",0.236466666666667
79,100,"ordinary_x1","regret",0.0238137199489655
79,100,"ordinary_x1","value_gain",0.424337497103146
79,100,"ordinary_x1","oracle_gain",0.448151217052112
79,100,"ordinary_x1","treatment_share",0.5126
79,100,"ordinary_x2","mse",0.0500961023463809
79,100,"ordinary_x2","mae",0.193425004872471
79,100,"ordinary_x2","mean_error",-0.047877845469779
79,100,"ordinary_x2","wrong_sign",0.0543333333333333
79,100,"ordinary_x2","regret",0.0141360907917283
79,100,"ordinary_x2","value_gain",0.434015126260384
79,100,"ordinary_x2","oracle_gain",0.448151217052112
79,100,"ordinary_x2","treatment_share",0.694733333333333
79,250,"ordinary_x1","mse",0.135493188945253
79,250,"ordinary_x1","mae",0.351651125007057
79,250,"ordinary_x1","mean_error",-0.0559894103113382
79,250,"ordinary_x1","wrong_sign",0.2398
79,250,"ordinary_x1","regret",0.0240322769447594
79,250,"ordinary_x1","value_gain",0.424118940107352
79,250,"ordinary_x1","oracle_gain",0.448151217052112
79,250,"ordinary_x1","treatment_share",0.509266666666667
79,250,"ordinary_x2","mse",0.137125653174689
79,250,"ordinary_x2","mae",0.356049471303256
79,250,"ordinary_x2","mean_error",-0.0444016900787783
79,250,"ordinary_x2","wrong_sign",0.242533333333333
79,250,"ordinary_x2","regret",0.0717472338451077
79,250,"ordinary_x2","value_gain",0.376403983207004
79,250,"ordinary_x2","oracle_gain",0.448151217052112
79,250,"ordinary_x2","treatment_share",0.506533333333333
79,500,"ordinary_x1","mse",0.185734852279053
79,500,"ordinary_x1","mae",0.41367673994041
79,500,"ordinary_x1","mean_error",-0.0569940325787884
79,500,"ordinary_x1","wrong_sign",0.241433333333333
79,500,"ordinary_x1","regret",0.0247865368519205
79,500,"ordinary_x1","value_gain",0.423364680200191
79,500,"ordinary_x1","oracle_gain",0.448151217052112
79,500,"ordinary_x1","treatment_share",0.509033333333333
79,500,"ordinary_x2","mse",0.218992913643719
79,500,"ordinary_x2","mae",0.454886851870296
79,500,"ordinary_x2","mean_error",-0.0445090891130223
79,500,"ordinary_x2","wrong_sign",0.2464
79,500,"ordinary_x2","regret",0.0732711658195664
79,500,"ordinary_x2","value_gain",0.374880051232545
79,500,"ordinary_x2","oracle_gain",0.448151217052112
79,500,"ordinary_x2","treatment_share",0.502666666666667
79,500,"class_x1","mse",0.348054094716656
79,500,"class_x1","mae",0.450550787973709
79,500,"class_x1","mean_error",-0.0491570231343316
79,500,"class_x1","wrong_sign",0.0095
79,500,"class_x1","regret",0.00124812226256742
79,500,"class_x1","value_gain",0.446903094789544
79,500,"class_x1","oracle_gain",0.448151217052112
79,500,"class_x1","treatment_share",0.7399
79,500,"class_x2","mse",0.348054094716656
79,500,"class_x2","mae",0.450550787973709
79,500,"class_x2","mean_error",-0.0491570231343316
79,500,"class_x2","wrong_sign",0.0095
79,500,"class_x2","regret",0.00124812226256742
79,500,"class_x2","value_gain",0.446903094789544
79,500,"class_x2","oracle_gain",0.448151217052112
79,500,"class_x2","treatment_share",0.7399
80,40,"ordinary_x1","mse",0.0176248693902748
80,40,"ordinary_x1","mae",0.104057146671648
80,40,"ordinary_x1","mean_error",-0.0142555644508207
80,40,"ordinary_x1","wrong_sign",0.0115
80,40,"ordinary_x1","regret",0.00137486962713459
80,40,"ordinary_x1","value_gain",0.448585118332168
80,40,"ordinary_x1","oracle_gain",0.449959987959302
80,40,"ordinary_x1","treatment_share",0.736766666666667
80,40,"ordinary_x2","mse",0.0366959423222698
80,40,"ordinary_x2","mae",0.166882031818008
80,40,"ordinary_x2","mean_error",-0.012074529768239
80,40,"ordinary_x2","wrong_sign",0.0204
80,40,"ordinary_x2","regret",0.00551244566184397
80,40,"ordinary_x2","value_gain",0.444447542297458
80,40,"ordinary_x2","oracle_gain",0.449959987959302
80,40,"ordinary_x2","treatment_share",0.727933333333333
80,100,"ordinary_x1","mse",0.0362055516214515
80,100,"ordinary_x1","mae",0.153402880129573
80,100,"ordinary_x1","mean_error",-0.0132562965762391
80,100,"ordinary_x1","wrong_sign",0.0379666666666667
80,100,"ordinary_x1","regret",0.00408223085547415
80,100,"ordinary_x1","value_gain",0.445877757103828
80,100,"ordinary_x1","oracle_gain",0.449959987959302
80,100,"ordinary_x1","treatment_share",0.710966666666667
80,100,"ordinary_x2","mse",0.0899846199474403
80,100,"ordinary_x2","mae",0.288307202861387
80,100,"ordinary_x2","mean_error",-0.0103659094857089
80,100,"ordinary_x2","wrong_sign",0.173966666666667
80,100,"ordinary_x2","regret",0.0519448351513702
80,100,"ordinary_x2","value_gain",0.398015152807932
80,100,"ordinary_x2","oracle_gain",0.449959987959302
80,100,"ordinary_x2","treatment_share",0.574366666666667
80,250,"ordinary_x1","mse",0.103437341125727
80,250,"ordinary_x1","mae",0.295646543446242
80,250,"ordinary_x1","mean_error",-0.0152624795133989
80,250,"ordinary_x1","wrong_sign",0.2383
80,250,"ordinary_x1","regret",0.0244974121977467
80,250,"ordinary_x1","value_gain",0.425462575761556
80,250,"ordinary_x1","oracle_gain",0.449959987959302
80,250,"ordinary_x1","treatment_share",0.511433333333333
80,250,"ordinary_x2","mse",0.188131110319839
80,250,"ordinary_x2","mae",0.427830064659511
80,250,"ordinary_x2","mean_error",-0.00938257545310082
80,250,"ordinary_x2","wrong_sign",0.248066666666667
80,250,"ordinary_x2","regret",0.0749324590836651
80,250,"ordinary_x2","value_gain",0.375027528875637
80,250,"ordinary_x2","oracle_gain",0.449959987959302
80,250,"ordinary_x2","treatment_share",0.5018
80,500,"ordinary_x1","mse",0.17154352898312
80,500,"ordinary_x1","mae",0.384468340486987
80,500,"ordinary_x1","mean_error",-0.015491955217929
80,500,"ordinary_x1","wrong_sign",0.244533333333333
80,500,"ordinary_x1","regret",0.0251637801298492
80,500,"ordinary_x1","value_gain",0.424796207829453
80,500,"ordinary_x1","oracle_gain",0.449959987959302
80,500,"ordinary_x1","treatment_share",0.505266666666667
80,500,"ordinary_x2","mse",0.262167371293606
80,500,"ordinary_x2","mae",0.507307751423158
80,500,"ordinary_x2","mean_error",-0.0102545262265003
80,500,"ordinary_x2","wrong_sign",0.249966666666667
80,500,"ordinary_x2","regret",0.075983365207688
80,500,"ordinary_x2","value_gain",0.373976622751615
80,500,"ordinary_x2","oracle_gain",0.449959987959302
80,500,"ordinary_x2","treatment_share",0.501233333333333
80,500,"class_x1","mse",0.377523599852724
80,500,"class_x1","mae",0.484912876792327
80,500,"class_x1","mean_error",-0.0115964267579103
80,500,"class_x1","wrong_sign",0.00233333333333333
80,500,"class_x1","regret",0.00233518668022853
80,500,"class_x1","value_gain",0.447624801279074
80,500,"class_x1","oracle_gain",0.449959987959302
80,500,"class_x1","treatment_share",0.7506
80,500,"class_x2","mse",0.377523599852724
80,500,"class_x2","mae",0.484912876792327
80,500,"class_x2","mean_error",-0.0115964267579103
80,500,"class_x2","wrong_sign",0.00233333333333333
80,500,"class_x2","regret",0.00233518668022853
80,500,"class_x2","value_gain",0.447624801279074
80,500,"class_x2","oracle_gain",0.449959987959302
80,500,"class_x2","treatment_share",0.7506
81,40,"ordinary_x1","mse",0.0314452023014834
81,40,"ordinary_x1","mae",0.119427523367884
81,40,"ordinary_x1","mean_error",-0.0527256380014442
81,40,"ordinary_x1","wrong_sign",0.1525
81,40,"ordinary_x1","regret",0.0169842045063533
81,40,"ordinary_x1","value_gain",0.433327607972398
81,40,"ordinary_x1","oracle_gain",0.450311812478752
81,40,"ordinary_x1","treatment_share",0.599666666666667
81,40,"ordinary_x2","mse",0.018043996587516
81,40,"ordinary_x2","mae",0.0790321283880656
81,40,"ordinary_x2","mean_error",-0.0510889726682936
81,40,"ordinary_x2","wrong_sign",0.0546333333333333
81,40,"ordinary_x2","regret",0.00743208098878228
81,40,"ordinary_x2","value_gain",0.442879731489969
81,40,"ordinary_x2","oracle_gain",0.450311812478752
81,40,"ordinary_x2","treatment_share",0.697533333333333
81,100,"ordinary_x1","mse",0.0713179207573623
81,100,"ordinary_x1","mae",0.239782929461918
81,100,"ordinary_x1","mean_error",-0.0568141888650146
81,100,"ordinary_x1","wrong_sign",0.257466666666667
81,100,"ordinary_x1","regret",0.027170214285818
81,100,"ordinary_x1","value_gain",0.423141598192934
81,100,"ordinary_x1","oracle_gain",0.450311812478752
81,100,"ordinary_x1","treatment_share",0.4947
81,100,"ordinary_x2","mse",0.0353253658296608
81,100,"ordinary_x2","mae",0.15474442438975
81,100,"ordinary_x2","mean_error",-0.050454277806742
81,100,"ordinary_x2","wrong_sign",0.0205
81,100,"ordinary_x2","regret",0.00410075234994832
81,100,"ordinary_x2","value_gain",0.446211060128803
81,100,"ordinary_x2","oracle_gain",0.450311812478752
81,100,"ordinary_x2","treatment_share",0.731666666666667
81,250,"ordinary_x1","mse",0.143062976698514
81,250,"ordinary_x1","mae",0.364213094290471
81,250,"ordinary_x1","mean_error",-0.0577887236540573
81,250,"ordinary_x1","wrong_sign",0.2573
81,250,"ordinary_x1","regret",0.0269137282351257
81,250,"ordinary_x1","value_gain",0.423398084243626
81,250,"ordinary_x1","oracle_gain",0.450311812478752
81,250,"ordinary_x1","treatment_share",0.494866666666667
81,250,"ordinary_x2","mse",0.116929914805287
81,250,"ordinary_x2","mae",0.327493757390321
81,250,"ordinary_x2","mean_error",-0.0469944445433787
81,250,"ordinary_x2","wrong_sign",0.124066666666667
81,250,"ordinary_x2","regret",0.0368479698195565
81,250,"ordinary_x2","value_gain",0.413463842659195
81,250,"ordinary_x2","oracle_gain",0.450311812478752
81,250,"ordinary_x2","treatment_share",0.6281
81,500,"ordinary_x1","mse",0.190966317352579
81,500,"ordinary_x1","mae",0.424754499098467
81,500,"ordinary_x1","mean_error",-0.058734326823633
81,500,"ordinary_x1","wrong_sign",0.257566666666667
81,500,"ordinary_x1","regret",0.02725859059731
81,500,"ordinary_x1","value_gain",0.423053221881442
81,500,"ordinary_x1","oracle_gain",0.450311812478752
81,500,"ordinary_x1","treatment_share",0.4946
81,500,"ordinary_x2","mse",0.209108919524753
81,500,"ordinary_x2","mae",0.442269502610058
81,500,"ordinary_x2","mean_error",-0.0457364924617687
81,500,"ordinary_x2","wrong_sign",0.244733333333333
81,500,"ordinary_x2","regret",0.0731356077297652
81,500,"ordinary_x2","value_gain",0.377176204748986
81,500,"ordinary_x2","oracle_gain",0.450311812478752
81,500,"ordinary_x2","treatment_share",0.507433333333333
81,500,"class_x1","mse",0.341449598394708
81,500,"class_x1","mae",0.436709218330686
81,500,"class_x1","mean_error",-0.0519871083970961
81,500,"class_x1","wrong_sign",0.0141333333333333
81,500,"class_x1","regret",0.00235769708536954
81,500,"class_x1","value_gain",0.447954115393382
81,500,"class_x1","oracle_gain",0.450311812478752
81,500,"class_x1","treatment_share",0.738033333333333
81,500,"class_x2","mse",0.341449598394708
81,500,"class_x2","mae",0.436709218330686
81,500,"class_x2","mean_error",-0.0519871083970961
81,500,"class_x2","wrong_sign",0.0141333333333333
81,500,"class_x2","regret",0.00235769708536954
81,500,"class_x2","value_gain",0.447954115393382
81,500,"class_x2","oracle_gain",0.450311812478752
81,500,"class_x2","treatment_share",0.738033333333333
82,40,"ordinary_x1","mse",0.044590428652418
82,40,"ordinary_x1","mae",0.176095494966881
82,40,"ordinary_x1","mean_error",-0.0244619650768334
82,40,"ordinary_x1","wrong_sign",0.194633333333333
82,40,"ordinary_x1","regret",0.0204136033770969
82,40,"ordinary_x1","value_gain",0.428572053586241
82,40,"ordinary_x1","oracle_gain",0.448985656963338
82,40,"ordinary_x1","treatment_share",0.554233333333333
82,40,"ordinary_x2","mse",0.0315171801223115
82,40,"ordinary_x2","mae",0.125107507867404
82,40,"ordinary_x2","mean_error",-0.0238249403634686
82,40,"ordinary_x2","wrong_sign",0.0185333333333333
82,40,"ordinary_x2","regret",0.0029172852466457
82,40,"ordinary_x2","value_gain",0.446068371716692
82,40,"ordinary_x2","oracle_gain",0.448985656963338
82,40,"ordinary_x2","treatment_share",0.730533333333333
82,100,"ordinary_x1","mse",0.0913726443832389
82,100,"ordinary_x1","mae",0.286170540819204
82,100,"ordinary_x1","mean_error",-0.0219602202135915
82,100,"ordinary_x1","wrong_sign",0.2463
82,100,"ordinary_x1","regret",0.0249046264816292
82,100,"ordinary_x1","value_gain",0.424081030481708
82,100,"ordinary_x1","oracle_gain",0.448985656963338
82,100,"ordinary_x1","treatment_share",0.502633333333333
82,100,"ordinary_x2","mse",0.0645739580135336
82,100,"ordinary_x2","mae",0.219859900891658
82,100,"ordinary_x2","mean_error",-0.0192395299659874
82,100,"ordinary_x2","wrong_sign",0.00946666666666667
82,100,"ordinary_x2","regret",0.00242606080805495
82,100,"ordinary_x2","value_gain",0.446559596155283
82,100,"ordinary_x2","oracle_gain",0.448985656963338
82,100,"ordinary_x2","treatment_share",0.7396
82,250,"ordinary_x1","mse",0.159955716254781
82,250,"ordinary_x1","mae",0.389153433029857
82,250,"ordinary_x1","mean_error",-0.0203841920640608
82,250,"ordinary_x1","wrong_sign",0.248366666666667
82,250,"ordinary_x1","regret",0.0251111248471053
82,250,"ordinary_x1","value_gain",0.423874532116233
82,250,"ordinary_x1","oracle_gain",0.448985656963338
82,250,"ordinary_x1","treatment_share",0.500766666666667
82,250,"ordinary_x2","mse",0.152150517003922
82,250,"ordinary_x2","mae",0.368102592121922
82,250,"ordinary_x2","mean_error",-0.0171212136818952
82,250,"ordinary_x2","wrong_sign",0.0943333333333333
82,250,"ordinary_x2","regret",0.0292045754495714
82,250,"ordinary_x2","value_gain",0.419781081513766
82,250,"ordinary_x2","oracle_gain",0.448985656963338
82,250,"ordinary_x2","treatment_share",0.6568
82,500,"ordinary_x1","mse",0.208801635205582
82,500,"ordinary_x1","mae",0.443013896400624
82,500,"ordinary_x1","mean_error",-0.020782959663618
82,500,"ordinary_x1","wrong_sign",0.2488
82,500,"ordinary_x1","regret",0.0253552099606465
82,500,"ordinary_x1","value_gain",0.423630447002692
82,500,"ordinary_x1","oracle_gain",0.448985656963338
82,500,"ordinary_x1","treatment_share",0.500866666666667
82,500,"ordinary_x2","mse",0.241722093129872
82,500,"ordinary_x2","mae",0.468153909737767
82,500,"ordinary_x2","mean_error",-0.0138523522202149
82,500,"ordinary_x2","wrong_sign",0.225866666666667
82,500,"ordinary_x2","regret",0.069828133980944
82,500,"ordinary_x2","value_gain",0.379157522982393
82,500,"ordinary_x2","oracle_gain",0.448985656963338
82,500,"ordinary_x2","treatment_share",0.5286
82,500,"class_x1","mse",0.386228383480374
82,500,"class_x1","mae",0.461374356668942
82,500,"class_x1","mean_error",-0.0084882760765655
82,500,"class_x1","wrong_sign",0.0043
82,500,"class_x1","regret",0.00421813042422836
82,500,"class_x1","value_gain",0.444767526539109
82,500,"class_x1","oracle_gain",0.448985656963338
82,500,"class_x1","treatment_share",0.752833333333333
82,500,"class_x2","mse",0.386228383480374
82,500,"class_x2","mae",0.461374356668942
82,500,"class_x2","mean_error",-0.0084882760765655
82,500,"class_x2","wrong_sign",0.0043
82,500,"class_x2","regret",0.00421813042422836
82,500,"class_x2","value_gain",0.444767526539109
82,500,"class_x2","oracle_gain",0.448985656963338
82,500,"class_x2","treatment_share",0.752833333333333
83,40,"ordinary_x1","mse",0.0287805542047072
83,40,"ordinary_x1","mae",0.130201254840133
83,40,"ordinary_x1","mean_error",-0.00366762746584815
83,40,"ordinary_x1","wrong_sign",0.0414
83,40,"ordinary_x1","regret",0.00435945024908832
83,40,"ordinary_x1","value_gain",0.4496530283175
83,40,"ordinary_x1","oracle_gain",0.454012478566588
83,40,"ordinary_x1","treatment_share",0.712
83,40,"ordinary_x2","mse",0.0264623161609109
83,40,"ordinary_x2","mae",0.127727826078525
83,40,"ordinary_x2","mean_error",-0.000402497429641018
83,40,"ordinary_x2","wrong_sign",0.00883333333333333
83,40,"ordinary_x2","regret",0.00195885649884972
83,40,"ordinary_x2","value_gain",0.452053622067739
83,40,"ordinary_x2","oracle_gain",0.454012478566588
83,40,"ordinary_x2","treatment_share",0.7445
83,100,"ordinary_x1","mse",0.0685196031218201
83,100,"ordinary_x1","mae",0.238851355452458
83,100,"ordinary_x1","mean_error",-0.00543471128559907
83,100,"ordinary_x1","wrong_sign",0.2449
83,100,"ordinary_x1","regret",0.0247235780642849
83,100,"ordinary_x1","value_gain",0.429288900502303
83,100,"ordinary_x1","oracle_gain",0.454012478566588
83,100,"ordinary_x1","treatment_share",0.5087
83,100,"ordinary_x2","mse",0.0693880164610945
83,100,"ordinary_x2","mae",0.246443946187835
83,100,"ordinary_x2","mean_error",0.00423363037858762
83,100,"ordinary_x2","wrong_sign",0.0284666666666667
83,100,"ordinary_x2","regret",0.00810579545323183
83,100,"ordinary_x2","value_gain",0.445906683113356
83,100,"ordinary_x2","oracle_gain",0.454012478566588
83,100,"ordinary_x2","treatment_share",0.724866666666667
83,250,"ordinary_x1","mse",0.136854581302018
83,250,"ordinary_x1","mae",0.352396133761473
83,250,"ordinary_x1","mean_error",-0.00589390261872242
83,250,"ordinary_x1","wrong_sign",0.247333333333333
83,250,"ordinary_x1","regret",0.0254349201513594
83,250,"ordinary_x1","value_gain",0.428577558415229
83,250,"ordinary_x1","oracle_gain",0.454012478566588
83,250,"ordinary_x1","treatment_share",0.507333333333333
83,250,"ordinary_x2","mse",0.1636204922175
83,250,"ordinary_x2","mae",0.393877844770173
83,250,"ordinary_x2","mean_error",0.00805003705128742
83,250,"ordinary_x2","wrong_sign",0.1894
83,250,"ordinary_x2","regret",0.0564472092912307
83,250,"ordinary_x2","value_gain",0.397565269275357
83,250,"ordinary_x2","oracle_gain",0.454012478566588
83,250,"ordinary_x2","treatment_share",0.563933333333333
83,500,"ordinary_x1","mse",0.201462202090025
83,500,"ordinary_x1","mae",0.425699280167134
83,500,"ordinary_x1","mean_error",-0.00557232614630468
83,500,"ordinary_x1","wrong_sign",0.2479
83,500,"ordinary_x1","regret",0.0257919231160404
83,500,"ordinary_x1","value_gain",0.428220555450547
83,500,"ordinary_x1","oracle_gain",0.454012478566588
83,500,"ordinary_x1","treatment_share",0.507433333333333
83,500,"ordinary_x2","mse",0.251211057332492
83,500,"ordinary_x2","mae",0.487838265169025
83,500,"ordinary_x2","mean_error",0.00931921148492544
83,500,"ordinary_x2","wrong_sign",0.2172
83,500,"ordinary_x2","regret",0.0648903372008221
83,500,"ordinary_x2","value_gain",0.389122141365766
83,500,"ordinary_x2","oracle_gain",0.454012478566588
83,500,"ordinary_x2","treatment_share",0.536133333333333
83,500,"class_x1","mse",0.377256759500686
83,500,"class_x1","mae",0.467545930515373
83,500,"class_x1","mean_error",0.00384290397269556
83,500,"class_x1","wrong_sign",0.00326666666666667
83,500,"class_x1","regret",0.00253567700174247
83,500,"class_x1","value_gain",0.451476801564845
83,500,"class_x1","oracle_gain",0.454012478566588
83,500,"class_x1","treatment_share",0.755
83,500,"class_x2","mse",0.377256759500686
83,500,"class_x2","mae",0.467545930515373
83,500,"class_x2","mean_error",0.00384290397269556
83,500,"class_x2","wrong_sign",0.00326666666666667
83,500,"class_x2","regret",0.00253567700174247
83,500,"class_x2","value_gain",0.451476801564845
83,500,"class_x2","oracle_gain",0.454012478566588
83,500,"class_x2","treatment_share",0.755
84,40,"ordinary_x1","mse",0.0446611458622902
84,40,"ordinary_x1","mae",0.160036322951042
84,40,"ordinary_x1","mean_error",-0.0295489089955661
84,40,"ordinary_x1","wrong_sign",0.0403
84,40,"ordinary_x1","regret",0.00402399545752678
84,40,"ordinary_x1","value_gain",0.446646352039703
84,40,"ordinary_x1","oracle_gain",0.45067034749723
84,40,"ordinary_x1","treatment_share",0.7157
84,40,"ordinary_x2","mse",0.0408466440578246
84,40,"ordinary_x2","mae",0.148638507591658
84,40,"ordinary_x2","mean_error",-0.0288139741201854
84,40,"ordinary_x2","wrong_sign",0.00346666666666667
84,40,"ordinary_x2","regret",0.00160245009511398
84,40,"ordinary_x2","value_gain",0.449067897402116
84,40,"ordinary_x2","oracle_gain",0.45067034749723
84,40,"ordinary_x2","treatment_share",0.753533333333333
84,100,"ordinary_x1","mse",0.087529392646217
84,100,"ordinary_x1","mae",0.267072588907233
84,100,"ordinary_x1","mean_error",-0.0292776626862363
84,100,"ordinary_x1","wrong_sign",0.233766666666667
84,100,"ordinary_x1","regret",0.0238698331129512
84,100,"ordinary_x1","value_gain",0.426800514384278
84,100,"ordinary_x1","oracle_gain",0.45067034749723
84,100,"ordinary_x1","treatment_share",0.5231
84,100,"ordinary_x2","mse",0.0835328872757738
84,100,"ordinary_x2","mae",0.259476217532496
84,100,"ordinary_x2","mean_error",-0.0295366291811995
84,100,"ordinary_x2","wrong_sign",0.0122333333333333
84,100,"ordinary_x2","regret",0.0046675584823351
84,100,"ordinary_x2","value_gain",0.446002789014894
84,100,"ordinary_x2","oracle_gain",0.45067034749723
84,100,"ordinary_x2","treatment_share",0.745966666666667
84,250,"ordinary_x1","mse",0.163100964708461
84,250,"ordinary_x1","mae",0.3824628099962
84,250,"ordinary_x1","mean_error",-0.0300052519775239
84,250,"ordinary_x1","wrong_sign",0.245966666666667
84,250,"ordinary_x1","regret",0.0256567102005682
84,250,"ordinary_x1","value_gain",0.425013637296662
84,250,"ordinary_x1","oracle_gain",0.45067034749723
84,250,"ordinary_x1","treatment_share",0.512233333333333
84,250,"ordinary_x2","mse",0.182428567380211
84,250,"ordinary_x2","mae",0.407863234577857
84,250,"ordinary_x2","mean_error",-0.0298726728065284
84,250,"ordinary_x2","wrong_sign",0.217033333333333
84,250,"ordinary_x2","regret",0.0672733911471521
84,250,"ordinary_x2","value_gain",0.383396956350078
84,250,"ordinary_x2","oracle_gain",0.45067034749723
84,250,"ordinary_x2","treatment_share",0.5445
84,500,"ordinary_x1","mse",0.216806067287796
84,500,"ordinary_x1","mae",0.438414394972834
84,500,"ordinary_x1","mean_error",-0.027175974916361
84,500,"ordinary_x1","wrong_sign",0.247433333333333
84,500,"ordinary_x1","regret",0.0268278179820433
84,500,"ordinary_x1","value_gain",0.423842529515186
84,500,"ordinary_x1","oracle_gain",0.45067034749723
84,500,"ordinary_x1","treatment_share",0.513033333333333
84,500,"ordinary_x2","mse",0.267291994305282
84,500,"ordinary_x2","mae",0.495166371564264
84,500,"ordinary_x2","mean_error",-0.0293694822838775
84,500,"ordinary_x2","wrong_sign",0.2365
84,500,"ordinary_x2","regret",0.0744638061737415
84,500,"ordinary_x2","value_gain",0.376206541323488
84,500,"ordinary_x2","oracle_gain",0.45067034749723
84,500,"ordinary_x2","treatment_share",0.528833333333333
84,500,"class_x1","mse",0.394832375745869
84,500,"class_x1","mae",0.470314977006975
84,500,"class_x1","mean_error",-0.0263944740774199
84,500,"class_x1","wrong_sign",0.0084
84,500,"class_x1","regret",0.0083909488479289
84,500,"class_x1","value_gain",0.442279398649301
84,500,"class_x1","oracle_gain",0.45067034749723
84,500,"class_x1","treatment_share",0.763733333333333
84,500,"class_x2","mse",0.394832375745869
84,500,"class_x2","mae",0.470314977006975
84,500,"class_x2","mean_error",-0.0263944740774199
84,500,"class_x2","wrong_sign",0.0084
84,500,"class_x2","regret",0.0083909488479289
84,500,"class_x2","value_gain",0.442279398649301
84,500,"class_x2","oracle_gain",0.45067034749723
84,500,"class_x2","treatment_share",0.763733333333333
85,40,"ordinary_x1","mse",0.0430459452076471
85,40,"ordinary_x1","mae",0.169388640331626
85,40,"ordinary_x1","mean_error",0.0172267615377367
85,40,"ordinary_x1","wrong_sign",0.1291
85,40,"ordinary_x1","regret",0.0138013588188247
85,40,"ordinary_x1","value_gain",0.439144526833706
85,40,"ordinary_x1","oracle_gain",0.452945885652531
85,40,"ordinary_x1","treatment_share",0.624133333333333
85,40,"ordinary_x2","mse",0.0235092096475607
85,40,"ordinary_x2","mae",0.109349825426938
85,40,"ordinary_x2","mean_error",0.0146259187821117
85,40,"ordinary_x2","wrong_sign",0.0127
85,40,"ordinary_x2","regret",0.00228596532999305
85,40,"ordinary_x2","value_gain",0.450659920322538
85,40,"ordinary_x2","oracle_gain",0.452945885652531
85,40,"ordinary_x2","treatment_share",0.740533333333333
85,100,"ordinary_x1","mse",0.0907949893980701
85,100,"ordinary_x1","mae",0.28548876214806
85,100,"ordinary_x1","mean_error",0.0152332004902078
85,100,"ordinary_x1","wrong_sign",0.255166666666667
85,100,"ordinary_x1","regret",0.0263940365840192
85,100,"ordinary_x1","value_gain",0.426551849068512
85,100,"ordinary_x1","oracle_gain",0.452945885652531
85,100,"ordinary_x1","treatment_share",0.498066666666667
85,100,"ordinary_x2","mse",0.0454320807577372
85,100,"ordinary_x2","mae",0.178690806109413
85,100,"ordinary_x2","mean_error",0.0136106561374041
85,100,"ordinary_x2","wrong_sign",0.00913333333333333
85,100,"ordinary_x2","regret",0.00208479905563643
85,100,"ordinary_x2","value_gain",0.450861086596895
85,100,"ordinary_x2","oracle_gain",0.452945885652531
85,100,"ordinary_x2","treatment_share",0.7441
85,250,"ordinary_x1","mse",0.158136394937131
85,250,"ordinary_x1","mae",0.389537612990565
85,250,"ordinary_x1","mean_error",0.0156759595298115
85,250,"ordinary_x1","wrong_sign",0.253366666666667
85,250,"ordinary_x1","regret",0.0258335117064152
85,250,"ordinary_x1","value_gain",0.427112373946116
85,250,"ordinary_x1","oracle_gain",0.452945885652531
85,250,"ordinary_x1","treatment_share",0.499866666666667
85,250,"ordinary_x2","mse",0.130342595600514
85,250,"ordinary_x2","mae",0.340927813105885
85,250,"ordinary_x2","mean_error",0.0146803993492111
85,250,"ordinary_x2","wrong_sign",0.0171666666666667
85,250,"ordinary_x2","regret",0.00477351580587361
85,250,"ordinary_x2","value_gain",0.448172369846657
85,250,"ordinary_x2","oracle_gain",0.452945885652531
85,250,"ordinary_x2","treatment_share",0.736066666666667
85,500,"ordinary_x1","mse",0.201906225921347
85,500,"ordinary_x1","mae",0.441745027232453
85,500,"ordinary_x1","mean_error",0.0157621170646119
85,500,"ordinary_x1","wrong_sign",0.2519
85,500,"ordinary_x1","regret",0.0253488157440699
85,500,"ordinary_x1","value_gain",0.427597069908462
85,500,"ordinary_x1","oracle_gain",0.452945885652531
85,500,"ordinary_x1","treatment_share",0.501333333333333
85,500,"ordinary_x2","mse",0.214424893044719
85,500,"ordinary_x2","mae",0.442211344839931
85,500,"ordinary_x2","mean_error",0.0178780686471166
85,500,"ordinary_x2","wrong_sign",0.0946666666666667
85,500,"ordinary_x2","regret",0.0282797686105634
85,500,"ordinary_x2","value_gain",0.424666117041968
85,500,"ordinary_x2","oracle_gain",0.452945885652531
85,500,"ordinary_x2","treatment_share",0.658566666666667
85,500,"class_x1","mse",0.358107011198199
85,500,"class_x1","mae",0.445675979415122
85,500,"class_x1","mean_error",0.018622587582312
85,500,"class_x1","wrong_sign",0.00203333333333333
85,500,"class_x1","regret",0.00172869650497104
85,500,"class_x1","value_gain",0.45121718914756
85,500,"class_x1","oracle_gain",0.452945885652531
85,500,"class_x1","treatment_share",0.754533333333333
85,500,"class_x2","mse",0.358107011198199
85,500,"class_x2","mae",0.445675979415122
85,500,"class_x2","mean_error",0.018622587582312
85,500,"class_x2","wrong_sign",0.00203333333333333
85,500,"class_x2","regret",0.00172869650497104
85,500,"class_x2","value_gain",0.45121718914756
85,500,"class_x2","oracle_gain",0.452945885652531
85,500,"class_x2","treatment_share",0.754533333333333
86,40,"ordinary_x1","mse",0.0549463673678316
86,40,"ordinary_x1","mae",0.194070563168335
86,40,"ordinary_x1","mean_error",0.00403882971175923
86,40,"ordinary_x1","wrong_sign",0.0309333333333333
86,40,"ordinary_x1","regret",0.00309614315965989
86,40,"ordinary_x1","value_gain",0.447249098486051
86,40,"ordinary_x1","oracle_gain",0.450345241645711
86,40,"ordinary_x1","treatment_share",0.7201
86,40,"ordinary_x2","mse",0.0386513624209467
86,40,"ordinary_x2","mae",0.151031756809413
86,40,"ordinary_x2","mean_error",0.00292098339588709
86,40,"ordinary_x2","wrong_sign",0.000666666666666667
86,40,"ordinary_x2","regret",0.000434796959228509
86,40,"ordinary_x2","value_gain",0.449910444686482
86,40,"ordinary_x2","oracle_gain",0.450345241645711
86,40,"ordinary_x2","treatment_share",0.750633333333333
86,100,"ordinary_x1","mse",0.105139026620588
86,100,"ordinary_x1","mae",0.303264605691025
86,100,"ordinary_x1","mean_error",0.0051184916414459
86,100,"ordinary_x1","wrong_sign",0.2367
86,100,"ordinary_x1","regret",0.0247375352042347
86,100,"ordinary_x1","value_gain",0.425607706441476
86,100,"ordinary_x1","oracle_gain",0.450345241645711
86,100,"ordinary_x1","treatment_share",0.516333333333333
86,100,"ordinary_x2","mse",0.070429684906411
86,100,"ordinary_x2","mae",0.223010019366792
86,100,"ordinary_x2","mean_error",0.00535461675088355
86,100,"ordinary_x2","wrong_sign",0.00123333333333333
86,100,"ordinary_x2","regret",0.000855818826509647
86,100,"ordinary_x2","value_gain",0.449489422819201
86,100,"ordinary_x2","oracle_gain",0.450345241645711
86,100,"ordinary_x2","treatment_share",0.750666666666667
86,250,"ordinary_x1","mse",0.175462274728577
86,250,"ordinary_x1","mae",0.405196053319151
86,250,"ordinary_x1","mean_error",0.00636243209373423
86,250,"ordinary_x1","wrong_sign",0.242766666666667
86,250,"ordinary_x1","regret",0.0267768684294371
86,250,"ordinary_x1","value_gain",0.423568373216273
86,250,"ordinary_x1","oracle_gain",0.450345241645711
86,250,"ordinary_x1","treatment_share",0.513466666666667
86,250,"ordinary_x2","mse",0.153298896136923
86,250,"ordinary_x2","mae",0.364376538276708
86,250,"ordinary_x2","mean_error",0.00587448786848804
86,250,"ordinary_x2","wrong_sign",0.00763333333333333
86,250,"ordinary_x2","regret",0.00351625268815167
86,250,"ordinary_x2","value_gain",0.446828988957559
86,250,"ordinary_x2","oracle_gain",0.450345241645711
86,250,"ordinary_x2","treatment_share",0.746333333333333
86,500,"ordinary_x1","mse",0.220448562143092
86,500,"ordinary_x1","mae",0.452863031730963
86,500,"ordinary_x1","mean_error",0.00625267513624412
86,500,"ordinary_x1","wrong_sign",0.244233333333333
86,500,"ordinary_x1","regret",0.0275226262645556
86,500,"ordinary_x1","value_gain",0.422822615381155
86,500,"ordinary_x1","oracle_gain",0.450345241645711
86,500,"ordinary_x1","treatment_share",0.513333333333333
86,500,"ordinary_x2","mse",0.24680864862907
86,500,"ordinary_x2","mae",0.468051942019577
86,500,"ordinary_x2","mean_error",0.00585478960137621
86,500,"ordinary_x2","wrong_sign",0.0641333333333333
86,500,"ordinary_x2","regret",0.0206415262406079
86,500,"ordinary_x2","value_gain",0.429703715405103
86,500,"ordinary_x2","oracle_gain",0.450345241645711
86,500,"ordinary_x2","treatment_share",0.690366666666667
86,500,"class_x1","mse",0.381977757719913
86,500,"class_x1","mae",0.456744973663006
86,500,"class_x1","mean_error",0.0112978937128168
86,500,"class_x1","wrong_sign",0.00873333333333333
86,500,"class_x1","regret",0.00874118400039318
86,500,"class_x1","value_gain",0.441604057645317
86,500,"class_x1","oracle_gain",0.450345241645711
86,500,"class_x1","treatment_share",0.759233333333333
86,500,"class_x2","mse",0.381977757719913
86,500,"class_x2","mae",0.456744973663006
86,500,"class_x2","mean_error",0.0112978937128168
86,500,"class_x2","wrong_sign",0.00873333333333333
86,500,"class_x2","regret",0.00874118400039318
86,500,"class_x2","value_gain",0.441604057645317
86,500,"class_x2","oracle_gain",0.450345241645711
86,500,"class_x2","treatment_share",0.759233333333333
87,40,"ordinary_x1","mse",0.042394724452785
87,40,"ordinary_x1","mae",0.160712383902963
87,40,"ordinary_x1","mean_error",-0.0506534934181637
87,40,"ordinary_x1","wrong_sign",0.157433333333333
87,40,"ordinary_x1","regret",0.0159704256986812
87,40,"ordinary_x1","value_gain",0.435501330587806
87,40,"ordinary_x1","oracle_gain",0.451471756286487
87,40,"ordinary_x1","treatment_share",0.594833333333333
87,40,"ordinary_x2","mse",0.0425420959462586
87,40,"ordinary_x2","mae",0.158203590200715
87,40,"ordinary_x2","mean_error",-0.0520220693327318
87,40,"ordinary_x2","wrong_sign",0.0198333333333333
87,40,"ordinary_x2","regret",0.00235665554400063
87,40,"ordinary_x2","value_gain",0.449115100742486
87,40,"ordinary_x2","oracle_gain",0.451471756286487
87,40,"ordinary_x2","treatment_share",0.732366666666667
87,100,"ordinary_x1","mse",0.0863943148694698
87,100,"ordinary_x1","mae",0.262377919064504
87,100,"ordinary_x1","mean_error",-0.0514906972053146
87,100,"ordinary_x1","wrong_sign",0.238833333333333
87,100,"ordinary_x1","regret",0.0257323343482397
87,100,"ordinary_x1","value_gain",0.425739421938248
87,100,"ordinary_x1","oracle_gain",0.451471756286487
87,100,"ordinary_x1","treatment_share",0.517166666666667
87,100,"ordinary_x2","mse",0.0847876418224961
87,100,"ordinary_x2","mae",0.2582037101402
87,100,"ordinary_x2","mean_error",-0.0595444020551285
87,100,"ordinary_x2","wrong_sign",0.0212666666666667
87,100,"ordinary_x2","regret",0.00694468127234134
87,100,"ordinary_x2","value_gain",0.444527075014146
87,100,"ordinary_x2","oracle_gain",0.451471756286487
87,100,"ordinary_x2","treatment_share",0.732066666666667
87,250,"ordinary_x1","mse",0.159217019673648
87,250,"ordinary_x1","mae",0.375161763048373
87,250,"ordinary_x1","mean_error",-0.0525802233964489
87,250,"ordinary_x1","wrong_sign",0.2457
87,250,"ordinary_x1","regret",0.0279619983019565
87,250,"ordinary_x1","value_gain",0.42350975798453
87,250,"ordinary_x1","oracle_gain",0.451471756286487
87,250,"ordinary_x1","treatment_share",0.5137
87,250,"ordinary_x2","mse",0.183200764750304
87,250,"ordinary_x2","mae",0.40469569939298
87,250,"ordinary_x2","mean_error",-0.0667512003377816
87,250,"ordinary_x2","wrong_sign",0.240666666666667
87,250,"ordinary_x2","regret",0.0748824818096675
87,250,"ordinary_x2","value_gain",0.376589274476819
87,250,"ordinary_x2","oracle_gain",0.451471756286487
87,250,"ordinary_x2","treatment_share",0.5188
87,500,"ordinary_x1","mse",0.211407324513652
87,500,"ordinary_x1","mae",0.431132824190355
87,500,"ordinary_x1","mean_error",-0.0547437962571398
87,500,"ordinary_x1","wrong_sign",0.246433333333333
87,500,"ordinary_x1","regret",0.0285443755596044
87,500,"ordinary_x1","value_gain",0.422927380726882
87,500,"ordinary_x1","oracle_gain",0.451471756286487
87,500,"ordinary_x1","treatment_share",0.5141
87,500,"ordinary_x2","mse",0.262253113941184
87,500,"ordinary_x2","mae",0.487727052382927
87,500,"ordinary_x2","mean_error",-0.0736565207873835
87,500,"ordinary_x2","wrong_sign",0.244933333333333
87,500,"ordinary_x2","regret",0.0771351051805457
87,500,"ordinary_x2","value_gain",0.374336651105941
87,500,"ordinary_x2","oracle_gain",0.451471756286487
87,500,"ordinary_x2","treatment_share",0.517333333333333
87,500,"class_x1","mse",0.393722584040613
87,500,"class_x1","mae",0.483339048960139
87,500,"class_x1","mean_error",-0.0760554400072217
87,500,"class_x1","wrong_sign",0.00566666666666667
87,500,"class_x1","regret",0.00503568329062694
87,500,"class_x1","value_gain",0.44643607299586
87,500,"class_x1","oracle_gain",0.451471756286487
87,500,"class_x1","treatment_share",0.756066666666667
87,500,"class_x2","mse",0.393722584040613
87,500,"class_x2","mae",0.483339048960139
87,500,"class_x2","mean_error",-0.0760554400072217
87,500,"class_x2","wrong_sign",0.00566666666666667
87,500,"class_x2","regret",0.00503568329062694
87,500,"class_x2","value_gain",0.44643607299586
87,500,"class_x2","oracle_gain",0.451471756286487
87,500,"class_x2","treatment_share",0.756066666666667
88,40,"ordinary_x1","mse",0.024812195068767
88,40,"ordinary_x1","mae",0.12094555656699
88,40,"ordinary_x1","mean_error",-0.0387021975772734
88,40,"ordinary_x1","wrong_sign",0.2094
88,40,"ordinary_x1","regret",0.0221233351757867
88,40,"ordinary_x1","value_gain",0.423731928451756
88,40,"ordinary_x1","oracle_gain",0.445855263627544
88,40,"ordinary_x1","treatment_share",0.540633333333333
88,40,"ordinary_x2","mse",0.0258716275707431
88,40,"ordinary_x2","mae",0.119932162855059
88,40,"ordinary_x2","mean_error",-0.036768364360228
88,40,"ordinary_x2","wrong_sign",0.0590333333333333
88,40,"ordinary_x2","regret",0.00980947197456613
88,40,"ordinary_x2","value_gain",0.436045791652977
88,40,"ordinary_x2","oracle_gain",0.445855263627544
88,40,"ordinary_x2","treatment_share",0.691
88,100,"ordinary_x1","mse",0.0498966772488246
88,100,"ordinary_x1","mae",0.189171863412237
88,100,"ordinary_x1","mean_error",-0.0358823296916512
88,100,"ordinary_x1","wrong_sign",0.2507
88,100,"ordinary_x1","regret",0.0254434643527912
88,100,"ordinary_x1","value_gain",0.420411799274752
88,100,"ordinary_x1","oracle_gain",0.445855263627544
88,100,"ordinary_x1","treatment_share",0.499333333333333
88,100,"ordinary_x2","mse",0.0576523505244153
88,100,"ordinary_x2","mae",0.210588491527564
88,100,"ordinary_x2","mean_error",-0.0341272539055158
88,100,"ordinary_x2","wrong_sign",0.2067
88,100,"ordinary_x2","regret",0.0616222026161312
88,100,"ordinary_x2","value_gain",0.384233061011412
88,100,"ordinary_x2","oracle_gain",0.445855263627544
88,100,"ordinary_x2","treatment_share",0.543333333333333
88,250,"ordinary_x1","mse",0.11374019008054
88,250,"ordinary_x1","mae",0.322785750288887
88,250,"ordinary_x1","mean_error",-0.0348007310613859
88,250,"ordinary_x1","wrong_sign",0.253066666666667
88,250,"ordinary_x1","regret",0.0256269898532005
88,250,"ordinary_x1","value_gain",0.420228273774343
88,250,"ordinary_x1","oracle_gain",0.445855263627544
88,250,"ordinary_x1","treatment_share",0.496966666666667
88,250,"ordinary_x2","mse",0.144222343576187
88,250,"ordinary_x2","mae",0.367079922070866
88,250,"ordinary_x2","mean_error",-0.0304129292520817
88,250,"ordinary_x2","wrong_sign",0.2415
88,250,"ordinary_x2","regret",0.072557122714979
88,250,"ordinary_x2","value_gain",0.373298140912564
88,250,"ordinary_x2","oracle_gain",0.445855263627544
88,250,"ordinary_x2","treatment_share",0.508666666666667
88,500,"ordinary_x1","mse",0.169802889677773
88,500,"ordinary_x1","mae",0.398721912876569
88,500,"ordinary_x1","mean_error",-0.0346237569196776
88,500,"ordinary_x1","wrong_sign",0.2522
88,500,"ordinary_x1","regret",0.025342134006427
88,500,"ordinary_x1","value_gain",0.420513129621117
88,500,"ordinary_x1","oracle_gain",0.445855263627544
88,500,"ordinary_x1","treatment_share",0.4979
88,500,"ordinary_x2","mse",0.225422584581023
88,500,"ordinary_x2","mae",0.466772293125829
88,500,"ordinary_x2","mean_error",-0.0292600324576502
88,500,"ordinary_x2","wrong_sign",0.243533333333333
88,500,"ordinary_x2","regret",0.073219598871419
88,500,"ordinary_x2","value_gain",0.372635664756124
88,500,"ordinary_x2","oracle_gain",0.445855263627544
88,500,"ordinary_x2","treatment_share",0.5067
88,500,"class_x1","mse",0.327848746267874
88,500,"class_x1","mae",0.439879660983832
88,500,"class_x1","mean_error",-0.0275347567905441
88,500,"class_x1","wrong_sign",0.00256666666666667
88,500,"class_x1","regret",0.00131855158945701
88,500,"class_x1","value_gain",0.444536712038086
88,500,"class_x1","oracle_gain",0.445855263627544
88,500,"class_x1","treatment_share",0.749066666666667
88,500,"class_x2","mse",0.327848746267874
88,500,"class_x2","mae",0.439879660983832
88,500,"class_x2","mean_error",-0.0275347567905441
88,500,"class_x2","wrong_sign",0.00256666666666667
88,500,"class_x2","regret",0.00131855158945701
88,500,"class_x2","value_gain",0.444536712038086
88,500,"class_x2","oracle_gain",0.445855263627544
88,500,"class_x2","treatment_share",0.749066666666667
89,40,"ordinary_x1","mse",0.034173693466757
89,40,"ordinary_x1","mae",0.130056386785931
89,40,"ordinary_x1","mean_error",-0.000484128322447152
89,40,"ordinary_x1","wrong_sign",0.0439666666666667
89,40,"ordinary_x1","regret",0.00553145407217165
89,40,"ordinary_x1","value_gain",0.447720127753513
89,40,"ordinary_x1","oracle_gain",0.453251581825685
89,40,"ordinary_x1","treatment_share",0.7084
89,40,"ordinary_x2","mse",0.0333133359494595
89,40,"ordinary_x2","mae",0.129735572094995
89,40,"ordinary_x2","mean_error",-0.00175806823610064
89,40,"ordinary_x2","wrong_sign",0.0201333333333333
89,40,"ordinary_x2","regret",0.00339520964487141
89,40,"ordinary_x2","value_gain",0.449856372180813
89,40,"ordinary_x2","oracle_gain",0.453251581825685
89,40,"ordinary_x2","treatment_share",0.732233333333333
89,100,"ordinary_x1","mse",0.0721544102579543
89,100,"ordinary_x1","mae",0.242678668431829
89,100,"ordinary_x1","mean_error",-0.00138201193875724
89,100,"ordinary_x1","wrong_sign",0.2353
89,100,"ordinary_x1","regret",0.0242182726116525
89,100,"ordinary_x1","value_gain",0.429033309214033
89,100,"ordinary_x1","oracle_gain",0.453251581825685
89,100,"ordinary_x1","treatment_share",0.517066666666667
89,100,"ordinary_x2","mse",0.0718387708443562
89,100,"ordinary_x2","mae",0.241510694990655
89,100,"ordinary_x2","mean_error",-0.0025447392135353
89,100,"ordinary_x2","wrong_sign",0.0201
89,100,"ordinary_x2","regret",0.003950113143529
89,100,"ordinary_x2","value_gain",0.449301468682156
89,100,"ordinary_x2","oracle_gain",0.453251581825685
89,100,"ordinary_x2","treatment_share",0.732266666666667
89,250,"ordinary_x1","mse",0.145025822151174
89,250,"ordinary_x1","mae",0.364403000954321
89,250,"ordinary_x1","mean_error",-0.00231875673296906
89,250,"ordinary_x1","wrong_sign",0.246566666666667
89,250,"ordinary_x1","regret",0.0250581642636114
89,250,"ordinary_x1","value_gain",0.428193417562073
89,250,"ordinary_x1","oracle_gain",0.453251581825685
89,250,"ordinary_x1","treatment_share",0.5058
89,250,"ordinary_x2","mse",0.168826206241788
89,250,"ordinary_x2","mae",0.395217153384905
89,250,"ordinary_x2","mean_error",-0.00553183437832177
89,250,"ordinary_x2","wrong_sign",0.212533333333333
89,250,"ordinary_x2","regret",0.0620879307905772
89,250,"ordinary_x2","value_gain",0.391163651035107
89,250,"ordinary_x2","oracle_gain",0.453251581825685
89,250,"ordinary_x2","treatment_share",0.539833333333333
89,500,"ordinary_x1","mse",0.198381502543042
89,500,"ordinary_x1","mae",0.425660131272047
89,500,"ordinary_x1","mean_error",-0.00462581258594295
89,500,"ordinary_x1","wrong_sign",0.247466666666667
89,500,"ordinary_x1","regret",0.0249941457119623
89,500,"ordinary_x1","value_gain",0.428257436113723
89,500,"ordinary_x1","oracle_gain",0.453251581825685
89,500,"ordinary_x1","treatment_share",0.5049
89,500,"ordinary_x2","mse",0.248691892189489
89,500,"ordinary_x2","mae",0.482360223392967
89,500,"ordinary_x2","mean_error",-0.00592682211401834
89,500,"ordinary_x2","wrong_sign",0.241033333333333
89,500,"ordinary_x2","regret",0.0709960509131017
89,500,"ordinary_x2","value_gain",0.382255530912583
89,500,"ordinary_x2","oracle_gain",0.453251581825685
89,500,"ordinary_x2","treatment_share",0.511333333333333
89,500,"class_x1","mse",0.39079483279446
89,500,"class_x1","mae",0.470792129388764
89,500,"class_x1","mean_error",-0.0109209481571446
89,500,"class_x1","wrong_sign",0.0068
89,500,"class_x1","regret",0.00182202633327808
89,500,"class_x1","value_gain",0.451429555492407
89,500,"class_x1","oracle_gain",0.453251581825685
89,500,"class_x1","treatment_share",0.748033333333333
89,500,"class_x2","mse",0.39079483279446
89,500,"class_x2","mae",0.470792129388764
89,500,"class_x2","mean_error",-0.0109209481571446
89,500,"class_x2","wrong_sign",0.0068
89,500,"class_x2","regret",0.00182202633327808
89,500,"class_x2","value_gain",0.451429555492407
89,500,"class_x2","oracle_gain",0.453251581825685
89,500,"class_x2","treatment_share",0.748033333333333
90,40,"ordinary_x1","mse",0.0363188535620034
90,40,"ordinary_x1","mae",0.151525567015996
90,40,"ordinary_x1","mean_error",0.0270555605180675
90,40,"ordinary_x1","wrong_sign",0.2415
90,40,"ordinary_x1","regret",0.0249435334802837
90,40,"ordinary_x1","value_gain",0.428336000886493
90,40,"ordinary_x1","oracle_gain",0.453279534366776
90,40,"ordinary_x1","treatment_share",0.508066666666667
90,40,"ordinary_x2","mse",0.0197532703503932
90,40,"ordinary_x2","mae",0.0976403728813359
90,40,"ordinary_x2","mean_error",0.0251339477536924
90,40,"ordinary_x2","wrong_sign",0.0777
90,40,"ordinary_x2","regret",0.00847354364405852
90,40,"ordinary_x2","value_gain",0.444805990722717
90,40,"ordinary_x2","oracle_gain",0.453279534366776
90,40,"ordinary_x2","treatment_share",0.671866666666667
90,100,"ordinary_x1","mse",0.0803516749464013
90,100,"ordinary_x1","mae",0.262732324818952
90,100,"ordinary_x1","mean_error",0.0323665873631115
90,100,"ordinary_x1","wrong_sign",0.2416
90,100,"ordinary_x1","regret",0.0244049069136995
90,100,"ordinary_x1","value_gain",0.428874627453077
90,100,"ordinary_x1","oracle_gain",0.453279534366776
90,100,"ordinary_x1","treatment_share",0.508166666666667
90,100,"ordinary_x2","mse",0.0379673761177768
90,100,"ordinary_x2","mae",0.159656171686963
90,100,"ordinary_x2","mean_error",0.0251409133831469
90,100,"ordinary_x2","wrong_sign",0.0118666666666667
90,100,"ordinary_x2","regret",0.00319396918994995
90,100,"ordinary_x2","value_gain",0.450085565176826
90,100,"ordinary_x2","oracle_gain",0.453279534366776
90,100,"ordinary_x2","treatment_share",0.7377
90,250,"ordinary_x1","mse",0.153859846112747
90,250,"ordinary_x1","mae",0.381117832985983
90,250,"ordinary_x1","mean_error",0.036151600830185
90,250,"ordinary_x1","wrong_sign",0.243433333333333
90,250,"ordinary_x1","regret",0.0246995273834443
90,250,"ordinary_x1","value_gain",0.428580006983332
90,250,"ordinary_x1","oracle_gain",0.453279534366776
90,250,"ordinary_x1","treatment_share",0.506866666666667
90,250,"ordinary_x2","mse",0.12003640200033
90,250,"ordinary_x2","mae",0.329602719135217
90,250,"ordinary_x2","mean_error",0.0250759262966928
90,250,"ordinary_x2","wrong_sign",0.0642
90,250,"ordinary_x2","regret",0.0192860535556248
90,250,"ordinary_x2","value_gain",0.433993480811151
90,250,"ordinary_x2","oracle_gain",0.453279534366776
90,250,"ordinary_x2","treatment_share",0.685366666666667
90,500,"ordinary_x1","mse",0.197666994113317
90,500,"ordinary_x1","mae",0.433601534110528
90,500,"ordinary_x1","mean_error",0.0391611822710938
90,500,"ordinary_x1","wrong_sign",0.2446
90,500,"ordinary_x1","regret",0.0258946952624316
90,500,"ordinary_x1","value_gain",0.427384839104344
90,500,"ordinary_x1","oracle_gain",0.453279534366776
90,500,"ordinary_x1","treatment_share",0.5081
90,500,"ordinary_x2","mse",0.201755292927896
90,500,"ordinary_x2","mae",0.432486616940392
90,500,"ordinary_x2","mean_error",0.0279420452773034
90,500,"ordinary_x2","wrong_sign",0.209666666666667
90,500,"ordinary_x2","regret",0.063043707359549
90,500,"ordinary_x2","value_gain",0.390235827007226
90,500,"ordinary_x2","oracle_gain",0.453279534366776
90,500,"ordinary_x2","treatment_share",0.540233333333333
90,500,"class_x1","mse",0.34817188319086
90,500,"class_x1","mae",0.441141031004322
90,500,"class_x1","mean_error",0.0365647110802493
90,500,"class_x1","wrong_sign",0.00713333333333333
90,500,"class_x1","regret",0.00714291533178868
90,500,"class_x1","value_gain",0.446136619034987
90,500,"class_x1","oracle_gain",0.453279534366776
90,500,"class_x1","treatment_share",0.7567
90,500,"class_x2","mse",0.34817188319086
90,500,"class_x2","mae",0.441141031004322
90,500,"class_x2","mean_error",0.0365647110802493
90,500,"class_x2","wrong_sign",0.00713333333333333
90,500,"class_x2","regret",0.00714291533178868
90,500,"class_x2","value_gain",0.446136619034987
90,500,"class_x2","oracle_gain",0.453279534366776
90,500,"class_x2","treatment_share",0.7567
91,40,"ordinary_x1","mse",0.0380953643225945
91,40,"ordinary_x1","mae",0.154963053623579
91,40,"ordinary_x1","mean_error",-0.112145010199432
91,40,"ordinary_x1","wrong_sign",0.217366666666667
91,40,"ordinary_x1","regret",0.022582411174123
91,40,"ordinary_x1","value_gain",0.425311663740924
91,40,"ordinary_x1","oracle_gain",0.447894074915047
91,40,"ordinary_x1","treatment_share",0.5351
91,40,"ordinary_x2","mse",0.0362221178712921
91,40,"ordinary_x2","mae",0.15115977911082
91,40,"ordinary_x2","mean_error",-0.109320216433335
91,40,"ordinary_x2","wrong_sign",0.0316333333333333
91,40,"ordinary_x2","regret",0.00457083453153806
91,40,"ordinary_x2","value_gain",0.443323240383509
91,40,"ordinary_x2","oracle_gain",0.447894074915047
91,40,"ordinary_x2","treatment_share",0.720833333333333
91,100,"ordinary_x1","mse",0.0746648944121976
91,100,"ordinary_x1","mae",0.226243236023741
91,100,"ordinary_x1","mean_error",-0.113967024832557
91,100,"ordinary_x1","wrong_sign",0.2425
91,100,"ordinary_x1","regret",0.0249752374240004
91,100,"ordinary_x1","value_gain",0.422918837491046
91,100,"ordinary_x1","oracle_gain",0.447894074915047
91,100,"ordinary_x1","treatment_share",0.509966666666667
91,100,"ordinary_x2","mse",0.0751857322282548
91,100,"ordinary_x2","mae",0.233664369684742
91,100,"ordinary_x2","mean_error",-0.112455590524216
91,100,"ordinary_x2","wrong_sign",0.221666666666667
91,100,"ordinary_x2","regret",0.0653168228187629
91,100,"ordinary_x2","value_gain",0.382577252096284
91,100,"ordinary_x2","oracle_gain",0.447894074915047
91,100,"ordinary_x2","treatment_share",0.5308
91,250,"ordinary_x1","mse",0.14806514859198
91,250,"ordinary_x1","mae",0.351188543314834
91,250,"ordinary_x1","mean_error",-0.114692998290278
91,250,"ordinary_x1","wrong_sign",0.251433333333333
91,250,"ordinary_x1","regret",0.0255575904267032
91,250,"ordinary_x1","value_gain",0.422336484488344
91,250,"ordinary_x1","oracle_gain",0.447894074915047
91,250,"ordinary_x1","treatment_share",0.501033333333333
91,250,"ordinary_x2","mse",0.16737832795072
91,250,"ordinary_x2","mae",0.385777104652942
91,250,"ordinary_x2","mean_error",-0.111297093914484
91,250,"ordinary_x2","wrong_sign",0.2494
91,250,"ordinary_x2","regret",0.0744085320223892
91,250,"ordinary_x2","value_gain",0.373485542892658
91,250,"ordinary_x2","oracle_gain",0.447894074915047
91,250,"ordinary_x2","treatment_share",0.503066666666667
91,500,"ordinary_x1","mse",0.200573530142326
91,500,"ordinary_x1","mae",0.411920655946293
91,500,"ordinary_x1","mean_error",-0.116252087403165
91,500,"ordinary_x1","wrong_sign",0.2498
91,500,"ordinary_x1","regret",0.0250918319136464
91,500,"ordinary_x1","value_gain",0.422802243001401
91,500,"ordinary_x1","oracle_gain",0.447894074915047
91,500,"ordinary_x1","treatment_share",0.502866666666667
91,500,"ordinary_x2","mse",0.243942410306596
91,500,"ordinary_x2","mae",0.472715699539773
91,500,"ordinary_x2","mean_error",-0.112334028487814
91,500,"ordinary_x2","wrong_sign",0.250133333333333
91,500,"ordinary_x2","regret",0.0746678817504659
91,500,"ordinary_x2","value_gain",0.373226193164581
91,500,"ordinary_x2","oracle_gain",0.447894074915047
91,500,"ordinary_x2","treatment_share",0.502333333333333
91,500,"class_x1","mse",0.368891997657496
91,500,"class_x1","mae",0.478634860919346
91,500,"class_x1","mean_error",-0.115376782424481
91,500,"class_x1","wrong_sign",0.0198666666666667
91,500,"class_x1","regret",0.00278713541987439
91,500,"class_x1","value_gain",0.445106939495173
91,500,"class_x1","oracle_gain",0.447894074915047
91,500,"class_x1","treatment_share",0.732933333333333
91,500,"class_x2","mse",0.368891997657496
91,500,"class_x2","mae",0.478634860919346
91,500,"class_x2","mean_error",-0.115376782424481
91,500,"class_x2","wrong_sign",0.0198666666666667
91,500,"class_x2","regret",0.00278713541987439
91,500,"class_x2","value_gain",0.445106939495173
91,500,"class_x2","oracle_gain",0.447894074915047
91,500,"class_x2","treatment_share",0.732933333333333
92,40,"ordinary_x1","mse",0.0250989801008751
92,40,"ordinary_x1","mae",0.110144267091438
92,40,"ordinary_x1","mean_error",-0.00284633684867479
92,40,"ordinary_x1","wrong_sign",0.1865
92,40,"ordinary_x1","regret",0.0196658893673409
92,40,"ordinary_x1","value_gain",0.435050639514538
92,40,"ordinary_x1","oracle_gain",0.454716528881879
92,40,"ordinary_x1","treatment_share",0.566133333333333
92,40,"ordinary_x2","mse",0.018389701153457
92,40,"ordinary_x2","mae",0.0985757029403848
92,40,"ordinary_x2","mean_error",-0.0062306506368198
92,40,"ordinary_x2","wrong_sign",0.0392666666666667
92,40,"ordinary_x2","regret",0.00492715130052836
92,40,"ordinary_x2","value_gain",0.44978937758135
92,40,"ordinary_x2","oracle_gain",0.454716528881879
92,40,"ordinary_x2","treatment_share",0.713366666666667
92,100,"ordinary_x1","mse",0.0585541957782386
92,100,"ordinary_x1","mae",0.212016337803025
92,100,"ordinary_x1","mean_error",-0.0026930651222712
92,100,"ordinary_x1","wrong_sign",0.248166666666667
92,100,"ordinary_x1","regret",0.0256791337043303
92,100,"ordinary_x1","value_gain",0.429037395177548
92,100,"ordinary_x1","oracle_gain",0.454716528881879
92,100,"ordinary_x1","treatment_share",0.504466666666667
92,100,"ordinary_x2","mse",0.0431078451140107
92,100,"ordinary_x2","mae",0.179557596448388
92,100,"ordinary_x2","mean_error",-0.00540842899800079
92,100,"ordinary_x2","wrong_sign",0.0138666666666667
92,100,"ordinary_x2","regret",0.00298557141433007
92,100,"ordinary_x2","value_gain",0.451730957467548
92,100,"ordinary_x2","oracle_gain",0.454716528881879
92,100,"ordinary_x2","treatment_share",0.738766666666667
92,250,"ordinary_x1","mse",0.121843368177415
92,250,"ordinary_x1","mae",0.337665541661595
92,250,"ordinary_x1","mean_error",0.000238184155596579
92,250,"ordinary_x1","wrong_sign",0.249533333333333
92,250,"ordinary_x1","regret",0.0258016699937514
92,250,"ordinary_x1","value_gain",0.428914858888126
92,250,"ordinary_x1","oracle_gain",0.454716528881879
92,250,"ordinary_x1","treatment_share",0.5031
92,250,"ordinary_x2","mse",0.127486140192216
92,250,"ordinary_x2","mae",0.344887023386958
92,250,"ordinary_x2","mean_error",-0.00421404702867396
92,250,"ordinary_x2","wrong_sign",0.235666666666667
92,250,"ordinary_x2","regret",0.070486397379168
92,250,"ordinary_x2","value_gain",0.38423013150271
92,250,"ordinary_x2","oracle_gain",0.454716528881879
92,250,"ordinary_x2","treatment_share",0.516966666666667
92,500,"ordinary_x1","mse",0.177685882383476
92,500,"ordinary_x1","mae",0.411850298138194
92,500,"ordinary_x1","mean_error",-0.00148655733487351
92,500,"ordinary_x1","wrong_sign",0.249133333333333
92,500,"ordinary_x1","regret",0.025644292960659
92,500,"ordinary_x1","value_gain",0.429072235921219
92,500,"ordinary_x1","oracle_gain",0.454716528881879
92,500,"ordinary_x1","treatment_share",0.5035
92,500,"ordinary_x2","mse",0.211717467367767
92,500,"ordinary_x2","mae",0.450288593185634
92,500,"ordinary_x2","mean_error",-0.00539725693552221
92,500,"ordinary_x2","wrong_sign",0.243
92,500,"ordinary_x2","regret",0.0729796335543506
92,500,"ordinary_x2","value_gain",0.381736895327528
92,500,"ordinary_x2","oracle_gain",0.454716528881879
92,500,"ordinary_x2","treatment_share",0.509633333333333
92,500,"class_x1","mse",0.334229588038438
92,500,"class_x1","mae",0.437560140236976
92,500,"class_x1","mean_error",-0.00160429854965154
92,500,"class_x1","wrong_sign",0.0044
92,500,"class_x1","regret",0.00142520104832717
92,500,"class_x1","value_gain",0.453291327833551
92,500,"class_x1","oracle_gain",0.454716528881879
92,500,"class_x1","treatment_share",0.7489
92,500,"class_x2","mse",0.334229588038438
92,500,"class_x2","mae",0.437560140236976
92,500,"class_x2","mean_error",-0.00160429854965154
92,500,"class_x2","wrong_sign",0.0044
92,500,"class_x2","regret",0.00142520104832717
92,500,"class_x2","value_gain",0.453291327833551
92,500,"class_x2","oracle_gain",0.454716528881879
92,500,"class_x2","treatment_share",0.7489
93,40,"ordinary_x1","mse",0.0302981473007952
93,40,"ordinary_x1","mae",0.128420510866554
93,40,"ordinary_x1","mean_error",-0.03380380576149
93,40,"ordinary_x1","wrong_sign",0.245733333333333
93,40,"ordinary_x1","regret",0.0249921512889684
93,40,"ordinary_x1","value_gain",0.424073493190698
93,40,"ordinary_x1","oracle_gain",0.449065644479666
93,40,"ordinary_x1","treatment_share",0.504333333333333
93,40,"ordinary_x2","mse",0.0152124487258899
93,40,"ordinary_x2","mae",0.0874030839407375
93,40,"ordinary_x2","mean_error",-0.0340430716189371
93,40,"ordinary_x2","wrong_sign",0.2164
93,40,"ordinary_x2","regret",0.0217868698509877
93,40,"ordinary_x2","value_gain",0.427278774628677
93,40,"ordinary_x2","oracle_gain",0.449065644479666
93,40,"ordinary_x2","treatment_share",0.533733333333333
93,100,"ordinary_x1","mse",0.069894338028847
93,100,"ordinary_x1","mae",0.236829291096824
93,100,"ordinary_x1","mean_error",-0.0385232386448777
93,100,"ordinary_x1","wrong_sign",0.248266666666667
93,100,"ordinary_x1","regret",0.025651485684171
93,100,"ordinary_x1","value_gain",0.423414158795496
93,100,"ordinary_x1","oracle_gain",0.449065644479666
93,100,"ordinary_x1","treatment_share",0.502733333333333
93,100,"ordinary_x2","mse",0.0230116700154553
93,100,"ordinary_x2","mae",0.12207621916603
93,100,"ordinary_x2","mean_error",-0.0327447730091501
93,100,"ordinary_x2","wrong_sign",0.0142333333333333
93,100,"ordinary_x2","regret",0.00210723220359216
93,100,"ordinary_x2","value_gain",0.446958412276075
93,100,"ordinary_x2","oracle_gain",0.449065644479666
93,100,"ordinary_x2","treatment_share",0.735166666666667
93,250,"ordinary_x1","mse",0.143494481528815
93,250,"ordinary_x1","mae",0.366056521091117
93,250,"ordinary_x1","mean_error",-0.0382254214148537
93,250,"ordinary_x1","wrong_sign",0.249
93,250,"ordinary_x1","regret",0.0261076197827056
93,250,"ordinary_x1","value_gain",0.42295802469696
93,250,"ordinary_x1","oracle_gain",0.449065644479666
93,250,"ordinary_x1","treatment_share",0.502866666666667
93,250,"ordinary_x2","mse",0.0988412685791753
93,250,"ordinary_x2","mae",0.300262264297652
93,250,"ordinary_x2","mean_error",-0.0332591325927972
93,250,"ordinary_x2","wrong_sign",0.220233333333333
93,250,"ordinary_x2","regret",0.0659761052472557
93,250,"ordinary_x2","value_gain",0.38308953923241
93,250,"ordinary_x2","oracle_gain",0.449065644479666
93,250,"ordinary_x2","treatment_share",0.529166666666667
93,500,"ordinary_x1","mse",0.190779635151108
93,500,"ordinary_x1","mae",0.429056635167323
93,500,"ordinary_x1","mean_error",-0.038309970773636
93,500,"ordinary_x1","wrong_sign",0.2495
93,500,"ordinary_x1","regret",0.0264588043872105
93,500,"ordinary_x1","value_gain",0.422606840092457
93,500,"ordinary_x1","oracle_gain",0.449065644479666
93,500,"ordinary_x1","treatment_share",0.503033333333333
93,500,"ordinary_x2","mse",0.188103643662537
93,500,"ordinary_x2","mae",0.419849429011428
93,500,"ordinary_x2","mean_error",-0.0333132319810129
93,500,"ordinary_x2","wrong_sign",0.245833333333333
93,500,"ordinary_x2","regret",0.0737660411874632
93,500,"ordinary_x2","value_gain",0.375299603292203
93,500,"ordinary_x2","oracle_gain",0.449065644479666
93,500,"ordinary_x2","treatment_share",0.503633333333333
93,500,"class_x1","mse",0.336436912076438
93,500,"class_x1","mae",0.43714759116329
93,500,"class_x1","mean_error",-0.0392519629088988
93,500,"class_x1","wrong_sign",0.00863333333333333
93,500,"class_x1","regret",0.00284016231449708
93,500,"class_x1","value_gain",0.446225482165169
93,500,"class_x1","oracle_gain",0.449065644479666
93,500,"class_x1","treatment_share",0.7451
93,500,"class_x2","mse",0.336436912076438
93,500,"class_x2","mae",0.43714759116329
93,500,"class_x2","mean_error",-0.0392519629088988
93,500,"class_x2","wrong_sign",0.00863333333333333
93,500,"class_x2","regret",0.00284016231449708
93,500,"class_x2","value_gain",0.446225482165169
93,500,"class_x2","oracle_gain",0.449065644479666
93,500,"class_x2","treatment_share",0.7451
94,40,"ordinary_x1","mse",0.0263392989128124
94,40,"ordinary_x1","mae",0.131466705161423
94,40,"ordinary_x1","mean_error",0.039658018605084
94,40,"ordinary_x1","wrong_sign",0.0277666666666667
94,40,"ordinary_x1","regret",0.0035234062861162
94,40,"ordinary_x1","value_gain",0.445437072343225
94,40,"ordinary_x1","oracle_gain",0.448960478629342
94,40,"ordinary_x1","treatment_share",0.720166666666667
94,40,"ordinary_x2","mse",0.0270090076185179
94,40,"ordinary_x2","mae",0.132421136565338
94,40,"ordinary_x2","mean_error",0.0399186828904261
94,40,"ordinary_x2","wrong_sign",0.0139
94,40,"ordinary_x2","regret",0.00214368888961231
94,40,"ordinary_x2","value_gain",0.44681678973973
94,40,"ordinary_x2","oracle_gain",0.448960478629342
94,40,"ordinary_x2","treatment_share",0.734033333333333
94,100,"ordinary_x1","mse",0.0635718871781556
94,100,"ordinary_x1","mae",0.226162014659073
94,100,"ordinary_x1","mean_error",0.0415802121674016
94,100,"ordinary_x1","wrong_sign",0.0781666666666667
94,100,"ordinary_x1","regret",0.00836175209401793
94,100,"ordinary_x1","value_gain",0.440598726535324
94,100,"ordinary_x1","oracle_gain",0.448960478629342
94,100,"ordinary_x1","treatment_share",0.669766666666667
94,100,"ordinary_x2","mse",0.0680288963282802
94,100,"ordinary_x2","mae",0.241002271032069
94,100,"ordinary_x2","mean_error",0.0358732190909213
94,100,"ordinary_x2","wrong_sign",0.0100666666666667
94,100,"ordinary_x2","regret",0.00204556533470674
94,100,"ordinary_x2","value_gain",0.446914913294635
94,100,"ordinary_x2","oracle_gain",0.448960478629342
94,100,"ordinary_x2","treatment_share",0.737866666666667
94,250,"ordinary_x1","mse",0.131311395830375
94,250,"ordinary_x1","mae",0.347482584924821
94,250,"ordinary_x1","mean_error",0.0403172064594887
94,250,"ordinary_x1","wrong_sign",0.244433333333333
94,250,"ordinary_x1","regret",0.0247276816027115
94,250,"ordinary_x1","value_gain",0.42423279702663
94,250,"ordinary_x1","oracle_gain",0.448960478629342
94,250,"ordinary_x1","treatment_share",0.5035
94,250,"ordinary_x2","mse",0.164248663228691
94,250,"ordinary_x2","mae",0.394692825749036
94,250,"ordinary_x2","mean_error",0.0310752238350581
94,250,"ordinary_x2","wrong_sign",0.173133333333333
94,250,"ordinary_x2","regret",0.0514833512724347
94,250,"ordinary_x2","value_gain",0.397477127356907
94,250,"ordinary_x2","oracle_gain",0.448960478629342
94,250,"ordinary_x2","treatment_share",0.5748
94,500,"ordinary_x1","mse",0.18642179873605
94,500,"ordinary_x1","mae",0.41389712148895
94,500,"ordinary_x1","mean_error",0.0389000186941317
94,500,"ordinary_x1","wrong_sign",0.244533333333333
94,500,"ordinary_x1","regret",0.0246369424791766
94,500,"ordinary_x1","value_gain",0.424323536150166
94,500,"ordinary_x1","oracle_gain",0.448960478629342
94,500,"ordinary_x1","treatment_share",0.5034
94,500,"ordinary_x2","mse",0.241664359740794
94,500,"ordinary_x2","mae",0.480866611926428
94,500,"ordinary_x2","mean_error",0.0291965593328152
94,500,"ordinary_x2","wrong_sign",0.2457
94,500,"ordinary_x2","regret",0.0733581697055807
94,500,"ordinary_x2","value_gain",0.375602308923762
94,500,"ordinary_x2","oracle_gain",0.448960478629342
94,500,"ordinary_x2","treatment_share",0.502233333333333
94,500,"class_x1","mse",0.366297173001725
94,500,"class_x1","mae",0.465641813541789
94,500,"class_x1","mean_error",0.0270181907698722
94,500,"class_x1","wrong_sign",0.00126666666666667
94,500,"class_x1","regret",0.00038840344991923
94,500,"class_x1","value_gain",0.448572075179422
94,500,"class_x1","oracle_gain",0.448960478629342
94,500,"class_x1","treatment_share",0.747066666666667
94,500,"class_x2","mse",0.366297173001725
94,500,"class_x2","mae",0.465641813541789
94,500,"class_x2","mean_error",0.0270181907698722
94,500,"class_x2","wrong_sign",0.00126666666666667
94,500,"class_x2","regret",0.00038840344991923
94,500,"class_x2","value_gain",0.448572075179422
94,500,"class_x2","oracle_gain",0.448960478629342
94,500,"class_x2","treatment_share",0.747066666666667
95,40,"ordinary_x1","mse",0.030904646254517
95,40,"ordinary_x1","mae",0.141998420245468
95,40,"ordinary_x1","mean_error",0.00716745531276342
95,40,"ordinary_x1","wrong_sign",0.0789666666666667
95,40,"ordinary_x1","regret",0.00793192645361417
95,40,"ordinary_x1","value_gain",0.43983385148242
95,40,"ordinary_x1","oracle_gain",0.447765777936035
95,40,"ordinary_x1","treatment_share",0.675433333333333
95,40,"ordinary_x2","mse",0.0218307100218551
95,40,"ordinary_x2","mae",0.109073386795537
95,40,"ordinary_x2","mean_error",0.00328732582077738
95,40,"ordinary_x2","wrong_sign",0.0152333333333333
95,40,"ordinary_x2","regret",0.00265276507055233
95,40,"ordinary_x2","value_gain",0.445113012865482
95,40,"ordinary_x2","oracle_gain",0.447765777936035
95,40,"ordinary_x2","treatment_share",0.7391
95,100,"ordinary_x1","mse",0.0710832339965637
95,100,"ordinary_x1","mae",0.250445127542166
95,100,"ordinary_x1","mean_error",0.0102800633438309
95,100,"ordinary_x1","wrong_sign",0.243366666666667
95,100,"ordinary_x1","regret",0.0246682146511072
95,100,"ordinary_x1","value_gain",0.423097563284927
95,100,"ordinary_x1","oracle_gain",0.447765777936035
95,100,"ordinary_x1","treatment_share",0.511566666666667
95,100,"ordinary_x2","mse",0.0558699953538782
95,100,"ordinary_x2","mae",0.213623309178111
95,100,"ordinary_x2","mean_error",-0.00110204483594002
95,100,"ordinary_x2","wrong_sign",0.0115666666666667
95,100,"ordinary_x2","regret",0.00332287834922551
95,100,"ordinary_x2","value_gain",0.444442899586808
95,100,"ordinary_x2","oracle_gain",0.447765777936035
95,100,"ordinary_x2","treatment_share",0.742766666666667
95,250,"ordinary_x1","mse",0.145081851446373
95,250,"ordinary_x1","mae",0.370682136630684
95,250,"ordinary_x1","mean_error",0.0139740897015132
95,250,"ordinary_x1","wrong_sign",0.249433333333333
95,250,"ordinary_x1","regret",0.0256134379676256
95,250,"ordinary_x1","value_gain",0.42215233996841
95,250,"ordinary_x1","oracle_gain",0.447765777936035
95,250,"ordinary_x1","treatment_share",0.506233333333333
95,250,"ordinary_x2","mse",0.145581854039975
95,250,"ordinary_x2","mae",0.368404239412902
95,250,"ordinary_x2","mean_error",-0.00506363270850272
95,250,"ordinary_x2","wrong_sign",0.1828
95,250,"ordinary_x2","regret",0.0551577001120475
95,250,"ordinary_x2","value_gain",0.392608077823988
95,250,"ordinary_x2","oracle_gain",0.447765777936035
95,250,"ordinary_x2","treatment_share",0.572266666666667
95,500,"ordinary_x1","mse",0.194783663396729
95,500,"ordinary_x1","mae",0.427856663873452
95,500,"ordinary_x1","mean_error",0.0135863582051447
95,500,"ordinary_x1","wrong_sign",0.250033333333333
95,500,"ordinary_x1","regret",0.0258526721504098
95,500,"ordinary_x1","value_gain",0.421913105785625
95,500,"ordinary_x1","oracle_gain",0.447765777936035
95,500,"ordinary_x1","treatment_share",0.506033333333333
95,500,"ordinary_x2","mse",0.22358164072781
95,500,"ordinary_x2","mae",0.457073261052359
95,500,"ordinary_x2","mean_error",-0.00598024029102374
95,500,"ordinary_x2","wrong_sign",0.222966666666667
95,500,"ordinary_x2","regret",0.0675484115384441
95,500,"ordinary_x2","value_gain",0.38021736639759
95,500,"ordinary_x2","oracle_gain",0.447765777936035
95,500,"ordinary_x2","treatment_share",0.5331
95,500,"class_x1","mse",0.36361725177341
95,500,"class_x1","mae",0.450212467572802
95,500,"class_x1","mean_error",0.00473538787334642
95,500,"class_x1","wrong_sign",0.0029
95,500,"class_x1","regret",0.0028982193842631
95,500,"class_x1","value_gain",0.44486755855177
95,500,"class_x1","oracle_gain",0.447765777936035
95,500,"class_x1","treatment_share",0.7571
95,500,"class_x2","mse",0.36361725177341
95,500,"class_x2","mae",0.450212467572802
95,500,"class_x2","mean_error",0.00473538787334642
95,500,"class_x2","wrong_sign",0.0029
95,500,"class_x2","regret",0.0028982193842631
95,500,"class_x2","value_gain",0.44486755855177
95,500,"class_x2","oracle_gain",0.447765777936035
95,500,"class_x2","treatment_share",0.7571
96,40,"ordinary_x1","mse",0.039607913904236
96,40,"ordinary_x1","mae",0.152383790408447
96,40,"ordinary_x1","mean_error",-0.00433827486480713
96,40,"ordinary_x1","wrong_sign",0.250266666666667
96,40,"ordinary_x1","regret",0.0256193206363141
96,40,"ordinary_x1","value_gain",0.423621010217122
96,40,"ordinary_x1","oracle_gain",0.449240330853436
96,40,"ordinary_x1","treatment_share",0.5008
96,40,"ordinary_x2","mse",0.0220243458688194
96,40,"ordinary_x2","mae",0.103578892018959
96,40,"ordinary_x2","mean_error",-0.00557925351268752
96,40,"ordinary_x2","wrong_sign",0.183533333333333
96,40,"ordinary_x2","regret",0.0197268160020156
96,40,"ordinary_x2","value_gain",0.42951351485142
96,40,"ordinary_x2","oracle_gain",0.449240330853436
96,40,"ordinary_x2","treatment_share",0.567533333333333
96,100,"ordinary_x1","mse",0.0784673837917265
96,100,"ordinary_x1","mae",0.255877207605487
96,100,"ordinary_x1","mean_error",-0.00700801944627775
96,100,"ordinary_x1","wrong_sign",0.252066666666667
96,100,"ordinary_x1","regret",0.0256484343403531
96,100,"ordinary_x1","value_gain",0.423591896513082
96,100,"ordinary_x1","oracle_gain",0.449240330853436
96,100,"ordinary_x1","treatment_share",0.499
96,100,"ordinary_x2","mse",0.0322353407946145
96,100,"ordinary_x2","mae",0.140031006442122
96,100,"ordinary_x2","mean_error",-0.00318679176563721
96,100,"ordinary_x2","wrong_sign",0.0147333333333333
96,100,"ordinary_x2","regret",0.00410083028897332
96,100,"ordinary_x2","value_gain",0.445139500564462
96,100,"ordinary_x2","oracle_gain",0.449240330853436
96,100,"ordinary_x2","treatment_share",0.736333333333333
96,250,"ordinary_x1","mse",0.149470034437368
96,250,"ordinary_x1","mae",0.375970315662346
96,250,"ordinary_x1","mean_error",-0.00908861567758358
96,250,"ordinary_x1","wrong_sign",0.250766666666667
96,250,"ordinary_x1","regret",0.0252578007542101
96,250,"ordinary_x1","value_gain",0.423982530099226
96,250,"ordinary_x1","oracle_gain",0.449240330853436
96,250,"ordinary_x1","treatment_share",0.5003
96,250,"ordinary_x2","mse",0.113259990403043
96,250,"ordinary_x2","mae",0.315343553349953
96,250,"ordinary_x2","mean_error",-0.00600946658713446
96,250,"ordinary_x2","wrong_sign",0.181733333333333
96,250,"ordinary_x2","regret",0.0546661826190849
96,250,"ordinary_x2","value_gain",0.394574148234351
96,250,"ordinary_x2","oracle_gain",0.449240330853436
96,250,"ordinary_x2","treatment_share",0.57
96,500,"ordinary_x1","mse",0.192688652913309
96,500,"ordinary_x1","mae",0.432116816325653
96,500,"ordinary_x1","mean_error",-0.00941487400955457
96,500,"ordinary_x1","wrong_sign",0.250066666666667
96,500,"ordinary_x1","regret",0.025069725633512
96,500,"ordinary_x1","value_gain",0.424170605219924
96,500,"ordinary_x1","oracle_gain",0.449240330853436
96,500,"ordinary_x1","treatment_share",0.501066666666667
96,500,"ordinary_x2","mse",0.194377665054395
96,500,"ordinary_x2","mae",0.422458869207854
96,500,"ordinary_x2","mean_error",-0.0040516150159463
96,500,"ordinary_x2","wrong_sign",0.208266666666667
96,500,"ordinary_x2","regret",0.0627311128456253
96,500,"ordinary_x2","value_gain",0.386509218007811
96,500,"ordinary_x2","oracle_gain",0.449240330853436
96,500,"ordinary_x2","treatment_share",0.5438
96,500,"class_x1","mse",0.319506600677361
96,500,"class_x1","mae",0.41869155221544
96,500,"class_x1","mean_error",-0.00960756141112906
96,500,"class_x1","wrong_sign",0.00223333333333333
96,500,"class_x1","regret",0.00161839695999786
96,500,"class_x1","value_gain",0.447621933893438
96,500,"class_x1","oracle_gain",0.449240330853436
96,500,"class_x1","treatment_share",0.751833333333333
96,500,"class_x2","mse",0.319506600677361
96,500,"class_x2","mae",0.41869155221544
96,500,"class_x2","mean_error",-0.00960756141112906
96,500,"class_x2","wrong_sign",0.00223333333333333
96,500,"class_x2","regret",0.00161839695999786
96,500,"class_x2","value_gain",0.447621933893438
96,500,"class_x2","oracle_gain",0.449240330853436
96,500,"class_x2","treatment_share",0.751833333333333
97,40,"ordinary_x1","mse",0.0225500136953605
97,40,"ordinary_x1","mae",0.108072283424684
97,40,"ordinary_x1","mean_error",-0.046433502931153
97,40,"ordinary_x1","wrong_sign",0.2251
97,40,"ordinary_x1","regret",0.022315876028388
97,40,"ordinary_x1","value_gain",0.428166552045377
97,40,"ordinary_x1","oracle_gain",0.450482428073765
97,40,"ordinary_x1","treatment_share",0.522666666666667
97,40,"ordinary_x2","mse",0.0119876019250673
97,40,"ordinary_x2","mae",0.07299062094155
97,40,"ordinary_x2","mean_error",-0.0493024427262739
97,40,"ordinary_x2","wrong_sign",0.0618333333333333
97,40,"ordinary_x2","regret",0.00577880210268624
97,40,"ordinary_x2","value_gain",0.444703625971079
97,40,"ordinary_x2","oracle_gain",0.450482428073765
97,40,"ordinary_x2","treatment_share",0.685933333333333
97,100,"ordinary_x1","mse",0.0599184339667389
97,100,"ordinary_x1","mae",0.225530949712249
97,100,"ordinary_x1","mean_error",-0.0484726606633632
97,100,"ordinary_x1","wrong_sign",0.2449
97,100,"ordinary_x1","regret",0.0245373520167063
97,100,"ordinary_x1","value_gain",0.425945076057059
97,100,"ordinary_x1","oracle_gain",0.450482428073765
97,100,"ordinary_x1","treatment_share",0.502866666666667
97,100,"ordinary_x2","mse",0.0295584626391158
97,100,"ordinary_x2","mae",0.144178473019767
97,100,"ordinary_x2","mean_error",-0.0483257976406175
97,100,"ordinary_x2","wrong_sign",0.0142666666666667
97,100,"ordinary_x2","regret",0.00195981096262652
97,100,"ordinary_x2","value_gain",0.448522617111138
97,100,"ordinary_x2","oracle_gain",0.450482428073765
97,100,"ordinary_x2","treatment_share",0.7335
97,250,"ordinary_x1","mse",0.130572045125314
97,250,"ordinary_x1","mae",0.352681968331705
97,250,"ordinary_x1","mean_error",-0.0485950333621851
97,250,"ordinary_x1","wrong_sign",0.2457
97,250,"ordinary_x1","regret",0.0246137827069281
97,250,"ordinary_x1","value_gain",0.425868645366837
97,250,"ordinary_x1","oracle_gain",0.450482428073765
97,250,"ordinary_x1","treatment_share",0.502066666666667
97,250,"ordinary_x2","mse",0.111813663948795
97,250,"ordinary_x2","mae",0.319224410685344
97,250,"ordinary_x2","mean_error",-0.0508941915708985
97,250,"ordinary_x2","wrong_sign",0.136533333333333
97,250,"ordinary_x2","regret",0.0398398628953448
97,250,"ordinary_x2","value_gain",0.41064256517842
97,250,"ordinary_x2","oracle_gain",0.450482428073765
97,250,"ordinary_x2","treatment_share",0.611233333333333
97,500,"ordinary_x1","mse",0.18248592170099
97,500,"ordinary_x1","mae",0.420182923659249
97,500,"ordinary_x1","mean_error",-0.0483191496293345
97,500,"ordinary_x1","wrong_sign",0.245733333333333
97,500,"ordinary_x1","regret",0.0246796450909065
97,500,"ordinary_x1","value_gain",0.425802782982859
97,500,"ordinary_x1","oracle_gain",0.450482428073765
97,500,"ordinary_x1","treatment_share",0.502166666666667
97,500,"ordinary_x2","mse",0.201321122287577
97,500,"ordinary_x2","mae",0.432205563988942
97,500,"ordinary_x2","mean_error",-0.0506563871451407
97,500,"ordinary_x2","wrong_sign",0.2453
97,500,"ordinary_x2","regret",0.0727730528305656
97,500,"ordinary_x2","value_gain",0.377709375243199
97,500,"ordinary_x2","oracle_gain",0.450482428073765
97,500,"ordinary_x2","treatment_share",0.502466666666667
97,500,"class_x1","mse",0.342340193594772
97,500,"class_x1","mae",0.439439527150684
97,500,"class_x1","mean_error",-0.0501905470423385
97,500,"class_x1","wrong_sign",0.0132666666666667
97,500,"class_x1","regret",0.00158626169428929
97,500,"class_x1","value_gain",0.448896166379476
97,500,"class_x1","oracle_gain",0.450482428073765
97,500,"class_x1","treatment_share",0.7345
97,500,"class_x2","mse",0.342340193594772
97,500,"class_x2","mae",0.439439527150684
97,500,"class_x2","mean_error",-0.0501905470423385
97,500,"class_x2","wrong_sign",0.0132666666666667
97,500,"class_x2","regret",0.00158626169428929
97,500,"class_x2","value_gain",0.448896166379476
97,500,"class_x2","oracle_gain",0.450482428073765
97,500,"class_x2","treatment_share",0.7345
98,40,"ordinary_x1","mse",0.0200865814124339
98,40,"ordinary_x1","mae",0.103973354884787
98,40,"ordinary_x1","mean_error",0.024081378772771
98,40,"ordinary_x1","wrong_sign",0.0337
98,40,"ordinary_x1","regret",0.00363873357136035
98,40,"ordinary_x1","value_gain",0.443448930540121
98,40,"ordinary_x1","oracle_gain",0.447087664111481
98,40,"ordinary_x1","treatment_share",0.713566666666667
98,40,"ordinary_x2","mse",0.0165069984515999
98,40,"ordinary_x2","mae",0.0819081095124521
98,40,"ordinary_x2","mean_error",0.0211128355571501
98,40,"ordinary_x2","wrong_sign",0.00836666666666667
98,40,"ordinary_x2","regret",0.00119891378378881
98,40,"ordinary_x2","value_gain",0.445888750327693
98,40,"ordinary_x2","oracle_gain",0.447087664111481
98,40,"ordinary_x2","treatment_share",0.7389
98,100,"ordinary_x1","mse",0.0568719871672778
98,100,"ordinary_x1","mae",0.22177724934661
98,100,"ordinary_x1","mean_error",0.0268102051912875
98,100,"ordinary_x1","wrong_sign",0.2372
98,100,"ordinary_x1","regret",0.0238785710341421
98,100,"ordinary_x1","value_gain",0.42320909307734
98,100,"ordinary_x1","oracle_gain",0.447087664111481
98,100,"ordinary_x1","treatment_share",0.5102
98,100,"ordinary_x2","mse",0.0445478340054104
98,100,"ordinary_x2","mae",0.188992570098477
98,100,"ordinary_x2","mean_error",0.0235537607467125
98,100,"ordinary_x2","wrong_sign",0.0103666666666667
98,100,"ordinary_x2","regret",0.00212580556679826
98,100,"ordinary_x2","value_gain",0.444961858544684
98,100,"ordinary_x2","oracle_gain",0.447087664111481
98,100,"ordinary_x2","treatment_share",0.7369
98,250,"ordinary_x1","mse",0.129122979305071
98,250,"ordinary_x1","mae",0.349179783745786
98,250,"ordinary_x1","mean_error",0.0293990585116338
98,250,"ordinary_x1","wrong_sign",0.2429
98,250,"ordinary_x1","regret",0.0246632678252055
98,250,"ordinary_x1","value_gain",0.422424396286275
98,250,"ordinary_x1","oracle_gain",0.447087664111481
98,250,"ordinary_x1","treatment_share",0.5053
98,250,"ordinary_x2","mse",0.135616474999788
98,250,"ordinary_x2","mae",0.359357011116504
98,250,"ordinary_x2","mean_error",0.0256477911960789
98,250,"ordinary_x2","wrong_sign",0.151066666666667
98,250,"ordinary_x2","regret",0.0446795722580039
98,250,"ordinary_x2","value_gain",0.402408091853477
98,250,"ordinary_x2","oracle_gain",0.447087664111481
98,250,"ordinary_x2","treatment_share",0.5962
98,500,"ordinary_x1","mse",0.178151711014285
98,500,"ordinary_x1","mae",0.411164493448211
98,500,"ordinary_x1","mean_error",0.0291391741881182
98,500,"ordinary_x1","wrong_sign",0.243866666666667
98,500,"ordinary_x1","regret",0.0248668109332638
98,500,"ordinary_x1","value_gain",0.422220853178217
98,500,"ordinary_x1","oracle_gain",0.447087664111481
98,500,"ordinary_x1","treatment_share",0.504533333333333
98,500,"ordinary_x2","mse",0.220302428386393
98,500,"ordinary_x2","mae",0.461107370465049
98,500,"ordinary_x2","mean_error",0.0292402418851962
98,500,"ordinary_x2","wrong_sign",0.2438
98,500,"ordinary_x2","regret",0.0725813823202329
98,500,"ordinary_x2","value_gain",0.374506281791249
98,500,"ordinary_x2","oracle_gain",0.447087664111481
98,500,"ordinary_x2","treatment_share",0.503466666666667
98,500,"class_x1","mse",0.3469198656384
98,500,"class_x1","mae",0.446072752493985
98,500,"class_x1","mean_error",0.0340325791091425
98,500,"class_x1","wrong_sign",0.00586666666666667
98,500,"class_x1","regret",0.00481837716808543
98,500,"class_x1","value_gain",0.442269286943396
98,500,"class_x1","oracle_gain",0.447087664111481
98,500,"class_x1","treatment_share",0.7508
98,500,"class_x2","mse",0.3469198656384
98,500,"class_x2","mae",0.446072752493985
98,500,"class_x2","mean_error",0.0340325791091425
98,500,"class_x2","wrong_sign",0.00586666666666667
98,500,"class_x2","regret",0.00481837716808543
98,500,"class_x2","value_gain",0.442269286943396
98,500,"class_x2","oracle_gain",0.447087664111481
98,500,"class_x2","treatment_share",0.7508
99,40,"ordinary_x1","mse",0.0524033813213685
99,40,"ordinary_x1","mae",0.19826693688416
99,40,"ordinary_x1","mean_error",0.00708993794524901
99,40,"ordinary_x1","wrong_sign",0.249066666666667
99,40,"ordinary_x1","regret",0.0252294228849685
99,40,"ordinary_x1","value_gain",0.422574175104775
99,40,"ordinary_x1","oracle_gain",0.447803597989743
99,40,"ordinary_x1","treatment_share",0.5004
99,40,"ordinary_x2","mse",0.0212479648329136
99,40,"ordinary_x2","mae",0.110398259668516
99,40,"ordinary_x2","mean_error",0.00730663079782474
99,40,"ordinary_x2","wrong_sign",0.0577333333333333
99,40,"ordinary_x2","regret",0.00590243023555416
99,40,"ordinary_x2","value_gain",0.441901167754189
99,40,"ordinary_x2","oracle_gain",0.447803597989743
99,40,"ordinary_x2","treatment_share",0.691733333333333
99,100,"ordinary_x1","mse",0.103967089702863
99,100,"ordinary_x1","mae",0.307738176716022
99,100,"ordinary_x1","mean_error",0.00410622828225015
99,100,"ordinary_x1","wrong_sign",0.250466666666667
99,100,"ordinary_x1","regret",0.0253126124515952
99,100,"ordinary_x1","value_gain",0.422490985538148
99,100,"ordinary_x1","oracle_gain",0.447803597989743
99,100,"ordinary_x1","treatment_share",0.499
99,100,"ordinary_x2","mse",0.0303840052533715
99,100,"ordinary_x2","mae",0.140473776142136
99,100,"ordinary_x2","mean_error",0.00498179941997858
99,100,"ordinary_x2","wrong_sign",0.0077
99,100,"ordinary_x2","regret",0.00113889803738176
99,100,"ordinary_x2","value_gain",0.446664699952361
99,100,"ordinary_x2","oracle_gain",0.447803597989743
99,100,"ordinary_x2","treatment_share",0.741766666666667
99,250,"ordinary_x1","mse",0.171959026089896
99,250,"ordinary_x1","mae",0.407089864630566
99,250,"ordinary_x1","mean_error",0.000967480107683085
99,250,"ordinary_x1","wrong_sign",0.250266666666667
99,250,"ordinary_x1","regret",0.0251044093870388
99,250,"ordinary_x1","value_gain",0.422699188602704
99,250,"ordinary_x1","oracle_gain",0.447803597989743
99,250,"ordinary_x1","treatment_share",0.4992
99,250,"ordinary_x2","mse",0.106846574366616
99,250,"ordinary_x2","mae",0.297950067391407
99,250,"ordinary_x2","mean_error",0.00215729106186765
99,250,"ordinary_x2","wrong_sign",0.00903333333333333
99,250,"ordinary_x2","regret",0.00226032361477072
99,250,"ordinary_x2","value_gain",0.445543274374972
99,250,"ordinary_x2","oracle_gain",0.447803597989743
99,250,"ordinary_x2","treatment_share",0.740433333333333
99,500,"ordinary_x1","mse",0.210713403580633
99,500,"ordinary_x1","mae",0.454352797385514
99,500,"ordinary_x1","mean_error",0.000507040123274152
99,500,"ordinary_x1","wrong_sign",0.2506
99,500,"ordinary_x1","regret",0.0254738797955091
99,500,"ordinary_x1","value_gain",0.422329718194233
99,500,"ordinary_x1","oracle_gain",0.447803597989743
99,500,"ordinary_x1","treatment_share",0.4998
99,500,"ordinary_x2","mse",0.20475784041887
99,500,"ordinary_x2","mae",0.420774784656769
99,500,"ordinary_x2","mean_error",0.00206226689922478
99,500,"ordinary_x2","wrong_sign",0.0353333333333333
99,500,"ordinary_x2","regret",0.0106066732460501
99,500,"ordinary_x2","value_gain",0.437196924743693
99,500,"ordinary_x2","oracle_gain",0.447803597989743
99,500,"ordinary_x2","treatment_share",0.7142
99,500,"class_x1","mse",0.35435401058901
99,500,"class_x1","mae",0.438096806198141
99,500,"class_x1","mean_error",-0.0025019365771716
99,500,"class_x1","wrong_sign",0.00126666666666667
99,500,"class_x1","regret",0.000909044819827311
99,500,"class_x1","value_gain",0.446894553169916
99,500,"class_x1","oracle_gain",0.447803597989743
99,500,"class_x1","treatment_share",0.7498
99,500,"class_x2","mse",0.35435401058901
99,500,"class_x2","mae",0.438096806198141
99,500,"class_x2","mean_error",-0.0025019365771716
99,500,"class_x2","wrong_sign",0.00126666666666667
99,500,"class_x2","regret",0.000909044819827311
99,500,"class_x2","value_gain",0.446894553169916
99,500,"class_x2","oracle_gain",0.447803597989743
99,500,"class_x2","treatment_share",0.7498
100,40,"ordinary_x1","mse",0.0671640128942052
100,40,"ordinary_x1","mae",0.227859199962486
100,40,"ordinary_x1","mean_error",0.02343011862013
100,40,"ordinary_x1","wrong_sign",0.1795
100,40,"ordinary_x1","regret",0.0179250246214836
100,40,"ordinary_x1","value_gain",0.43516972837662
100,40,"ordinary_x1","oracle_gain",0.453094752998103
100,40,"ordinary_x1","treatment_share",0.570833333333333
100,40,"ordinary_x2","mse",0.0406205923909643
100,40,"ordinary_x2","mae",0.164499283024659
100,40,"ordinary_x2","mean_error",0.0259625142802985
100,40,"ordinary_x2","wrong_sign",0.0356
100,40,"ordinary_x2","regret",0.00370337200155485
100,40,"ordinary_x2","value_gain",0.449391380996548
100,40,"ordinary_x2","oracle_gain",0.453094752998103
100,40,"ordinary_x2","treatment_share",0.714733333333333
100,100,"ordinary_x1","mse",0.117407804552891
100,100,"ordinary_x1","mae",0.327615630269805
100,100,"ordinary_x1","mean_error",0.0228762988669198
100,100,"ordinary_x1","wrong_sign",0.247533333333333
100,100,"ordinary_x1","regret",0.0248940306804646
100,100,"ordinary_x1","value_gain",0.428200722317638
100,100,"ordinary_x1","oracle_gain",0.453094752998103
100,100,"ordinary_x1","treatment_share",0.5028
100,100,"ordinary_x2","mse",0.0634881996335788
100,100,"ordinary_x2","mae",0.208302719314876
100,100,"ordinary_x2","mean_error",0.0221229068246762
100,100,"ordinary_x2","wrong_sign",0.00506666666666667
100,100,"ordinary_x2","regret",0.000804807180846901
100,100,"ordinary_x2","value_gain",0.452289945817256
100,100,"ordinary_x2","oracle_gain",0.453094752998103
100,100,"ordinary_x2","treatment_share",0.745266666666667
100,250,"ordinary_x1","mse",0.180034399666178
100,250,"ordinary_x1","mae",0.415684834828715
100,250,"ordinary_x1","mean_error",0.0214977633993865
100,250,"ordinary_x1","wrong_sign",0.250266666666667
100,250,"ordinary_x1","regret",0.0252582555633652
100,250,"ordinary_x1","value_gain",0.427836497434738
100,250,"ordinary_x1","oracle_gain",0.453094752998103
100,250,"ordinary_x1","treatment_share",0.500466666666667
100,250,"ordinary_x2","mse",0.150919236976477
100,250,"ordinary_x2","mae",0.344648337815626
100,250,"ordinary_x2","mean_error",0.0202401050729296
100,250,"ordinary_x2","wrong_sign",0.00293333333333333
100,250,"ordinary_x2","regret",0.00119295301903434
100,250,"ordinary_x2","value_gain",0.451901799979069
100,250,"ordinary_x2","oracle_gain",0.453094752998103
100,250,"ordinary_x2","treatment_share",0.748333333333333
100,500,"ordinary_x1","mse",0.222766812783915
100,500,"ordinary_x1","mae",0.463255665069055
100,500,"ordinary_x1","mean_error",0.0195006620504666
100,500,"ordinary_x1","wrong_sign",0.2506
100,500,"ordinary_x1","regret",0.0254434187551906
100,500,"ordinary_x1","value_gain",0.427651334242912
100,500,"ordinary_x1","oracle_gain",0.453094752998103
100,500,"ordinary_x1","treatment_share",0.500466666666667
100,500,"ordinary_x2","mse",0.241761238534924
100,500,"ordinary_x2","mae",0.446413225126526
100,500,"ordinary_x2","mean_error",0.0185382819963976
100,500,"ordinary_x2","wrong_sign",0.0061
100,500,"ordinary_x2","regret",0.0024196897752427
100,500,"ordinary_x2","value_gain",0.45067506322286
100,500,"ordinary_x2","oracle_gain",0.453094752998103
100,500,"ordinary_x2","treatment_share",0.7459
100,500,"class_x1","mse",0.393016939516019
100,500,"class_x1","mae",0.465556719153028
100,500,"class_x1","mean_error",0.0147106308422007
100,500,"class_x1","wrong_sign",0.00433333333333333
100,500,"class_x1","regret",0.00395311245602801
100,500,"class_x1","value_gain",0.449141640542075
100,500,"class_x1","oracle_gain",0.453094752998103
100,500,"class_x1","treatment_share",0.7538
100,500,"class_x2","mse",0.393016939516019
100,500,"class_x2","mae",0.465556719153028
100,500,"class_x2","mean_error",0.0147106308422007
100,500,"class_x2","wrong_sign",0.00433333333333333
100,500,"class_x2","regret",0.00395311245602801
100,500,"class_x2","value_gain",0.449141640542075
100,500,"class_x2","oracle_gain",0.453094752998103
100,500,"class_x2","treatment_share",0.7538
