replication,data_seed,forest_seed,second_forest_seed,comparison,metric,value
1,20270813,20290813,20310813,representation,cate_correlation,0.566485772585656
1,20270813,20290813,20310813,representation,cate_rank_correlation,0.784341863234158
1,20270813,20290813,20310813,representation,sign_reversal,0.446433333333333
1,20270813,20290813,20310813,representation,strong_reversal_010,0.251766666666667
1,20270813,20290813,20310813,representation,strong_reversal_025,0.0763333333333333
1,20270813,20290813,20310813,representation,reversal_given_true_margin_025,0.269926084246148
1,20270813,20290813,20310813,representation,mean_absolute_prediction_change,0.371776312415339
1,20270813,20290813,20310813,second_seed,cate_correlation,0.999401914112332
1,20270813,20290813,20310813,second_seed,cate_rank_correlation,0.985332075537036
1,20270813,20290813,20310813,second_seed,sign_reversal,0.000433333333333333
1,20270813,20290813,20310813,second_seed,strong_reversal_010,0
1,20270813,20290813,20310813,second_seed,strong_reversal_025,0
1,20270813,20290813,20310813,second_seed,reversal_given_true_margin_025,0.000267165375367352
1,20270813,20290813,20310813,second_seed,mean_absolute_prediction_change,0.0158047698583375
2,20270814,20290814,20310814,representation,cate_correlation,0.561599533694039
2,20270814,20290814,20310814,representation,cate_rank_correlation,0.787521858441691
2,20270814,20290814,20310814,representation,sign_reversal,0.470233333333333
2,20270814,20290814,20310814,representation,strong_reversal_010,0.255233333333333
2,20270814,20290814,20310814,representation,strong_reversal_025,0.00523333333333333
2,20270814,20290814,20310814,representation,reversal_given_true_margin_025,0.296732607246055
2,20270814,20290814,20310814,representation,mean_absolute_prediction_change,0.38445724119622
2,20270814,20290814,20310814,second_seed,cate_correlation,0.999387256910716
2,20270814,20290814,20310814,second_seed,cate_rank_correlation,0.981249921123611
2,20270814,20290814,20310814,second_seed,sign_reversal,0.00153333333333333
2,20270814,20290814,20310814,second_seed,strong_reversal_010,0
2,20270814,20290814,20310814,second_seed,strong_reversal_025,0
2,20270814,20290814,20310814,second_seed,reversal_given_true_margin_025,0.000177817292731718
2,20270814,20290814,20310814,second_seed,mean_absolute_prediction_change,0.0166967461623448
3,20270815,20290815,20310815,representation,cate_correlation,0.558274874032521
3,20270815,20290815,20310815,representation,cate_rank_correlation,0.770282174206091
3,20270815,20290815,20310815,representation,sign_reversal,0.4883
3,20270815,20290815,20310815,representation,strong_reversal_010,0.291433333333333
3,20270815,20290815,20310815,representation,strong_reversal_025,0.00296666666666667
3,20270815,20290815,20310815,representation,reversal_given_true_margin_025,0.320241286863271
3,20270815,20290815,20310815,representation,mean_absolute_prediction_change,0.393427263452727
3,20270815,20290815,20310815,second_seed,cate_correlation,0.99932304308842
3,20270815,20290815,20310815,second_seed,cate_rank_correlation,0.979204421833338
3,20270815,20290815,20310815,second_seed,sign_reversal,0.000766666666666667
3,20270815,20290815,20310815,second_seed,strong_reversal_010,0
3,20270815,20290815,20310815,second_seed,strong_reversal_025,0
3,20270815,20290815,20310815,second_seed,reversal_given_true_margin_025,8.93655049151028e-05
3,20270815,20290815,20310815,second_seed,mean_absolute_prediction_change,0.0174518523896229
4,20270816,20290816,20310816,representation,cate_correlation,0.586850595304433
4,20270816,20290816,20310816,representation,cate_rank_correlation,0.782598883810888
4,20270816,20290816,20310816,representation,sign_reversal,0.480866666666667
4,20270816,20290816,20310816,representation,strong_reversal_010,0.3104
4,20270816,20290816,20310816,representation,strong_reversal_025,0.2283
4,20270816,20290816,20310816,representation,reversal_given_true_margin_025,0.308379242935845
4,20270816,20290816,20310816,representation,mean_absolute_prediction_change,0.404258500614267
4,20270816,20290816,20310816,second_seed,cate_correlation,0.999513116516171
4,20270816,20290816,20310816,second_seed,cate_rank_correlation,0.982704652906116
4,20270816,20290816,20310816,second_seed,sign_reversal,0.000266666666666667
4,20270816,20290816,20310816,second_seed,strong_reversal_010,0
4,20270816,20290816,20310816,second_seed,strong_reversal_025,0
4,20270816,20290816,20310816,second_seed,reversal_given_true_margin_025,8.88572951839346e-05
4,20270816,20290816,20310816,second_seed,mean_absolute_prediction_change,0.0155097335132144
5,20270817,20290817,20310817,representation,cate_correlation,0.567885196666603
5,20270817,20290817,20310817,representation,cate_rank_correlation,0.779529419930588
5,20270817,20290817,20310817,representation,sign_reversal,0.481666666666667
5,20270817,20290817,20310817,representation,strong_reversal_010,0.451666666666667
5,20270817,20290817,20310817,representation,strong_reversal_025,0.2475
5,20270817,20290817,20310817,representation,reversal_given_true_margin_025,0.31335052921818
5,20270817,20290817,20310817,representation,mean_absolute_prediction_change,0.414035977281078
5,20270817,20290817,20310817,second_seed,cate_correlation,0.99952370591928
5,20270817,20290817,20310817,second_seed,cate_rank_correlation,0.981676030618307
5,20270817,20290817,20310817,second_seed,sign_reversal,0.000466666666666667
5,20270817,20290817,20310817,second_seed,strong_reversal_010,0
5,20270817,20290817,20310817,second_seed,strong_reversal_025,0
5,20270817,20290817,20310817,second_seed,reversal_given_true_margin_025,0.00057813750778262
5,20270817,20290817,20310817,second_seed,mean_absolute_prediction_change,0.015785759152736
6,20270818,20290818,20310818,representation,cate_correlation,0.538679378142351
6,20270818,20290818,20310818,representation,cate_rank_correlation,0.778854337634727
6,20270818,20290818,20310818,representation,sign_reversal,0.4834
6,20270818,20290818,20310818,representation,strong_reversal_010,0.356666666666667
6,20270818,20290818,20310818,representation,strong_reversal_025,0.0247666666666667
6,20270818,20290818,20310818,representation,reversal_given_true_margin_025,0.314084255622992
6,20270818,20290818,20310818,representation,mean_absolute_prediction_change,0.355509076038246
6,20270818,20290818,20310818,second_seed,cate_correlation,0.999376029312156
6,20270818,20290818,20310818,second_seed,cate_rank_correlation,0.97940096040289
6,20270818,20290818,20310818,second_seed,sign_reversal,6e-04
6,20270818,20290818,20310818,second_seed,strong_reversal_010,0
6,20270818,20290818,20310818,second_seed,strong_reversal_025,0
6,20270818,20290818,20310818,second_seed,reversal_given_true_margin_025,0.000133880756872546
6,20270818,20290818,20310818,second_seed,mean_absolute_prediction_change,0.015891663462697
7,20270819,20290819,20310819,representation,cate_correlation,0.598079788658938
7,20270819,20290819,20310819,representation,cate_rank_correlation,0.781130891947923
7,20270819,20290819,20310819,representation,sign_reversal,0.3042
7,20270819,20290819,20310819,representation,strong_reversal_010,0.239766666666667
7,20270819,20290819,20310819,representation,strong_reversal_025,0.212833333333333
7,20270819,20290819,20310819,representation,reversal_given_true_margin_025,0.0837628865979381
7,20270819,20290819,20310819,representation,mean_absolute_prediction_change,0.413036952759047
7,20270819,20290819,20310819,second_seed,cate_correlation,0.999534727328416
7,20270819,20290819,20310819,second_seed,cate_rank_correlation,0.979658307071176
7,20270819,20290819,20310819,second_seed,sign_reversal,0.000666666666666667
7,20270819,20290819,20310819,second_seed,strong_reversal_010,0
7,20270819,20290819,20310819,second_seed,strong_reversal_025,0
7,20270819,20290819,20310819,second_seed,reversal_given_true_margin_025,0.00053323853537149
7,20270819,20290819,20310819,second_seed,mean_absolute_prediction_change,0.0155659997441859
8,20270820,20290820,20310820,representation,cate_correlation,0.560220746445668
8,20270820,20290820,20310820,representation,cate_rank_correlation,0.772919615570355
8,20270820,20290820,20310820,representation,sign_reversal,0.4598
8,20270820,20290820,20310820,representation,strong_reversal_010,0.248633333333333
8,20270820,20290820,20310820,representation,strong_reversal_025,0.146166666666667
8,20270820,20290820,20310820,representation,reversal_given_true_margin_025,0.28226779252111
8,20270820,20290820,20310820,representation,mean_absolute_prediction_change,0.396987504769498
8,20270820,20290820,20310820,second_seed,cate_correlation,0.9994788309953
8,20270820,20290820,20310820,second_seed,cate_rank_correlation,0.981128665095032
8,20270820,20290820,20310820,second_seed,sign_reversal,2e-04
8,20270820,20290820,20310820,second_seed,strong_reversal_010,0
8,20270820,20290820,20310820,second_seed,strong_reversal_025,0
8,20270820,20290820,20310820,second_seed,reversal_given_true_margin_025,8.93535272304874e-05
8,20270820,20290820,20310820,second_seed,mean_absolute_prediction_change,0.0156321761846999
9,20270821,20290821,20310821,representation,cate_correlation,0.537454549927026
9,20270821,20290821,20310821,representation,cate_rank_correlation,0.781186025983096
9,20270821,20290821,20310821,representation,sign_reversal,0.485733333333333
9,20270821,20290821,20310821,representation,strong_reversal_010,0.4682
9,20270821,20290821,20310821,representation,strong_reversal_025,0.0108
9,20270821,20290821,20310821,representation,reversal_given_true_margin_025,0.336599423631124
9,20270821,20290821,20310821,representation,mean_absolute_prediction_change,0.378713868863531
9,20270821,20290821,20310821,second_seed,cate_correlation,0.999351130997642
9,20270821,20290821,20310821,second_seed,cate_rank_correlation,0.981584469267538
9,20270821,20290821,20310821,second_seed,sign_reversal,0.00263333333333333
9,20270821,20290821,20310821,second_seed,strong_reversal_010,0
9,20270821,20290821,20310821,second_seed,strong_reversal_025,0
9,20270821,20290821,20310821,second_seed,reversal_given_true_margin_025,4.43360673908224e-05
9,20270821,20290821,20310821,second_seed,mean_absolute_prediction_change,0.0156507834527733
10,20270822,20290822,20310822,representation,cate_correlation,0.611323581579167
10,20270822,20290822,20310822,representation,cate_rank_correlation,0.786780077322645
10,20270822,20290822,20310822,representation,sign_reversal,0.480666666666667
10,20270822,20290822,20310822,representation,strong_reversal_010,0.256133333333333
10,20270822,20290822,20310822,representation,strong_reversal_025,0.1357
10,20270822,20290822,20310822,representation,reversal_given_true_margin_025,0.307521040210179
10,20270822,20290822,20310822,representation,mean_absolute_prediction_change,0.420303104107625
10,20270822,20290822,20310822,second_seed,cate_correlation,0.999427151729524
10,20270822,20290822,20310822,second_seed,cate_rank_correlation,0.978195247375328
10,20270822,20290822,20310822,second_seed,sign_reversal,1e-04
10,20270822,20290822,20310822,second_seed,strong_reversal_010,0
10,20270822,20290822,20310822,second_seed,strong_reversal_025,0
10,20270822,20290822,20310822,second_seed,reversal_given_true_margin_025,0
10,20270822,20290822,20310822,second_seed,mean_absolute_prediction_change,0.0183983506895648
11,20270823,20290823,20310823,representation,cate_correlation,0.578847516366243
11,20270823,20290823,20310823,representation,cate_rank_correlation,0.778985900404207
11,20270823,20290823,20310823,representation,sign_reversal,0.390066666666667
11,20270823,20290823,20310823,representation,strong_reversal_010,0.245833333333333
11,20270823,20290823,20310823,representation,strong_reversal_025,0.0189
11,20270823,20290823,20310823,representation,reversal_given_true_margin_025,0.191916941449069
11,20270823,20290823,20310823,representation,mean_absolute_prediction_change,0.365518016577843
11,20270823,20290823,20310823,second_seed,cate_correlation,0.999279198983891
11,20270823,20290823,20310823,second_seed,cate_rank_correlation,0.981784838425539
11,20270823,20290823,20310823,second_seed,sign_reversal,8e-04
11,20270823,20290823,20310823,second_seed,strong_reversal_010,0
11,20270823,20290823,20310823,second_seed,strong_reversal_025,0
11,20270823,20290823,20310823,second_seed,reversal_given_true_margin_025,0.000222796542197665
11,20270823,20290823,20310823,second_seed,mean_absolute_prediction_change,0.0174747379492897
12,20270824,20290824,20310824,representation,cate_correlation,0.554288095945087
12,20270824,20290824,20310824,representation,cate_rank_correlation,0.777972558823525
12,20270824,20290824,20310824,representation,sign_reversal,0.482466666666667
12,20270824,20290824,20310824,representation,strong_reversal_010,0.4564
12,20270824,20290824,20310824,representation,strong_reversal_025,0.0108
12,20270824,20290824,20310824,representation,reversal_given_true_margin_025,0.328828027743198
12,20270824,20290824,20310824,representation,mean_absolute_prediction_change,0.398107781536703
12,20270824,20290824,20310824,second_seed,cate_correlation,0.999344290048374
12,20270824,20290824,20310824,second_seed,cate_rank_correlation,0.980295371881661
12,20270824,20290824,20310824,second_seed,sign_reversal,0.00223333333333333
12,20270824,20290824,20310824,second_seed,strong_reversal_010,0
12,20270824,20290824,20310824,second_seed,strong_reversal_025,0
12,20270824,20290824,20310824,second_seed,reversal_given_true_margin_025,0.000222301262671172
12,20270824,20290824,20310824,second_seed,mean_absolute_prediction_change,0.0167270150543738
13,20270825,20290825,20310825,representation,cate_correlation,0.570984726917818
13,20270825,20290825,20310825,representation,cate_rank_correlation,0.783235133063595
13,20270825,20290825,20310825,representation,sign_reversal,0.467466666666667
13,20270825,20290825,20310825,representation,strong_reversal_010,0.260466666666667
13,20270825,20290825,20310825,representation,strong_reversal_025,0.00403333333333333
13,20270825,20290825,20310825,representation,reversal_given_true_margin_025,0.294739178690344
13,20270825,20290825,20310825,representation,mean_absolute_prediction_change,0.371666461006421
13,20270825,20290825,20310825,second_seed,cate_correlation,0.999469097479108
13,20270825,20290825,20310825,second_seed,cate_rank_correlation,0.981077467773197
13,20270825,20290825,20310825,second_seed,sign_reversal,0.000466666666666667
13,20270825,20290825,20310825,second_seed,strong_reversal_010,0
13,20270825,20290825,20310825,second_seed,strong_reversal_025,0
13,20270825,20290825,20310825,second_seed,reversal_given_true_margin_025,0.000355160932297447
13,20270825,20290825,20310825,second_seed,mean_absolute_prediction_change,0.0148308389302655
14,20270826,20290826,20310826,representation,cate_correlation,0.567652130318405
14,20270826,20290826,20310826,representation,cate_rank_correlation,0.781989227907988
14,20270826,20290826,20310826,representation,sign_reversal,0.449033333333333
14,20270826,20290826,20310826,representation,strong_reversal_010,0.259733333333333
14,20270826,20290826,20310826,representation,strong_reversal_025,0.1025
14,20270826,20290826,20310826,representation,reversal_given_true_margin_025,0.265080144662232
14,20270826,20290826,20310826,representation,mean_absolute_prediction_change,0.437945556255499
14,20270826,20290826,20310826,second_seed,cate_correlation,0.999566760419246
14,20270826,20290826,20310826,second_seed,cate_rank_correlation,0.981467311834964
14,20270826,20290826,20310826,second_seed,sign_reversal,4e-04
14,20270826,20290826,20310826,second_seed,strong_reversal_010,0
14,20270826,20290826,20310826,second_seed,strong_reversal_025,0
14,20270826,20290826,20310826,second_seed,reversal_given_true_margin_025,0
14,20270826,20290826,20310826,second_seed,mean_absolute_prediction_change,0.0155619847070026
15,20270827,20290827,20310827,representation,cate_correlation,0.574410182659321
15,20270827,20290827,20310827,representation,cate_rank_correlation,0.76243928922671
15,20270827,20290827,20310827,representation,sign_reversal,0.494433333333333
15,20270827,20290827,20310827,representation,strong_reversal_010,0.422166666666667
15,20270827,20290827,20310827,representation,strong_reversal_025,0.222966666666667
15,20270827,20290827,20310827,representation,reversal_given_true_margin_025,0.340550133096717
15,20270827,20290827,20310827,representation,mean_absolute_prediction_change,0.417220845068708
15,20270827,20290827,20310827,second_seed,cate_correlation,0.999542246615414
15,20270827,20290827,20310827,second_seed,cate_rank_correlation,0.976327573365697
15,20270827,20290827,20310827,second_seed,sign_reversal,0.0018
15,20270827,20290827,20310827,second_seed,strong_reversal_010,0
15,20270827,20290827,20310827,second_seed,strong_reversal_025,0
15,20270827,20290827,20310827,second_seed,reversal_given_true_margin_025,0.000576752440106477
15,20270827,20290827,20310827,second_seed,mean_absolute_prediction_change,0.0154189458864304
16,20270828,20290828,20310828,representation,cate_correlation,0.58103636492014
16,20270828,20290828,20310828,representation,cate_rank_correlation,0.776532886600592
16,20270828,20290828,20310828,representation,sign_reversal,0.4846
16,20270828,20290828,20310828,representation,strong_reversal_010,0.468166666666667
16,20270828,20290828,20310828,representation,strong_reversal_025,0.142033333333333
16,20270828,20290828,20310828,representation,reversal_given_true_margin_025,0.324375774747654
16,20270828,20290828,20310828,representation,mean_absolute_prediction_change,0.384947123160488
16,20270828,20290828,20310828,second_seed,cate_correlation,0.99947569281394
16,20270828,20290828,20310828,second_seed,cate_rank_correlation,0.978494275264549
16,20270828,20290828,20310828,second_seed,sign_reversal,0.000533333333333333
16,20270828,20290828,20310828,second_seed,strong_reversal_010,0
16,20270828,20290828,20310828,second_seed,strong_reversal_025,0
16,20270828,20290828,20310828,second_seed,reversal_given_true_margin_025,0.000132813883477953
16,20270828,20290828,20310828,second_seed,mean_absolute_prediction_change,0.016126292963957
17,20270829,20290829,20310829,representation,cate_correlation,0.588858257599928
17,20270829,20290829,20310829,representation,cate_rank_correlation,0.789186218320874
17,20270829,20290829,20310829,representation,sign_reversal,0.481833333333333
17,20270829,20290829,20310829,representation,strong_reversal_010,0.358266666666667
17,20270829,20290829,20310829,representation,strong_reversal_025,0.231333333333333
17,20270829,20290829,20310829,representation,reversal_given_true_margin_025,0.313948346010968
17,20270829,20290829,20310829,representation,mean_absolute_prediction_change,0.434881537004785
17,20270829,20290829,20310829,second_seed,cate_correlation,0.999525884306807
17,20270829,20290829,20310829,second_seed,cate_rank_correlation,0.985357642845064
17,20270829,20290829,20310829,second_seed,sign_reversal,0.000733333333333333
17,20270829,20290829,20310829,second_seed,strong_reversal_010,0
17,20270829,20290829,20310829,second_seed,strong_reversal_025,0
17,20270829,20290829,20310829,second_seed,reversal_given_true_margin_025,0.000574915973819211
17,20270829,20290829,20310829,second_seed,mean_absolute_prediction_change,0.016848226822104
18,20270830,20290830,20310830,representation,cate_correlation,0.549879981945638
18,20270830,20290830,20310830,representation,cate_rank_correlation,0.766397392929775
18,20270830,20290830,20310830,representation,sign_reversal,0.4605
18,20270830,20290830,20310830,representation,strong_reversal_010,0.260933333333333
18,20270830,20290830,20310830,representation,strong_reversal_025,0.0117666666666667
18,20270830,20290830,20310830,representation,reversal_given_true_margin_025,0.277797672336616
18,20270830,20290830,20310830,representation,mean_absolute_prediction_change,0.398263904480322
18,20270830,20290830,20310830,second_seed,cate_correlation,0.999467595756916
18,20270830,20290830,20310830,second_seed,cate_rank_correlation,0.983494109178549
18,20270830,20290830,20310830,second_seed,sign_reversal,0.000133333333333333
18,20270830,20290830,20310830,second_seed,strong_reversal_010,0
18,20270830,20290830,20310830,second_seed,strong_reversal_025,0
18,20270830,20290830,20310830,second_seed,reversal_given_true_margin_025,0
18,20270830,20290830,20310830,second_seed,mean_absolute_prediction_change,0.0157095398326104
19,20270831,20290831,20310831,representation,cate_correlation,0.545550114575839
19,20270831,20290831,20310831,representation,cate_rank_correlation,0.778845887062273
19,20270831,20290831,20310831,representation,sign_reversal,0.473533333333333
19,20270831,20290831,20310831,representation,strong_reversal_010,0.139366666666667
19,20270831,20290831,20310831,representation,strong_reversal_025,6.66666666666667e-05
19,20270831,20290831,20310831,representation,reversal_given_true_margin_025,0.312
19,20270831,20290831,20310831,representation,mean_absolute_prediction_change,0.368266131402204
19,20270831,20290831,20310831,second_seed,cate_correlation,0.999292311227307
19,20270831,20290831,20310831,second_seed,cate_rank_correlation,0.984276573429196
19,20270831,20290831,20310831,second_seed,sign_reversal,0.000633333333333333
19,20270831,20290831,20310831,second_seed,strong_reversal_010,0
19,20270831,20290831,20310831,second_seed,strong_reversal_025,0
19,20270831,20290831,20310831,second_seed,reversal_given_true_margin_025,8.88888888888889e-05
19,20270831,20290831,20310831,second_seed,mean_absolute_prediction_change,0.0168020024135758
20,20270832,20290832,20310832,representation,cate_correlation,0.580874649788677
20,20270832,20290832,20310832,representation,cate_rank_correlation,0.777666480784518
20,20270832,20290832,20310832,representation,sign_reversal,0.463533333333333
20,20270832,20290832,20310832,representation,strong_reversal_010,0.275066666666667
20,20270832,20290832,20310832,representation,strong_reversal_025,0.188433333333333
20,20270832,20290832,20310832,representation,reversal_given_true_margin_025,0.294033964612786
20,20270832,20290832,20310832,representation,mean_absolute_prediction_change,0.378833630527241
20,20270832,20290832,20310832,second_seed,cate_correlation,0.999471617417113
20,20270832,20290832,20310832,second_seed,cate_rank_correlation,0.983489665949655
20,20270832,20290832,20310832,second_seed,sign_reversal,0.0023
20,20270832,20290832,20310832,second_seed,strong_reversal_010,0
20,20270832,20290832,20310832,second_seed,strong_reversal_025,0
20,20270832,20290832,20310832,second_seed,reversal_given_true_margin_025,0.000755757090779764
20,20270832,20290832,20310832,second_seed,mean_absolute_prediction_change,0.0159300061264269
21,20270833,20290833,20310833,representation,cate_correlation,0.569533568229393
21,20270833,20290833,20310833,representation,cate_rank_correlation,0.775847743963831
21,20270833,20290833,20310833,representation,sign_reversal,0.479633333333333
21,20270833,20290833,20310833,representation,strong_reversal_010,0.291066666666667
21,20270833,20290833,20310833,representation,strong_reversal_025,0.200166666666667
21,20270833,20290833,20310833,representation,reversal_given_true_margin_025,0.314460664684741
21,20270833,20290833,20310833,representation,mean_absolute_prediction_change,0.38289522579057
21,20270833,20290833,20310833,second_seed,cate_correlation,0.999451751764806
21,20270833,20290833,20310833,second_seed,cate_rank_correlation,0.977664936323628
21,20270833,20290833,20310833,second_seed,sign_reversal,0.000633333333333333
21,20270833,20290833,20310833,second_seed,strong_reversal_010,0
21,20270833,20290833,20310833,second_seed,strong_reversal_025,0
21,20270833,20290833,20310833,second_seed,reversal_given_true_margin_025,0.000354971824111461
21,20270833,20290833,20310833,second_seed,mean_absolute_prediction_change,0.0167215046555781
22,20270834,20290834,20310834,representation,cate_correlation,0.569402806887589
22,20270834,20290834,20310834,representation,cate_rank_correlation,0.774313521051015
22,20270834,20290834,20310834,representation,sign_reversal,0.3982
22,20270834,20290834,20310834,representation,strong_reversal_010,0.263066666666667
22,20270834,20290834,20310834,representation,strong_reversal_025,0.0168333333333333
22,20270834,20290834,20310834,representation,reversal_given_true_margin_025,0.200997195387971
22,20270834,20290834,20310834,representation,mean_absolute_prediction_change,0.388089988975429
22,20270834,20290834,20310834,second_seed,cate_correlation,0.99949101259961
22,20270834,20290834,20310834,second_seed,cate_rank_correlation,0.981335845814818
22,20270834,20290834,20310834,second_seed,sign_reversal,0.000533333333333333
22,20270834,20290834,20310834,second_seed,strong_reversal_010,0
22,20270834,20290834,20310834,second_seed,strong_reversal_025,0
22,20270834,20290834,20310834,second_seed,reversal_given_true_margin_025,0.000311623558741041
22,20270834,20290834,20310834,second_seed,mean_absolute_prediction_change,0.0151394615828205
23,20270835,20290835,20310835,representation,cate_correlation,0.600770722898445
23,20270835,20290835,20310835,representation,cate_rank_correlation,0.783254299386283
23,20270835,20290835,20310835,representation,sign_reversal,0.3941
23,20270835,20290835,20310835,representation,strong_reversal_010,0.249066666666667
23,20270835,20290835,20310835,representation,strong_reversal_025,0.2076
23,20270835,20290835,20310835,representation,reversal_given_true_margin_025,0.195018901489882
23,20270835,20290835,20310835,representation,mean_absolute_prediction_change,0.410995147326367
23,20270835,20290835,20310835,second_seed,cate_correlation,0.99955523162928
23,20270835,20290835,20310835,second_seed,cate_rank_correlation,0.983293463992548
23,20270835,20290835,20310835,second_seed,sign_reversal,0.000833333333333333
23,20270835,20290835,20310835,second_seed,strong_reversal_010,0
23,20270835,20290835,20310835,second_seed,strong_reversal_025,0
23,20270835,20290835,20310835,second_seed,reversal_given_true_margin_025,0.000800533689126084
23,20270835,20290835,20310835,second_seed,mean_absolute_prediction_change,0.0163222616141572
24,20270836,20290836,20310836,representation,cate_correlation,0.553004609380597
24,20270836,20290836,20310836,representation,cate_rank_correlation,0.762488920506321
24,20270836,20290836,20310836,representation,sign_reversal,0.476566666666667
24,20270836,20290836,20310836,representation,strong_reversal_010,0.234133333333333
24,20270836,20290836,20310836,representation,strong_reversal_025,0.0190666666666667
24,20270836,20290836,20310836,representation,reversal_given_true_margin_025,0.31963429390938
24,20270836,20290836,20310836,representation,mean_absolute_prediction_change,0.375955408590731
24,20270836,20290836,20310836,second_seed,cate_correlation,0.999329060261993
24,20270836,20290836,20310836,second_seed,cate_rank_correlation,0.984801152337779
24,20270836,20290836,20310836,second_seed,sign_reversal,0.00376666666666667
24,20270836,20290836,20310836,second_seed,strong_reversal_010,0
24,20270836,20290836,20310836,second_seed,strong_reversal_025,0
24,20270836,20290836,20310836,second_seed,reversal_given_true_margin_025,0.000134450768610227
24,20270836,20290836,20310836,second_seed,mean_absolute_prediction_change,0.017258967461249
25,20270837,20290837,20310837,representation,cate_correlation,0.557773672570744
25,20270837,20290837,20310837,representation,cate_rank_correlation,0.777791165196657
25,20270837,20290837,20310837,representation,sign_reversal,0.472033333333333
25,20270837,20290837,20310837,representation,strong_reversal_010,0.304733333333333
25,20270837,20290837,20310837,representation,strong_reversal_025,0.2287
25,20270837,20290837,20310837,representation,reversal_given_true_margin_025,0.30391155707499
25,20270837,20290837,20310837,representation,mean_absolute_prediction_change,0.364228549293133
25,20270837,20290837,20310837,second_seed,cate_correlation,0.999388704970654
25,20270837,20290837,20310837,second_seed,cate_rank_correlation,0.979771993035302
25,20270837,20290837,20310837,second_seed,sign_reversal,0.00116666666666667
25,20270837,20290837,20310837,second_seed,strong_reversal_010,0
25,20270837,20290837,20310837,second_seed,strong_reversal_025,0
25,20270837,20290837,20310837,second_seed,reversal_given_true_margin_025,4.43990587399547e-05
25,20270837,20290837,20310837,second_seed,mean_absolute_prediction_change,0.0163015334418977
26,20270838,20290838,20310838,representation,cate_correlation,0.574174164047622
26,20270838,20290838,20310838,representation,cate_rank_correlation,0.777410048357122
26,20270838,20290838,20310838,representation,sign_reversal,0.477933333333333
26,20270838,20290838,20310838,representation,strong_reversal_010,0.2566
26,20270838,20290838,20310838,representation,strong_reversal_025,0.0450666666666667
26,20270838,20290838,20310838,representation,reversal_given_true_margin_025,0.314627291787483
26,20270838,20290838,20310838,representation,mean_absolute_prediction_change,0.382569507815194
26,20270838,20290838,20310838,second_seed,cate_correlation,0.999409371683202
26,20270838,20290838,20310838,second_seed,cate_rank_correlation,0.983737810167709
26,20270838,20290838,20310838,second_seed,sign_reversal,2e-04
26,20270838,20290838,20310838,second_seed,strong_reversal_010,0
26,20270838,20290838,20310838,second_seed,strong_reversal_025,0
26,20270838,20290838,20310838,second_seed,reversal_given_true_margin_025,0.000133827006289869
26,20270838,20290838,20310838,second_seed,mean_absolute_prediction_change,0.0163646794512382
27,20270839,20290839,20310839,representation,cate_correlation,0.586319785848277
27,20270839,20290839,20310839,representation,cate_rank_correlation,0.780837472970264
27,20270839,20290839,20310839,representation,sign_reversal,0.415966666666667
27,20270839,20290839,20310839,representation,strong_reversal_010,0.2582
27,20270839,20290839,20310839,representation,strong_reversal_025,0.2284
27,20270839,20290839,20310839,representation,reversal_given_true_margin_025,0.224503399546727
27,20270839,20290839,20310839,representation,mean_absolute_prediction_change,0.38628734774149
27,20270839,20290839,20310839,second_seed,cate_correlation,0.999502766565433
27,20270839,20290839,20310839,second_seed,cate_rank_correlation,0.979245011228939
27,20270839,20290839,20310839,second_seed,sign_reversal,0.000133333333333333
27,20270839,20290839,20310839,second_seed,strong_reversal_010,0
27,20270839,20290839,20310839,second_seed,strong_reversal_025,0
27,20270839,20290839,20310839,second_seed,reversal_given_true_margin_025,8.88770386170733e-05
27,20270839,20290839,20310839,second_seed,mean_absolute_prediction_change,0.0156913516465547
28,20270840,20290840,20310840,representation,cate_correlation,0.557489233054785
28,20270840,20290840,20310840,representation,cate_rank_correlation,0.785152269307947
28,20270840,20290840,20310840,representation,sign_reversal,0.485566666666667
28,20270840,20290840,20310840,representation,strong_reversal_010,0.372066666666667
28,20270840,20290840,20310840,representation,strong_reversal_025,0.227933333333333
28,20270840,20290840,20310840,representation,reversal_given_true_margin_025,0.322893064996224
28,20270840,20290840,20310840,representation,mean_absolute_prediction_change,0.404047831062204
28,20270840,20290840,20310840,second_seed,cate_correlation,0.999511998153545
28,20270840,20290840,20310840,second_seed,cate_rank_correlation,0.978629549939366
28,20270840,20290840,20310840,second_seed,sign_reversal,0.000233333333333333
28,20270840,20290840,20310840,second_seed,strong_reversal_010,0
28,20270840,20290840,20310840,second_seed,strong_reversal_025,0
28,20270840,20290840,20310840,second_seed,reversal_given_true_margin_025,0.000177706695099738
28,20270840,20290840,20310840,second_seed,mean_absolute_prediction_change,0.0152965906169683
29,20270841,20290841,20310841,representation,cate_correlation,0.557678375013163
29,20270841,20290841,20310841,representation,cate_rank_correlation,0.788721237723024
29,20270841,20290841,20310841,representation,sign_reversal,0.484166666666667
29,20270841,20290841,20310841,representation,strong_reversal_010,0.454466666666667
29,20270841,20290841,20310841,representation,strong_reversal_025,0.1225
29,20270841,20290841,20310841,representation,reversal_given_true_margin_025,0.321789193976971
29,20270841,20290841,20310841,representation,mean_absolute_prediction_change,0.392985653711755
29,20270841,20290841,20310841,second_seed,cate_correlation,0.999486705791101
29,20270841,20290841,20310841,second_seed,cate_rank_correlation,0.984846727657385
29,20270841,20290841,20310841,second_seed,sign_reversal,0.0016
29,20270841,20290841,20310841,second_seed,strong_reversal_010,0
29,20270841,20290841,20310841,second_seed,strong_reversal_025,0
29,20270841,20290841,20310841,second_seed,reversal_given_true_margin_025,0.000221434898139947
29,20270841,20290841,20310841,second_seed,mean_absolute_prediction_change,0.0156171670920844
30,20270842,20290842,20310842,representation,cate_correlation,0.557063388494973
30,20270842,20290842,20310842,representation,cate_rank_correlation,0.772662116630513
30,20270842,20290842,20310842,representation,sign_reversal,0.4977
30,20270842,20290842,20310842,representation,strong_reversal_010,0.484266666666667
30,20270842,20290842,20310842,representation,strong_reversal_025,0.0205
30,20270842,20290842,20310842,representation,reversal_given_true_margin_025,0.331834972628955
30,20270842,20290842,20310842,representation,mean_absolute_prediction_change,0.378896752945252
30,20270842,20290842,20310842,second_seed,cate_correlation,0.999370832274462
30,20270842,20290842,20310842,second_seed,cate_rank_correlation,0.981222510646247
30,20270842,20290842,20310842,second_seed,sign_reversal,0.000433333333333333
30,20270842,20290842,20310842,second_seed,strong_reversal_010,0
30,20270842,20290842,20310842,second_seed,strong_reversal_025,0
30,20270842,20290842,20310842,second_seed,reversal_given_true_margin_025,0.000178023053985491
30,20270842,20290842,20310842,second_seed,mean_absolute_prediction_change,0.0169858183050238
31,20270843,20290843,20310843,representation,cate_correlation,0.574038982877742
31,20270843,20290843,20310843,representation,cate_rank_correlation,0.785113732119015
31,20270843,20290843,20310843,representation,sign_reversal,0.434033333333333
31,20270843,20290843,20310843,representation,strong_reversal_010,0.2558
31,20270843,20290843,20310843,representation,strong_reversal_025,0.151366666666667
31,20270843,20290843,20310843,representation,reversal_given_true_margin_025,0.24929634097306
31,20270843,20290843,20310843,representation,mean_absolute_prediction_change,0.381957915882924
31,20270843,20290843,20310843,second_seed,cate_correlation,0.999413586929366
31,20270843,20290843,20310843,second_seed,cate_rank_correlation,0.985905728348784
31,20270843,20290843,20310843,second_seed,sign_reversal,0.000266666666666667
31,20270843,20290843,20310843,second_seed,strong_reversal_010,0
31,20270843,20290843,20310843,second_seed,strong_reversal_025,0
31,20270843,20290843,20310843,second_seed,reversal_given_true_margin_025,0.000268060581691462
31,20270843,20290843,20310843,second_seed,mean_absolute_prediction_change,0.0163305451144323
32,20270844,20290844,20310844,representation,cate_correlation,0.548615463961427
32,20270844,20290844,20310844,representation,cate_rank_correlation,0.782395606360884
32,20270844,20290844,20310844,representation,sign_reversal,0.491566666666667
32,20270844,20290844,20310844,representation,strong_reversal_010,0.4695
32,20270844,20290844,20310844,representation,strong_reversal_025,0.0619
32,20270844,20290844,20310844,representation,reversal_given_true_margin_025,0.332090214881904
32,20270844,20290844,20310844,representation,mean_absolute_prediction_change,0.36375771561824
32,20270844,20290844,20310844,second_seed,cate_correlation,0.999259270545548
32,20270844,20290844,20310844,second_seed,cate_rank_correlation,0.979661350338735
32,20270844,20290844,20310844,second_seed,sign_reversal,0.000866666666666667
32,20270844,20290844,20310844,second_seed,strong_reversal_010,0
32,20270844,20290844,20310844,second_seed,strong_reversal_025,0
32,20270844,20290844,20310844,second_seed,reversal_given_true_margin_025,4.43970875510567e-05
32,20270844,20290844,20310844,second_seed,mean_absolute_prediction_change,0.0165319561743875
33,20270845,20290845,20310845,representation,cate_correlation,0.609422700270662
33,20270845,20290845,20310845,representation,cate_rank_correlation,0.780704123855005
33,20270845,20290845,20310845,representation,sign_reversal,0.455466666666667
33,20270845,20290845,20310845,representation,strong_reversal_010,0.257166666666667
33,20270845,20290845,20310845,representation,strong_reversal_025,0.221233333333333
33,20270845,20290845,20310845,representation,reversal_given_true_margin_025,0.277255388982525
33,20270845,20290845,20310845,representation,mean_absolute_prediction_change,0.40003168748113
33,20270845,20290845,20310845,second_seed,cate_correlation,0.999517907220696
33,20270845,20290845,20310845,second_seed,cate_rank_correlation,0.981653467750726
33,20270845,20290845,20310845,second_seed,sign_reversal,8e-04
33,20270845,20290845,20310845,second_seed,strong_reversal_010,0
33,20270845,20290845,20310845,second_seed,strong_reversal_025,0
33,20270845,20290845,20310845,second_seed,reversal_given_true_margin_025,0.000532245187616429
33,20270845,20290845,20310845,second_seed,mean_absolute_prediction_change,0.015707820284487
34,20270846,20290846,20310846,representation,cate_correlation,0.562892680271669
34,20270846,20290846,20310846,representation,cate_rank_correlation,0.77199750267733
34,20270846,20290846,20310846,representation,sign_reversal,0.489366666666667
34,20270846,20290846,20310846,representation,strong_reversal_010,0.470566666666667
34,20270846,20290846,20310846,representation,strong_reversal_025,0.243533333333333
34,20270846,20290846,20310846,representation,reversal_given_true_margin_025,0.32416529220345
34,20270846,20290846,20310846,representation,mean_absolute_prediction_change,0.374467130969609
34,20270846,20290846,20310846,second_seed,cate_correlation,0.999330367104556
34,20270846,20290846,20310846,second_seed,cate_rank_correlation,0.979760679617512
34,20270846,20290846,20310846,second_seed,sign_reversal,0.00123333333333333
34,20270846,20290846,20310846,second_seed,strong_reversal_010,0
34,20270846,20290846,20310846,second_seed,strong_reversal_025,0
34,20270846,20290846,20310846,second_seed,reversal_given_true_margin_025,0.000133731556189542
34,20270846,20290846,20310846,second_seed,mean_absolute_prediction_change,0.0179210919812215
35,20270847,20290847,20310847,representation,cate_correlation,0.537302076344575
35,20270847,20290847,20310847,representation,cate_rank_correlation,0.775089195160766
35,20270847,20290847,20310847,representation,sign_reversal,0.479833333333333
35,20270847,20290847,20310847,representation,strong_reversal_010,0.3047
35,20270847,20290847,20310847,representation,strong_reversal_025,0.222133333333333
35,20270847,20290847,20310847,representation,reversal_given_true_margin_025,0.314464007131714
35,20270847,20290847,20310847,representation,mean_absolute_prediction_change,0.374406854907686
35,20270847,20290847,20310847,second_seed,cate_correlation,0.999428007847615
35,20270847,20290847,20310847,second_seed,cate_rank_correlation,0.979185074728428
35,20270847,20290847,20310847,second_seed,sign_reversal,0.000433333333333333
35,20270847,20290847,20310847,second_seed,strong_reversal_010,0
35,20270847,20290847,20310847,second_seed,strong_reversal_025,0
35,20270847,20290847,20310847,second_seed,reversal_given_true_margin_025,0
35,20270847,20290847,20310847,second_seed,mean_absolute_prediction_change,0.0153048254102741
36,20270848,20290848,20310848,representation,cate_correlation,0.555185946317131
36,20270848,20290848,20310848,representation,cate_rank_correlation,0.769659610274733
36,20270848,20290848,20310848,representation,sign_reversal,0.438833333333333
36,20270848,20290848,20310848,representation,strong_reversal_010,0.2181
36,20270848,20290848,20310848,representation,strong_reversal_025,0
36,20270848,20290848,20310848,representation,reversal_given_true_margin_025,0.280046259229606
36,20270848,20290848,20310848,representation,mean_absolute_prediction_change,0.345622304395606
36,20270848,20290848,20310848,second_seed,cate_correlation,0.99931565952566
36,20270848,20290848,20310848,second_seed,cate_rank_correlation,0.980316133843907
36,20270848,20290848,20310848,second_seed,sign_reversal,0.00146666666666667
36,20270848,20290848,20310848,second_seed,strong_reversal_010,0
36,20270848,20290848,20310848,second_seed,strong_reversal_025,0
36,20270848,20290848,20310848,second_seed,reversal_given_true_margin_025,8.89600569344364e-05
36,20270848,20290848,20310848,second_seed,mean_absolute_prediction_change,0.0159654559546856
37,20270849,20290849,20310849,representation,cate_correlation,0.603908430992161
37,20270849,20290849,20310849,representation,cate_rank_correlation,0.775592006694658
37,20270849,20290849,20310849,representation,sign_reversal,0.429166666666667
37,20270849,20290849,20310849,representation,strong_reversal_010,0.249266666666667
37,20270849,20290849,20310849,representation,strong_reversal_025,0.207833333333333
37,20270849,20290849,20310849,representation,reversal_given_true_margin_025,0.245418149466192
37,20270849,20290849,20310849,representation,mean_absolute_prediction_change,0.39292599406986
37,20270849,20290849,20310849,second_seed,cate_correlation,0.99943589164997
37,20270849,20290849,20310849,second_seed,cate_rank_correlation,0.983205790195562
37,20270849,20290849,20310849,second_seed,sign_reversal,0.0013
37,20270849,20290849,20310849,second_seed,strong_reversal_010,0
37,20270849,20290849,20310849,second_seed,strong_reversal_025,0
37,20270849,20290849,20310849,second_seed,reversal_given_true_margin_025,0.000133451957295374
37,20270849,20290849,20310849,second_seed,mean_absolute_prediction_change,0.0182901342658602
38,20270850,20290850,20310850,representation,cate_correlation,0.585793483947261
38,20270850,20290850,20310850,representation,cate_rank_correlation,0.776558981922843
38,20270850,20290850,20310850,representation,sign_reversal,0.449066666666667
38,20270850,20290850,20310850,representation,strong_reversal_010,0.241966666666667
38,20270850,20290850,20310850,representation,strong_reversal_025,0.0209333333333333
38,20270850,20290850,20310850,representation,reversal_given_true_margin_025,0.275127353266888
38,20270850,20290850,20310850,representation,mean_absolute_prediction_change,0.390265334580467
38,20270850,20290850,20310850,second_seed,cate_correlation,0.99945997972423
38,20270850,20290850,20310850,second_seed,cate_rank_correlation,0.985244990613828
38,20270850,20290850,20310850,second_seed,sign_reversal,0.000433333333333333
38,20270850,20290850,20310850,second_seed,strong_reversal_010,0
38,20270850,20290850,20310850,second_seed,strong_reversal_025,0
38,20270850,20290850,20310850,second_seed,reversal_given_true_margin_025,0.000487264673311185
38,20270850,20290850,20310850,second_seed,mean_absolute_prediction_change,0.0170276355796421
39,20270851,20290851,20310851,representation,cate_correlation,0.57133332339988
39,20270851,20290851,20310851,representation,cate_rank_correlation,0.784653828044726
39,20270851,20290851,20310851,representation,sign_reversal,0.479166666666667
39,20270851,20290851,20310851,representation,strong_reversal_010,0.284766666666667
39,20270851,20290851,20310851,representation,strong_reversal_025,0.1155
39,20270851,20290851,20310851,representation,reversal_given_true_margin_025,0.307822674159308
39,20270851,20290851,20310851,representation,mean_absolute_prediction_change,0.397777122180884
39,20270851,20290851,20310851,second_seed,cate_correlation,0.999472408289506
39,20270851,20290851,20310851,second_seed,cate_rank_correlation,0.979739486260155
39,20270851,20290851,20310851,second_seed,sign_reversal,3.33333333333333e-05
39,20270851,20290851,20310851,second_seed,strong_reversal_010,0
39,20270851,20290851,20310851,second_seed,strong_reversal_025,0
39,20270851,20290851,20310851,second_seed,reversal_given_true_margin_025,0
39,20270851,20290851,20310851,second_seed,mean_absolute_prediction_change,0.0157530186731211
40,20270852,20290852,20310852,representation,cate_correlation,0.575228575860835
40,20270852,20290852,20310852,representation,cate_rank_correlation,0.778992966015326
40,20270852,20290852,20310852,representation,sign_reversal,0.459666666666667
40,20270852,20290852,20310852,representation,strong_reversal_010,0.416933333333333
40,20270852,20290852,20310852,representation,strong_reversal_025,0.218933333333333
40,20270852,20290852,20310852,representation,reversal_given_true_margin_025,0.28547950073291
40,20270852,20290852,20310852,representation,mean_absolute_prediction_change,0.380885219334275
40,20270852,20290852,20310852,second_seed,cate_correlation,0.999459374091161
40,20270852,20290852,20310852,second_seed,cate_rank_correlation,0.981840089060711
40,20270852,20290852,20310852,second_seed,sign_reversal,4e-04
40,20270852,20290852,20310852,second_seed,strong_reversal_010,0
40,20270852,20290852,20310852,second_seed,strong_reversal_025,0
40,20270852,20290852,20310852,second_seed,reversal_given_true_margin_025,0.000177675121041176
40,20270852,20290852,20310852,second_seed,mean_absolute_prediction_change,0.0152292887757043
41,20270853,20290853,20310853,representation,cate_correlation,0.57703547110294
41,20270853,20290853,20310853,representation,cate_rank_correlation,0.777078660182976
41,20270853,20290853,20310853,representation,sign_reversal,0.466133333333333
41,20270853,20290853,20310853,representation,strong_reversal_010,0.236766666666667
41,20270853,20290853,20310853,representation,strong_reversal_025,0.1109
41,20270853,20290853,20310853,representation,reversal_given_true_margin_025,0.305255228642325
41,20270853,20290853,20310853,representation,mean_absolute_prediction_change,0.369430955279628
41,20270853,20290853,20310853,second_seed,cate_correlation,0.999446060408676
41,20270853,20290853,20310853,second_seed,cate_rank_correlation,0.985776072067751
41,20270853,20290853,20310853,second_seed,sign_reversal,0.0011
41,20270853,20290853,20310853,second_seed,strong_reversal_010,0
41,20270853,20290853,20310853,second_seed,strong_reversal_025,0
41,20270853,20290853,20310853,second_seed,reversal_given_true_margin_025,0.000310173697270471
41,20270853,20290853,20310853,second_seed,mean_absolute_prediction_change,0.0166572000439303
42,20270854,20290854,20310854,representation,cate_correlation,0.575002295040226
42,20270854,20290854,20310854,representation,cate_rank_correlation,0.761510793013679
42,20270854,20290854,20310854,representation,sign_reversal,0.4859
42,20270854,20290854,20310854,representation,strong_reversal_010,0.459966666666667
42,20270854,20290854,20310854,representation,strong_reversal_025,0.0106666666666667
42,20270854,20290854,20310854,representation,reversal_given_true_margin_025,0.320734533784988
42,20270854,20290854,20310854,representation,mean_absolute_prediction_change,0.371190695223148
42,20270854,20290854,20310854,second_seed,cate_correlation,0.999224250753344
42,20270854,20290854,20310854,second_seed,cate_rank_correlation,0.981676010232973
42,20270854,20290854,20310854,second_seed,sign_reversal,0.0014
42,20270854,20290854,20310854,second_seed,strong_reversal_010,0
42,20270854,20290854,20310854,second_seed,strong_reversal_025,0
42,20270854,20290854,20310854,second_seed,reversal_given_true_margin_025,0.00147085041896951
42,20270854,20290854,20310854,second_seed,mean_absolute_prediction_change,0.0180561293691028
43,20270855,20290855,20310855,representation,cate_correlation,0.577826722051212
43,20270855,20290855,20310855,representation,cate_rank_correlation,0.779519697200355
43,20270855,20290855,20310855,representation,sign_reversal,0.491533333333333
43,20270855,20290855,20310855,representation,strong_reversal_010,0.482
43,20270855,20290855,20310855,representation,strong_reversal_025,0.0388666666666667
43,20270855,20290855,20310855,representation,reversal_given_true_margin_025,0.335573157707369
43,20270855,20290855,20310855,representation,mean_absolute_prediction_change,0.367141023728767
43,20270855,20290855,20310855,second_seed,cate_correlation,0.999370669104242
43,20270855,20290855,20310855,second_seed,cate_rank_correlation,0.983064903907405
43,20270855,20290855,20310855,second_seed,sign_reversal,0.0012
43,20270855,20290855,20310855,second_seed,strong_reversal_010,0
43,20270855,20290855,20310855,second_seed,strong_reversal_025,0
43,20270855,20290855,20310855,second_seed,reversal_given_true_margin_025,4.4499822000712e-05
43,20270855,20290855,20310855,second_seed,mean_absolute_prediction_change,0.0157421886600679
44,20270856,20290856,20310856,representation,cate_correlation,0.59204286258373
44,20270856,20290856,20310856,representation,cate_rank_correlation,0.762668580238965
44,20270856,20290856,20310856,representation,sign_reversal,0.468266666666667
44,20270856,20290856,20310856,representation,strong_reversal_010,0.2317
44,20270856,20290856,20310856,representation,strong_reversal_025,0.2033
44,20270856,20290856,20310856,representation,reversal_given_true_margin_025,0.309546123979114
44,20270856,20290856,20310856,representation,mean_absolute_prediction_change,0.391443799390095
44,20270856,20290856,20310856,second_seed,cate_correlation,0.999423848019999
44,20270856,20290856,20310856,second_seed,cate_rank_correlation,0.980034684267594
44,20270856,20290856,20310856,second_seed,sign_reversal,0.0026
44,20270856,20290856,20310856,second_seed,strong_reversal_010,0
44,20270856,20290856,20310856,second_seed,strong_reversal_025,0
44,20270856,20290856,20310856,second_seed,reversal_given_true_margin_025,0.000981836033382425
44,20270856,20290856,20310856,second_seed,mean_absolute_prediction_change,0.0165343617841646
45,20270857,20290857,20310857,representation,cate_correlation,0.570857136688283
45,20270857,20290857,20310857,representation,cate_rank_correlation,0.779607134859563
45,20270857,20290857,20310857,representation,sign_reversal,0.4905
45,20270857,20290857,20310857,representation,strong_reversal_010,0.442366666666667
45,20270857,20290857,20310857,representation,strong_reversal_025,0.2428
45,20270857,20290857,20310857,representation,reversal_given_true_margin_025,0.321242136260206
45,20270857,20290857,20310857,representation,mean_absolute_prediction_change,0.416296335995468
45,20270857,20290857,20310857,second_seed,cate_correlation,0.999524212036311
45,20270857,20290857,20310857,second_seed,cate_rank_correlation,0.981025019882028
45,20270857,20290857,20310857,second_seed,sign_reversal,1e-04
45,20270857,20290857,20310857,second_seed,strong_reversal_010,0
45,20270857,20290857,20310857,second_seed,strong_reversal_025,0
45,20270857,20290857,20310857,second_seed,reversal_given_true_margin_025,0
45,20270857,20290857,20310857,second_seed,mean_absolute_prediction_change,0.0162477722421232
46,20270858,20290858,20310858,representation,cate_correlation,0.542345787052509
46,20270858,20290858,20310858,representation,cate_rank_correlation,0.763025260612695
46,20270858,20290858,20310858,representation,sign_reversal,0.477166666666667
46,20270858,20290858,20310858,representation,strong_reversal_010,0.4591
46,20270858,20290858,20310858,representation,strong_reversal_025,0.00996666666666667
46,20270858,20290858,20310858,representation,reversal_given_true_margin_025,0.312658171646761
46,20270858,20290858,20310858,representation,mean_absolute_prediction_change,0.380869016800105
46,20270858,20290858,20310858,second_seed,cate_correlation,0.99942076258973
46,20270858,20290858,20310858,second_seed,cate_rank_correlation,0.979790121192656
46,20270858,20290858,20310858,second_seed,sign_reversal,0.000533333333333333
46,20270858,20290858,20310858,second_seed,strong_reversal_010,0
46,20270858,20290858,20310858,second_seed,strong_reversal_025,0
46,20270858,20290858,20310858,second_seed,reversal_given_true_margin_025,0.000355192469919638
46,20270858,20290858,20310858,second_seed,mean_absolute_prediction_change,0.0158425508795306
47,20270859,20290859,20310859,representation,cate_correlation,0.550479938340031
47,20270859,20290859,20310859,representation,cate_rank_correlation,0.775483938572315
47,20270859,20290859,20310859,representation,sign_reversal,0.489
47,20270859,20290859,20310859,representation,strong_reversal_010,0.459766666666667
47,20270859,20290859,20310859,representation,strong_reversal_025,0.00393333333333333
47,20270859,20290859,20310859,representation,reversal_given_true_margin_025,0.328070799608645
47,20270859,20290859,20310859,representation,mean_absolute_prediction_change,0.373857365998199
47,20270859,20290859,20310859,second_seed,cate_correlation,0.999336747361416
47,20270859,20290859,20310859,second_seed,cate_rank_correlation,0.979053393222504
47,20270859,20290859,20310859,second_seed,sign_reversal,0.000233333333333333
47,20270859,20290859,20310859,second_seed,strong_reversal_010,0
47,20270859,20290859,20310859,second_seed,strong_reversal_025,0
47,20270859,20290859,20310859,second_seed,reversal_given_true_margin_025,0.000177888463933114
47,20270859,20290859,20310859,second_seed,mean_absolute_prediction_change,0.0157789155923081
48,20270860,20290860,20310860,representation,cate_correlation,0.562690639412641
48,20270860,20290860,20310860,representation,cate_rank_correlation,0.780455720175617
48,20270860,20290860,20310860,representation,sign_reversal,0.4444
48,20270860,20290860,20310860,representation,strong_reversal_010,0.231766666666667
48,20270860,20290860,20310860,representation,strong_reversal_025,0.00903333333333333
48,20270860,20290860,20310860,representation,reversal_given_true_margin_025,0.275564409030544
48,20270860,20290860,20310860,representation,mean_absolute_prediction_change,0.355027964444238
48,20270860,20290860,20310860,second_seed,cate_correlation,0.999398701110578
48,20270860,20290860,20310860,second_seed,cate_rank_correlation,0.97934358785216
48,20270860,20290860,20310860,second_seed,sign_reversal,0.00176666666666667
48,20270860,20290860,20310860,second_seed,strong_reversal_010,0
48,20270860,20290860,20310860,second_seed,strong_reversal_025,0
48,20270860,20290860,20310860,second_seed,reversal_given_true_margin_025,4.42673749446658e-05
48,20270860,20290860,20310860,second_seed,mean_absolute_prediction_change,0.0156517942440069
49,20270861,20290861,20310861,representation,cate_correlation,0.569525814721095
49,20270861,20290861,20310861,representation,cate_rank_correlation,0.783426276303807
49,20270861,20290861,20310861,representation,sign_reversal,0.479366666666667
49,20270861,20290861,20310861,representation,strong_reversal_010,0.269866666666667
49,20270861,20290861,20310861,representation,strong_reversal_025,0.0271
49,20270861,20290861,20310861,representation,reversal_given_true_margin_025,0.314811522048364
49,20270861,20290861,20310861,representation,mean_absolute_prediction_change,0.376145403828704
49,20270861,20290861,20310861,second_seed,cate_correlation,0.999468689397613
49,20270861,20290861,20310861,second_seed,cate_rank_correlation,0.983233964043149
49,20270861,20290861,20310861,second_seed,sign_reversal,1e-04
49,20270861,20290861,20310861,second_seed,strong_reversal_010,0
49,20270861,20290861,20310861,second_seed,strong_reversal_025,0
49,20270861,20290861,20310861,second_seed,reversal_given_true_margin_025,0
49,20270861,20290861,20310861,second_seed,mean_absolute_prediction_change,0.0150770366255339
50,20270862,20290862,20310862,representation,cate_correlation,0.589567524222717
50,20270862,20290862,20310862,representation,cate_rank_correlation,0.781184799941317
50,20270862,20290862,20310862,representation,sign_reversal,0.4694
50,20270862,20290862,20310862,representation,strong_reversal_010,0.2892
50,20270862,20290862,20310862,representation,strong_reversal_025,0.175366666666667
50,20270862,20290862,20310862,representation,reversal_given_true_margin_025,0.303940211382833
50,20270862,20290862,20310862,representation,mean_absolute_prediction_change,0.381305977023499
50,20270862,20290862,20310862,second_seed,cate_correlation,0.999467113158177
50,20270862,20290862,20310862,second_seed,cate_rank_correlation,0.983232262408925
50,20270862,20290862,20310862,second_seed,sign_reversal,0.00103333333333333
50,20270862,20290862,20310862,second_seed,strong_reversal_010,0
50,20270862,20290862,20310862,second_seed,strong_reversal_025,0
50,20270862,20290862,20310862,second_seed,reversal_given_true_margin_025,0.000309556449829744
50,20270862,20290862,20310862,second_seed,mean_absolute_prediction_change,0.0153681698637925
51,20270863,20290863,20310863,representation,cate_correlation,0.544983007006455
51,20270863,20290863,20310863,representation,cate_rank_correlation,0.769315748342795
51,20270863,20290863,20310863,representation,sign_reversal,0.4879
51,20270863,20290863,20310863,representation,strong_reversal_010,0.270266666666667
51,20270863,20290863,20310863,representation,strong_reversal_025,0.0107333333333333
51,20270863,20290863,20310863,representation,reversal_given_true_margin_025,0.323276821074178
51,20270863,20290863,20310863,representation,mean_absolute_prediction_change,0.387150654818596
51,20270863,20290863,20310863,second_seed,cate_correlation,0.999414290124827
51,20270863,20290863,20310863,second_seed,cate_rank_correlation,0.975626454925807
51,20270863,20290863,20310863,second_seed,sign_reversal,3e-04
51,20270863,20290863,20310863,second_seed,strong_reversal_010,0
51,20270863,20290863,20310863,second_seed,strong_reversal_025,0
51,20270863,20290863,20310863,second_seed,reversal_given_true_margin_025,0.00040048057669203
51,20270863,20290863,20310863,second_seed,mean_absolute_prediction_change,0.0156893127685016
52,20270864,20290864,20310864,representation,cate_correlation,0.583895197916556
52,20270864,20290864,20310864,representation,cate_rank_correlation,0.7817798483642
52,20270864,20290864,20310864,representation,sign_reversal,0.477633333333333
52,20270864,20290864,20310864,representation,strong_reversal_010,0.323333333333333
52,20270864,20290864,20310864,representation,strong_reversal_025,0.235733333333333
52,20270864,20290864,20310864,representation,reversal_given_true_margin_025,0.309470974613882
52,20270864,20290864,20310864,representation,mean_absolute_prediction_change,0.430552361205604
52,20270864,20290864,20310864,second_seed,cate_correlation,0.999543087613944
52,20270864,20290864,20310864,second_seed,cate_rank_correlation,0.981017527806464
52,20270864,20290864,20310864,second_seed,sign_reversal,0.000433333333333333
52,20270864,20290864,20310864,second_seed,strong_reversal_010,0
52,20270864,20290864,20310864,second_seed,strong_reversal_025,0
52,20270864,20290864,20310864,second_seed,reversal_given_true_margin_025,0.000177525297354873
52,20270864,20290864,20310864,second_seed,mean_absolute_prediction_change,0.0162530316398937
53,20270865,20290865,20310865,representation,cate_correlation,0.562821842999452
53,20270865,20290865,20310865,representation,cate_rank_correlation,0.766794598585772
53,20270865,20290865,20310865,representation,sign_reversal,0.489433333333333
53,20270865,20290865,20310865,representation,strong_reversal_010,0.2906
53,20270865,20290865,20310865,representation,strong_reversal_025,0.0156666666666667
53,20270865,20290865,20310865,representation,reversal_given_true_margin_025,0.324159701227103
53,20270865,20290865,20310865,representation,mean_absolute_prediction_change,0.402090089716639
53,20270865,20290865,20310865,second_seed,cate_correlation,0.999448301380394
53,20270865,20290865,20310865,second_seed,cate_rank_correlation,0.980588030209098
53,20270865,20290865,20310865,second_seed,sign_reversal,0.000433333333333333
53,20270865,20290865,20310865,second_seed,strong_reversal_010,0
53,20270865,20290865,20310865,second_seed,strong_reversal_025,0
53,20270865,20290865,20310865,second_seed,reversal_given_true_margin_025,0
53,20270865,20290865,20310865,second_seed,mean_absolute_prediction_change,0.0160711097375468
54,20270866,20290866,20310866,representation,cate_correlation,0.544017764251782
54,20270866,20290866,20310866,representation,cate_rank_correlation,0.769908411529232
54,20270866,20290866,20310866,representation,sign_reversal,0.489166666666667
54,20270866,20290866,20310866,representation,strong_reversal_010,0.4636
54,20270866,20290866,20310866,representation,strong_reversal_025,0.1874
54,20270866,20290866,20310866,representation,reversal_given_true_margin_025,0.321244673295455
54,20270866,20290866,20310866,representation,mean_absolute_prediction_change,0.375615245665561
54,20270866,20290866,20310866,second_seed,cate_correlation,0.999388016348133
54,20270866,20290866,20310866,second_seed,cate_rank_correlation,0.980503980854782
54,20270866,20290866,20310866,second_seed,sign_reversal,0.000566666666666667
54,20270866,20290866,20310866,second_seed,strong_reversal_010,0
54,20270866,20290866,20310866,second_seed,strong_reversal_025,0
54,20270866,20290866,20310866,second_seed,reversal_given_true_margin_025,0.000621448863636364
54,20270866,20290866,20310866,second_seed,mean_absolute_prediction_change,0.0154876637770001
55,20270867,20290867,20310867,representation,cate_correlation,0.552290875653119
55,20270867,20290867,20310867,representation,cate_rank_correlation,0.776153223615726
55,20270867,20290867,20310867,representation,sign_reversal,0.479033333333333
55,20270867,20290867,20310867,representation,strong_reversal_010,0.272833333333333
55,20270867,20290867,20310867,representation,strong_reversal_025,0.0117333333333333
55,20270867,20290867,20310867,representation,reversal_given_true_margin_025,0.310475595609887
55,20270867,20290867,20310867,representation,mean_absolute_prediction_change,0.366723015348583
55,20270867,20290867,20310867,second_seed,cate_correlation,0.999383333480974
55,20270867,20290867,20310867,second_seed,cate_rank_correlation,0.983869898246522
55,20270867,20290867,20310867,second_seed,sign_reversal,0.00196666666666667
55,20270867,20290867,20310867,second_seed,strong_reversal_010,0
55,20270867,20290867,20310867,second_seed,strong_reversal_025,0
55,20270867,20290867,20310867,second_seed,reversal_given_true_margin_025,0.000892299455697332
55,20270867,20290867,20310867,second_seed,mean_absolute_prediction_change,0.0160573833022255
56,20270868,20290868,20310868,representation,cate_correlation,0.547499378438972
56,20270868,20290868,20310868,representation,cate_rank_correlation,0.769634504708927
56,20270868,20290868,20310868,representation,sign_reversal,0.4916
56,20270868,20290868,20310868,representation,strong_reversal_010,0.318633333333333
56,20270868,20290868,20310868,representation,strong_reversal_025,0.003
56,20270868,20290868,20310868,representation,reversal_given_true_margin_025,0.334985396937782
56,20270868,20290868,20310868,representation,mean_absolute_prediction_change,0.378836457216729
56,20270868,20290868,20310868,second_seed,cate_correlation,0.999417142697249
56,20270868,20290868,20310868,second_seed,cate_rank_correlation,0.983161004953734
56,20270868,20290868,20310868,second_seed,sign_reversal,0.000633333333333333
56,20270868,20290868,20310868,second_seed,strong_reversal_010,0
56,20270868,20290868,20310868,second_seed,strong_reversal_025,0
56,20270868,20290868,20310868,second_seed,reversal_given_true_margin_025,0.000531020444287105
56,20270868,20290868,20310868,second_seed,mean_absolute_prediction_change,0.0160956184578034
57,20270869,20290869,20310869,representation,cate_correlation,0.577578195592835
57,20270869,20290869,20310869,representation,cate_rank_correlation,0.789205406000895
57,20270869,20290869,20310869,representation,sign_reversal,0.4762
57,20270869,20290869,20310869,representation,strong_reversal_010,0.2755
57,20270869,20290869,20310869,representation,strong_reversal_025,0.0488
57,20270869,20290869,20310869,representation,reversal_given_true_margin_025,0.305718085106383
57,20270869,20290869,20310869,representation,mean_absolute_prediction_change,0.368650721226097
57,20270869,20290869,20310869,second_seed,cate_correlation,0.999410305868338
57,20270869,20290869,20310869,second_seed,cate_rank_correlation,0.985353125683726
57,20270869,20290869,20310869,second_seed,sign_reversal,3e-04
57,20270869,20290869,20310869,second_seed,strong_reversal_010,0
57,20270869,20290869,20310869,second_seed,strong_reversal_025,0
57,20270869,20290869,20310869,second_seed,reversal_given_true_margin_025,0.000265957446808511
57,20270869,20290869,20310869,second_seed,mean_absolute_prediction_change,0.0159742096977074
58,20270870,20290870,20310870,representation,cate_correlation,0.566906908109558
58,20270870,20290870,20310870,representation,cate_rank_correlation,0.771167105018186
58,20270870,20290870,20310870,representation,sign_reversal,0.4974
58,20270870,20290870,20310870,representation,strong_reversal_010,0.279133333333333
58,20270870,20290870,20310870,representation,strong_reversal_025,0.2112
58,20270870,20290870,20310870,representation,reversal_given_true_margin_025,0.335640292909448
58,20270870,20290870,20310870,representation,mean_absolute_prediction_change,0.398834836658617
58,20270870,20290870,20310870,second_seed,cate_correlation,0.999494063027757
58,20270870,20290870,20310870,second_seed,cate_rank_correlation,0.978683970574982
58,20270870,20290870,20310870,second_seed,sign_reversal,0.000533333333333333
58,20270870,20290870,20310870,second_seed,strong_reversal_010,0
58,20270870,20290870,20310870,second_seed,strong_reversal_025,0
58,20270870,20290870,20310870,second_seed,reversal_given_true_margin_025,0.000580460796570816
58,20270870,20290870,20310870,second_seed,mean_absolute_prediction_change,0.0156517496490126
59,20270871,20290871,20310871,representation,cate_correlation,0.583859302276881
59,20270871,20290871,20310871,representation,cate_rank_correlation,0.788216316309129
59,20270871,20290871,20310871,representation,sign_reversal,0.455933333333333
59,20270871,20290871,20310871,representation,strong_reversal_010,0.305133333333333
59,20270871,20290871,20310871,representation,strong_reversal_025,0.0179666666666667
59,20270871,20290871,20310871,representation,reversal_given_true_margin_025,0.295338851755124
59,20270871,20290871,20310871,representation,mean_absolute_prediction_change,0.409846871546336
59,20270871,20290871,20310871,second_seed,cate_correlation,0.999510637666522
59,20270871,20290871,20310871,second_seed,cate_rank_correlation,0.983359459636622
59,20270871,20290871,20310871,second_seed,sign_reversal,0.00223333333333333
59,20270871,20290871,20310871,second_seed,strong_reversal_010,0
59,20270871,20290871,20310871,second_seed,strong_reversal_025,0
59,20270871,20290871,20310871,second_seed,reversal_given_true_margin_025,0.000486919569740162
59,20270871,20290871,20310871,second_seed,mean_absolute_prediction_change,0.0163521963592052
60,20270872,20290872,20310872,representation,cate_correlation,0.558091488675762
60,20270872,20290872,20310872,representation,cate_rank_correlation,0.761887207422986
60,20270872,20290872,20310872,representation,sign_reversal,0.482633333333333
60,20270872,20290872,20310872,representation,strong_reversal_010,0.4676
60,20270872,20290872,20310872,representation,strong_reversal_025,0.2201
60,20270872,20290872,20310872,representation,reversal_given_true_margin_025,0.325112607590421
60,20270872,20290872,20310872,representation,mean_absolute_prediction_change,0.402601341773366
60,20270872,20290872,20310872,second_seed,cate_correlation,0.999458784913674
60,20270872,20290872,20310872,second_seed,cate_rank_correlation,0.978555346554839
60,20270872,20290872,20310872,second_seed,sign_reversal,0.000566666666666667
60,20270872,20290872,20310872,second_seed,strong_reversal_010,0
60,20270872,20290872,20310872,second_seed,strong_reversal_025,0
60,20270872,20290872,20310872,second_seed,reversal_given_true_margin_025,0.000222985327565446
60,20270872,20290872,20310872,second_seed,mean_absolute_prediction_change,0.0162035164639574
61,20270873,20290873,20310873,representation,cate_correlation,0.599875442212064
61,20270873,20290873,20310873,representation,cate_rank_correlation,0.775401077549557
61,20270873,20290873,20310873,representation,sign_reversal,0.2837
61,20270873,20290873,20310873,representation,strong_reversal_010,0.2473
61,20270873,20290873,20310873,representation,strong_reversal_025,0.145133333333333
61,20270873,20290873,20310873,representation,reversal_given_true_margin_025,0.0482013113592061
61,20270873,20290873,20310873,representation,mean_absolute_prediction_change,0.393399829859869
61,20270873,20290873,20310873,second_seed,cate_correlation,0.999477188178769
61,20270873,20290873,20310873,second_seed,cate_rank_correlation,0.987645324337828
61,20270873,20290873,20310873,second_seed,sign_reversal,0.002
61,20270873,20290873,20310873,second_seed,strong_reversal_010,0
61,20270873,20290873,20310873,second_seed,strong_reversal_025,0
61,20270873,20290873,20310873,second_seed,reversal_given_true_margin_025,0.0026581605528974
61,20270873,20290873,20310873,second_seed,mean_absolute_prediction_change,0.0155805267943327
62,20270874,20290874,20310874,representation,cate_correlation,0.537919692891181
62,20270874,20290874,20310874,representation,cate_rank_correlation,0.772960950461957
62,20270874,20290874,20310874,representation,sign_reversal,0.490533333333333
62,20270874,20290874,20310874,representation,strong_reversal_010,0.4734
62,20270874,20290874,20310874,representation,strong_reversal_025,0.0023
62,20270874,20290874,20310874,representation,reversal_given_true_margin_025,0.33644361503599
62,20270874,20290874,20310874,representation,mean_absolute_prediction_change,0.378508625422182
62,20270874,20290874,20310874,second_seed,cate_correlation,0.999322116252235
62,20270874,20290874,20310874,second_seed,cate_rank_correlation,0.978415662721795
62,20270874,20290874,20310874,second_seed,sign_reversal,0.000933333333333333
62,20270874,20290874,20310874,second_seed,strong_reversal_010,0
62,20270874,20290874,20310874,second_seed,strong_reversal_025,0
62,20270874,20290874,20310874,second_seed,reversal_given_true_margin_025,4.44325957522438e-05
62,20270874,20290874,20310874,second_seed,mean_absolute_prediction_change,0.0161946355253647
63,20270875,20290875,20310875,representation,cate_correlation,0.627338580170864
63,20270875,20290875,20310875,representation,cate_rank_correlation,0.787436991284708
63,20270875,20290875,20310875,representation,sign_reversal,0.267666666666667
63,20270875,20290875,20310875,representation,strong_reversal_010,0.246666666666667
63,20270875,20290875,20310875,representation,strong_reversal_025,0.2239
63,20270875,20290875,20310875,representation,reversal_given_true_margin_025,0.0299973453676666
63,20270875,20290875,20310875,representation,mean_absolute_prediction_change,0.399404814223344
63,20270875,20290875,20310875,second_seed,cate_correlation,0.999539668108526
63,20270875,20290875,20310875,second_seed,cate_rank_correlation,0.980111666273013
63,20270875,20290875,20310875,second_seed,sign_reversal,0.000166666666666667
63,20270875,20290875,20310875,second_seed,strong_reversal_010,0
63,20270875,20290875,20310875,second_seed,strong_reversal_025,0
63,20270875,20290875,20310875,second_seed,reversal_given_true_margin_025,8.8487744447394e-05
63,20270875,20290875,20310875,second_seed,mean_absolute_prediction_change,0.0151137489586995
64,20270876,20290876,20310876,representation,cate_correlation,0.616881976954605
64,20270876,20290876,20310876,representation,cate_rank_correlation,0.793584004060871
64,20270876,20290876,20310876,representation,sign_reversal,0.421233333333333
64,20270876,20290876,20310876,representation,strong_reversal_010,0.246033333333333
64,20270876,20290876,20310876,representation,strong_reversal_025,0.202533333333333
64,20270876,20290876,20310876,representation,reversal_given_true_margin_025,0.235889055737126
64,20270876,20290876,20310876,representation,mean_absolute_prediction_change,0.398215920331739
64,20270876,20290876,20310876,second_seed,cate_correlation,0.999472997845089
64,20270876,20290876,20310876,second_seed,cate_rank_correlation,0.982247747458053
64,20270876,20290876,20310876,second_seed,sign_reversal,0.000466666666666667
64,20270876,20290876,20310876,second_seed,strong_reversal_010,0
64,20270876,20290876,20310876,second_seed,strong_reversal_025,0
64,20270876,20290876,20310876,second_seed,reversal_given_true_margin_025,0
64,20270876,20290876,20310876,second_seed,mean_absolute_prediction_change,0.0181430423262816
65,20270877,20290877,20310877,representation,cate_correlation,0.562425235421203
65,20270877,20290877,20310877,representation,cate_rank_correlation,0.764657972842509
65,20270877,20290877,20310877,representation,sign_reversal,0.473566666666667
65,20270877,20290877,20310877,representation,strong_reversal_010,0.449166666666667
65,20270877,20290877,20310877,representation,strong_reversal_025,0.127
65,20270877,20290877,20310877,representation,reversal_given_true_margin_025,0.341938929938574
65,20270877,20290877,20310877,representation,mean_absolute_prediction_change,0.367009309069699
65,20270877,20290877,20310877,second_seed,cate_correlation,0.999162658037695
65,20270877,20290877,20310877,second_seed,cate_rank_correlation,0.986679782950533
65,20270877,20290877,20310877,second_seed,sign_reversal,0.0024
65,20270877,20290877,20310877,second_seed,strong_reversal_010,0
65,20270877,20290877,20310877,second_seed,strong_reversal_025,0
65,20270877,20290877,20310877,second_seed,reversal_given_true_margin_025,0.00195851508946853
65,20270877,20290877,20310877,second_seed,mean_absolute_prediction_change,0.0160791406445958
66,20270878,20290878,20310878,representation,cate_correlation,0.56854652952327
66,20270878,20290878,20310878,representation,cate_rank_correlation,0.779274595690305
66,20270878,20290878,20310878,representation,sign_reversal,0.471533333333333
66,20270878,20290878,20310878,representation,strong_reversal_010,0.262166666666667
66,20270878,20290878,20310878,representation,strong_reversal_025,0.0856333333333333
66,20270878,20290878,20310878,representation,reversal_given_true_margin_025,0.307572591044511
66,20270878,20290878,20310878,representation,mean_absolute_prediction_change,0.367599555393928
66,20270878,20290878,20310878,second_seed,cate_correlation,0.999360558235072
66,20270878,20290878,20310878,second_seed,cate_rank_correlation,0.978223908065138
66,20270878,20290878,20310878,second_seed,sign_reversal,7e-04
66,20270878,20290878,20310878,second_seed,strong_reversal_010,0
66,20270878,20290878,20310878,second_seed,strong_reversal_025,0
66,20270878,20290878,20310878,second_seed,reversal_given_true_margin_025,0.000355729467739784
66,20270878,20290878,20310878,second_seed,mean_absolute_prediction_change,0.0176581536307087
67,20270879,20290879,20310879,representation,cate_correlation,0.567566418149801
67,20270879,20290879,20310879,representation,cate_rank_correlation,0.782560465520178
67,20270879,20290879,20310879,representation,sign_reversal,0.478166666666667
67,20270879,20290879,20310879,representation,strong_reversal_010,0.463833333333333
67,20270879,20290879,20310879,representation,strong_reversal_025,0.0742
67,20270879,20290879,20310879,representation,reversal_given_true_margin_025,0.311191912025541
67,20270879,20290879,20310879,representation,mean_absolute_prediction_change,0.422396287619915
67,20270879,20290879,20310879,second_seed,cate_correlation,0.999448605001761
67,20270879,20290879,20310879,second_seed,cate_rank_correlation,0.980930228913034
67,20270879,20290879,20310879,second_seed,sign_reversal,0.000433333333333333
67,20270879,20290879,20310879,second_seed,strong_reversal_010,0
67,20270879,20290879,20310879,second_seed,strong_reversal_025,0
67,20270879,20290879,20310879,second_seed,reversal_given_true_margin_025,0.000266051791415396
67,20270879,20290879,20310879,second_seed,mean_absolute_prediction_change,0.0169002959446353
68,20270880,20290880,20310880,representation,cate_correlation,0.577893491567112
68,20270880,20290880,20310880,representation,cate_rank_correlation,0.762844832964939
68,20270880,20290880,20310880,representation,sign_reversal,0.4833
68,20270880,20290880,20310880,representation,strong_reversal_010,0.315866666666667
68,20270880,20290880,20310880,representation,strong_reversal_025,0.2123
68,20270880,20290880,20310880,representation,reversal_given_true_margin_025,0.320594762538837
68,20270880,20290880,20310880,representation,mean_absolute_prediction_change,0.365108716178002
68,20270880,20290880,20310880,second_seed,cate_correlation,0.999332539902447
68,20270880,20290880,20310880,second_seed,cate_rank_correlation,0.986203844338893
68,20270880,20290880,20310880,second_seed,sign_reversal,0.0022
68,20270880,20290880,20310880,second_seed,strong_reversal_010,0
68,20270880,20290880,20310880,second_seed,strong_reversal_025,0
68,20270880,20290880,20310880,second_seed,reversal_given_true_margin_025,4.43852640923214e-05
68,20270880,20290880,20310880,second_seed,mean_absolute_prediction_change,0.0167167568789393
69,20270881,20290881,20310881,representation,cate_correlation,0.551801307993839
69,20270881,20290881,20310881,representation,cate_rank_correlation,0.764367546512408
69,20270881,20290881,20310881,representation,sign_reversal,0.491833333333333
69,20270881,20290881,20310881,representation,strong_reversal_010,0.4619
69,20270881,20290881,20310881,representation,strong_reversal_025,0.207233333333333
69,20270881,20290881,20310881,representation,reversal_given_true_margin_025,0.339001914259004
69,20270881,20290881,20310881,representation,mean_absolute_prediction_change,0.397511094182683
69,20270881,20290881,20310881,second_seed,cate_correlation,0.999387194730413
69,20270881,20290881,20310881,second_seed,cate_rank_correlation,0.97988749999543
69,20270881,20290881,20310881,second_seed,sign_reversal,0.00216666666666667
69,20270881,20290881,20310881,second_seed,strong_reversal_010,0
69,20270881,20290881,20310881,second_seed,strong_reversal_025,0
69,20270881,20290881,20310881,second_seed,reversal_given_true_margin_025,0.000890353024974402
69,20270881,20290881,20310881,second_seed,mean_absolute_prediction_change,0.0173268185018378
70,20270882,20290882,20310882,representation,cate_correlation,0.564687917653159
70,20270882,20290882,20310882,representation,cate_rank_correlation,0.767486234585651
70,20270882,20290882,20310882,representation,sign_reversal,0.432333333333333
70,20270882,20290882,20310882,representation,strong_reversal_010,0.386566666666667
70,20270882,20290882,20310882,representation,strong_reversal_025,0.0652
70,20270882,20290882,20310882,representation,reversal_given_true_margin_025,0.268229860556
70,20270882,20290882,20310882,representation,mean_absolute_prediction_change,0.383584646158215
70,20270882,20290882,20310882,second_seed,cate_correlation,0.999351788501574
70,20270882,20290882,20310882,second_seed,cate_rank_correlation,0.987190046437322
70,20270882,20290882,20310882,second_seed,sign_reversal,0.0021
70,20270882,20290882,20310882,second_seed,strong_reversal_010,0
70,20270882,20290882,20310882,second_seed,strong_reversal_025,0
70,20270882,20290882,20310882,second_seed,reversal_given_true_margin_025,0.000532907007727152
70,20270882,20290882,20310882,second_seed,mean_absolute_prediction_change,0.0163075703494981
71,20270883,20290883,20310883,representation,cate_correlation,0.570522014015776
71,20270883,20290883,20310883,representation,cate_rank_correlation,0.771097262877219
71,20270883,20290883,20310883,representation,sign_reversal,0.480666666666667
71,20270883,20290883,20310883,representation,strong_reversal_010,0.290466666666667
71,20270883,20290883,20310883,representation,strong_reversal_025,0.1511
71,20270883,20290883,20310883,representation,reversal_given_true_margin_025,0.314752929643987
71,20270883,20290883,20310883,representation,mean_absolute_prediction_change,0.375541943552629
71,20270883,20290883,20310883,second_seed,cate_correlation,0.99937590332759
71,20270883,20290883,20310883,second_seed,cate_rank_correlation,0.983546053158607
71,20270883,20290883,20310883,second_seed,sign_reversal,0.000433333333333333
71,20270883,20290883,20310883,second_seed,strong_reversal_010,0
71,20270883,20290883,20310883,second_seed,strong_reversal_025,0
71,20270883,20290883,20310883,second_seed,reversal_given_true_margin_025,0.000267343937976206
71,20270883,20290883,20310883,second_seed,mean_absolute_prediction_change,0.018560305957297
72,20270884,20290884,20310884,representation,cate_correlation,0.577156831306878
72,20270884,20290884,20310884,representation,cate_rank_correlation,0.770247685946053
72,20270884,20290884,20310884,representation,sign_reversal,0.4389
72,20270884,20290884,20310884,representation,strong_reversal_010,0.254733333333333
72,20270884,20290884,20310884,representation,strong_reversal_025,0.0388666666666667
72,20270884,20290884,20310884,representation,reversal_given_true_margin_025,0.260073748278466
72,20270884,20290884,20310884,representation,mean_absolute_prediction_change,0.374509863523536
72,20270884,20290884,20310884,second_seed,cate_correlation,0.99932270513074
72,20270884,20290884,20310884,second_seed,cate_rank_correlation,0.980911075199234
72,20270884,20290884,20310884,second_seed,sign_reversal,8e-04
72,20270884,20290884,20310884,second_seed,strong_reversal_010,0
72,20270884,20290884,20310884,second_seed,strong_reversal_025,0
72,20270884,20290884,20310884,second_seed,reversal_given_true_margin_025,0.000710826780398952
72,20270884,20290884,20310884,second_seed,mean_absolute_prediction_change,0.0174743839536033
73,20270885,20290885,20310885,representation,cate_correlation,0.567152947904599
73,20270885,20290885,20310885,representation,cate_rank_correlation,0.781612721381792
73,20270885,20290885,20310885,representation,sign_reversal,0.467933333333333
73,20270885,20290885,20310885,representation,strong_reversal_010,0.440533333333333
73,20270885,20290885,20310885,representation,strong_reversal_025,0.223166666666667
73,20270885,20290885,20310885,representation,reversal_given_true_margin_025,0.296671682747632
73,20270885,20290885,20310885,representation,mean_absolute_prediction_change,0.391722498443924
73,20270885,20290885,20310885,second_seed,cate_correlation,0.999474339795649
73,20270885,20290885,20310885,second_seed,cate_rank_correlation,0.983963258791959
73,20270885,20290885,20310885,second_seed,sign_reversal,0.000333333333333333
73,20270885,20290885,20310885,second_seed,strong_reversal_010,0
73,20270885,20290885,20310885,second_seed,strong_reversal_025,0
73,20270885,20290885,20310885,second_seed,reversal_given_true_margin_025,8.8519075860848e-05
73,20270885,20290885,20310885,second_seed,mean_absolute_prediction_change,0.0152698460690744
74,20270886,20290886,20310886,representation,cate_correlation,0.57697424593899
74,20270886,20290886,20310886,representation,cate_rank_correlation,0.781759748151289
74,20270886,20290886,20310886,representation,sign_reversal,0.4759
74,20270886,20290886,20310886,representation,strong_reversal_010,0.271833333333333
74,20270886,20290886,20310886,representation,strong_reversal_025,0.00646666666666667
74,20270886,20290886,20310886,representation,reversal_given_true_margin_025,0.302375328668835
74,20270886,20290886,20310886,representation,mean_absolute_prediction_change,0.416154695187777
74,20270886,20290886,20310886,second_seed,cate_correlation,0.999492986241709
74,20270886,20290886,20310886,second_seed,cate_rank_correlation,0.978472530044081
74,20270886,20290886,20310886,second_seed,sign_reversal,0.000933333333333333
74,20270886,20290886,20310886,second_seed,strong_reversal_010,0
74,20270886,20290886,20310886,second_seed,strong_reversal_025,0
74,20270886,20290886,20310886,second_seed,reversal_given_true_margin_025,4.45652658318107e-05
74,20270886,20290886,20310886,second_seed,mean_absolute_prediction_change,0.0169848863964943
75,20270887,20290887,20310887,representation,cate_correlation,0.614577584786393
75,20270887,20290887,20310887,representation,cate_rank_correlation,0.777598498864443
75,20270887,20290887,20310887,representation,sign_reversal,0.2807
75,20270887,20290887,20310887,representation,strong_reversal_010,0.237833333333333
75,20270887,20290887,20310887,representation,strong_reversal_025,0.202333333333333
75,20270887,20290887,20310887,representation,reversal_given_true_margin_025,0.0582550097535024
75,20270887,20290887,20310887,representation,mean_absolute_prediction_change,0.388234982896946
75,20270887,20290887,20310887,second_seed,cate_correlation,0.999488959993726
75,20270887,20290887,20310887,second_seed,cate_rank_correlation,0.980974515244638
75,20270887,20290887,20310887,second_seed,sign_reversal,0.00206666666666667
75,20270887,20290887,20310887,second_seed,strong_reversal_010,0
75,20270887,20290887,20310887,second_seed,strong_reversal_025,0
75,20270887,20290887,20310887,second_seed,reversal_given_true_margin_025,0.00119702074835964
75,20270887,20290887,20310887,second_seed,mean_absolute_prediction_change,0.0163041017080754
76,20270888,20290888,20310888,representation,cate_correlation,0.549544868004005
76,20270888,20290888,20310888,representation,cate_rank_correlation,0.763442590711381
76,20270888,20290888,20310888,representation,sign_reversal,0.476933333333333
76,20270888,20290888,20310888,representation,strong_reversal_010,0.274
76,20270888,20290888,20310888,representation,strong_reversal_025,0.213633333333333
76,20270888,20290888,20310888,representation,reversal_given_true_margin_025,0.321850785919858
76,20270888,20290888,20310888,representation,mean_absolute_prediction_change,0.381668367101308
76,20270888,20290888,20310888,second_seed,cate_correlation,0.999455769216685
76,20270888,20290888,20310888,second_seed,cate_rank_correlation,0.976971152186412
76,20270888,20290888,20310888,second_seed,sign_reversal,0.00156666666666667
76,20270888,20290888,20310888,second_seed,strong_reversal_010,0
76,20270888,20290888,20310888,second_seed,strong_reversal_025,0
76,20270888,20290888,20310888,second_seed,reversal_given_true_margin_025,0.00106265220278946
76,20270888,20290888,20310888,second_seed,mean_absolute_prediction_change,0.0153520998750758
77,20270889,20290889,20310889,representation,cate_correlation,0.573802020501539
77,20270889,20290889,20310889,representation,cate_rank_correlation,0.762835740749818
77,20270889,20290889,20310889,representation,sign_reversal,0.485333333333333
77,20270889,20290889,20310889,representation,strong_reversal_010,0.2565
77,20270889,20290889,20310889,representation,strong_reversal_025,0.1894
77,20270889,20290889,20310889,representation,reversal_given_true_margin_025,0.330241104239491
77,20270889,20290889,20310889,representation,mean_absolute_prediction_change,0.394997784968934
77,20270889,20290889,20310889,second_seed,cate_correlation,0.999367853850973
77,20270889,20290889,20310889,second_seed,cate_rank_correlation,0.981565542227517
77,20270889,20290889,20310889,second_seed,sign_reversal,0.003
77,20270889,20290889,20310889,second_seed,strong_reversal_010,0
77,20270889,20290889,20310889,second_seed,strong_reversal_025,0
77,20270889,20290889,20310889,second_seed,reversal_given_true_margin_025,0.000627408801649189
77,20270889,20290889,20310889,second_seed,mean_absolute_prediction_change,0.0172179701545596
78,20270890,20290890,20310890,representation,cate_correlation,0.580373828139397
78,20270890,20290890,20310890,representation,cate_rank_correlation,0.774622659470025
78,20270890,20290890,20310890,representation,sign_reversal,0.481966666666667
78,20270890,20290890,20310890,representation,strong_reversal_010,0.460233333333333
78,20270890,20290890,20310890,representation,strong_reversal_025,0.228466666666667
78,20270890,20290890,20310890,representation,reversal_given_true_margin_025,0.325598968751389
78,20270890,20290890,20310890,representation,mean_absolute_prediction_change,0.395930475811453
78,20270890,20290890,20310890,second_seed,cate_correlation,0.999482791093724
78,20270890,20290890,20310890,second_seed,cate_rank_correlation,0.982710865595901
78,20270890,20290890,20310890,second_seed,sign_reversal,0.0014
78,20270890,20290890,20310890,second_seed,strong_reversal_010,0
78,20270890,20290890,20310890,second_seed,strong_reversal_025,0
78,20270890,20290890,20310890,second_seed,reversal_given_true_margin_025,0.000311152598124194
78,20270890,20290890,20310890,second_seed,mean_absolute_prediction_change,0.0158764187004834
79,20270891,20290891,20310891,representation,cate_correlation,0.551876995450421
79,20270891,20290891,20310891,representation,cate_rank_correlation,0.785600910041334
79,20270891,20290891,20310891,representation,sign_reversal,0.4945
79,20270891,20290891,20310891,representation,strong_reversal_010,0.474333333333333
79,20270891,20290891,20310891,representation,strong_reversal_025,0.0180666666666667
79,20270891,20290891,20310891,representation,reversal_given_true_margin_025,0.332979194333776
79,20270891,20290891,20310891,representation,mean_absolute_prediction_change,0.375336732822353
79,20270891,20290891,20310891,second_seed,cate_correlation,0.999354786478162
79,20270891,20290891,20310891,second_seed,cate_rank_correlation,0.980710940193234
79,20270891,20290891,20310891,second_seed,sign_reversal,0.000633333333333333
79,20270891,20290891,20310891,second_seed,strong_reversal_010,0
79,20270891,20290891,20310891,second_seed,strong_reversal_025,0
79,20270891,20290891,20310891,second_seed,reversal_given_true_margin_025,4.42673749446658e-05
79,20270891,20290891,20310891,second_seed,mean_absolute_prediction_change,0.0155751262395938
80,20270892,20290892,20310892,representation,cate_correlation,0.588155383501433
80,20270892,20290892,20310892,representation,cate_rank_correlation,0.776042477151158
80,20270892,20290892,20310892,representation,sign_reversal,0.490033333333333
80,20270892,20290892,20310892,representation,strong_reversal_010,0.2952
80,20270892,20290892,20310892,representation,strong_reversal_025,0.2387
80,20270892,20290892,20310892,representation,reversal_given_true_margin_025,0.319818011508096
80,20270892,20290892,20310892,representation,mean_absolute_prediction_change,0.410720246764418
80,20270892,20290892,20310892,second_seed,cate_correlation,0.999541922988021
80,20270892,20290892,20310892,second_seed,cate_rank_correlation,0.98024183395138
80,20270892,20290892,20310892,second_seed,sign_reversal,0.001
80,20270892,20290892,20310892,second_seed,strong_reversal_010,0
80,20270892,20290892,20310892,second_seed,strong_reversal_025,0
80,20270892,20290892,20310892,second_seed,reversal_given_true_margin_025,0.00115973058566395
80,20270892,20290892,20310892,second_seed,mean_absolute_prediction_change,0.0153737537960354
81,20270893,20290893,20310893,representation,cate_correlation,0.564860468753039
81,20270893,20290893,20310893,representation,cate_rank_correlation,0.778248132191831
81,20270893,20290893,20310893,representation,sign_reversal,0.474466666666667
81,20270893,20290893,20310893,representation,strong_reversal_010,0.273133333333333
81,20270893,20290893,20310893,representation,strong_reversal_025,0.2091
81,20270893,20290893,20310893,representation,reversal_given_true_margin_025,0.301604943760281
81,20270893,20290893,20310893,representation,mean_absolute_prediction_change,0.380261084331186
81,20270893,20290893,20310893,second_seed,cate_correlation,0.999328438642057
81,20270893,20290893,20310893,second_seed,cate_rank_correlation,0.98137329464597
81,20270893,20290893,20310893,second_seed,sign_reversal,0.000266666666666667
81,20270893,20290893,20310893,second_seed,strong_reversal_010,0
81,20270893,20290893,20310893,second_seed,strong_reversal_025,0
81,20270893,20290893,20310893,second_seed,reversal_given_true_margin_025,4.44582759080603e-05
81,20270893,20290893,20310893,second_seed,mean_absolute_prediction_change,0.0173128078979938
82,20270894,20290894,20310894,representation,cate_correlation,0.547211209993568
82,20270894,20290894,20310894,representation,cate_rank_correlation,0.78397212700308
82,20270894,20290894,20310894,representation,sign_reversal,0.461966666666667
82,20270894,20290894,20310894,representation,strong_reversal_010,0.351733333333333
82,20270894,20290894,20310894,representation,strong_reversal_025,0.00583333333333333
82,20270894,20290894,20310894,representation,reversal_given_true_margin_025,0.289140009787783
82,20270894,20290894,20310894,representation,mean_absolute_prediction_change,0.363488013752993
82,20270894,20290894,20310894,second_seed,cate_correlation,0.999353672715188
82,20270894,20290894,20310894,second_seed,cate_rank_correlation,0.982300087769667
82,20270894,20290894,20310894,second_seed,sign_reversal,0.000166666666666667
82,20270894,20290894,20310894,second_seed,strong_reversal_010,0
82,20270894,20290894,20310894,second_seed,strong_reversal_025,0
82,20270894,20290894,20310894,second_seed,reversal_given_true_margin_025,8.89798460648663e-05
82,20270894,20290894,20310894,second_seed,mean_absolute_prediction_change,0.0160175558421228
83,20270895,20290895,20310895,representation,cate_correlation,0.528959155962985
83,20270895,20290895,20310895,representation,cate_rank_correlation,0.767758660308176
83,20270895,20290895,20310895,representation,sign_reversal,0.4836
83,20270895,20290895,20310895,representation,strong_reversal_010,0.389766666666667
83,20270895,20290895,20310895,representation,strong_reversal_025,0.0646
83,20270895,20290895,20310895,representation,reversal_given_true_margin_025,0.319105328818392
83,20270895,20290895,20310895,representation,mean_absolute_prediction_change,0.365363722333959
83,20270895,20290895,20310895,second_seed,cate_correlation,0.999337846369832
83,20270895,20290895,20310895,second_seed,cate_rank_correlation,0.982655184047839
83,20270895,20290895,20310895,second_seed,sign_reversal,6e-04
83,20270895,20290895,20310895,second_seed,strong_reversal_010,0
83,20270895,20290895,20310895,second_seed,strong_reversal_025,0
83,20270895,20290895,20310895,second_seed,reversal_given_true_margin_025,0.0004455533772946
83,20270895,20290895,20310895,second_seed,mean_absolute_prediction_change,0.0155641994499457
84,20270896,20290896,20310896,representation,cate_correlation,0.583937757748038
84,20270896,20290896,20310896,representation,cate_rank_correlation,0.785799312892221
84,20270896,20290896,20310896,representation,sign_reversal,0.3429
84,20270896,20290896,20310896,representation,strong_reversal_010,0.251733333333333
84,20270896,20290896,20310896,representation,strong_reversal_025,0.209366666666667
84,20270896,20290896,20310896,representation,reversal_given_true_margin_025,0.124169601854742
84,20270896,20290896,20310896,representation,mean_absolute_prediction_change,0.410899695533081
84,20270896,20290896,20310896,second_seed,cate_correlation,0.999532240557545
84,20270896,20290896,20310896,second_seed,cate_rank_correlation,0.984520243680578
84,20270896,20290896,20310896,second_seed,sign_reversal,6e-04
84,20270896,20290896,20310896,second_seed,strong_reversal_010,0
84,20270896,20290896,20310896,second_seed,strong_reversal_025,0
84,20270896,20290896,20310896,second_seed,reversal_given_true_margin_025,0.000490436488474743
84,20270896,20290896,20310896,second_seed,mean_absolute_prediction_change,0.0158192831058462
85,20270897,20290897,20310897,representation,cate_correlation,0.573008759086337
85,20270897,20290897,20310897,representation,cate_rank_correlation,0.772441780700046
85,20270897,20290897,20310897,representation,sign_reversal,0.3081
85,20270897,20290897,20310897,representation,strong_reversal_010,0.241333333333333
85,20270897,20290897,20310897,representation,strong_reversal_025,0.0541
85,20270897,20290897,20310897,representation,reversal_given_true_margin_025,0.089794830802025
85,20270897,20290897,20310897,representation,mean_absolute_prediction_change,0.371522026540756
85,20270897,20290897,20310897,second_seed,cate_correlation,0.999452415562374
85,20270897,20290897,20310897,second_seed,cate_rank_correlation,0.97889499123655
85,20270897,20290897,20310897,second_seed,sign_reversal,0.0012
85,20270897,20290897,20310897,second_seed,strong_reversal_010,0
85,20270897,20290897,20310897,second_seed,strong_reversal_025,0
85,20270897,20290897,20310897,second_seed,reversal_given_true_margin_025,0.000577315925037748
85,20270897,20290897,20310897,second_seed,mean_absolute_prediction_change,0.0149271046360169
86,20270898,20290898,20310898,representation,cate_correlation,0.553262942597703
86,20270898,20290898,20310898,representation,cate_rank_correlation,0.776902783444559
86,20270898,20290898,20310898,representation,sign_reversal,0.4911
86,20270898,20290898,20310898,representation,strong_reversal_010,0.475033333333333
86,20270898,20290898,20310898,representation,strong_reversal_025,0.186866666666667
86,20270898,20290898,20310898,representation,reversal_given_true_margin_025,0.331882190928879
86,20270898,20290898,20310898,representation,mean_absolute_prediction_change,0.362720935824811
86,20270898,20290898,20310898,second_seed,cate_correlation,0.999332557365259
86,20270898,20290898,20310898,second_seed,cate_rank_correlation,0.985255870585395
86,20270898,20290898,20310898,second_seed,sign_reversal,0.000366666666666667
86,20270898,20290898,20310898,second_seed,strong_reversal_010,0
86,20270898,20290898,20310898,second_seed,strong_reversal_025,0
86,20270898,20290898,20310898,second_seed,reversal_given_true_margin_025,0.000133268180000888
86,20270898,20290898,20310898,second_seed,mean_absolute_prediction_change,0.0169581172236331
87,20270899,20290899,20310899,representation,cate_correlation,0.556688300531469
87,20270899,20290899,20310899,representation,cate_rank_correlation,0.783787997233098
87,20270899,20290899,20310899,representation,sign_reversal,0.495533333333333
87,20270899,20290899,20310899,representation,strong_reversal_010,0.483166666666667
87,20270899,20290899,20310899,representation,strong_reversal_025,0.254533333333333
87,20270899,20290899,20310899,representation,reversal_given_true_margin_025,0.326231631604806
87,20270899,20290899,20310899,representation,mean_absolute_prediction_change,0.40525664510795
87,20270899,20290899,20310899,second_seed,cate_correlation,0.999488713308308
87,20270899,20290899,20310899,second_seed,cate_rank_correlation,0.983700994668112
87,20270899,20290899,20310899,second_seed,sign_reversal,0.000233333333333333
87,20270899,20290899,20310899,second_seed,strong_reversal_010,0
87,20270899,20290899,20310899,second_seed,strong_reversal_025,0
87,20270899,20290899,20310899,second_seed,reversal_given_true_margin_025,0.000267988744472732
87,20270899,20290899,20310899,second_seed,mean_absolute_prediction_change,0.0155154125868642
88,20270900,20290900,20310900,representation,cate_correlation,0.552965986869118
88,20270900,20290900,20310900,representation,cate_rank_correlation,0.775061698643846
88,20270900,20290900,20310900,representation,sign_reversal,0.472766666666667
88,20270900,20290900,20310900,representation,strong_reversal_010,0.303733333333333
88,20270900,20290900,20310900,representation,strong_reversal_025,0.0170333333333333
88,20270900,20290900,20310900,representation,reversal_given_true_margin_025,0.310433586295655
88,20270900,20290900,20310900,representation,mean_absolute_prediction_change,0.373195369780982
88,20270900,20290900,20310900,second_seed,cate_correlation,0.999364738032655
88,20270900,20290900,20310900,second_seed,cate_rank_correlation,0.982582245177091
88,20270900,20290900,20310900,second_seed,sign_reversal,7e-04
88,20270900,20290900,20310900,second_seed,strong_reversal_010,0
88,20270900,20290900,20310900,second_seed,strong_reversal_025,0
88,20270900,20290900,20310900,second_seed,reversal_given_true_margin_025,0.000399414192517641
88,20270900,20290900,20310900,second_seed,mean_absolute_prediction_change,0.017059567988432
89,20270901,20290901,20310901,representation,cate_correlation,0.605542912545965
89,20270901,20290901,20310901,representation,cate_rank_correlation,0.775135714183484
89,20270901,20290901,20310901,representation,sign_reversal,0.454266666666667
89,20270901,20290901,20310901,representation,strong_reversal_010,0.252433333333333
89,20270901,20290901,20310901,representation,strong_reversal_025,0.2281
89,20270901,20290901,20310901,representation,reversal_given_true_margin_025,0.280870490204769
89,20270901,20290901,20310901,representation,mean_absolute_prediction_change,0.391871229324813
89,20270901,20290901,20310901,second_seed,cate_correlation,0.999540004818366
89,20270901,20290901,20310901,second_seed,cate_rank_correlation,0.976473524654304
89,20270901,20290901,20310901,second_seed,sign_reversal,0.00133333333333333
89,20270901,20290901,20310901,second_seed,strong_reversal_010,0
89,20270901,20290901,20310901,second_seed,strong_reversal_025,0
89,20270901,20290901,20310901,second_seed,reversal_given_true_margin_025,0.000620512365925007
89,20270901,20290901,20310901,second_seed,mean_absolute_prediction_change,0.0155439553400719
90,20270902,20290902,20310902,representation,cate_correlation,0.562492211748582
90,20270902,20290902,20310902,representation,cate_rank_correlation,0.772549481399722
90,20270902,20290902,20310902,representation,sign_reversal,0.495666666666667
90,20270902,20290902,20310902,representation,strong_reversal_010,0.484766666666667
90,20270902,20290902,20310902,representation,strong_reversal_025,0.241233333333333
90,20270902,20290902,20310902,representation,reversal_given_true_margin_025,0.331891554445733
90,20270902,20290902,20310902,representation,mean_absolute_prediction_change,0.374363935714625
90,20270902,20290902,20310902,second_seed,cate_correlation,0.999394429810547
90,20270902,20290902,20310902,second_seed,cate_rank_correlation,0.982743665333271
90,20270902,20290902,20310902,second_seed,sign_reversal,0.001
90,20270902,20290902,20310902,second_seed,strong_reversal_010,0
90,20270902,20290902,20310902,second_seed,strong_reversal_025,0
90,20270902,20290902,20310902,second_seed,reversal_given_true_margin_025,0.00120395968964595
90,20270902,20290902,20310902,second_seed,mean_absolute_prediction_change,0.0161560138250219
91,20270903,20290903,20310903,representation,cate_correlation,0.576932220398652
91,20270903,20290903,20310903,representation,cate_rank_correlation,0.782649146638499
91,20270903,20290903,20310903,representation,sign_reversal,0.485266666666667
91,20270903,20290903,20310903,representation,strong_reversal_010,0.4554
91,20270903,20290903,20310903,representation,strong_reversal_025,0.214466666666667
91,20270903,20290903,20310903,representation,reversal_given_true_margin_025,0.318236153539647
91,20270903,20290903,20310903,representation,mean_absolute_prediction_change,0.404974911642194
91,20270903,20290903,20310903,second_seed,cate_correlation,0.999529975182067
91,20270903,20290903,20310903,second_seed,cate_rank_correlation,0.981956522996396
91,20270903,20290903,20310903,second_seed,sign_reversal,9e-04
91,20270903,20290903,20310903,second_seed,strong_reversal_010,0
91,20270903,20290903,20310903,second_seed,strong_reversal_025,0
91,20270903,20290903,20310903,second_seed,reversal_given_true_margin_025,0.000664098817904104
91,20270903,20290903,20310903,second_seed,mean_absolute_prediction_change,0.0163211079251987
92,20270904,20290904,20310904,representation,cate_correlation,0.598546142792486
92,20270904,20290904,20310904,representation,cate_rank_correlation,0.78256452463485
92,20270904,20290904,20310904,representation,sign_reversal,0.494866666666667
92,20270904,20290904,20310904,representation,strong_reversal_010,0.354366666666667
92,20270904,20290904,20310904,representation,strong_reversal_025,0.239766666666667
92,20270904,20290904,20310904,representation,reversal_given_true_margin_025,0.33009838400926
92,20270904,20290904,20310904,representation,mean_absolute_prediction_change,0.43357683420409
92,20270904,20290904,20310904,second_seed,cate_correlation,0.999587653546202
92,20270904,20290904,20310904,second_seed,cate_rank_correlation,0.977999155171555
92,20270904,20290904,20310904,second_seed,sign_reversal,0.000266666666666667
92,20270904,20290904,20310904,second_seed,strong_reversal_010,0
92,20270904,20290904,20310904,second_seed,strong_reversal_025,0
92,20270904,20290904,20310904,second_seed,reversal_given_true_margin_025,0
92,20270904,20290904,20310904,second_seed,mean_absolute_prediction_change,0.0164908305284533
93,20270905,20290905,20310905,representation,cate_correlation,0.551200043894647
93,20270905,20290905,20310905,representation,cate_rank_correlation,0.783559183689732
93,20270905,20290905,20310905,representation,sign_reversal,0.4861
93,20270905,20290905,20310905,representation,strong_reversal_010,0.2959
93,20270905,20290905,20310905,representation,strong_reversal_025,0.00933333333333333
93,20270905,20290905,20310905,representation,reversal_given_true_margin_025,0.323064002828854
93,20270905,20290905,20310905,representation,mean_absolute_prediction_change,0.381636126622547
93,20270905,20290905,20310905,second_seed,cate_correlation,0.999418160733515
93,20270905,20290905,20310905,second_seed,cate_rank_correlation,0.980994243127771
93,20270905,20290905,20310905,second_seed,sign_reversal,5e-04
93,20270905,20290905,20310905,second_seed,strong_reversal_010,0
93,20270905,20290905,20310905,second_seed,strong_reversal_025,0
93,20270905,20290905,20310905,second_seed,reversal_given_true_margin_025,0
93,20270905,20290905,20310905,second_seed,mean_absolute_prediction_change,0.0160091543083806
94,20270906,20290906,20310906,representation,cate_correlation,0.569020437896687
94,20270906,20290906,20310906,representation,cate_rank_correlation,0.774874523928083
94,20270906,20290906,20310906,representation,sign_reversal,0.472933333333333
94,20270906,20290906,20310906,representation,strong_reversal_010,0.300966666666667
94,20270906,20290906,20310906,representation,strong_reversal_025,0.0537333333333333
94,20270906,20290906,20310906,representation,reversal_given_true_margin_025,0.300165392695901
94,20270906,20290906,20310906,representation,mean_absolute_prediction_change,0.381150340950584
94,20270906,20290906,20310906,second_seed,cate_correlation,0.999482445752897
94,20270906,20290906,20310906,second_seed,cate_rank_correlation,0.980771237723968
94,20270906,20290906,20310906,second_seed,sign_reversal,6e-04
94,20270906,20290906,20310906,second_seed,strong_reversal_010,0
94,20270906,20290906,20310906,second_seed,strong_reversal_025,0
94,20270906,20290906,20310906,second_seed,reversal_given_true_margin_025,8.94014572437531e-05
94,20270906,20290906,20310906,second_seed,mean_absolute_prediction_change,0.0149064434255084
95,20270907,20290907,20310907,representation,cate_correlation,0.596023086167647
95,20270907,20290907,20310907,representation,cate_rank_correlation,0.776484518860538
95,20270907,20290907,20310907,representation,sign_reversal,0.457
95,20270907,20290907,20310907,representation,strong_reversal_010,0.3576
95,20270907,20290907,20310907,representation,strong_reversal_025,0.243566666666667
95,20270907,20290907,20310907,representation,reversal_given_true_margin_025,0.277214063195372
95,20270907,20290907,20310907,representation,mean_absolute_prediction_change,0.432522496545995
95,20270907,20290907,20310907,second_seed,cate_correlation,0.999583649770654
95,20270907,20290907,20310907,second_seed,cate_rank_correlation,0.980422986382692
95,20270907,20290907,20310907,second_seed,sign_reversal,6.66666666666667e-05
95,20270907,20290907,20310907,second_seed,strong_reversal_010,0
95,20270907,20290907,20310907,second_seed,strong_reversal_025,0
95,20270907,20290907,20310907,second_seed,reversal_given_true_margin_025,8.90075656430797e-05
95,20270907,20290907,20310907,second_seed,mean_absolute_prediction_change,0.0155140432863936
96,20270908,20290908,20310908,representation,cate_correlation,0.607934166346017
96,20270908,20290908,20310908,representation,cate_rank_correlation,0.793454097185171
96,20270908,20290908,20310908,representation,sign_reversal,0.4831
96,20270908,20290908,20310908,representation,strong_reversal_010,0.296266666666667
96,20270908,20290908,20310908,representation,strong_reversal_025,0.227166666666667
96,20270908,20290908,20310908,representation,reversal_given_true_margin_025,0.320258258523858
96,20270908,20290908,20310908,representation,mean_absolute_prediction_change,0.407118523876521
96,20270908,20290908,20310908,second_seed,cate_correlation,0.999571080829138
96,20270908,20290908,20310908,second_seed,cate_rank_correlation,0.98054420102816
96,20270908,20290908,20310908,second_seed,sign_reversal,3.33333333333333e-05
96,20270908,20290908,20310908,second_seed,strong_reversal_010,0
96,20270908,20290908,20310908,second_seed,strong_reversal_025,0
96,20270908,20290908,20310908,second_seed,reversal_given_true_margin_025,0
96,20270908,20290908,20310908,second_seed,mean_absolute_prediction_change,0.0151612259497947
97,20270909,20290909,20310909,representation,cate_correlation,0.562684388972396
97,20270909,20290909,20310909,representation,cate_rank_correlation,0.772108495081898
97,20270909,20290909,20310909,representation,sign_reversal,0.4828
97,20270909,20290909,20310909,representation,strong_reversal_010,0.298633333333333
97,20270909,20290909,20310909,representation,strong_reversal_025,0.0395
97,20270909,20290909,20310909,representation,reversal_given_true_margin_025,0.323224226230238
97,20270909,20290909,20310909,representation,mean_absolute_prediction_change,0.407792025127031
97,20270909,20290909,20310909,second_seed,cate_correlation,0.999535555945413
97,20270909,20290909,20310909,second_seed,cate_rank_correlation,0.976496471950774
97,20270909,20290909,20310909,second_seed,sign_reversal,0.000666666666666667
97,20270909,20290909,20310909,second_seed,strong_reversal_010,0
97,20270909,20290909,20310909,second_seed,strong_reversal_025,0
97,20270909,20290909,20310909,second_seed,reversal_given_true_margin_025,0.000311734580271654
97,20270909,20290909,20310909,second_seed,mean_absolute_prediction_change,0.0149894523449679
98,20270910,20290910,20310910,representation,cate_correlation,0.623628609105524
98,20270910,20290910,20310910,representation,cate_rank_correlation,0.781254419178283
98,20270910,20290910,20310910,representation,sign_reversal,0.285533333333333
98,20270910,20290910,20310910,representation,strong_reversal_010,0.248433333333333
98,20270910,20290910,20310910,representation,strong_reversal_025,0.2426
98,20270910,20290910,20310910,representation,reversal_given_true_margin_025,0.0475957039083738
98,20270910,20290910,20310910,representation,mean_absolute_prediction_change,0.423165122226168
98,20270910,20290910,20310910,second_seed,cate_correlation,0.999583942416642
98,20270910,20290910,20310910,second_seed,cate_rank_correlation,0.979164953693739
98,20270910,20290910,20310910,second_seed,sign_reversal,0.000733333333333333
98,20270910,20290910,20310910,second_seed,strong_reversal_010,0
98,20270910,20290910,20310910,second_seed,strong_reversal_025,0
98,20270910,20290910,20310910,second_seed,reversal_given_true_margin_025,0.000445652658318107
98,20270910,20290910,20310910,second_seed,mean_absolute_prediction_change,0.0153032265895376
99,20270911,20290911,20310911,representation,cate_correlation,0.62246286160253
99,20270911,20290911,20310911,representation,cate_rank_correlation,0.786061822579624
99,20270911,20290911,20310911,representation,sign_reversal,0.2567
99,20270911,20290911,20310911,representation,strong_reversal_010,0.2472
99,20270911,20290911,20310911,representation,strong_reversal_025,0.169833333333333
99,20270911,20290911,20310911,representation,reversal_given_true_margin_025,0.00864990190832888
99,20270911,20290911,20310911,representation,mean_absolute_prediction_change,0.388120979547518
99,20270911,20290911,20310911,second_seed,cate_correlation,0.999518687928544
99,20270911,20290911,20310911,second_seed,cate_rank_correlation,0.983586569930652
99,20270911,20290911,20310911,second_seed,sign_reversal,0.000366666666666667
99,20270911,20290911,20310911,second_seed,strong_reversal_010,0
99,20270911,20290911,20310911,second_seed,strong_reversal_025,0
99,20270911,20290911,20310911,second_seed,reversal_given_true_margin_025,8.91742464776173e-05
99,20270911,20290911,20310911,second_seed,mean_absolute_prediction_change,0.0149468722774246
100,20270912,20290912,20310912,representation,cate_correlation,0.557068884634295
100,20270912,20290912,20310912,representation,cate_rank_correlation,0.76827848804831
100,20270912,20290912,20310912,representation,sign_reversal,0.496466666666667
100,20270912,20290912,20310912,representation,strong_reversal_010,0.4649
100,20270912,20290912,20310912,representation,strong_reversal_025,0.158766666666667
100,20270912,20290912,20310912,representation,reversal_given_true_margin_025,0.341239001295279
100,20270912,20290912,20310912,representation,mean_absolute_prediction_change,0.387440002388456
100,20270912,20290912,20310912,second_seed,cate_correlation,0.999443541869696
100,20270912,20290912,20310912,second_seed,cate_rank_correlation,0.983970235184856
100,20270912,20290912,20310912,second_seed,sign_reversal,0.00126666666666667
100,20270912,20290912,20310912,second_seed,strong_reversal_010,0
100,20270912,20290912,20310912,second_seed,strong_reversal_025,0
100,20270912,20290912,20310912,second_seed,reversal_given_true_margin_025,0.00111661976863638
100,20270912,20290912,20310912,second_seed,mean_absolute_prediction_change,0.0162542894918957
