"replication","data_seed","forest_seed","cell_id","panel","multiplicity","trees","mtry_rule","actual_mtry","n_train","noise_sd","method","metric","value"
1,20270811,20290811,"cell_01","dose_response",1,2000,"fixed_6",6,3000,1,"ordinary","cate_correlation",0.932496775336896
1,20270811,20290811,"cell_01","dose_response",1,2000,"fixed_6",6,3000,1,"ordinary","cate_rank_correlation",0.822875284698306
1,20270811,20290811,"cell_01","dose_response",1,2000,"fixed_6",6,3000,1,"ordinary","sign_reversal",0.1078
1,20270811,20290811,"cell_01","dose_response",1,2000,"fixed_6",6,3000,1,"ordinary","positive_to_negative",0.0191
1,20270811,20290811,"cell_01","dose_response",1,2000,"fixed_6",6,3000,1,"ordinary","negative_to_positive",0.0887
1,20270811,20290811,"cell_01","dose_response",1,2000,"fixed_6",6,3000,1,"ordinary","strong_reversal_010",0.00783333333333333
1,20270811,20290811,"cell_01","dose_response",1,2000,"fixed_6",6,3000,1,"ordinary","strong_reversal_025",0
1,20270811,20290811,"cell_01","dose_response",1,2000,"fixed_6",6,3000,1,"ordinary","reversal_given_estimated_margin_010",0.0137563659778727
1,20270811,20290811,"cell_01","dose_response",1,2000,"fixed_6",6,3000,1,"ordinary","reversal_given_estimated_margin_025",0
1,20270811,20290811,"cell_01","dose_response",1,2000,"fixed_6",6,3000,1,"ordinary","reversal_given_true_margin_010",0.072307047938164
1,20270811,20290811,"cell_01","dose_response",1,2000,"fixed_6",6,3000,1,"ordinary","reversal_given_true_margin_025",0.0254395311667555
1,20270811,20290811,"cell_01","dose_response",1,2000,"fixed_6",6,3000,1,"ordinary","x1_wrong_sign_true_margin_010",0.0530784754216959
1,20270811,20290811,"cell_01","dose_response",1,2000,"fixed_6",6,3000,1,"ordinary","x2_wrong_sign_true_margin_010",0.0242546548376042
1,20270811,20290811,"cell_01","dose_response",1,2000,"fixed_6",6,3000,1,"ordinary","x1_wrong_sign_true_margin_025",0.00128751553898064
1,20270811,20290811,"cell_01","dose_response",1,2000,"fixed_6",6,3000,1,"ordinary","x2_wrong_sign_true_margin_025",0.0265494583555319
1,20270811,20290811,"cell_01","dose_response",1,2000,"fixed_6",6,3000,1,"ordinary","mean_absolute_prediction_change",0.149445028857012
1,20270811,20290811,"cell_02","dose_response",2,2000,"fixed_6",6,3000,1,"ordinary","cate_correlation",0.872428957343987
1,20270811,20290811,"cell_02","dose_response",2,2000,"fixed_6",6,3000,1,"ordinary","cate_rank_correlation",0.812514854789905
1,20270811,20290811,"cell_02","dose_response",2,2000,"fixed_6",6,3000,1,"ordinary","sign_reversal",0.3296
1,20270811,20290811,"cell_02","dose_response",2,2000,"fixed_6",6,3000,1,"ordinary","positive_to_negative",0.1315
1,20270811,20290811,"cell_02","dose_response",2,2000,"fixed_6",6,3000,1,"ordinary","negative_to_positive",0.1981
1,20270811,20290811,"cell_02","dose_response",2,2000,"fixed_6",6,3000,1,"ordinary","strong_reversal_010",0.0497333333333333
1,20270811,20290811,"cell_02","dose_response",2,2000,"fixed_6",6,3000,1,"ordinary","strong_reversal_025",0
1,20270811,20290811,"cell_02","dose_response",2,2000,"fixed_6",6,3000,1,"ordinary","reversal_given_estimated_margin_010",0.0874150456995547
1,20270811,20290811,"cell_02","dose_response",2,2000,"fixed_6",6,3000,1,"ordinary","reversal_given_estimated_margin_025",0
1,20270811,20290811,"cell_02","dose_response",2,2000,"fixed_6",6,3000,1,"ordinary","reversal_given_true_margin_010",0.263602787191105
1,20270811,20290811,"cell_02","dose_response",2,2000,"fixed_6",6,3000,1,"ordinary","reversal_given_true_margin_025",0.175146510388918
1,20270811,20290811,"cell_02","dose_response",2,2000,"fixed_6",6,3000,1,"ordinary","x1_wrong_sign_true_margin_010",0.11548566424247
1,20270811,20290811,"cell_02","dose_response",2,2000,"fixed_6",6,3000,1,"ordinary","x2_wrong_sign_true_margin_010",0.152229372120474
1,20270811,20290811,"cell_02","dose_response",2,2000,"fixed_6",6,3000,1,"ordinary","x1_wrong_sign_true_margin_025",0.00110992718877642
1,20270811,20290811,"cell_02","dose_response",2,2000,"fixed_6",6,3000,1,"ordinary","x2_wrong_sign_true_margin_025",0.176167643402593
1,20270811,20290811,"cell_02","dose_response",2,2000,"fixed_6",6,3000,1,"ordinary","mean_absolute_prediction_change",0.219815440545629
1,20270811,20290811,"cell_03","dose_response",4,2000,"fixed_6",6,3000,1,"ordinary","cate_correlation",0.807727223638013
1,20270811,20290811,"cell_03","dose_response",4,2000,"fixed_6",6,3000,1,"ordinary","cate_rank_correlation",0.802897498267664
1,20270811,20290811,"cell_03","dose_response",4,2000,"fixed_6",6,3000,1,"ordinary","sign_reversal",0.471733333333333
1,20270811,20290811,"cell_03","dose_response",4,2000,"fixed_6",6,3000,1,"ordinary","positive_to_negative",0.236433333333333
1,20270811,20290811,"cell_03","dose_response",4,2000,"fixed_6",6,3000,1,"ordinary","negative_to_positive",0.2353
1,20270811,20290811,"cell_03","dose_response",4,2000,"fixed_6",6,3000,1,"ordinary","strong_reversal_010",0.201266666666667
1,20270811,20290811,"cell_03","dose_response",4,2000,"fixed_6",6,3000,1,"ordinary","strong_reversal_025",0.00226666666666667
1,20270811,20290811,"cell_03","dose_response",4,2000,"fixed_6",6,3000,1,"ordinary","reversal_given_estimated_margin_010",0.282810304449649
1,20270811,20290811,"cell_03","dose_response",4,2000,"fixed_6",6,3000,1,"ordinary","reversal_given_estimated_margin_025",0.00448400923178371
1,20270811,20290811,"cell_03","dose_response",4,2000,"fixed_6",6,3000,1,"ordinary","reversal_given_true_margin_010",0.405361154475879
1,20270811,20290811,"cell_03","dose_response",4,2000,"fixed_6",6,3000,1,"ordinary","reversal_given_true_margin_025",0.314908541999645
1,20270811,20290811,"cell_03","dose_response",4,2000,"fixed_6",6,3000,1,"ordinary","x1_wrong_sign_true_margin_010",0.137227277919507
1,20270811,20290811,"cell_03","dose_response",4,2000,"fixed_6",6,3000,1,"ordinary","x2_wrong_sign_true_margin_010",0.271865361916004
1,20270811,20290811,"cell_03","dose_response",4,2000,"fixed_6",6,3000,1,"ordinary","x1_wrong_sign_true_margin_025",0.00106553010122536
1,20270811,20290811,"cell_03","dose_response",4,2000,"fixed_6",6,3000,1,"ordinary","x2_wrong_sign_true_margin_025",0.315796483750666
1,20270811,20290811,"cell_03","dose_response",4,2000,"fixed_6",6,3000,1,"ordinary","mean_absolute_prediction_change",0.286293094578539
1,20270811,20290811,"cell_04","dose_response",8,2000,"fixed_6",6,3000,1,"ordinary","cate_correlation",0.754124066382223
1,20270811,20290811,"cell_04","dose_response",8,2000,"fixed_6",6,3000,1,"ordinary","cate_rank_correlation",0.793489417523433
1,20270811,20290811,"cell_04","dose_response",8,2000,"fixed_6",6,3000,1,"ordinary","sign_reversal",0.4869
1,20270811,20290811,"cell_04","dose_response",8,2000,"fixed_6",6,3000,1,"ordinary","positive_to_negative",0.2463
1,20270811,20290811,"cell_04","dose_response",8,2000,"fixed_6",6,3000,1,"ordinary","negative_to_positive",0.2406
1,20270811,20290811,"cell_04","dose_response",8,2000,"fixed_6",6,3000,1,"ordinary","strong_reversal_010",0.389833333333333
1,20270811,20290811,"cell_04","dose_response",8,2000,"fixed_6",6,3000,1,"ordinary","strong_reversal_025",0.0174333333333333
1,20270811,20290811,"cell_04","dose_response",8,2000,"fixed_6",6,3000,1,"ordinary","reversal_given_estimated_margin_010",0.433581729878026
1,20270811,20290811,"cell_04","dose_response",8,2000,"fixed_6",6,3000,1,"ordinary","reversal_given_estimated_margin_025",0.0335794542536116
1,20270811,20290811,"cell_04","dose_response",8,2000,"fixed_6",6,3000,1,"ordinary","reversal_given_true_margin_010",0.419335186383886
1,20270811,20290811,"cell_04","dose_response",8,2000,"fixed_6",6,3000,1,"ordinary","reversal_given_true_margin_025",0.327961285739655
1,20270811,20290811,"cell_04","dose_response",8,2000,"fixed_6",6,3000,1,"ordinary","x1_wrong_sign_true_margin_010",0.139702242698854
1,20270811,20290811,"cell_04","dose_response",8,2000,"fixed_6",6,3000,1,"ordinary","x2_wrong_sign_true_margin_010",0.28267905418269
1,20270811,20290811,"cell_04","dose_response",8,2000,"fixed_6",6,3000,1,"ordinary","x1_wrong_sign_true_margin_025",0.00066595631326585
1,20270811,20290811,"cell_04","dose_response",8,2000,"fixed_6",6,3000,1,"ordinary","x2_wrong_sign_true_margin_025",0.328360859527615
1,20270811,20290811,"cell_04","dose_response",8,2000,"fixed_6",6,3000,1,"ordinary","mean_absolute_prediction_change",0.33443709022895
1,20270811,20290811,"cell_05","dose_response",16,2000,"fixed_6",6,3000,1,"ordinary","cate_correlation",0.677805003184615
1,20270811,20290811,"cell_05","dose_response",16,2000,"fixed_6",6,3000,1,"ordinary","cate_rank_correlation",0.783325226436139
1,20270811,20290811,"cell_05","dose_response",16,2000,"fixed_6",6,3000,1,"ordinary","sign_reversal",0.488766666666667
1,20270811,20290811,"cell_05","dose_response",16,2000,"fixed_6",6,3000,1,"ordinary","positive_to_negative",0.246533333333333
1,20270811,20290811,"cell_05","dose_response",16,2000,"fixed_6",6,3000,1,"ordinary","negative_to_positive",0.242233333333333
1,20270811,20290811,"cell_05","dose_response",16,2000,"fixed_6",6,3000,1,"ordinary","strong_reversal_010",0.4577
1,20270811,20290811,"cell_05","dose_response",16,2000,"fixed_6",6,3000,1,"ordinary","strong_reversal_025",0.0466666666666667
1,20270811,20290811,"cell_05","dose_response",16,2000,"fixed_6",6,3000,1,"ordinary","reversal_given_estimated_margin_010",0.474169486843014
1,20270811,20290811,"cell_05","dose_response",16,2000,"fixed_6",6,3000,1,"ordinary","reversal_given_estimated_margin_025",0.0853762653982193
1,20270811,20290811,"cell_05","dose_response",16,2000,"fixed_6",6,3000,1,"ordinary","reversal_given_true_margin_010",0.42059170696417
1,20270811,20290811,"cell_05","dose_response",16,2000,"fixed_6",6,3000,1,"ordinary","reversal_given_true_margin_025",0.328360859527615
1,20270811,20290811,"cell_05","dose_response",16,2000,"fixed_6",6,3000,1,"ordinary","x1_wrong_sign_true_margin_010",0.140083006511061
1,20270811,20290811,"cell_05","dose_response",16,2000,"fixed_6",6,3000,1,"ordinary","x2_wrong_sign_true_margin_010",0.282412519514145
1,20270811,20290811,"cell_05","dose_response",16,2000,"fixed_6",6,3000,1,"ordinary","x1_wrong_sign_true_margin_025",0.000488367963061623
1,20270811,20290811,"cell_05","dose_response",16,2000,"fixed_6",6,3000,1,"ordinary","x2_wrong_sign_true_margin_025",0.328494050790268
1,20270811,20290811,"cell_05","dose_response",16,2000,"fixed_6",6,3000,1,"ordinary","mean_absolute_prediction_change",0.382706031222193
1,20270811,20290811,"cell_06","tree_robustness",8,800,"fixed_6",6,3000,1,"ordinary","cate_correlation",0.749445766772913
1,20270811,20290811,"cell_06","tree_robustness",8,800,"fixed_6",6,3000,1,"ordinary","cate_rank_correlation",0.790775709864862
1,20270811,20290811,"cell_06","tree_robustness",8,800,"fixed_6",6,3000,1,"ordinary","sign_reversal",0.4867
1,20270811,20290811,"cell_06","tree_robustness",8,800,"fixed_6",6,3000,1,"ordinary","positive_to_negative",0.2461
1,20270811,20290811,"cell_06","tree_robustness",8,800,"fixed_6",6,3000,1,"ordinary","negative_to_positive",0.2406
1,20270811,20290811,"cell_06","tree_robustness",8,800,"fixed_6",6,3000,1,"ordinary","strong_reversal_010",0.3988
1,20270811,20290811,"cell_06","tree_robustness",8,800,"fixed_6",6,3000,1,"ordinary","strong_reversal_025",0.0175666666666667
1,20270811,20290811,"cell_06","tree_robustness",8,800,"fixed_6",6,3000,1,"ordinary","reversal_given_estimated_margin_010",0.439078097475044
1,20270811,20290811,"cell_06","tree_robustness",8,800,"fixed_6",6,3000,1,"ordinary","reversal_given_estimated_margin_025",0.0338297599178328
1,20270811,20290811,"cell_06","tree_robustness",8,800,"fixed_6",6,3000,1,"ordinary","reversal_given_true_margin_010",0.419106728096562
1,20270811,20290811,"cell_06","tree_robustness",8,800,"fixed_6",6,3000,1,"ordinary","reversal_given_true_margin_025",0.327694903214349
1,20270811,20290811,"cell_06","tree_robustness",8,800,"fixed_6",6,3000,1,"ordinary","x1_wrong_sign_true_margin_010",0.139816471842516
1,20270811,20290811,"cell_06","tree_robustness",8,800,"fixed_6",6,3000,1,"ordinary","x2_wrong_sign_true_margin_010",0.28264097780147
1,20270811,20290811,"cell_06","tree_robustness",8,800,"fixed_6",6,3000,1,"ordinary","x1_wrong_sign_true_margin_025",0.000843544663470076
1,20270811,20290811,"cell_06","tree_robustness",8,800,"fixed_6",6,3000,1,"ordinary","x2_wrong_sign_true_margin_025",0.328360859527615
1,20270811,20290811,"cell_06","tree_robustness",8,800,"fixed_6",6,3000,1,"ordinary","mean_absolute_prediction_change",0.337582400755831
1,20270811,20290811,"cell_07","tree_robustness",8,5000,"fixed_6",6,3000,1,"ordinary","cate_correlation",0.746995561772364
1,20270811,20290811,"cell_07","tree_robustness",8,5000,"fixed_6",6,3000,1,"ordinary","cate_rank_correlation",0.794915220587239
1,20270811,20290811,"cell_07","tree_robustness",8,5000,"fixed_6",6,3000,1,"ordinary","sign_reversal",0.487
1,20270811,20290811,"cell_07","tree_robustness",8,5000,"fixed_6",6,3000,1,"ordinary","positive_to_negative",0.246466666666667
1,20270811,20290811,"cell_07","tree_robustness",8,5000,"fixed_6",6,3000,1,"ordinary","negative_to_positive",0.240533333333333
1,20270811,20290811,"cell_07","tree_robustness",8,5000,"fixed_6",6,3000,1,"ordinary","strong_reversal_010",0.387866666666667
1,20270811,20290811,"cell_07","tree_robustness",8,5000,"fixed_6",6,3000,1,"ordinary","strong_reversal_025",0.0183666666666667
1,20270811,20290811,"cell_07","tree_robustness",8,5000,"fixed_6",6,3000,1,"ordinary","reversal_given_estimated_margin_010",0.432500743383883
1,20270811,20290811,"cell_07","tree_robustness",8,5000,"fixed_6",6,3000,1,"ordinary","reversal_given_estimated_margin_025",0.0353454358842774
1,20270811,20290811,"cell_07","tree_robustness",8,5000,"fixed_6",6,3000,1,"ordinary","reversal_given_true_margin_010",0.41952556828999
1,20270811,20290811,"cell_07","tree_robustness",8,5000,"fixed_6",6,3000,1,"ordinary","reversal_given_true_margin_025",0.328183271177411
1,20270811,20290811,"cell_07","tree_robustness",8,5000,"fixed_6",6,3000,1,"ordinary","x1_wrong_sign_true_margin_010",0.139549937173971
1,20270811,20290811,"cell_07","tree_robustness",8,5000,"fixed_6",6,3000,1,"ordinary","x2_wrong_sign_true_margin_010",0.282717130563911
1,20270811,20290811,"cell_07","tree_robustness",8,5000,"fixed_6",6,3000,1,"ordinary","x1_wrong_sign_true_margin_025",0.00053276505061268
1,20270811,20290811,"cell_07","tree_robustness",8,5000,"fixed_6",6,3000,1,"ordinary","x2_wrong_sign_true_margin_025",0.328449653702717
1,20270811,20290811,"cell_07","tree_robustness",8,5000,"fixed_6",6,3000,1,"ordinary","mean_absolute_prediction_change",0.337191843146572
1,20270811,20290811,"cell_08","default_mtry",8,2000,"grf_default",27,3000,1,"ordinary","cate_correlation",0.993424682294167
1,20270811,20290811,"cell_08","default_mtry",8,2000,"grf_default",27,3000,1,"ordinary","cate_rank_correlation",0.864085129332539
1,20270811,20290811,"cell_08","default_mtry",8,2000,"grf_default",27,3000,1,"ordinary","sign_reversal",0.0302666666666667
1,20270811,20290811,"cell_08","default_mtry",8,2000,"grf_default",27,3000,1,"ordinary","positive_to_negative",0.0056
1,20270811,20290811,"cell_08","default_mtry",8,2000,"grf_default",27,3000,1,"ordinary","negative_to_positive",0.0246666666666667
1,20270811,20290811,"cell_08","default_mtry",8,2000,"grf_default",27,3000,1,"ordinary","strong_reversal_010",0.000266666666666667
1,20270811,20290811,"cell_08","default_mtry",8,2000,"grf_default",27,3000,1,"ordinary","strong_reversal_025",0
1,20270811,20290811,"cell_08","default_mtry",8,2000,"grf_default",27,3000,1,"ordinary","reversal_given_estimated_margin_010",0.000323140929838026
1,20270811,20290811,"cell_08","default_mtry",8,2000,"grf_default",27,3000,1,"ordinary","reversal_given_estimated_margin_025",0
1,20270811,20290811,"cell_08","default_mtry",8,2000,"grf_default",27,3000,1,"ordinary","reversal_given_true_margin_010",0.0199139473784412
1,20270811,20290811,"cell_08","default_mtry",8,2000,"grf_default",27,3000,1,"ordinary","reversal_given_true_margin_025",0.00745871070857752
1,20270811,20290811,"cell_08","default_mtry",8,2000,"grf_default",27,3000,1,"ordinary","x1_wrong_sign_true_margin_010",0.020637398621635
1,20270811,20290811,"cell_08","default_mtry",8,2000,"grf_default",27,3000,1,"ordinary","x2_wrong_sign_true_margin_010",0.0135171153333587
1,20270811,20290811,"cell_08","default_mtry",8,2000,"grf_default",27,3000,1,"ordinary","x1_wrong_sign_true_margin_025",0.00506126798082046
1,20270811,20290811,"cell_08","default_mtry",8,2000,"grf_default",27,3000,1,"ordinary","x2_wrong_sign_true_margin_025",0.012519978689398
1,20270811,20290811,"cell_08","default_mtry",8,2000,"grf_default",27,3000,1,"ordinary","mean_absolute_prediction_change",0.071747390645177
1,20270811,20290811,"cell_09","larger_sample",8,2000,"fixed_6",6,10000,1,"ordinary","cate_correlation",0.871594336322793
1,20270811,20290811,"cell_09","larger_sample",8,2000,"fixed_6",6,10000,1,"ordinary","cate_rank_correlation",0.787556744095952
1,20270811,20290811,"cell_09","larger_sample",8,2000,"fixed_6",6,10000,1,"ordinary","sign_reversal",0.293033333333333
1,20270811,20290811,"cell_09","larger_sample",8,2000,"fixed_6",6,10000,1,"ordinary","positive_to_negative",0.0471333333333333
1,20270811,20290811,"cell_09","larger_sample",8,2000,"fixed_6",6,10000,1,"ordinary","negative_to_positive",0.2459
1,20270811,20290811,"cell_09","larger_sample",8,2000,"fixed_6",6,10000,1,"ordinary","strong_reversal_010",0.145733333333333
1,20270811,20290811,"cell_09","larger_sample",8,2000,"fixed_6",6,10000,1,"ordinary","strong_reversal_025",0.0075
1,20270811,20290811,"cell_09","larger_sample",8,2000,"fixed_6",6,10000,1,"ordinary","reversal_given_estimated_margin_010",0.21771824112345
1,20270811,20290811,"cell_09","larger_sample",8,2000,"fixed_6",6,10000,1,"ordinary","reversal_given_estimated_margin_025",0.0146799765120376
1,20270811,20290811,"cell_09","larger_sample",8,2000,"fixed_6",6,10000,1,"ordinary","reversal_given_true_margin_010",0.194646460800366
1,20270811,20290811,"cell_09","larger_sample",8,2000,"fixed_6",6,10000,1,"ordinary","reversal_given_true_margin_025",0.0627774817971941
1,20270811,20290811,"cell_09","larger_sample",8,2000,"fixed_6",6,10000,1,"ordinary","x1_wrong_sign_true_margin_010",0.141377603472566
1,20270811,20290811,"cell_09","larger_sample",8,2000,"fixed_6",6,10000,1,"ordinary","x2_wrong_sign_true_margin_010",0.0544111487644214
1,20270811,20290811,"cell_09","larger_sample",8,2000,"fixed_6",6,10000,1,"ordinary","x1_wrong_sign_true_margin_025",0.000443970875510567
1,20270811,20290811,"cell_09","larger_sample",8,2000,"fixed_6",6,10000,1,"ordinary","x2_wrong_sign_true_margin_025",0.0632214526727047
1,20270811,20290811,"cell_09","larger_sample",8,2000,"fixed_6",6,10000,1,"ordinary","mean_absolute_prediction_change",0.265943284161673
1,20270811,20290811,"cell_10","noise_robustness",8,2000,"fixed_6",6,3000,0.5,"ordinary","cate_correlation",0.818398457822619
1,20270811,20290811,"cell_10","noise_robustness",8,2000,"fixed_6",6,3000,0.5,"ordinary","cate_rank_correlation",0.781794046519771
1,20270811,20290811,"cell_10","noise_robustness",8,2000,"fixed_6",6,3000,0.5,"ordinary","sign_reversal",0.477966666666667
1,20270811,20290811,"cell_10","noise_robustness",8,2000,"fixed_6",6,3000,0.5,"ordinary","positive_to_negative",0.2344
1,20270811,20290811,"cell_10","noise_robustness",8,2000,"fixed_6",6,3000,0.5,"ordinary","negative_to_positive",0.243566666666667
1,20270811,20290811,"cell_10","noise_robustness",8,2000,"fixed_6",6,3000,0.5,"ordinary","strong_reversal_010",0.246833333333333
1,20270811,20290811,"cell_10","noise_robustness",8,2000,"fixed_6",6,3000,0.5,"ordinary","strong_reversal_025",0.00543333333333333
1,20270811,20290811,"cell_10","noise_robustness",8,2000,"fixed_6",6,3000,0.5,"ordinary","reversal_given_estimated_margin_010",0.327480983548558
1,20270811,20290811,"cell_10","noise_robustness",8,2000,"fixed_6",6,3000,0.5,"ordinary","reversal_given_estimated_margin_025",0.0106997505579625
1,20270811,20290811,"cell_10","noise_robustness",8,2000,"fixed_6",6,3000,0.5,"ordinary","reversal_given_true_margin_010",0.407493431824239
1,20270811,20290811,"cell_10","noise_robustness",8,2000,"fixed_6",6,3000,0.5,"ordinary","reversal_given_true_margin_025",0.31220031965903
1,20270811,20290811,"cell_10","noise_robustness",8,2000,"fixed_6",6,3000,0.5,"ordinary","x1_wrong_sign_true_margin_010",0.140463770323268
1,20270811,20290811,"cell_10","noise_robustness",8,2000,"fixed_6",6,3000,0.5,"ordinary","x2_wrong_sign_true_margin_010",0.268476563987359
1,20270811,20290811,"cell_10","noise_robustness",8,2000,"fixed_6",6,3000,0.5,"ordinary","x1_wrong_sign_true_margin_025",0.000355176700408453
1,20270811,20290811,"cell_10","noise_robustness",8,2000,"fixed_6",6,3000,0.5,"ordinary","x2_wrong_sign_true_margin_025",0.312555496359439
1,20270811,20290811,"cell_10","noise_robustness",8,2000,"fixed_6",6,3000,0.5,"ordinary","mean_absolute_prediction_change",0.298058450141108
1,20270811,20290811,"cell_11","noise_robustness",8,2000,"fixed_6",6,3000,2,"ordinary","cate_correlation",0.599980559619575
1,20270811,20290811,"cell_11","noise_robustness",8,2000,"fixed_6",6,3000,2,"ordinary","cate_rank_correlation",0.768633770523371
1,20270811,20290811,"cell_11","noise_robustness",8,2000,"fixed_6",6,3000,2,"ordinary","sign_reversal",0.462666666666667
1,20270811,20290811,"cell_11","noise_robustness",8,2000,"fixed_6",6,3000,2,"ordinary","positive_to_negative",0.248266666666667
1,20270811,20290811,"cell_11","noise_robustness",8,2000,"fixed_6",6,3000,2,"ordinary","negative_to_positive",0.2144
1,20270811,20290811,"cell_11","noise_robustness",8,2000,"fixed_6",6,3000,2,"ordinary","strong_reversal_010",0.374566666666667
1,20270811,20290811,"cell_11","noise_robustness",8,2000,"fixed_6",6,3000,2,"ordinary","strong_reversal_025",0.140233333333333
1,20270811,20290811,"cell_11","noise_robustness",8,2000,"fixed_6",6,3000,2,"ordinary","reversal_given_estimated_margin_010",0.422380093219065
1,20270811,20290811,"cell_11","noise_robustness",8,2000,"fixed_6",6,3000,2,"ordinary","reversal_given_estimated_margin_025",0.222792988402267
1,20270811,20290811,"cell_11","noise_robustness",8,2000,"fixed_6",6,3000,2,"ordinary","reversal_given_true_margin_010",0.405627689144424
1,20270811,20290811,"cell_11","noise_robustness",8,2000,"fixed_6",6,3000,2,"ordinary","reversal_given_true_margin_025",0.330580713905168
1,20270811,20290811,"cell_11","noise_robustness",8,2000,"fixed_6",6,3000,2,"ordinary","x1_wrong_sign_true_margin_010",0.125118988691315
1,20270811,20290811,"cell_11","noise_robustness",8,2000,"fixed_6",6,3000,2,"ordinary","x2_wrong_sign_true_margin_010",0.283402505425884
1,20270811,20290811,"cell_11","noise_robustness",8,2000,"fixed_6",6,3000,2,"ordinary","x1_wrong_sign_true_margin_025",0.002353045640206
1,20270811,20290811,"cell_11","noise_robustness",8,2000,"fixed_6",6,3000,2,"ordinary","x2_wrong_sign_true_margin_025",0.329293198366187
1,20270811,20290811,"cell_11","noise_robustness",8,2000,"fixed_6",6,3000,2,"ordinary","mean_absolute_prediction_change",0.384365243797253
1,20270811,20290811,"cell_12","invariant_check",16,2000,"fixed_6",6,3000,1,"class_sampled","cate_correlation",1
1,20270811,20290811,"cell_12","invariant_check",16,2000,"fixed_6",6,3000,1,"class_sampled","cate_rank_correlation",1
1,20270811,20290811,"cell_12","invariant_check",16,2000,"fixed_6",6,3000,1,"class_sampled","sign_reversal",0
1,20270811,20290811,"cell_12","invariant_check",16,2000,"fixed_6",6,3000,1,"class_sampled","positive_to_negative",0
1,20270811,20290811,"cell_12","invariant_check",16,2000,"fixed_6",6,3000,1,"class_sampled","negative_to_positive",0
1,20270811,20290811,"cell_12","invariant_check",16,2000,"fixed_6",6,3000,1,"class_sampled","strong_reversal_010",0
1,20270811,20290811,"cell_12","invariant_check",16,2000,"fixed_6",6,3000,1,"class_sampled","strong_reversal_025",0
1,20270811,20290811,"cell_12","invariant_check",16,2000,"fixed_6",6,3000,1,"class_sampled","reversal_given_estimated_margin_010",0
1,20270811,20290811,"cell_12","invariant_check",16,2000,"fixed_6",6,3000,1,"class_sampled","reversal_given_estimated_margin_025",0
1,20270811,20290811,"cell_12","invariant_check",16,2000,"fixed_6",6,3000,1,"class_sampled","reversal_given_true_margin_010",0
1,20270811,20290811,"cell_12","invariant_check",16,2000,"fixed_6",6,3000,1,"class_sampled","reversal_given_true_margin_025",0
1,20270811,20290811,"cell_12","invariant_check",16,2000,"fixed_6",6,3000,1,"class_sampled","x1_wrong_sign_true_margin_010",0.00723451243193847
1,20270811,20290811,"cell_12","invariant_check",16,2000,"fixed_6",6,3000,1,"class_sampled","x2_wrong_sign_true_margin_010",0.00723451243193847
1,20270811,20290811,"cell_12","invariant_check",16,2000,"fixed_6",6,3000,1,"class_sampled","x1_wrong_sign_true_margin_025",0.00492807671816729
1,20270811,20290811,"cell_12","invariant_check",16,2000,"fixed_6",6,3000,1,"class_sampled","x2_wrong_sign_true_margin_025",0.00492807671816729
1,20270811,20290811,"cell_12","invariant_check",16,2000,"fixed_6",6,3000,1,"class_sampled","mean_absolute_prediction_change",0
2,20270812,20290812,"cell_01","dose_response",1,2000,"fixed_6",6,3000,1,"ordinary","cate_correlation",0.937606869815612
2,20270812,20290812,"cell_01","dose_response",1,2000,"fixed_6",6,3000,1,"ordinary","cate_rank_correlation",0.850483059286315
2,20270812,20290812,"cell_01","dose_response",1,2000,"fixed_6",6,3000,1,"ordinary","sign_reversal",0.207966666666667
2,20270812,20290812,"cell_01","dose_response",1,2000,"fixed_6",6,3000,1,"ordinary","positive_to_negative",0.00603333333333333
2,20270812,20290812,"cell_01","dose_response",1,2000,"fixed_6",6,3000,1,"ordinary","negative_to_positive",0.201933333333333
2,20270812,20290812,"cell_01","dose_response",1,2000,"fixed_6",6,3000,1,"ordinary","strong_reversal_010",0.0435666666666667
2,20270812,20290812,"cell_01","dose_response",1,2000,"fixed_6",6,3000,1,"ordinary","strong_reversal_025",0
2,20270812,20290812,"cell_01","dose_response",1,2000,"fixed_6",6,3000,1,"ordinary","reversal_given_estimated_margin_010",0.0588977513406336
2,20270812,20290812,"cell_01","dose_response",1,2000,"fixed_6",6,3000,1,"ordinary","reversal_given_estimated_margin_025",0
2,20270812,20290812,"cell_01","dose_response",1,2000,"fixed_6",6,3000,1,"ordinary","reversal_given_true_margin_010",0.120828582288103
2,20270812,20290812,"cell_01","dose_response",1,2000,"fixed_6",6,3000,1,"ordinary","reversal_given_true_margin_025",0.00795158369041834
2,20270812,20290812,"cell_01","dose_response",1,2000,"fixed_6",6,3000,1,"ordinary","x1_wrong_sign_true_margin_010",0.118548080577727
2,20270812,20290812,"cell_01","dose_response",1,2000,"fixed_6",6,3000,1,"ordinary","x2_wrong_sign_true_margin_010",0.0107183580387685
2,20270812,20290812,"cell_01","dose_response",1,2000,"fixed_6",6,3000,1,"ordinary","x1_wrong_sign_true_margin_025",0.000397579184520917
2,20270812,20290812,"cell_01","dose_response",1,2000,"fixed_6",6,3000,1,"ordinary","x2_wrong_sign_true_margin_025",0.00755400450589742
2,20270812,20290812,"cell_01","dose_response",1,2000,"fixed_6",6,3000,1,"ordinary","mean_absolute_prediction_change",0.158827840439371
2,20270812,20290812,"cell_02","dose_response",2,2000,"fixed_6",6,3000,1,"ordinary","cate_correlation",0.884018929396809
2,20270812,20290812,"cell_02","dose_response",2,2000,"fixed_6",6,3000,1,"ordinary","cate_rank_correlation",0.820503430234782
2,20270812,20290812,"cell_02","dose_response",2,2000,"fixed_6",6,3000,1,"ordinary","sign_reversal",0.243033333333333
2,20270812,20290812,"cell_02","dose_response",2,2000,"fixed_6",6,3000,1,"ordinary","positive_to_negative",0.0198
2,20270812,20290812,"cell_02","dose_response",2,2000,"fixed_6",6,3000,1,"ordinary","negative_to_positive",0.223233333333333
2,20270812,20290812,"cell_02","dose_response",2,2000,"fixed_6",6,3000,1,"ordinary","strong_reversal_010",0.185033333333333
2,20270812,20290812,"cell_02","dose_response",2,2000,"fixed_6",6,3000,1,"ordinary","strong_reversal_025",3.33333333333333e-05
2,20270812,20290812,"cell_02","dose_response",2,2000,"fixed_6",6,3000,1,"ordinary","reversal_given_estimated_margin_010",0.244451294697904
2,20270812,20290812,"cell_02","dose_response",2,2000,"fixed_6",6,3000,1,"ordinary","reversal_given_estimated_margin_025",6.47668393782383e-05
2,20270812,20290812,"cell_02","dose_response",2,2000,"fixed_6",6,3000,1,"ordinary","reversal_given_true_margin_010",0.149638920562524
2,20270812,20290812,"cell_02","dose_response",2,2000,"fixed_6",6,3000,1,"ordinary","reversal_given_true_margin_025",0.0262402261783805
2,20270812,20290812,"cell_02","dose_response",2,2000,"fixed_6",6,3000,1,"ordinary","x1_wrong_sign_true_margin_010",0.130596731280882
2,20270812,20290812,"cell_02","dose_response",2,2000,"fixed_6",6,3000,1,"ordinary","x2_wrong_sign_true_margin_010",0.025579627518054
2,20270812,20290812,"cell_02","dose_response",2,2000,"fixed_6",6,3000,1,"ordinary","x1_wrong_sign_true_margin_025",0.00030922825462738
2,20270812,20290812,"cell_02","dose_response",2,2000,"fixed_6",6,3000,1,"ordinary","x2_wrong_sign_true_margin_025",0.0259309979237531
2,20270812,20290812,"cell_02","dose_response",2,2000,"fixed_6",6,3000,1,"ordinary","mean_absolute_prediction_change",0.229820762936696
2,20270812,20290812,"cell_03","dose_response",4,2000,"fixed_6",6,3000,1,"ordinary","cate_correlation",0.820854656729223
2,20270812,20290812,"cell_03","dose_response",4,2000,"fixed_6",6,3000,1,"ordinary","cate_rank_correlation",0.803983971398204
2,20270812,20290812,"cell_03","dose_response",4,2000,"fixed_6",6,3000,1,"ordinary","sign_reversal",0.368766666666667
2,20270812,20290812,"cell_03","dose_response",4,2000,"fixed_6",6,3000,1,"ordinary","positive_to_negative",0.138066666666667
2,20270812,20290812,"cell_03","dose_response",4,2000,"fixed_6",6,3000,1,"ordinary","negative_to_positive",0.2307
2,20270812,20290812,"cell_03","dose_response",4,2000,"fixed_6",6,3000,1,"ordinary","strong_reversal_010",0.2305
2,20270812,20290812,"cell_03","dose_response",4,2000,"fixed_6",6,3000,1,"ordinary","strong_reversal_025",0.0397333333333333
2,20270812,20290812,"cell_03","dose_response",4,2000,"fixed_6",6,3000,1,"ordinary","reversal_given_estimated_margin_010",0.302044203721499
2,20270812,20290812,"cell_03","dose_response",4,2000,"fixed_6",6,3000,1,"ordinary","reversal_given_estimated_margin_025",0.0726120857699805
2,20270812,20290812,"cell_03","dose_response",4,2000,"fixed_6",6,3000,1,"ordinary","reversal_given_true_margin_010",0.288673508171798
2,20270812,20290812,"cell_03","dose_response",4,2000,"fixed_6",6,3000,1,"ordinary","reversal_given_true_margin_025",0.182974775809515
2,20270812,20290812,"cell_03","dose_response",4,2000,"fixed_6",6,3000,1,"ordinary","x1_wrong_sign_true_margin_010",0.13458760927404
2,20270812,20290812,"cell_03","dose_response",4,2000,"fixed_6",6,3000,1,"ordinary","x2_wrong_sign_true_margin_010",0.160243253515773
2,20270812,20290812,"cell_03","dose_response",4,2000,"fixed_6",6,3000,1,"ordinary","x1_wrong_sign_true_margin_025",0.00030922825462738
2,20270812,20290812,"cell_03","dose_response",4,2000,"fixed_6",6,3000,1,"ordinary","x2_wrong_sign_true_margin_025",0.182665547554888
2,20270812,20290812,"cell_03","dose_response",4,2000,"fixed_6",6,3000,1,"ordinary","mean_absolute_prediction_change",0.301450739459095
2,20270812,20290812,"cell_04","dose_response",8,2000,"fixed_6",6,3000,1,"ordinary","cate_correlation",0.773237261200741
2,20270812,20290812,"cell_04","dose_response",8,2000,"fixed_6",6,3000,1,"ordinary","cate_rank_correlation",0.794966497453074
2,20270812,20290812,"cell_04","dose_response",8,2000,"fixed_6",6,3000,1,"ordinary","sign_reversal",0.4471
2,20270812,20290812,"cell_04","dose_response",8,2000,"fixed_6",6,3000,1,"ordinary","positive_to_negative",0.2145
2,20270812,20290812,"cell_04","dose_response",8,2000,"fixed_6",6,3000,1,"ordinary","negative_to_positive",0.2326
2,20270812,20290812,"cell_04","dose_response",8,2000,"fixed_6",6,3000,1,"ordinary","strong_reversal_010",0.2569
2,20270812,20290812,"cell_04","dose_response",8,2000,"fixed_6",6,3000,1,"ordinary","strong_reversal_025",0.1317
2,20270812,20290812,"cell_04","dose_response",8,2000,"fixed_6",6,3000,1,"ordinary","reversal_given_estimated_margin_010",0.32784583971414
2,20270812,20290812,"cell_04","dose_response",8,2000,"fixed_6",6,3000,1,"ordinary","reversal_given_estimated_margin_025",0.206577433859667
2,20270812,20290812,"cell_04","dose_response",8,2000,"fixed_6",6,3000,1,"ordinary","reversal_given_true_margin_010",0.37692892436336
2,20270812,20290812,"cell_04","dose_response",8,2000,"fixed_6",6,3000,1,"ordinary","reversal_given_true_margin_025",0.284269116932456
2,20270812,20290812,"cell_04","dose_response",8,2000,"fixed_6",6,3000,1,"ordinary","x1_wrong_sign_true_margin_010",0.13561383504371
2,20270812,20290812,"cell_04","dose_response",8,2000,"fixed_6",6,3000,1,"ordinary","x2_wrong_sign_true_margin_010",0.247244393766629
2,20270812,20290812,"cell_04","dose_response",8,2000,"fixed_6",6,3000,1,"ordinary","x1_wrong_sign_true_margin_025",0.000353403719574148
2,20270812,20290812,"cell_04","dose_response",8,2000,"fixed_6",6,3000,1,"ordinary","x2_wrong_sign_true_margin_025",0.283915713212882
2,20270812,20290812,"cell_04","dose_response",8,2000,"fixed_6",6,3000,1,"ordinary","mean_absolute_prediction_change",0.349186701279065
2,20270812,20290812,"cell_05","dose_response",16,2000,"fixed_6",6,3000,1,"ordinary","cate_correlation",0.699892869223198
2,20270812,20290812,"cell_05","dose_response",16,2000,"fixed_6",6,3000,1,"ordinary","cate_rank_correlation",0.785171265656857
2,20270812,20290812,"cell_05","dose_response",16,2000,"fixed_6",6,3000,1,"ordinary","sign_reversal",0.469433333333333
2,20270812,20290812,"cell_05","dose_response",16,2000,"fixed_6",6,3000,1,"ordinary","positive_to_negative",0.235433333333333
2,20270812,20290812,"cell_05","dose_response",16,2000,"fixed_6",6,3000,1,"ordinary","negative_to_positive",0.234
2,20270812,20290812,"cell_05","dose_response",16,2000,"fixed_6",6,3000,1,"ordinary","strong_reversal_010",0.384633333333333
2,20270812,20290812,"cell_05","dose_response",16,2000,"fixed_6",6,3000,1,"ordinary","strong_reversal_025",0.199966666666667
2,20270812,20290812,"cell_05","dose_response",16,2000,"fixed_6",6,3000,1,"ordinary","reversal_given_estimated_margin_010",0.427133074218027
2,20270812,20290812,"cell_05","dose_response",16,2000,"fixed_6",6,3000,1,"ordinary","reversal_given_estimated_margin_025",0.285530699666825
2,20270812,20290812,"cell_05","dose_response",16,2000,"fixed_6",6,3000,1,"ordinary","reversal_given_true_margin_010",0.401558342835424
2,20270812,20290812,"cell_05","dose_response",16,2000,"fixed_6",6,3000,1,"ordinary","reversal_given_true_margin_025",0.312011308919026
2,20270812,20290812,"cell_05","dose_response",16,2000,"fixed_6",6,3000,1,"ordinary","x1_wrong_sign_true_margin_010",0.136069935385785
2,20270812,20290812,"cell_05","dose_response",16,2000,"fixed_6",6,3000,1,"ordinary","x2_wrong_sign_true_margin_010",0.270657544659825
2,20270812,20290812,"cell_05","dose_response",16,2000,"fixed_6",6,3000,1,"ordinary","x1_wrong_sign_true_margin_025",0.000441754649467686
2,20270812,20290812,"cell_05","dose_response",16,2000,"fixed_6",6,3000,1,"ordinary","x2_wrong_sign_true_margin_025",0.311569554269559
2,20270812,20290812,"cell_05","dose_response",16,2000,"fixed_6",6,3000,1,"ordinary","mean_absolute_prediction_change",0.404283287536753
2,20270812,20290812,"cell_06","tree_robustness",8,800,"fixed_6",6,3000,1,"ordinary","cate_correlation",0.770559841834272
2,20270812,20290812,"cell_06","tree_robustness",8,800,"fixed_6",6,3000,1,"ordinary","cate_rank_correlation",0.791075833848306
2,20270812,20290812,"cell_06","tree_robustness",8,800,"fixed_6",6,3000,1,"ordinary","sign_reversal",0.455733333333333
2,20270812,20290812,"cell_06","tree_robustness",8,800,"fixed_6",6,3000,1,"ordinary","positive_to_negative",0.2229
2,20270812,20290812,"cell_06","tree_robustness",8,800,"fixed_6",6,3000,1,"ordinary","negative_to_positive",0.232833333333333
2,20270812,20290812,"cell_06","tree_robustness",8,800,"fixed_6",6,3000,1,"ordinary","strong_reversal_010",0.281566666666667
2,20270812,20290812,"cell_06","tree_robustness",8,800,"fixed_6",6,3000,1,"ordinary","strong_reversal_025",0.128166666666667
2,20270812,20290812,"cell_06","tree_robustness",8,800,"fixed_6",6,3000,1,"ordinary","reversal_given_estimated_margin_010",0.348790156082253
2,20270812,20290812,"cell_06","tree_robustness",8,800,"fixed_6",6,3000,1,"ordinary","reversal_given_estimated_margin_025",0.20235777064365
2,20270812,20290812,"cell_06","tree_robustness",8,800,"fixed_6",6,3000,1,"ordinary","reversal_given_true_margin_010",0.386659064994299
2,20270812,20290812,"cell_06","tree_robustness",8,800,"fixed_6",6,3000,1,"ordinary","reversal_given_true_margin_025",0.295401334099041
2,20270812,20290812,"cell_06","tree_robustness",8,800,"fixed_6",6,3000,1,"ordinary","x1_wrong_sign_true_margin_010",0.13557582668187
2,20270812,20290812,"cell_06","tree_robustness",8,800,"fixed_6",6,3000,1,"ordinary","x2_wrong_sign_true_margin_010",0.25670847586469
2,20270812,20290812,"cell_06","tree_robustness",8,800,"fixed_6",6,3000,1,"ordinary","x1_wrong_sign_true_margin_025",0.00030922825462738
2,20270812,20290812,"cell_06","tree_robustness",8,800,"fixed_6",6,3000,1,"ordinary","x2_wrong_sign_true_margin_025",0.295092105844414
2,20270812,20290812,"cell_06","tree_robustness",8,800,"fixed_6",6,3000,1,"ordinary","mean_absolute_prediction_change",0.357329842483814
2,20270812,20290812,"cell_07","tree_robustness",8,5000,"fixed_6",6,3000,1,"ordinary","cate_correlation",0.764793845524573
2,20270812,20290812,"cell_07","tree_robustness",8,5000,"fixed_6",6,3000,1,"ordinary","cate_rank_correlation",0.795004605887338
2,20270812,20290812,"cell_07","tree_robustness",8,5000,"fixed_6",6,3000,1,"ordinary","sign_reversal",0.4558
2,20270812,20290812,"cell_07","tree_robustness",8,5000,"fixed_6",6,3000,1,"ordinary","positive_to_negative",0.223033333333333
2,20270812,20290812,"cell_07","tree_robustness",8,5000,"fixed_6",6,3000,1,"ordinary","negative_to_positive",0.232766666666667
2,20270812,20290812,"cell_07","tree_robustness",8,5000,"fixed_6",6,3000,1,"ordinary","strong_reversal_010",0.2698
2,20270812,20290812,"cell_07","tree_robustness",8,5000,"fixed_6",6,3000,1,"ordinary","strong_reversal_025",0.137233333333333
2,20270812,20290812,"cell_07","tree_robustness",8,5000,"fixed_6",6,3000,1,"ordinary","reversal_given_estimated_margin_010",0.33937106918239
2,20270812,20290812,"cell_07","tree_robustness",8,5000,"fixed_6",6,3000,1,"ordinary","reversal_given_estimated_margin_025",0.21370360757851
2,20270812,20290812,"cell_07","tree_robustness",8,5000,"fixed_6",6,3000,1,"ordinary","reversal_given_true_margin_010",0.386735081717978
2,20270812,20290812,"cell_07","tree_robustness",8,5000,"fixed_6",6,3000,1,"ordinary","reversal_given_true_margin_025",0.295578035958828
2,20270812,20290812,"cell_07","tree_robustness",8,5000,"fixed_6",6,3000,1,"ordinary","x1_wrong_sign_true_margin_010",0.13561383504371
2,20270812,20290812,"cell_07","tree_robustness",8,5000,"fixed_6",6,3000,1,"ordinary","x2_wrong_sign_true_margin_010",0.256974534397567
2,20270812,20290812,"cell_07","tree_robustness",8,5000,"fixed_6",6,3000,1,"ordinary","x1_wrong_sign_true_margin_025",0.00030922825462738
2,20270812,20290812,"cell_07","tree_robustness",8,5000,"fixed_6",6,3000,1,"ordinary","x2_wrong_sign_true_margin_025",0.295268807704201
2,20270812,20290812,"cell_07","tree_robustness",8,5000,"fixed_6",6,3000,1,"ordinary","mean_absolute_prediction_change",0.354582798562845
2,20270812,20290812,"cell_08","default_mtry",8,2000,"grf_default",27,3000,1,"ordinary","cate_correlation",0.99412027660802
2,20270812,20290812,"cell_08","default_mtry",8,2000,"grf_default",27,3000,1,"ordinary","cate_rank_correlation",0.988624117380249
2,20270812,20290812,"cell_08","default_mtry",8,2000,"grf_default",27,3000,1,"ordinary","sign_reversal",0.0563
2,20270812,20290812,"cell_08","default_mtry",8,2000,"grf_default",27,3000,1,"ordinary","positive_to_negative",0.00143333333333333
2,20270812,20290812,"cell_08","default_mtry",8,2000,"grf_default",27,3000,1,"ordinary","negative_to_positive",0.0548666666666667
2,20270812,20290812,"cell_08","default_mtry",8,2000,"grf_default",27,3000,1,"ordinary","strong_reversal_010",3.33333333333333e-05
2,20270812,20290812,"cell_08","default_mtry",8,2000,"grf_default",27,3000,1,"ordinary","strong_reversal_025",0
2,20270812,20290812,"cell_08","default_mtry",8,2000,"grf_default",27,3000,1,"ordinary","reversal_given_estimated_margin_010",4.28595919766844e-05
2,20270812,20290812,"cell_08","default_mtry",8,2000,"grf_default",27,3000,1,"ordinary","reversal_given_estimated_margin_025",0
2,20270812,20290812,"cell_08","default_mtry",8,2000,"grf_default",27,3000,1,"ordinary","reversal_given_true_margin_010",0.0301406309388065
2,20270812,20290812,"cell_08","default_mtry",8,2000,"grf_default",27,3000,1,"ordinary","reversal_given_true_margin_025",0.00189954499271105
2,20270812,20290812,"cell_08","default_mtry",8,2000,"grf_default",27,3000,1,"ordinary","x1_wrong_sign_true_margin_010",0.0413150893196503
2,20270812,20290812,"cell_08","default_mtry",8,2000,"grf_default",27,3000,1,"ordinary","x2_wrong_sign_true_margin_010",0.0144431774990498
2,20270812,20290812,"cell_08","default_mtry",8,2000,"grf_default",27,3000,1,"ordinary","x1_wrong_sign_true_margin_025",0.00212042231744489
2,20270812,20290812,"cell_08","default_mtry",8,2000,"grf_default",27,3000,1,"ordinary","x2_wrong_sign_true_margin_025",0.00401996731015594
2,20270812,20290812,"cell_08","default_mtry",8,2000,"grf_default",27,3000,1,"ordinary","mean_absolute_prediction_change",0.0777247568114948
2,20270812,20290812,"cell_09","larger_sample",8,2000,"fixed_6",6,10000,1,"ordinary","cate_correlation",0.878527672291083
2,20270812,20290812,"cell_09","larger_sample",8,2000,"fixed_6",6,10000,1,"ordinary","cate_rank_correlation",0.789269679152077
2,20270812,20290812,"cell_09","larger_sample",8,2000,"fixed_6",6,10000,1,"ordinary","sign_reversal",0.247666666666667
2,20270812,20290812,"cell_09","larger_sample",8,2000,"fixed_6",6,10000,1,"ordinary","positive_to_negative",0.00956666666666667
2,20270812,20290812,"cell_09","larger_sample",8,2000,"fixed_6",6,10000,1,"ordinary","negative_to_positive",0.2381
2,20270812,20290812,"cell_09","larger_sample",8,2000,"fixed_6",6,10000,1,"ordinary","strong_reversal_010",0.231266666666667
2,20270812,20290812,"cell_09","larger_sample",8,2000,"fixed_6",6,10000,1,"ordinary","strong_reversal_025",0.0136
2,20270812,20290812,"cell_09","larger_sample",8,2000,"fixed_6",6,10000,1,"ordinary","reversal_given_estimated_margin_010",0.284495837946447
2,20270812,20290812,"cell_09","larger_sample",8,2000,"fixed_6",6,10000,1,"ordinary","reversal_given_estimated_margin_025",0.0261823782326895
2,20270812,20290812,"cell_09","larger_sample",8,2000,"fixed_6",6,10000,1,"ordinary","reversal_given_true_margin_010",0.14618015963512
2,20270812,20290812,"cell_09","larger_sample",8,2000,"fixed_6",6,10000,1,"ordinary","reversal_given_true_margin_025",0.0126783584397226
2,20270812,20290812,"cell_09","larger_sample",8,2000,"fixed_6",6,10000,1,"ordinary","x1_wrong_sign_true_margin_010",0.138122386925124
2,20270812,20290812,"cell_09","larger_sample",8,2000,"fixed_6",6,10000,1,"ordinary","x2_wrong_sign_true_margin_010",0.0137590269859369
2,20270812,20290812,"cell_09","larger_sample",8,2000,"fixed_6",6,10000,1,"ordinary","x1_wrong_sign_true_margin_025",0.000397579184520917
2,20270812,20290812,"cell_09","larger_sample",8,2000,"fixed_6",6,10000,1,"ordinary","x2_wrong_sign_true_margin_025",0.0130759376242435
2,20270812,20290812,"cell_09","larger_sample",8,2000,"fixed_6",6,10000,1,"ordinary","mean_absolute_prediction_change",0.262037170513719
2,20270812,20290812,"cell_10","noise_robustness",8,2000,"fixed_6",6,3000,0.5,"ordinary","cate_correlation",0.827214201840211
2,20270812,20290812,"cell_10","noise_robustness",8,2000,"fixed_6",6,3000,0.5,"ordinary","cate_rank_correlation",0.79122927565381
2,20270812,20290812,"cell_10","noise_robustness",8,2000,"fixed_6",6,3000,0.5,"ordinary","sign_reversal",0.384366666666667
2,20270812,20290812,"cell_10","noise_robustness",8,2000,"fixed_6",6,3000,0.5,"ordinary","positive_to_negative",0.1488
2,20270812,20290812,"cell_10","noise_robustness",8,2000,"fixed_6",6,3000,0.5,"ordinary","negative_to_positive",0.235566666666667
2,20270812,20290812,"cell_10","noise_robustness",8,2000,"fixed_6",6,3000,0.5,"ordinary","strong_reversal_010",0.236233333333333
2,20270812,20290812,"cell_10","noise_robustness",8,2000,"fixed_6",6,3000,0.5,"ordinary","strong_reversal_025",0.0170333333333333
2,20270812,20290812,"cell_10","noise_robustness",8,2000,"fixed_6",6,3000,0.5,"ordinary","reversal_given_estimated_margin_010",0.314739974241684
2,20270812,20290812,"cell_10","noise_robustness",8,2000,"fixed_6",6,3000,0.5,"ordinary","reversal_given_estimated_margin_025",0.0326246568345783
2,20270812,20290812,"cell_10","noise_robustness",8,2000,"fixed_6",6,3000,0.5,"ordinary","reversal_given_true_margin_010",0.303686811098442
2,20270812,20290812,"cell_10","noise_robustness",8,2000,"fixed_6",6,3000,0.5,"ordinary","reversal_given_true_margin_025",0.197199275522375
2,20270812,20290812,"cell_10","noise_robustness",8,2000,"fixed_6",6,3000,0.5,"ordinary","x1_wrong_sign_true_margin_010",0.13652603572786
2,20270812,20290812,"cell_10","noise_robustness",8,2000,"fixed_6",6,3000,0.5,"ordinary","x2_wrong_sign_true_margin_010",0.171721778791334
2,20270812,20290812,"cell_10","noise_robustness",8,2000,"fixed_6",6,3000,0.5,"ordinary","x1_wrong_sign_true_margin_025",0.000265052789680611
2,20270812,20290812,"cell_10","noise_robustness",8,2000,"fixed_6",6,3000,0.5,"ordinary","x2_wrong_sign_true_margin_025",0.196934222732694
2,20270812,20290812,"cell_10","noise_robustness",8,2000,"fixed_6",6,3000,0.5,"ordinary","mean_absolute_prediction_change",0.302180090966764
2,20270812,20290812,"cell_11","noise_robustness",8,2000,"fixed_6",6,3000,2,"ordinary","cate_correlation",0.637626113622719
2,20270812,20290812,"cell_11","noise_robustness",8,2000,"fixed_6",6,3000,2,"ordinary","cate_rank_correlation",0.766404360920449
2,20270812,20290812,"cell_11","noise_robustness",8,2000,"fixed_6",6,3000,2,"ordinary","sign_reversal",0.459066666666667
2,20270812,20290812,"cell_11","noise_robustness",8,2000,"fixed_6",6,3000,2,"ordinary","positive_to_negative",0.239266666666667
2,20270812,20290812,"cell_11","noise_robustness",8,2000,"fixed_6",6,3000,2,"ordinary","negative_to_positive",0.2198
2,20270812,20290812,"cell_11","noise_robustness",8,2000,"fixed_6",6,3000,2,"ordinary","strong_reversal_010",0.3887
2,20270812,20290812,"cell_11","noise_robustness",8,2000,"fixed_6",6,3000,2,"ordinary","strong_reversal_025",0.1846
2,20270812,20290812,"cell_11","noise_robustness",8,2000,"fixed_6",6,3000,2,"ordinary","reversal_given_estimated_margin_010",0.428823594307359
2,20270812,20290812,"cell_11","noise_robustness",8,2000,"fixed_6",6,3000,2,"ordinary","reversal_given_estimated_margin_025",0.272084111231208
2,20270812,20290812,"cell_11","noise_robustness",8,2000,"fixed_6",6,3000,2,"ordinary","reversal_given_true_margin_010",0.397871531736982
2,20270812,20290812,"cell_11","noise_robustness",8,2000,"fixed_6",6,3000,2,"ordinary","reversal_given_true_margin_025",0.317003136458011
2,20270812,20290812,"cell_11","noise_robustness",8,2000,"fixed_6",6,3000,2,"ordinary","x1_wrong_sign_true_margin_010",0.136031927023945
2,20270812,20290812,"cell_11","noise_robustness",8,2000,"fixed_6",6,3000,2,"ordinary","x2_wrong_sign_true_margin_010",0.269061193462562
2,20270812,20290812,"cell_11","noise_robustness",8,2000,"fixed_6",6,3000,2,"ordinary","x1_wrong_sign_true_margin_025",0.00848168926977956
2,20270812,20290812,"cell_11","noise_robustness",8,2000,"fixed_6",6,3000,2,"ordinary","x2_wrong_sign_true_margin_025",0.308521447188232
2,20270812,20290812,"cell_11","noise_robustness",8,2000,"fixed_6",6,3000,2,"ordinary","mean_absolute_prediction_change",0.433729767969356
2,20270812,20290812,"cell_12","invariant_check",16,2000,"fixed_6",6,3000,1,"class_sampled","cate_correlation",1
2,20270812,20290812,"cell_12","invariant_check",16,2000,"fixed_6",6,3000,1,"class_sampled","cate_rank_correlation",1
2,20270812,20290812,"cell_12","invariant_check",16,2000,"fixed_6",6,3000,1,"class_sampled","sign_reversal",0
2,20270812,20290812,"cell_12","invariant_check",16,2000,"fixed_6",6,3000,1,"class_sampled","positive_to_negative",0
2,20270812,20290812,"cell_12","invariant_check",16,2000,"fixed_6",6,3000,1,"class_sampled","negative_to_positive",0
2,20270812,20290812,"cell_12","invariant_check",16,2000,"fixed_6",6,3000,1,"class_sampled","strong_reversal_010",0
2,20270812,20290812,"cell_12","invariant_check",16,2000,"fixed_6",6,3000,1,"class_sampled","strong_reversal_025",0
2,20270812,20290812,"cell_12","invariant_check",16,2000,"fixed_6",6,3000,1,"class_sampled","reversal_given_estimated_margin_010",0
2,20270812,20290812,"cell_12","invariant_check",16,2000,"fixed_6",6,3000,1,"class_sampled","reversal_given_estimated_margin_025",0
2,20270812,20290812,"cell_12","invariant_check",16,2000,"fixed_6",6,3000,1,"class_sampled","reversal_given_true_margin_010",0
2,20270812,20290812,"cell_12","invariant_check",16,2000,"fixed_6",6,3000,1,"class_sampled","reversal_given_true_margin_025",0
2,20270812,20290812,"cell_12","invariant_check",16,2000,"fixed_6",6,3000,1,"class_sampled","x1_wrong_sign_true_margin_010",0.0112884834663626
2,20270812,20290812,"cell_12","invariant_check",16,2000,"fixed_6",6,3000,1,"class_sampled","x2_wrong_sign_true_margin_010",0.0112884834663626
2,20270812,20290812,"cell_12","invariant_check",16,2000,"fixed_6",6,3000,1,"class_sampled","x1_wrong_sign_true_margin_025",0.00092768476388214
2,20270812,20290812,"cell_12","invariant_check",16,2000,"fixed_6",6,3000,1,"class_sampled","x2_wrong_sign_true_margin_025",0.00092768476388214
2,20270812,20290812,"cell_12","invariant_check",16,2000,"fixed_6",6,3000,1,"class_sampled","mean_absolute_prediction_change",0
3,20270813,20290813,"cell_01","dose_response",1,2000,"fixed_6",6,3000,1,"ordinary","cate_correlation",0.93296805091074
3,20270813,20290813,"cell_01","dose_response",1,2000,"fixed_6",6,3000,1,"ordinary","cate_rank_correlation",0.849069598225633
3,20270813,20290813,"cell_01","dose_response",1,2000,"fixed_6",6,3000,1,"ordinary","sign_reversal",0.0802
3,20270813,20290813,"cell_01","dose_response",1,2000,"fixed_6",6,3000,1,"ordinary","positive_to_negative",0.00693333333333333
3,20270813,20290813,"cell_01","dose_response",1,2000,"fixed_6",6,3000,1,"ordinary","negative_to_positive",0.0732666666666667
3,20270813,20290813,"cell_01","dose_response",1,2000,"fixed_6",6,3000,1,"ordinary","strong_reversal_010",0.006
3,20270813,20290813,"cell_01","dose_response",1,2000,"fixed_6",6,3000,1,"ordinary","strong_reversal_025",0
3,20270813,20290813,"cell_01","dose_response",1,2000,"fixed_6",6,3000,1,"ordinary","reversal_given_estimated_margin_010",0.00799573560767591
3,20270813,20290813,"cell_01","dose_response",1,2000,"fixed_6",6,3000,1,"ordinary","reversal_given_estimated_margin_025",0
3,20270813,20290813,"cell_01","dose_response",1,2000,"fixed_6",6,3000,1,"ordinary","reversal_given_true_margin_010",0.044829032135097
3,20270813,20290813,"cell_01","dose_response",1,2000,"fixed_6",6,3000,1,"ordinary","reversal_given_true_margin_025",0.00932918702798756
3,20270813,20290813,"cell_01","dose_response",1,2000,"fixed_6",6,3000,1,"ordinary","x1_wrong_sign_true_margin_010",0.0381961651355163
3,20270813,20290813,"cell_01","dose_response",1,2000,"fixed_6",6,3000,1,"ordinary","x2_wrong_sign_true_margin_010",0.00937750162009682
3,20270813,20290813,"cell_01","dose_response",1,2000,"fixed_6",6,3000,1,"ordinary","x1_wrong_sign_true_margin_025",0.000666370501999112
3,20270813,20290813,"cell_01","dose_response",1,2000,"fixed_6",6,3000,1,"ordinary","x2_wrong_sign_true_margin_025",0.00999555752998667
3,20270813,20290813,"cell_01","dose_response",1,2000,"fixed_6",6,3000,1,"ordinary","mean_absolute_prediction_change",0.152551158550547
3,20270813,20290813,"cell_02","dose_response",2,2000,"fixed_6",6,3000,1,"ordinary","cate_correlation",0.876598127386716
3,20270813,20290813,"cell_02","dose_response",2,2000,"fixed_6",6,3000,1,"ordinary","cate_rank_correlation",0.820630236399811
3,20270813,20290813,"cell_02","dose_response",2,2000,"fixed_6",6,3000,1,"ordinary","sign_reversal",0.214
3,20270813,20290813,"cell_02","dose_response",2,2000,"fixed_6",6,3000,1,"ordinary","positive_to_negative",0.0124
3,20270813,20290813,"cell_02","dose_response",2,2000,"fixed_6",6,3000,1,"ordinary","negative_to_positive",0.2016
3,20270813,20290813,"cell_02","dose_response",2,2000,"fixed_6",6,3000,1,"ordinary","strong_reversal_010",0.0291333333333333
3,20270813,20290813,"cell_02","dose_response",2,2000,"fixed_6",6,3000,1,"ordinary","strong_reversal_025",0
3,20270813,20290813,"cell_02","dose_response",2,2000,"fixed_6",6,3000,1,"ordinary","reversal_given_estimated_margin_010",0.0396030631202139
3,20270813,20290813,"cell_02","dose_response",2,2000,"fixed_6",6,3000,1,"ordinary","reversal_given_estimated_margin_025",0
3,20270813,20290813,"cell_02","dose_response",2,2000,"fixed_6",6,3000,1,"ordinary","reversal_given_true_margin_010",0.12777798955514
3,20270813,20290813,"cell_02","dose_response",2,2000,"fixed_6",6,3000,1,"ordinary","reversal_given_true_margin_025",0.0167925366503776
3,20270813,20290813,"cell_02","dose_response",2,2000,"fixed_6",6,3000,1,"ordinary","x1_wrong_sign_true_margin_010",0.11390233675142
3,20270813,20290813,"cell_02","dose_response",2,2000,"fixed_6",6,3000,1,"ordinary","x2_wrong_sign_true_margin_010",0.014943010711699
3,20270813,20290813,"cell_02","dose_response",2,2000,"fixed_6",6,3000,1,"ordinary","x1_wrong_sign_true_margin_025",0.000621945801865837
3,20270813,20290813,"cell_02","dose_response",2,2000,"fixed_6",6,3000,1,"ordinary","x2_wrong_sign_true_margin_025",0.0174144824522434
3,20270813,20290813,"cell_02","dose_response",2,2000,"fixed_6",6,3000,1,"ordinary","mean_absolute_prediction_change",0.221928996637174
3,20270813,20290813,"cell_03","dose_response",4,2000,"fixed_6",6,3000,1,"ordinary","cate_correlation",0.808149826943887
3,20270813,20290813,"cell_03","dose_response",4,2000,"fixed_6",6,3000,1,"ordinary","cate_rank_correlation",0.807261981268958
3,20270813,20290813,"cell_03","dose_response",4,2000,"fixed_6",6,3000,1,"ordinary","sign_reversal",0.2741
3,20270813,20290813,"cell_03","dose_response",4,2000,"fixed_6",6,3000,1,"ordinary","positive_to_negative",0.0272
3,20270813,20290813,"cell_03","dose_response",4,2000,"fixed_6",6,3000,1,"ordinary","negative_to_positive",0.2469
3,20270813,20290813,"cell_03","dose_response",4,2000,"fixed_6",6,3000,1,"ordinary","strong_reversal_010",0.154833333333333
3,20270813,20290813,"cell_03","dose_response",4,2000,"fixed_6",6,3000,1,"ordinary","strong_reversal_025",0.00383333333333333
3,20270813,20290813,"cell_03","dose_response",4,2000,"fixed_6",6,3000,1,"ordinary","reversal_given_estimated_margin_010",0.210753176043557
3,20270813,20290813,"cell_03","dose_response",4,2000,"fixed_6",6,3000,1,"ordinary","reversal_given_estimated_margin_025",0.00749332117026129
3,20270813,20290813,"cell_03","dose_response",4,2000,"fixed_6",6,3000,1,"ordinary","reversal_given_true_margin_010",0.171501543856974
3,20270813,20290813,"cell_03","dose_response",4,2000,"fixed_6",6,3000,1,"ordinary","reversal_given_true_margin_025",0.0365171035095513
3,20270813,20290813,"cell_03","dose_response",4,2000,"fixed_6",6,3000,1,"ordinary","x1_wrong_sign_true_margin_010",0.140624404376167
3,20270813,20290813,"cell_03","dose_response",4,2000,"fixed_6",6,3000,1,"ordinary","x2_wrong_sign_true_margin_010",0.0317920176876453
3,20270813,20290813,"cell_03","dose_response",4,2000,"fixed_6",6,3000,1,"ordinary","x1_wrong_sign_true_margin_025",0.000533096401599289
3,20270813,20290813,"cell_03","dose_response",4,2000,"fixed_6",6,3000,1,"ordinary","x2_wrong_sign_true_margin_025",0.0370501999111506
3,20270813,20290813,"cell_03","dose_response",4,2000,"fixed_6",6,3000,1,"ordinary","mean_absolute_prediction_change",0.290927123501828
3,20270813,20290813,"cell_04","dose_response",8,2000,"fixed_6",6,3000,1,"ordinary","cate_correlation",0.750436886546847
3,20270813,20290813,"cell_04","dose_response",8,2000,"fixed_6",6,3000,1,"ordinary","cate_rank_correlation",0.79853364424726
3,20270813,20290813,"cell_04","dose_response",8,2000,"fixed_6",6,3000,1,"ordinary","sign_reversal",0.336033333333333
3,20270813,20290813,"cell_04","dose_response",8,2000,"fixed_6",6,3000,1,"ordinary","positive_to_negative",0.0867333333333333
3,20270813,20290813,"cell_04","dose_response",8,2000,"fixed_6",6,3000,1,"ordinary","negative_to_positive",0.2493
3,20270813,20290813,"cell_04","dose_response",8,2000,"fixed_6",6,3000,1,"ordinary","strong_reversal_010",0.229766666666667
3,20270813,20290813,"cell_04","dose_response",8,2000,"fixed_6",6,3000,1,"ordinary","strong_reversal_025",0.0117333333333333
3,20270813,20290813,"cell_04","dose_response",8,2000,"fixed_6",6,3000,1,"ordinary","reversal_given_estimated_margin_010",0.304461130742049
3,20270813,20290813,"cell_04","dose_response",8,2000,"fixed_6",6,3000,1,"ordinary","reversal_given_estimated_margin_025",0.0227581302127109
3,20270813,20290813,"cell_04","dose_response",8,2000,"fixed_6",6,3000,1,"ordinary","reversal_given_true_margin_010",0.241222887203141
3,20270813,20290813,"cell_04","dose_response",8,2000,"fixed_6",6,3000,1,"ordinary","reversal_given_true_margin_025",0.116481563749445
3,20270813,20290813,"cell_04","dose_response",8,2000,"fixed_6",6,3000,1,"ordinary","x1_wrong_sign_true_margin_010",0.141577402508291
3,20270813,20290813,"cell_04","dose_response",8,2000,"fixed_6",6,3000,1,"ordinary","x2_wrong_sign_true_margin_010",0.100255403499409
3,20270813,20290813,"cell_04","dose_response",8,2000,"fixed_6",6,3000,1,"ordinary","x1_wrong_sign_true_margin_025",0.000355397601066193
3,20270813,20290813,"cell_04","dose_response",8,2000,"fixed_6",6,3000,1,"ordinary","x2_wrong_sign_true_margin_025",0.116836961350511
3,20270813,20290813,"cell_04","dose_response",8,2000,"fixed_6",6,3000,1,"ordinary","mean_absolute_prediction_change",0.342441368112978
3,20270813,20290813,"cell_05","dose_response",16,2000,"fixed_6",6,3000,1,"ordinary","cate_correlation",0.690326200899334
3,20270813,20290813,"cell_05","dose_response",16,2000,"fixed_6",6,3000,1,"ordinary","cate_rank_correlation",0.783790014710433
3,20270813,20290813,"cell_05","dose_response",16,2000,"fixed_6",6,3000,1,"ordinary","sign_reversal",0.4001
3,20270813,20290813,"cell_05","dose_response",16,2000,"fixed_6",6,3000,1,"ordinary","positive_to_negative",0.150133333333333
3,20270813,20290813,"cell_05","dose_response",16,2000,"fixed_6",6,3000,1,"ordinary","negative_to_positive",0.249966666666667
3,20270813,20290813,"cell_05","dose_response",16,2000,"fixed_6",6,3000,1,"ordinary","strong_reversal_010",0.285833333333333
3,20270813,20290813,"cell_05","dose_response",16,2000,"fixed_6",6,3000,1,"ordinary","strong_reversal_025",0.0220333333333333
3,20270813,20290813,"cell_05","dose_response",16,2000,"fixed_6",6,3000,1,"ordinary","reversal_given_estimated_margin_010",0.357157732516973
3,20270813,20290813,"cell_05","dose_response",16,2000,"fixed_6",6,3000,1,"ordinary","reversal_given_estimated_margin_025",0.0420323031921658
3,20270813,20290813,"cell_05","dose_response",16,2000,"fixed_6",6,3000,1,"ordinary","reversal_given_true_margin_010",0.314260664049098
3,20270813,20290813,"cell_05","dose_response",16,2000,"fixed_6",6,3000,1,"ordinary","reversal_given_true_margin_025",0.201421590404265
3,20270813,20290813,"cell_05","dose_response",16,2000,"fixed_6",6,3000,1,"ordinary","x1_wrong_sign_true_margin_010",0.141729882209431
3,20270813,20290813,"cell_05","dose_response",16,2000,"fixed_6",6,3000,1,"ordinary","x2_wrong_sign_true_margin_010",0.173140700644227
3,20270813,20290813,"cell_05","dose_response",16,2000,"fixed_6",6,3000,1,"ordinary","x1_wrong_sign_true_margin_025",0.000355397601066193
3,20270813,20290813,"cell_05","dose_response",16,2000,"fixed_6",6,3000,1,"ordinary","x2_wrong_sign_true_margin_025",0.201776988005331
3,20270813,20290813,"cell_05","dose_response",16,2000,"fixed_6",6,3000,1,"ordinary","mean_absolute_prediction_change",0.383917718080308
3,20270813,20290813,"cell_06","tree_robustness",8,800,"fixed_6",6,3000,1,"ordinary","cate_correlation",0.744521450221546
3,20270813,20290813,"cell_06","tree_robustness",8,800,"fixed_6",6,3000,1,"ordinary","cate_rank_correlation",0.793785788482429
3,20270813,20290813,"cell_06","tree_robustness",8,800,"fixed_6",6,3000,1,"ordinary","sign_reversal",0.347333333333333
3,20270813,20290813,"cell_06","tree_robustness",8,800,"fixed_6",6,3000,1,"ordinary","positive_to_negative",0.098
3,20270813,20290813,"cell_06","tree_robustness",8,800,"fixed_6",6,3000,1,"ordinary","negative_to_positive",0.249333333333333
3,20270813,20290813,"cell_06","tree_robustness",8,800,"fixed_6",6,3000,1,"ordinary","strong_reversal_010",0.220066666666667
3,20270813,20290813,"cell_06","tree_robustness",8,800,"fixed_6",6,3000,1,"ordinary","strong_reversal_025",0.0117666666666667
3,20270813,20290813,"cell_06","tree_robustness",8,800,"fixed_6",6,3000,1,"ordinary","reversal_given_estimated_margin_010",0.296160057419702
3,20270813,20290813,"cell_06","tree_robustness",8,800,"fixed_6",6,3000,1,"ordinary","reversal_given_estimated_margin_025",0.0228478964401294
3,20270813,20290813,"cell_06","tree_robustness",8,800,"fixed_6",6,3000,1,"ordinary","reversal_given_true_margin_010",0.254298021575878
3,20270813,20290813,"cell_06","tree_robustness",8,800,"fixed_6",6,3000,1,"ordinary","reversal_given_true_margin_025",0.131808085295424
3,20270813,20290813,"cell_06","tree_robustness",8,800,"fixed_6",6,3000,1,"ordinary","x1_wrong_sign_true_margin_010",0.141691762284146
3,20270813,20290813,"cell_06","tree_robustness",8,800,"fixed_6",6,3000,1,"ordinary","x2_wrong_sign_true_margin_010",0.11359737734914
3,20270813,20290813,"cell_06","tree_robustness",8,800,"fixed_6",6,3000,1,"ordinary","x1_wrong_sign_true_margin_025",0.000577521101732563
3,20270813,20290813,"cell_06","tree_robustness",8,800,"fixed_6",6,3000,1,"ordinary","x2_wrong_sign_true_margin_025",0.132385606397157
3,20270813,20290813,"cell_06","tree_robustness",8,800,"fixed_6",6,3000,1,"ordinary","mean_absolute_prediction_change",0.348842383291305
3,20270813,20290813,"cell_07","tree_robustness",8,5000,"fixed_6",6,3000,1,"ordinary","cate_correlation",0.748898910371767
3,20270813,20290813,"cell_07","tree_robustness",8,5000,"fixed_6",6,3000,1,"ordinary","cate_rank_correlation",0.798614071425127
3,20270813,20290813,"cell_07","tree_robustness",8,5000,"fixed_6",6,3000,1,"ordinary","sign_reversal",0.337
3,20270813,20290813,"cell_07","tree_robustness",8,5000,"fixed_6",6,3000,1,"ordinary","positive_to_negative",0.0878
3,20270813,20290813,"cell_07","tree_robustness",8,5000,"fixed_6",6,3000,1,"ordinary","negative_to_positive",0.2492
3,20270813,20290813,"cell_07","tree_robustness",8,5000,"fixed_6",6,3000,1,"ordinary","strong_reversal_010",0.236366666666667
3,20270813,20290813,"cell_07","tree_robustness",8,5000,"fixed_6",6,3000,1,"ordinary","strong_reversal_025",0.0114666666666667
3,20270813,20290813,"cell_07","tree_robustness",8,5000,"fixed_6",6,3000,1,"ordinary","reversal_given_estimated_margin_010",0.310382561498731
3,20270813,20290813,"cell_07","tree_robustness",8,5000,"fixed_6",6,3000,1,"ordinary","reversal_given_estimated_margin_025",0.0222452146921883
3,20270813,20290813,"cell_07","tree_robustness",8,5000,"fixed_6",6,3000,1,"ordinary","reversal_given_true_margin_010",0.24229024511112
3,20270813,20290813,"cell_07","tree_robustness",8,5000,"fixed_6",6,3000,1,"ordinary","reversal_given_true_margin_025",0.117725455353176
3,20270813,20290813,"cell_07","tree_robustness",8,5000,"fixed_6",6,3000,1,"ordinary","x1_wrong_sign_true_margin_010",0.141577402508291
3,20270813,20290813,"cell_07","tree_robustness",8,5000,"fixed_6",6,3000,1,"ordinary","x2_wrong_sign_true_margin_010",0.101322761407388
3,20270813,20290813,"cell_07","tree_robustness",8,5000,"fixed_6",6,3000,1,"ordinary","x1_wrong_sign_true_margin_025",0.000355397601066193
3,20270813,20290813,"cell_07","tree_robustness",8,5000,"fixed_6",6,3000,1,"ordinary","x2_wrong_sign_true_margin_025",0.118080852954243
3,20270813,20290813,"cell_07","tree_robustness",8,5000,"fixed_6",6,3000,1,"ordinary","mean_absolute_prediction_change",0.343093675628114
3,20270813,20290813,"cell_08","default_mtry",8,2000,"grf_default",27,3000,1,"ordinary","cate_correlation",0.993580452540214
3,20270813,20290813,"cell_08","default_mtry",8,2000,"grf_default",27,3000,1,"ordinary","cate_rank_correlation",0.984982548664203
3,20270813,20290813,"cell_08","default_mtry",8,2000,"grf_default",27,3000,1,"ordinary","sign_reversal",0.0108666666666667
3,20270813,20290813,"cell_08","default_mtry",8,2000,"grf_default",27,3000,1,"ordinary","positive_to_negative",0.00463333333333333
3,20270813,20290813,"cell_08","default_mtry",8,2000,"grf_default",27,3000,1,"ordinary","negative_to_positive",0.00623333333333333
3,20270813,20290813,"cell_08","default_mtry",8,2000,"grf_default",27,3000,1,"ordinary","strong_reversal_010",0.000133333333333333
3,20270813,20290813,"cell_08","default_mtry",8,2000,"grf_default",27,3000,1,"ordinary","strong_reversal_025",0
3,20270813,20290813,"cell_08","default_mtry",8,2000,"grf_default",27,3000,1,"ordinary","reversal_given_estimated_margin_010",0.000148654675189535
3,20270813,20290813,"cell_08","default_mtry",8,2000,"grf_default",27,3000,1,"ordinary","reversal_given_estimated_margin_025",0
3,20270813,20290813,"cell_08","default_mtry",8,2000,"grf_default",27,3000,1,"ordinary","reversal_given_true_margin_010",0.00884382266610757
3,20270813,20290813,"cell_08","default_mtry",8,2000,"grf_default",27,3000,1,"ordinary","reversal_given_true_margin_025",0.0061750333185251
3,20270813,20290813,"cell_08","default_mtry",8,2000,"grf_default",27,3000,1,"ordinary","x1_wrong_sign_true_margin_010",0.0101399001257958
3,20270813,20290813,"cell_08","default_mtry",8,2000,"grf_default",27,3000,1,"ordinary","x2_wrong_sign_true_margin_010",0.0118934166889033
3,20270813,20290813,"cell_08","default_mtry",8,2000,"grf_default",27,3000,1,"ordinary","x1_wrong_sign_true_margin_025",0.00182141270546424
3,20270813,20290813,"cell_08","default_mtry",8,2000,"grf_default",27,3000,1,"ordinary","x2_wrong_sign_true_margin_025",0.00799644602398934
3,20270813,20290813,"cell_08","default_mtry",8,2000,"grf_default",27,3000,1,"ordinary","mean_absolute_prediction_change",0.0743446222836633
3,20270813,20290813,"cell_09","larger_sample",8,2000,"fixed_6",6,10000,1,"ordinary","cate_correlation",0.870386886861231
3,20270813,20290813,"cell_09","larger_sample",8,2000,"fixed_6",6,10000,1,"ordinary","cate_rank_correlation",0.787939236880821
3,20270813,20290813,"cell_09","larger_sample",8,2000,"fixed_6",6,10000,1,"ordinary","sign_reversal",0.253166666666667
3,20270813,20290813,"cell_09","larger_sample",8,2000,"fixed_6",6,10000,1,"ordinary","positive_to_negative",0.00586666666666667
3,20270813,20290813,"cell_09","larger_sample",8,2000,"fixed_6",6,10000,1,"ordinary","negative_to_positive",0.2473
3,20270813,20290813,"cell_09","larger_sample",8,2000,"fixed_6",6,10000,1,"ordinary","strong_reversal_010",0.1164
3,20270813,20290813,"cell_09","larger_sample",8,2000,"fixed_6",6,10000,1,"ordinary","strong_reversal_025",5e-04
3,20270813,20290813,"cell_09","larger_sample",8,2000,"fixed_6",6,10000,1,"ordinary","reversal_given_estimated_margin_010",0.161621771730075
3,20270813,20290813,"cell_09","larger_sample",8,2000,"fixed_6",6,10000,1,"ordinary","reversal_given_estimated_margin_025",0.000989772352358957
3,20270813,20290813,"cell_09","larger_sample",8,2000,"fixed_6",6,10000,1,"ordinary","reversal_given_true_margin_010",0.147066671749323
3,20270813,20290813,"cell_09","larger_sample",8,2000,"fixed_6",6,10000,1,"ordinary","reversal_given_true_margin_025",0.00790759662372279
3,20270813,20290813,"cell_09","larger_sample",8,2000,"fixed_6",6,10000,1,"ordinary","x1_wrong_sign_true_margin_010",0.140662524301452
3,20270813,20290813,"cell_09","larger_sample",8,2000,"fixed_6",6,10000,1,"ordinary","x2_wrong_sign_true_margin_010",0.00709030610300004
3,20270813,20290813,"cell_09","larger_sample",8,2000,"fixed_6",6,10000,1,"ordinary","x1_wrong_sign_true_margin_025",4.44247001332741e-05
3,20270813,20290813,"cell_09","larger_sample",8,2000,"fixed_6",6,10000,1,"ordinary","x2_wrong_sign_true_margin_025",0.00786317192358952
3,20270813,20290813,"cell_09","larger_sample",8,2000,"fixed_6",6,10000,1,"ordinary","mean_absolute_prediction_change",0.258199518174961
3,20270813,20290813,"cell_10","noise_robustness",8,2000,"fixed_6",6,3000,0.5,"ordinary","cate_correlation",0.821436401366339
3,20270813,20290813,"cell_10","noise_robustness",8,2000,"fixed_6",6,3000,0.5,"ordinary","cate_rank_correlation",0.783445021441161
3,20270813,20290813,"cell_10","noise_robustness",8,2000,"fixed_6",6,3000,0.5,"ordinary","sign_reversal",0.268966666666667
3,20270813,20290813,"cell_10","noise_robustness",8,2000,"fixed_6",6,3000,0.5,"ordinary","positive_to_negative",0.0203333333333333
3,20270813,20290813,"cell_10","noise_robustness",8,2000,"fixed_6",6,3000,0.5,"ordinary","negative_to_positive",0.248633333333333
3,20270813,20290813,"cell_10","noise_robustness",8,2000,"fixed_6",6,3000,0.5,"ordinary","strong_reversal_010",0.2477
3,20270813,20290813,"cell_10","noise_robustness",8,2000,"fixed_6",6,3000,0.5,"ordinary","strong_reversal_025",0.0094
3,20270813,20290813,"cell_10","noise_robustness",8,2000,"fixed_6",6,3000,0.5,"ordinary","reversal_given_estimated_margin_010",0.325165186189997
3,20270813,20290813,"cell_10","noise_robustness",8,2000,"fixed_6",6,3000,0.5,"ordinary","reversal_given_estimated_margin_025",0.0182512458740535
3,20270813,20290813,"cell_10","noise_robustness",8,2000,"fixed_6",6,3000,0.5,"ordinary","reversal_given_true_margin_010",0.164487477604544
3,20270813,20290813,"cell_10","noise_robustness",8,2000,"fixed_6",6,3000,0.5,"ordinary","reversal_given_true_margin_025",0.0270990670812972
3,20270813,20290813,"cell_10","noise_robustness",8,2000,"fixed_6",6,3000,0.5,"ordinary","x1_wrong_sign_true_margin_010",0.141501162657721
3,20270813,20290813,"cell_10","noise_robustness",8,2000,"fixed_6",6,3000,0.5,"ordinary","x2_wrong_sign_true_margin_010",0.0233675141996722
3,20270813,20290813,"cell_10","noise_robustness",8,2000,"fixed_6",6,3000,0.5,"ordinary","x1_wrong_sign_true_margin_025",8.88494002665482e-05
3,20270813,20290813,"cell_10","noise_robustness",8,2000,"fixed_6",6,3000,0.5,"ordinary","x2_wrong_sign_true_margin_025",0.0270102176810307
3,20270813,20290813,"cell_10","noise_robustness",8,2000,"fixed_6",6,3000,0.5,"ordinary","mean_absolute_prediction_change",0.300108815810249
3,20270813,20290813,"cell_11","noise_robustness",8,2000,"fixed_6",6,3000,2,"ordinary","cate_correlation",0.596109997977899
3,20270813,20290813,"cell_11","noise_robustness",8,2000,"fixed_6",6,3000,2,"ordinary","cate_rank_correlation",0.752226866320697
3,20270813,20290813,"cell_11","noise_robustness",8,2000,"fixed_6",6,3000,2,"ordinary","sign_reversal",0.355566666666667
3,20270813,20290813,"cell_11","noise_robustness",8,2000,"fixed_6",6,3000,2,"ordinary","positive_to_negative",0.112066666666667
3,20270813,20290813,"cell_11","noise_robustness",8,2000,"fixed_6",6,3000,2,"ordinary","negative_to_positive",0.2435
3,20270813,20290813,"cell_11","noise_robustness",8,2000,"fixed_6",6,3000,2,"ordinary","strong_reversal_010",0.197633333333333
3,20270813,20290813,"cell_11","noise_robustness",8,2000,"fixed_6",6,3000,2,"ordinary","strong_reversal_025",0.0137666666666667
3,20270813,20290813,"cell_11","noise_robustness",8,2000,"fixed_6",6,3000,2,"ordinary","reversal_given_estimated_margin_010",0.264817544329805
3,20270813,20290813,"cell_11","noise_robustness",8,2000,"fixed_6",6,3000,2,"ordinary","reversal_given_estimated_margin_025",0.027882797731569
3,20270813,20290813,"cell_11","noise_robustness",8,2000,"fixed_6",6,3000,2,"ordinary","reversal_given_true_margin_010",0.271871307132238
3,20270813,20290813,"cell_11","noise_robustness",8,2000,"fixed_6",6,3000,2,"ordinary","reversal_given_true_margin_025",0.16215015548645
3,20270813,20290813,"cell_11","noise_robustness",8,2000,"fixed_6",6,3000,2,"ordinary","x1_wrong_sign_true_margin_010",0.133229138870888
3,20270813,20290813,"cell_11","noise_robustness",8,2000,"fixed_6",6,3000,2,"ordinary","x2_wrong_sign_true_margin_010",0.139633286318759
3,20270813,20290813,"cell_11","noise_robustness",8,2000,"fixed_6",6,3000,2,"ordinary","x1_wrong_sign_true_margin_025",0.000577521101732563
3,20270813,20290813,"cell_11","noise_robustness",8,2000,"fixed_6",6,3000,2,"ordinary","x2_wrong_sign_true_margin_025",0.162727676588183
3,20270813,20290813,"cell_11","noise_robustness",8,2000,"fixed_6",6,3000,2,"ordinary","mean_absolute_prediction_change",0.396178961328885
3,20270813,20290813,"cell_12","invariant_check",16,2000,"fixed_6",6,3000,1,"class_sampled","cate_correlation",1
3,20270813,20290813,"cell_12","invariant_check",16,2000,"fixed_6",6,3000,1,"class_sampled","cate_rank_correlation",1
3,20270813,20290813,"cell_12","invariant_check",16,2000,"fixed_6",6,3000,1,"class_sampled","sign_reversal",0
3,20270813,20290813,"cell_12","invariant_check",16,2000,"fixed_6",6,3000,1,"class_sampled","positive_to_negative",0
3,20270813,20290813,"cell_12","invariant_check",16,2000,"fixed_6",6,3000,1,"class_sampled","negative_to_positive",0
3,20270813,20290813,"cell_12","invariant_check",16,2000,"fixed_6",6,3000,1,"class_sampled","strong_reversal_010",0
3,20270813,20290813,"cell_12","invariant_check",16,2000,"fixed_6",6,3000,1,"class_sampled","strong_reversal_025",0
3,20270813,20290813,"cell_12","invariant_check",16,2000,"fixed_6",6,3000,1,"class_sampled","reversal_given_estimated_margin_010",0
3,20270813,20290813,"cell_12","invariant_check",16,2000,"fixed_6",6,3000,1,"class_sampled","reversal_given_estimated_margin_025",0
3,20270813,20290813,"cell_12","invariant_check",16,2000,"fixed_6",6,3000,1,"class_sampled","reversal_given_true_margin_010",0
3,20270813,20290813,"cell_12","invariant_check",16,2000,"fixed_6",6,3000,1,"class_sampled","reversal_given_true_margin_025",0
3,20270813,20290813,"cell_12","invariant_check",16,2000,"fixed_6",6,3000,1,"class_sampled","x1_wrong_sign_true_margin_010",0.00381199252849464
3,20270813,20290813,"cell_12","invariant_check",16,2000,"fixed_6",6,3000,1,"class_sampled","x2_wrong_sign_true_margin_010",0.00381199252849464
3,20270813,20290813,"cell_12","invariant_check",16,2000,"fixed_6",6,3000,1,"class_sampled","x1_wrong_sign_true_margin_025",0.00293203020879609
3,20270813,20290813,"cell_12","invariant_check",16,2000,"fixed_6",6,3000,1,"class_sampled","x2_wrong_sign_true_margin_025",0.00293203020879609
3,20270813,20290813,"cell_12","invariant_check",16,2000,"fixed_6",6,3000,1,"class_sampled","mean_absolute_prediction_change",0
4,20270814,20290814,"cell_01","dose_response",1,2000,"fixed_6",6,3000,1,"ordinary","cate_correlation",0.936536730038744
4,20270814,20290814,"cell_01","dose_response",1,2000,"fixed_6",6,3000,1,"ordinary","cate_rank_correlation",0.827205857768451
4,20270814,20290814,"cell_01","dose_response",1,2000,"fixed_6",6,3000,1,"ordinary","sign_reversal",0.103833333333333
4,20270814,20290814,"cell_01","dose_response",1,2000,"fixed_6",6,3000,1,"ordinary","positive_to_negative",0.0514
4,20270814,20290814,"cell_01","dose_response",1,2000,"fixed_6",6,3000,1,"ordinary","negative_to_positive",0.0524333333333333
4,20270814,20290814,"cell_01","dose_response",1,2000,"fixed_6",6,3000,1,"ordinary","strong_reversal_010",0.00373333333333333
4,20270814,20290814,"cell_01","dose_response",1,2000,"fixed_6",6,3000,1,"ordinary","strong_reversal_025",0
4,20270814,20290814,"cell_01","dose_response",1,2000,"fixed_6",6,3000,1,"ordinary","reversal_given_estimated_margin_010",0.00659754948162111
4,20270814,20290814,"cell_01","dose_response",1,2000,"fixed_6",6,3000,1,"ordinary","reversal_given_estimated_margin_025",0
4,20270814,20290814,"cell_01","dose_response",1,2000,"fixed_6",6,3000,1,"ordinary","reversal_given_true_margin_010",0.0848450275717817
4,20270814,20290814,"cell_01","dose_response",1,2000,"fixed_6",6,3000,1,"ordinary","reversal_given_true_margin_025",0.0684968017057569
4,20270814,20290814,"cell_01","dose_response",1,2000,"fixed_6",6,3000,1,"ordinary","x1_wrong_sign_true_margin_010",0.0296634341129492
4,20270814,20290814,"cell_01","dose_response",1,2000,"fixed_6",6,3000,1,"ordinary","x2_wrong_sign_true_margin_010",0.0618748811561133
4,20270814,20290814,"cell_01","dose_response",1,2000,"fixed_6",6,3000,1,"ordinary","x1_wrong_sign_true_margin_025",0.00226545842217484
4,20270814,20290814,"cell_01","dose_response",1,2000,"fixed_6",6,3000,1,"ordinary","x2_wrong_sign_true_margin_025",0.0704957356076759
4,20270814,20290814,"cell_01","dose_response",1,2000,"fixed_6",6,3000,1,"ordinary","mean_absolute_prediction_change",0.144487622436033
4,20270814,20290814,"cell_02","dose_response",2,2000,"fixed_6",6,3000,1,"ordinary","cate_correlation",0.874180133410126
4,20270814,20290814,"cell_02","dose_response",2,2000,"fixed_6",6,3000,1,"ordinary","cate_rank_correlation",0.810226161550474
4,20270814,20290814,"cell_02","dose_response",2,2000,"fixed_6",6,3000,1,"ordinary","sign_reversal",0.378933333333333
4,20270814,20290814,"cell_02","dose_response",2,2000,"fixed_6",6,3000,1,"ordinary","positive_to_negative",0.2018
4,20270814,20290814,"cell_02","dose_response",2,2000,"fixed_6",6,3000,1,"ordinary","negative_to_positive",0.177133333333333
4,20270814,20290814,"cell_02","dose_response",2,2000,"fixed_6",6,3000,1,"ordinary","strong_reversal_010",0.0358666666666667
4,20270814,20290814,"cell_02","dose_response",2,2000,"fixed_6",6,3000,1,"ordinary","strong_reversal_025",0
4,20270814,20290814,"cell_02","dose_response",2,2000,"fixed_6",6,3000,1,"ordinary","reversal_given_estimated_margin_010",0.0636573389339171
4,20270814,20290814,"cell_02","dose_response",2,2000,"fixed_6",6,3000,1,"ordinary","reversal_given_estimated_margin_025",0
4,20270814,20290814,"cell_02","dose_response",2,2000,"fixed_6",6,3000,1,"ordinary","reversal_given_true_margin_010",0.328009127210496
4,20270814,20290814,"cell_02","dose_response",2,2000,"fixed_6",6,3000,1,"ordinary","reversal_given_true_margin_025",0.268923240938166
4,20270814,20290814,"cell_02","dose_response",2,2000,"fixed_6",6,3000,1,"ordinary","x1_wrong_sign_true_margin_010",0.100513405590416
4,20270814,20290814,"cell_02","dose_response",2,2000,"fixed_6",6,3000,1,"ordinary","x2_wrong_sign_true_margin_010",0.232819927742917
4,20270814,20290814,"cell_02","dose_response",2,2000,"fixed_6",6,3000,1,"ordinary","x1_wrong_sign_true_margin_025",0.00217661691542289
4,20270814,20290814,"cell_02","dose_response",2,2000,"fixed_6",6,3000,1,"ordinary","x2_wrong_sign_true_margin_025",0.270922174840085
4,20270814,20290814,"cell_02","dose_response",2,2000,"fixed_6",6,3000,1,"ordinary","mean_absolute_prediction_change",0.215983815704059
4,20270814,20290814,"cell_03","dose_response",4,2000,"fixed_6",6,3000,1,"ordinary","cate_correlation",0.818844152304174
4,20270814,20290814,"cell_03","dose_response",4,2000,"fixed_6",6,3000,1,"ordinary","cate_rank_correlation",0.801945326254606
4,20270814,20290814,"cell_03","dose_response",4,2000,"fixed_6",6,3000,1,"ordinary","sign_reversal",0.463233333333333
4,20270814,20290814,"cell_03","dose_response",4,2000,"fixed_6",6,3000,1,"ordinary","positive_to_negative",0.2424
4,20270814,20290814,"cell_03","dose_response",4,2000,"fixed_6",6,3000,1,"ordinary","negative_to_positive",0.220833333333333
4,20270814,20290814,"cell_03","dose_response",4,2000,"fixed_6",6,3000,1,"ordinary","strong_reversal_010",0.228066666666667
4,20270814,20290814,"cell_03","dose_response",4,2000,"fixed_6",6,3000,1,"ordinary","strong_reversal_025",0.0014
4,20270814,20290814,"cell_03","dose_response",4,2000,"fixed_6",6,3000,1,"ordinary","reversal_given_estimated_margin_010",0.30518756411972
4,20270814,20290814,"cell_03","dose_response",4,2000,"fixed_6",6,3000,1,"ordinary","reversal_given_estimated_margin_025",0.00278496120946887
4,20270814,20290814,"cell_03","dose_response",4,2000,"fixed_6",6,3000,1,"ordinary","reversal_given_true_margin_010",0.402319832667808
4,20270814,20290814,"cell_03","dose_response",4,2000,"fixed_6",6,3000,1,"ordinary","reversal_given_true_margin_025",0.323027718550107
4,20270814,20290814,"cell_03","dose_response",4,2000,"fixed_6",6,3000,1,"ordinary","x1_wrong_sign_true_margin_010",0.127895037079293
4,20270814,20290814,"cell_03","dose_response",4,2000,"fixed_6",6,3000,1,"ordinary","x2_wrong_sign_true_margin_010",0.278684160486785
4,20270814,20290814,"cell_03","dose_response",4,2000,"fixed_6",6,3000,1,"ordinary","x1_wrong_sign_true_margin_025",0.001954513148543
4,20270814,20290814,"cell_03","dose_response",4,2000,"fixed_6",6,3000,1,"ordinary","x2_wrong_sign_true_margin_025",0.32498223169865
4,20270814,20290814,"cell_03","dose_response",4,2000,"fixed_6",6,3000,1,"ordinary","mean_absolute_prediction_change",0.275431990584905
4,20270814,20290814,"cell_04","dose_response",8,2000,"fixed_6",6,3000,1,"ordinary","cate_correlation",0.752660809301465
4,20270814,20290814,"cell_04","dose_response",8,2000,"fixed_6",6,3000,1,"ordinary","cate_rank_correlation",0.791595958234662
4,20270814,20290814,"cell_04","dose_response",8,2000,"fixed_6",6,3000,1,"ordinary","sign_reversal",0.475166666666667
4,20270814,20290814,"cell_04","dose_response",8,2000,"fixed_6",6,3000,1,"ordinary","positive_to_negative",0.2441
4,20270814,20290814,"cell_04","dose_response",8,2000,"fixed_6",6,3000,1,"ordinary","negative_to_positive",0.231066666666667
4,20270814,20290814,"cell_04","dose_response",8,2000,"fixed_6",6,3000,1,"ordinary","strong_reversal_010",0.396966666666667
4,20270814,20290814,"cell_04","dose_response",8,2000,"fixed_6",6,3000,1,"ordinary","strong_reversal_025",0.0119666666666667
4,20270814,20290814,"cell_04","dose_response",8,2000,"fixed_6",6,3000,1,"ordinary","reversal_given_estimated_margin_010",0.43605140785764
4,20270814,20290814,"cell_04","dose_response",8,2000,"fixed_6",6,3000,1,"ordinary","reversal_given_estimated_margin_025",0.0234701882845188
4,20270814,20290814,"cell_04","dose_response",8,2000,"fixed_6",6,3000,1,"ordinary","reversal_given_true_margin_010",0.410800532420612
4,20270814,20290814,"cell_04","dose_response",8,2000,"fixed_6",6,3000,1,"ordinary","reversal_given_true_margin_025",0.325293176972281
4,20270814,20290814,"cell_04","dose_response",8,2000,"fixed_6",6,3000,1,"ordinary","x1_wrong_sign_true_margin_010",0.134169994295493
4,20270814,20290814,"cell_04","dose_response",8,2000,"fixed_6",6,3000,1,"ordinary","x2_wrong_sign_true_margin_010",0.280357482411105
4,20270814,20290814,"cell_04","dose_response",8,2000,"fixed_6",6,3000,1,"ordinary","x1_wrong_sign_true_margin_025",0.00182125088841507
4,20270814,20290814,"cell_04","dose_response",8,2000,"fixed_6",6,3000,1,"ordinary","x2_wrong_sign_true_margin_025",0.327114427860696
4,20270814,20290814,"cell_04","dose_response",8,2000,"fixed_6",6,3000,1,"ordinary","mean_absolute_prediction_change",0.329546374142315
4,20270814,20290814,"cell_05","dose_response",16,2000,"fixed_6",6,3000,1,"ordinary","cate_correlation",0.686258708846835
4,20270814,20290814,"cell_05","dose_response",16,2000,"fixed_6",6,3000,1,"ordinary","cate_rank_correlation",0.783187701309764
4,20270814,20290814,"cell_05","dose_response",16,2000,"fixed_6",6,3000,1,"ordinary","sign_reversal",0.480633333333333
4,20270814,20290814,"cell_05","dose_response",16,2000,"fixed_6",6,3000,1,"ordinary","positive_to_negative",0.2448
4,20270814,20290814,"cell_05","dose_response",16,2000,"fixed_6",6,3000,1,"ordinary","negative_to_positive",0.235833333333333
4,20270814,20290814,"cell_05","dose_response",16,2000,"fixed_6",6,3000,1,"ordinary","strong_reversal_010",0.4523
4,20270814,20290814,"cell_05","dose_response",16,2000,"fixed_6",6,3000,1,"ordinary","strong_reversal_025",0.0452333333333333
4,20270814,20290814,"cell_05","dose_response",16,2000,"fixed_6",6,3000,1,"ordinary","reversal_given_estimated_margin_010",0.47135859936777
4,20270814,20290814,"cell_05","dose_response",16,2000,"fixed_6",6,3000,1,"ordinary","reversal_given_estimated_margin_025",0.0834204217126698
4,20270814,20290814,"cell_05","dose_response",16,2000,"fixed_6",6,3000,1,"ordinary","reversal_given_true_margin_010",0.414869747100209
4,20270814,20290814,"cell_05","dose_response",16,2000,"fixed_6",6,3000,1,"ordinary","reversal_given_true_margin_025",0.326226012793177
4,20270814,20290814,"cell_05","dose_response",16,2000,"fixed_6",6,3000,1,"ordinary","x1_wrong_sign_true_margin_010",0.137212397794257
4,20270814,20290814,"cell_05","dose_response",16,2000,"fixed_6",6,3000,1,"ordinary","x2_wrong_sign_true_margin_010",0.280775812892185
4,20270814,20290814,"cell_05","dose_response",16,2000,"fixed_6",6,3000,1,"ordinary","x1_wrong_sign_true_margin_025",0.00168798862828714
4,20270814,20290814,"cell_05","dose_response",16,2000,"fixed_6",6,3000,1,"ordinary","x2_wrong_sign_true_margin_025",0.32773631840796
4,20270814,20290814,"cell_05","dose_response",16,2000,"fixed_6",6,3000,1,"ordinary","mean_absolute_prediction_change",0.371903223755965
4,20270814,20290814,"cell_06","tree_robustness",8,800,"fixed_6",6,3000,1,"ordinary","cate_correlation",0.754475492765843
4,20270814,20290814,"cell_06","tree_robustness",8,800,"fixed_6",6,3000,1,"ordinary","cate_rank_correlation",0.790199488564666
4,20270814,20290814,"cell_06","tree_robustness",8,800,"fixed_6",6,3000,1,"ordinary","sign_reversal",0.4734
4,20270814,20290814,"cell_06","tree_robustness",8,800,"fixed_6",6,3000,1,"ordinary","positive_to_negative",0.2439
4,20270814,20290814,"cell_06","tree_robustness",8,800,"fixed_6",6,3000,1,"ordinary","negative_to_positive",0.2295
4,20270814,20290814,"cell_06","tree_robustness",8,800,"fixed_6",6,3000,1,"ordinary","strong_reversal_010",0.386133333333333
4,20270814,20290814,"cell_06","tree_robustness",8,800,"fixed_6",6,3000,1,"ordinary","strong_reversal_025",0.0103666666666667
4,20270814,20290814,"cell_06","tree_robustness",8,800,"fixed_6",6,3000,1,"ordinary","reversal_given_estimated_margin_010",0.428909952606635
4,20270814,20290814,"cell_06","tree_robustness",8,800,"fixed_6",6,3000,1,"ordinary","reversal_given_estimated_margin_025",0.0203627316178878
4,20270814,20290814,"cell_06","tree_robustness",8,800,"fixed_6",6,3000,1,"ordinary","reversal_given_true_margin_010",0.409887811370983
4,20270814,20290814,"cell_06","tree_robustness",8,800,"fixed_6",6,3000,1,"ordinary","reversal_given_true_margin_025",0.325026652452026
4,20270814,20290814,"cell_06","tree_robustness",8,800,"fixed_6",6,3000,1,"ordinary","x1_wrong_sign_true_margin_010",0.133599543639475
4,20270814,20290814,"cell_06","tree_robustness",8,800,"fixed_6",6,3000,1,"ordinary","x2_wrong_sign_true_margin_010",0.280243392279901
4,20270814,20290814,"cell_06","tree_robustness",8,800,"fixed_6",6,3000,1,"ordinary","x1_wrong_sign_true_margin_025",0.00191009239516702
4,20270814,20290814,"cell_06","tree_robustness",8,800,"fixed_6",6,3000,1,"ordinary","x2_wrong_sign_true_margin_025",0.326936744847193
4,20270814,20290814,"cell_06","tree_robustness",8,800,"fixed_6",6,3000,1,"ordinary","mean_absolute_prediction_change",0.328771326509186
4,20270814,20290814,"cell_07","tree_robustness",8,5000,"fixed_6",6,3000,1,"ordinary","cate_correlation",0.749590910983782
4,20270814,20290814,"cell_07","tree_robustness",8,5000,"fixed_6",6,3000,1,"ordinary","cate_rank_correlation",0.792883664527204
4,20270814,20290814,"cell_07","tree_robustness",8,5000,"fixed_6",6,3000,1,"ordinary","sign_reversal",0.475533333333333
4,20270814,20290814,"cell_07","tree_robustness",8,5000,"fixed_6",6,3000,1,"ordinary","positive_to_negative",0.244233333333333
4,20270814,20290814,"cell_07","tree_robustness",8,5000,"fixed_6",6,3000,1,"ordinary","negative_to_positive",0.2313
4,20270814,20290814,"cell_07","tree_robustness",8,5000,"fixed_6",6,3000,1,"ordinary","strong_reversal_010",0.405766666666667
4,20270814,20290814,"cell_07","tree_robustness",8,5000,"fixed_6",6,3000,1,"ordinary","strong_reversal_025",0.0121
4,20270814,20290814,"cell_07","tree_robustness",8,5000,"fixed_6",6,3000,1,"ordinary","reversal_given_estimated_margin_010",0.441274559559197
4,20270814,20290814,"cell_07","tree_robustness",8,5000,"fixed_6",6,3000,1,"ordinary","reversal_given_estimated_margin_025",0.023722389230166
4,20270814,20290814,"cell_07","tree_robustness",8,5000,"fixed_6",6,3000,1,"ordinary","reversal_given_true_margin_010",0.411066742726754
4,20270814,20290814,"cell_07","tree_robustness",8,5000,"fixed_6",6,3000,1,"ordinary","reversal_given_true_margin_025",0.325470859985785
4,20270814,20290814,"cell_07","tree_robustness",8,5000,"fixed_6",6,3000,1,"ordinary","x1_wrong_sign_true_margin_010",0.134169994295493
4,20270814,20290814,"cell_07","tree_robustness",8,5000,"fixed_6",6,3000,1,"ordinary","x2_wrong_sign_true_margin_010",0.280243392279901
4,20270814,20290814,"cell_07","tree_robustness",8,5000,"fixed_6",6,3000,1,"ordinary","x1_wrong_sign_true_margin_025",0.00173240938166311
4,20270814,20290814,"cell_07","tree_robustness",8,5000,"fixed_6",6,3000,1,"ordinary","x2_wrong_sign_true_margin_025",0.327025586353945
4,20270814,20290814,"cell_07","tree_robustness",8,5000,"fixed_6",6,3000,1,"ordinary","mean_absolute_prediction_change",0.329254785142513
4,20270814,20290814,"cell_08","default_mtry",8,2000,"grf_default",27,3000,1,"ordinary","cate_correlation",0.994373075614746
4,20270814,20290814,"cell_08","default_mtry",8,2000,"grf_default",27,3000,1,"ordinary","cate_rank_correlation",0.866855985648062
4,20270814,20290814,"cell_08","default_mtry",8,2000,"grf_default",27,3000,1,"ordinary","sign_reversal",0.0241333333333333
4,20270814,20290814,"cell_08","default_mtry",8,2000,"grf_default",27,3000,1,"ordinary","positive_to_negative",0.0112333333333333
4,20270814,20290814,"cell_08","default_mtry",8,2000,"grf_default",27,3000,1,"ordinary","negative_to_positive",0.0129
4,20270814,20290814,"cell_08","default_mtry",8,2000,"grf_default",27,3000,1,"ordinary","strong_reversal_010",6.66666666666667e-05
4,20270814,20290814,"cell_08","default_mtry",8,2000,"grf_default",27,3000,1,"ordinary","strong_reversal_025",0
4,20270814,20290814,"cell_08","default_mtry",8,2000,"grf_default",27,3000,1,"ordinary","reversal_given_estimated_margin_010",9.65437343116432e-05
4,20270814,20290814,"cell_08","default_mtry",8,2000,"grf_default",27,3000,1,"ordinary","reversal_given_estimated_margin_025",0
4,20270814,20290814,"cell_08","default_mtry",8,2000,"grf_default",27,3000,1,"ordinary","reversal_given_true_margin_010",0.0196615326107625
4,20270814,20290814,"cell_08","default_mtry",8,2000,"grf_default",27,3000,1,"ordinary","reversal_given_true_margin_025",0.0149697938877043
4,20270814,20290814,"cell_08","default_mtry",8,2000,"grf_default",27,3000,1,"ordinary","x1_wrong_sign_true_margin_010",0.0149077771439437
4,20270814,20290814,"cell_08","default_mtry",8,2000,"grf_default",27,3000,1,"ordinary","x2_wrong_sign_true_margin_010",0.0208784940102681
4,20270814,20290814,"cell_08","default_mtry",8,2000,"grf_default",27,3000,1,"ordinary","x1_wrong_sign_true_margin_025",0.00564143567874911
4,20270814,20290814,"cell_08","default_mtry",8,2000,"grf_default",27,3000,1,"ordinary","x2_wrong_sign_true_margin_025",0.0206112295664534
4,20270814,20290814,"cell_08","default_mtry",8,2000,"grf_default",27,3000,1,"ordinary","mean_absolute_prediction_change",0.0659689293201582
4,20270814,20290814,"cell_09","larger_sample",8,2000,"fixed_6",6,10000,1,"ordinary","cate_correlation",0.876769538974567
4,20270814,20290814,"cell_09","larger_sample",8,2000,"fixed_6",6,10000,1,"ordinary","cate_rank_correlation",0.790091849652991
4,20270814,20290814,"cell_09","larger_sample",8,2000,"fixed_6",6,10000,1,"ordinary","sign_reversal",0.4056
4,20270814,20290814,"cell_09","larger_sample",8,2000,"fixed_6",6,10000,1,"ordinary","positive_to_negative",0.1622
4,20270814,20290814,"cell_09","larger_sample",8,2000,"fixed_6",6,10000,1,"ordinary","negative_to_positive",0.2434
4,20270814,20290814,"cell_09","larger_sample",8,2000,"fixed_6",6,10000,1,"ordinary","strong_reversal_010",0.139366666666667
4,20270814,20290814,"cell_09","larger_sample",8,2000,"fixed_6",6,10000,1,"ordinary","strong_reversal_025",0.000733333333333333
4,20270814,20290814,"cell_09","larger_sample",8,2000,"fixed_6",6,10000,1,"ordinary","reversal_given_estimated_margin_010",0.21493933785729
4,20270814,20290814,"cell_09","larger_sample",8,2000,"fixed_6",6,10000,1,"ordinary","reversal_given_estimated_margin_025",0.00145936981757877
4,20270814,20290814,"cell_09","larger_sample",8,2000,"fixed_6",6,10000,1,"ordinary","reversal_given_true_margin_010",0.325004753755467
4,20270814,20290814,"cell_09","larger_sample",8,2000,"fixed_6",6,10000,1,"ordinary","reversal_given_true_margin_025",0.216151385927505
4,20270814,20290814,"cell_09","larger_sample",8,2000,"fixed_6",6,10000,1,"ordinary","x1_wrong_sign_true_margin_010",0.141737972998669
4,20270814,20290814,"cell_09","larger_sample",8,2000,"fixed_6",6,10000,1,"ordinary","x2_wrong_sign_true_margin_010",0.186157064080624
4,20270814,20290814,"cell_09","larger_sample",8,2000,"fixed_6",6,10000,1,"ordinary","x1_wrong_sign_true_margin_025",0.000399786780383795
4,20270814,20290814,"cell_09","larger_sample",8,2000,"fixed_6",6,10000,1,"ordinary","x2_wrong_sign_true_margin_025",0.215751599147122
4,20270814,20290814,"cell_09","larger_sample",8,2000,"fixed_6",6,10000,1,"ordinary","mean_absolute_prediction_change",0.255414356110326
4,20270814,20290814,"cell_10","noise_robustness",8,2000,"fixed_6",6,3000,0.5,"ordinary","cate_correlation",0.820543023787398
4,20270814,20290814,"cell_10","noise_robustness",8,2000,"fixed_6",6,3000,0.5,"ordinary","cate_rank_correlation",0.783890999521212
4,20270814,20290814,"cell_10","noise_robustness",8,2000,"fixed_6",6,3000,0.5,"ordinary","sign_reversal",0.4689
4,20270814,20290814,"cell_10","noise_robustness",8,2000,"fixed_6",6,3000,0.5,"ordinary","positive_to_negative",0.223133333333333
4,20270814,20290814,"cell_10","noise_robustness",8,2000,"fixed_6",6,3000,0.5,"ordinary","negative_to_positive",0.245766666666667
4,20270814,20290814,"cell_10","noise_robustness",8,2000,"fixed_6",6,3000,0.5,"ordinary","strong_reversal_010",0.235
4,20270814,20290814,"cell_10","noise_robustness",8,2000,"fixed_6",6,3000,0.5,"ordinary","strong_reversal_025",0.006
4,20270814,20290814,"cell_10","noise_robustness",8,2000,"fixed_6",6,3000,0.5,"ordinary","reversal_given_estimated_margin_010",0.316711590296496
4,20270814,20290814,"cell_10","noise_robustness",8,2000,"fixed_6",6,3000,0.5,"ordinary","reversal_given_estimated_margin_025",0.0118796198521647
4,20270814,20290814,"cell_10","noise_robustness",8,2000,"fixed_6",6,3000,0.5,"ordinary","reversal_given_true_margin_010",0.396120935539076
4,20270814,20290814,"cell_10","noise_robustness",8,2000,"fixed_6",6,3000,0.5,"ordinary","reversal_given_true_margin_025",0.297352523098792
4,20270814,20290814,"cell_10","noise_robustness",8,2000,"fixed_6",6,3000,0.5,"ordinary","x1_wrong_sign_true_margin_010",0.142308423654687
4,20270814,20290814,"cell_10","noise_robustness",8,2000,"fixed_6",6,3000,0.5,"ordinary","x2_wrong_sign_true_margin_010",0.254953413196425
4,20270814,20290814,"cell_10","noise_robustness",8,2000,"fixed_6",6,3000,0.5,"ordinary","x1_wrong_sign_true_margin_025",0.000666311300639659
4,20270814,20290814,"cell_10","noise_robustness",8,2000,"fixed_6",6,3000,0.5,"ordinary","x2_wrong_sign_true_margin_025",0.297574626865672
4,20270814,20290814,"cell_10","noise_robustness",8,2000,"fixed_6",6,3000,0.5,"ordinary","mean_absolute_prediction_change",0.291564486236623
4,20270814,20290814,"cell_11","noise_robustness",8,2000,"fixed_6",6,3000,2,"ordinary","cate_correlation",0.648758298931138
4,20270814,20290814,"cell_11","noise_robustness",8,2000,"fixed_6",6,3000,2,"ordinary","cate_rank_correlation",0.75774504022905
4,20270814,20290814,"cell_11","noise_robustness",8,2000,"fixed_6",6,3000,2,"ordinary","sign_reversal",0.4294
4,20270814,20290814,"cell_11","noise_robustness",8,2000,"fixed_6",6,3000,2,"ordinary","positive_to_negative",0.2476
4,20270814,20290814,"cell_11","noise_robustness",8,2000,"fixed_6",6,3000,2,"ordinary","negative_to_positive",0.1818
4,20270814,20290814,"cell_11","noise_robustness",8,2000,"fixed_6",6,3000,2,"ordinary","strong_reversal_010",0.338366666666667
4,20270814,20290814,"cell_11","noise_robustness",8,2000,"fixed_6",6,3000,2,"ordinary","strong_reversal_025",0.1355
4,20270814,20290814,"cell_11","noise_robustness",8,2000,"fixed_6",6,3000,2,"ordinary","reversal_given_estimated_margin_010",0.390964412263134
4,20270814,20290814,"cell_11","noise_robustness",8,2000,"fixed_6",6,3000,2,"ordinary","reversal_given_estimated_margin_025",0.220899902184545
4,20270814,20290814,"cell_11","noise_robustness",8,2000,"fixed_6",6,3000,2,"ordinary","reversal_given_true_margin_010",0.385814793687013
4,20270814,20290814,"cell_11","noise_robustness",8,2000,"fixed_6",6,3000,2,"ordinary","reversal_given_true_margin_025",0.330090618336887
4,20270814,20290814,"cell_11","noise_robustness",8,2000,"fixed_6",6,3000,2,"ordinary","x1_wrong_sign_true_margin_010",0.106826392850352
4,20270814,20290814,"cell_11","noise_robustness",8,2000,"fixed_6",6,3000,2,"ordinary","x2_wrong_sign_true_margin_010",0.282106864422894
4,20270814,20290814,"cell_11","noise_robustness",8,2000,"fixed_6",6,3000,2,"ordinary","x1_wrong_sign_true_margin_025",0.00408670931058991
4,20270814,20290814,"cell_11","noise_robustness",8,2000,"fixed_6",6,3000,2,"ordinary","x2_wrong_sign_true_margin_025",0.329379886282871
4,20270814,20290814,"cell_11","noise_robustness",8,2000,"fixed_6",6,3000,2,"ordinary","mean_absolute_prediction_change",0.371005735312002
4,20270814,20290814,"cell_12","invariant_check",16,2000,"fixed_6",6,3000,1,"class_sampled","cate_correlation",1
4,20270814,20290814,"cell_12","invariant_check",16,2000,"fixed_6",6,3000,1,"class_sampled","cate_rank_correlation",1
4,20270814,20290814,"cell_12","invariant_check",16,2000,"fixed_6",6,3000,1,"class_sampled","sign_reversal",0
4,20270814,20290814,"cell_12","invariant_check",16,2000,"fixed_6",6,3000,1,"class_sampled","positive_to_negative",0
4,20270814,20290814,"cell_12","invariant_check",16,2000,"fixed_6",6,3000,1,"class_sampled","negative_to_positive",0
4,20270814,20290814,"cell_12","invariant_check",16,2000,"fixed_6",6,3000,1,"class_sampled","strong_reversal_010",0
4,20270814,20290814,"cell_12","invariant_check",16,2000,"fixed_6",6,3000,1,"class_sampled","strong_reversal_025",0
4,20270814,20290814,"cell_12","invariant_check",16,2000,"fixed_6",6,3000,1,"class_sampled","reversal_given_estimated_margin_010",0
4,20270814,20290814,"cell_12","invariant_check",16,2000,"fixed_6",6,3000,1,"class_sampled","reversal_given_estimated_margin_025",0
4,20270814,20290814,"cell_12","invariant_check",16,2000,"fixed_6",6,3000,1,"class_sampled","reversal_given_true_margin_010",0
4,20270814,20290814,"cell_12","invariant_check",16,2000,"fixed_6",6,3000,1,"class_sampled","reversal_given_true_margin_025",0
4,20270814,20290814,"cell_12","invariant_check",16,2000,"fixed_6",6,3000,1,"class_sampled","x1_wrong_sign_true_margin_010",0.00654116752234265
4,20270814,20290814,"cell_12","invariant_check",16,2000,"fixed_6",6,3000,1,"class_sampled","x2_wrong_sign_true_margin_010",0.00654116752234265
4,20270814,20290814,"cell_12","invariant_check",16,2000,"fixed_6",6,3000,1,"class_sampled","x1_wrong_sign_true_margin_025",0.0054637526652452
4,20270814,20290814,"cell_12","invariant_check",16,2000,"fixed_6",6,3000,1,"class_sampled","x2_wrong_sign_true_margin_025",0.0054637526652452
4,20270814,20290814,"cell_12","invariant_check",16,2000,"fixed_6",6,3000,1,"class_sampled","mean_absolute_prediction_change",0
5,20270815,20290815,"cell_01","dose_response",1,2000,"fixed_6",6,3000,1,"ordinary","cate_correlation",0.93757276060159
5,20270815,20290815,"cell_01","dose_response",1,2000,"fixed_6",6,3000,1,"ordinary","cate_rank_correlation",0.948355124062172
5,20270815,20290815,"cell_01","dose_response",1,2000,"fixed_6",6,3000,1,"ordinary","sign_reversal",0.210166666666667
5,20270815,20290815,"cell_01","dose_response",1,2000,"fixed_6",6,3000,1,"ordinary","positive_to_negative",0.00633333333333333
5,20270815,20290815,"cell_01","dose_response",1,2000,"fixed_6",6,3000,1,"ordinary","negative_to_positive",0.203833333333333
5,20270815,20290815,"cell_01","dose_response",1,2000,"fixed_6",6,3000,1,"ordinary","strong_reversal_010",0.152033333333333
5,20270815,20290815,"cell_01","dose_response",1,2000,"fixed_6",6,3000,1,"ordinary","strong_reversal_025",0
5,20270815,20290815,"cell_01","dose_response",1,2000,"fixed_6",6,3000,1,"ordinary","reversal_given_estimated_margin_010",0.166059855821743
5,20270815,20290815,"cell_01","dose_response",1,2000,"fixed_6",6,3000,1,"ordinary","reversal_given_estimated_margin_025",0
5,20270815,20290815,"cell_01","dose_response",1,2000,"fixed_6",6,3000,1,"ordinary","reversal_given_true_margin_010",0.123610476625552
5,20270815,20290815,"cell_01","dose_response",1,2000,"fixed_6",6,3000,1,"ordinary","reversal_given_true_margin_025",0.00837914523851747
5,20270815,20290815,"cell_01","dose_response",1,2000,"fixed_6",6,3000,1,"ordinary","x1_wrong_sign_true_margin_010",0.125095172833866
5,20270815,20290815,"cell_01","dose_response",1,2000,"fixed_6",6,3000,1,"ordinary","x2_wrong_sign_true_margin_010",0.0129054362722704
5,20270815,20290815,"cell_01","dose_response",1,2000,"fixed_6",6,3000,1,"ordinary","x1_wrong_sign_true_margin_025",0.00177336407164391
5,20270815,20290815,"cell_01","dose_response",1,2000,"fixed_6",6,3000,1,"ordinary","x2_wrong_sign_true_margin_025",0.00660578116687356
5,20270815,20290815,"cell_01","dose_response",1,2000,"fixed_6",6,3000,1,"ordinary","mean_absolute_prediction_change",0.153257000687693
5,20270815,20290815,"cell_02","dose_response",2,2000,"fixed_6",6,3000,1,"ordinary","cate_correlation",0.88768493339484
5,20270815,20290815,"cell_02","dose_response",2,2000,"fixed_6",6,3000,1,"ordinary","cate_rank_correlation",0.834516148479685
5,20270815,20290815,"cell_02","dose_response",2,2000,"fixed_6",6,3000,1,"ordinary","sign_reversal",0.2228
5,20270815,20290815,"cell_02","dose_response",2,2000,"fixed_6",6,3000,1,"ordinary","positive_to_negative",0.00973333333333333
5,20270815,20290815,"cell_02","dose_response",2,2000,"fixed_6",6,3000,1,"ordinary","negative_to_positive",0.213066666666667
5,20270815,20290815,"cell_02","dose_response",2,2000,"fixed_6",6,3000,1,"ordinary","strong_reversal_010",0.199666666666667
5,20270815,20290815,"cell_02","dose_response",2,2000,"fixed_6",6,3000,1,"ordinary","strong_reversal_025",6.66666666666667e-05
5,20270815,20290815,"cell_02","dose_response",2,2000,"fixed_6",6,3000,1,"ordinary","reversal_given_estimated_margin_010",0.213212785648181
5,20270815,20290815,"cell_02","dose_response",2,2000,"fixed_6",6,3000,1,"ordinary","reversal_given_estimated_margin_025",0.000131233595800525
5,20270815,20290815,"cell_02","dose_response",2,2000,"fixed_6",6,3000,1,"ordinary","reversal_given_true_margin_010",0.132899345210903
5,20270815,20290815,"cell_02","dose_response",2,2000,"fixed_6",6,3000,1,"ordinary","reversal_given_true_margin_025",0.0129012236212094
5,20270815,20290815,"cell_02","dose_response",2,2000,"fixed_6",6,3000,1,"ordinary","x1_wrong_sign_true_margin_010",0.129853814527181
5,20270815,20290815,"cell_02","dose_response",2,2000,"fixed_6",6,3000,1,"ordinary","x2_wrong_sign_true_margin_010",0.0168265570275621
5,20270815,20290815,"cell_02","dose_response",2,2000,"fixed_6",6,3000,1,"ordinary","x1_wrong_sign_true_margin_025",0.00137435715552403
5,20270815,20290815,"cell_02","dose_response",2,2000,"fixed_6",6,3000,1,"ordinary","x2_wrong_sign_true_margin_025",0.0115268664656854
5,20270815,20290815,"cell_02","dose_response",2,2000,"fixed_6",6,3000,1,"ordinary","mean_absolute_prediction_change",0.210792670972571
5,20270815,20290815,"cell_03","dose_response",4,2000,"fixed_6",6,3000,1,"ordinary","cate_correlation",0.818672836655505
5,20270815,20290815,"cell_03","dose_response",4,2000,"fixed_6",6,3000,1,"ordinary","cate_rank_correlation",0.809735277209928
5,20270815,20290815,"cell_03","dose_response",4,2000,"fixed_6",6,3000,1,"ordinary","sign_reversal",0.241033333333333
5,20270815,20290815,"cell_03","dose_response",4,2000,"fixed_6",6,3000,1,"ordinary","positive_to_negative",0.0186666666666667
5,20270815,20290815,"cell_03","dose_response",4,2000,"fixed_6",6,3000,1,"ordinary","negative_to_positive",0.222366666666667
5,20270815,20290815,"cell_03","dose_response",4,2000,"fixed_6",6,3000,1,"ordinary","strong_reversal_010",0.216366666666667
5,20270815,20290815,"cell_03","dose_response",4,2000,"fixed_6",6,3000,1,"ordinary","strong_reversal_025",0.1034
5,20270815,20290815,"cell_03","dose_response",4,2000,"fixed_6",6,3000,1,"ordinary","reversal_given_estimated_margin_010",0.261987407168227
5,20270815,20290815,"cell_03","dose_response",4,2000,"fixed_6",6,3000,1,"ordinary","reversal_given_estimated_margin_025",0.169786535303777
5,20270815,20290815,"cell_03","dose_response",4,2000,"fixed_6",6,3000,1,"ordinary","reversal_given_true_margin_010",0.148850312166895
5,20270815,20290815,"cell_03","dose_response",4,2000,"fixed_6",6,3000,1,"ordinary","reversal_given_true_margin_025",0.0247827629012236
5,20270815,20290815,"cell_03","dose_response",4,2000,"fixed_6",6,3000,1,"ordinary","x1_wrong_sign_true_margin_010",0.135259631490787
5,20270815,20290815,"cell_03","dose_response",4,2000,"fixed_6",6,3000,1,"ordinary","x2_wrong_sign_true_margin_010",0.0260012182122735
5,20270815,20290815,"cell_03","dose_response",4,2000,"fixed_6",6,3000,1,"ordinary","x1_wrong_sign_true_margin_025",0.00177336407164391
5,20270815,20290815,"cell_03","dose_response",4,2000,"fixed_6",6,3000,1,"ordinary","x2_wrong_sign_true_margin_025",0.0230093988295797
5,20270815,20290815,"cell_03","dose_response",4,2000,"fixed_6",6,3000,1,"ordinary","mean_absolute_prediction_change",0.278976267782661
5,20270815,20290815,"cell_04","dose_response",8,2000,"fixed_6",6,3000,1,"ordinary","cate_correlation",0.751707815636354
5,20270815,20290815,"cell_04","dose_response",8,2000,"fixed_6",6,3000,1,"ordinary","cate_rank_correlation",0.798150558893501
5,20270815,20290815,"cell_04","dose_response",8,2000,"fixed_6",6,3000,1,"ordinary","sign_reversal",0.293
5,20270815,20290815,"cell_04","dose_response",8,2000,"fixed_6",6,3000,1,"ordinary","positive_to_negative",0.0621666666666667
5,20270815,20290815,"cell_04","dose_response",8,2000,"fixed_6",6,3000,1,"ordinary","negative_to_positive",0.230833333333333
5,20270815,20290815,"cell_04","dose_response",8,2000,"fixed_6",6,3000,1,"ordinary","strong_reversal_010",0.2315
5,20270815,20290815,"cell_04","dose_response",8,2000,"fixed_6",6,3000,1,"ordinary","strong_reversal_025",0.190866666666667
5,20270815,20290815,"cell_04","dose_response",8,2000,"fixed_6",6,3000,1,"ordinary","reversal_given_estimated_margin_010",0.308845110508294
5,20270815,20290815,"cell_04","dose_response",8,2000,"fixed_6",6,3000,1,"ordinary","reversal_given_estimated_margin_025",0.274588788183954
5,20270815,20290815,"cell_04","dose_response",8,2000,"fixed_6",6,3000,1,"ordinary","reversal_given_true_margin_010",0.203022689203594
5,20270815,20290815,"cell_04","dose_response",8,2000,"fixed_6",6,3000,1,"ordinary","reversal_given_true_margin_025",0.082550097535024
5,20270815,20290815,"cell_04","dose_response",8,2000,"fixed_6",6,3000,1,"ordinary","x1_wrong_sign_true_margin_010",0.139942134917009
5,20270815,20290815,"cell_04","dose_response",8,2000,"fixed_6",6,3000,1,"ordinary","x2_wrong_sign_true_margin_010",0.0748819856860058
5,20270815,20290815,"cell_04","dose_response",8,2000,"fixed_6",6,3000,1,"ordinary","x1_wrong_sign_true_margin_025",0.00230537329313708
5,20270815,20290815,"cell_04","dose_response",8,2000,"fixed_6",6,3000,1,"ordinary","x2_wrong_sign_true_margin_025",0.0802447242418869
5,20270815,20290815,"cell_04","dose_response",8,2000,"fixed_6",6,3000,1,"ordinary","mean_absolute_prediction_change",0.336123418382446
5,20270815,20290815,"cell_05","dose_response",16,2000,"fixed_6",6,3000,1,"ordinary","cate_correlation",0.694783351151125
5,20270815,20290815,"cell_05","dose_response",16,2000,"fixed_6",6,3000,1,"ordinary","cate_rank_correlation",0.78641392508046
5,20270815,20290815,"cell_05","dose_response",16,2000,"fixed_6",6,3000,1,"ordinary","sign_reversal",0.376333333333333
5,20270815,20290815,"cell_05","dose_response",16,2000,"fixed_6",6,3000,1,"ordinary","positive_to_negative",0.142266666666667
5,20270815,20290815,"cell_05","dose_response",16,2000,"fixed_6",6,3000,1,"ordinary","negative_to_positive",0.234066666666667
5,20270815,20290815,"cell_05","dose_response",16,2000,"fixed_6",6,3000,1,"ordinary","strong_reversal_010",0.2436
5,20270815,20290815,"cell_05","dose_response",16,2000,"fixed_6",6,3000,1,"ordinary","strong_reversal_025",0.2064
5,20270815,20290815,"cell_05","dose_response",16,2000,"fixed_6",6,3000,1,"ordinary","reversal_given_estimated_margin_010",0.32354894408288
5,20270815,20290815,"cell_05","dose_response",16,2000,"fixed_6",6,3000,1,"ordinary","reversal_given_estimated_margin_025",0.291073191369341
5,20270815,20290815,"cell_05","dose_response",16,2000,"fixed_6",6,3000,1,"ordinary","reversal_given_true_margin_010",0.296253997259022
5,20270815,20290815,"cell_05","dose_response",16,2000,"fixed_6",6,3000,1,"ordinary","reversal_given_true_margin_025",0.189040610037241
5,20270815,20290815,"cell_05","dose_response",16,2000,"fixed_6",6,3000,1,"ordinary","x1_wrong_sign_true_margin_010",0.141198416324044
5,20270815,20290815,"cell_05","dose_response",16,2000,"fixed_6",6,3000,1,"ordinary","x2_wrong_sign_true_margin_010",0.165258108725445
5,20270815,20290815,"cell_05","dose_response",16,2000,"fixed_6",6,3000,1,"ordinary","x1_wrong_sign_true_margin_025",0.00261571200567476
5,20270815,20290815,"cell_05","dose_response",16,2000,"fixed_6",6,3000,1,"ordinary","x2_wrong_sign_true_margin_025",0.186424898031566
5,20270815,20290815,"cell_05","dose_response",16,2000,"fixed_6",6,3000,1,"ordinary","mean_absolute_prediction_change",0.369851562482213
5,20270815,20290815,"cell_06","tree_robustness",8,800,"fixed_6",6,3000,1,"ordinary","cate_correlation",0.755754905211012
5,20270815,20290815,"cell_06","tree_robustness",8,800,"fixed_6",6,3000,1,"ordinary","cate_rank_correlation",0.794864370826294
5,20270815,20290815,"cell_06","tree_robustness",8,800,"fixed_6",6,3000,1,"ordinary","sign_reversal",0.2905
5,20270815,20290815,"cell_06","tree_robustness",8,800,"fixed_6",6,3000,1,"ordinary","positive_to_negative",0.0629
5,20270815,20290815,"cell_06","tree_robustness",8,800,"fixed_6",6,3000,1,"ordinary","negative_to_positive",0.2276
5,20270815,20290815,"cell_06","tree_robustness",8,800,"fixed_6",6,3000,1,"ordinary","strong_reversal_010",0.228933333333333
5,20270815,20290815,"cell_06","tree_robustness",8,800,"fixed_6",6,3000,1,"ordinary","strong_reversal_025",0.183266666666667
5,20270815,20290815,"cell_06","tree_robustness",8,800,"fixed_6",6,3000,1,"ordinary","reversal_given_estimated_margin_010",0.303249735075945
5,20270815,20290815,"cell_06","tree_robustness",8,800,"fixed_6",6,3000,1,"ordinary","reversal_given_estimated_margin_025",0.266711943339478
5,20270815,20290815,"cell_06","tree_robustness",8,800,"fixed_6",6,3000,1,"ordinary","reversal_given_true_margin_010",0.201918684330745
5,20270815,20290815,"cell_06","tree_robustness",8,800,"fixed_6",6,3000,1,"ordinary","reversal_given_true_margin_025",0.083481113672637
5,20270815,20290815,"cell_06","tree_robustness",8,800,"fixed_6",6,3000,1,"ordinary","x1_wrong_sign_true_margin_010",0.138381300441602
5,20270815,20290815,"cell_06","tree_robustness",8,800,"fixed_6",6,3000,1,"ordinary","x2_wrong_sign_true_margin_010",0.0754910918227501
5,20270815,20290815,"cell_06","tree_robustness",8,800,"fixed_6",6,3000,1,"ordinary","x1_wrong_sign_true_margin_025",0.00261571200567476
5,20270815,20290815,"cell_06","tree_robustness",8,800,"fixed_6",6,3000,1,"ordinary","x2_wrong_sign_true_margin_025",0.0808654016669622
5,20270815,20290815,"cell_06","tree_robustness",8,800,"fixed_6",6,3000,1,"ordinary","mean_absolute_prediction_change",0.337420556041425
5,20270815,20290815,"cell_07","tree_robustness",8,5000,"fixed_6",6,3000,1,"ordinary","cate_correlation",0.753247316833692
5,20270815,20290815,"cell_07","tree_robustness",8,5000,"fixed_6",6,3000,1,"ordinary","cate_rank_correlation",0.799602447817336
5,20270815,20290815,"cell_07","tree_robustness",8,5000,"fixed_6",6,3000,1,"ordinary","sign_reversal",0.2936
5,20270815,20290815,"cell_07","tree_robustness",8,5000,"fixed_6",6,3000,1,"ordinary","positive_to_negative",0.0627333333333333
5,20270815,20290815,"cell_07","tree_robustness",8,5000,"fixed_6",6,3000,1,"ordinary","negative_to_positive",0.230866666666667
5,20270815,20290815,"cell_07","tree_robustness",8,5000,"fixed_6",6,3000,1,"ordinary","strong_reversal_010",0.231966666666667
5,20270815,20290815,"cell_07","tree_robustness",8,5000,"fixed_6",6,3000,1,"ordinary","strong_reversal_025",0.1906
5,20270815,20290815,"cell_07","tree_robustness",8,5000,"fixed_6",6,3000,1,"ordinary","reversal_given_estimated_margin_010",0.309950115802601
5,20270815,20290815,"cell_07","tree_robustness",8,5000,"fixed_6",6,3000,1,"ordinary","reversal_given_estimated_margin_025",0.274218300402839
5,20270815,20290815,"cell_07","tree_robustness",8,5000,"fixed_6",6,3000,1,"ordinary","reversal_given_true_margin_010",0.203822141008071
5,20270815,20290815,"cell_07","tree_robustness",8,5000,"fixed_6",6,3000,1,"ordinary","reversal_given_true_margin_025",0.0833037772654726
5,20270815,20290815,"cell_07","tree_robustness",8,5000,"fixed_6",6,3000,1,"ordinary","x1_wrong_sign_true_margin_010",0.140132480584742
5,20270815,20290815,"cell_07","tree_robustness",8,5000,"fixed_6",6,3000,1,"ordinary","x2_wrong_sign_true_margin_010",0.075262677021471
5,20270815,20290815,"cell_07","tree_robustness",8,5000,"fixed_6",6,3000,1,"ordinary","x1_wrong_sign_true_margin_025",0.00248270970030147
5,20270815,20290815,"cell_07","tree_robustness",8,5000,"fixed_6",6,3000,1,"ordinary","x2_wrong_sign_true_margin_025",0.0808210675651711
5,20270815,20290815,"cell_07","tree_robustness",8,5000,"fixed_6",6,3000,1,"ordinary","mean_absolute_prediction_change",0.33243603193607
5,20270815,20290815,"cell_08","default_mtry",8,2000,"grf_default",27,3000,1,"ordinary","cate_correlation",0.992287684176337
5,20270815,20290815,"cell_08","default_mtry",8,2000,"grf_default",27,3000,1,"ordinary","cate_rank_correlation",0.98630199189278
5,20270815,20290815,"cell_08","default_mtry",8,2000,"grf_default",27,3000,1,"ordinary","sign_reversal",0.176966666666667
5,20270815,20290815,"cell_08","default_mtry",8,2000,"grf_default",27,3000,1,"ordinary","positive_to_negative",0.00406666666666667
5,20270815,20290815,"cell_08","default_mtry",8,2000,"grf_default",27,3000,1,"ordinary","negative_to_positive",0.1729
5,20270815,20290815,"cell_08","default_mtry",8,2000,"grf_default",27,3000,1,"ordinary","strong_reversal_010",0.000666666666666667
5,20270815,20290815,"cell_08","default_mtry",8,2000,"grf_default",27,3000,1,"ordinary","strong_reversal_025",0
5,20270815,20290815,"cell_08","default_mtry",8,2000,"grf_default",27,3000,1,"ordinary","reversal_given_estimated_margin_010",0.000858221764503948
5,20270815,20290815,"cell_08","default_mtry",8,2000,"grf_default",27,3000,1,"ordinary","reversal_given_estimated_margin_025",0
5,20270815,20290815,"cell_08","default_mtry",8,2000,"grf_default",27,3000,1,"ordinary","reversal_given_true_margin_010",0.104499771585199
5,20270815,20290815,"cell_08","default_mtry",8,2000,"grf_default",27,3000,1,"ordinary","reversal_given_true_margin_025",0.00536442631672282
5,20270815,20290815,"cell_08","default_mtry",8,2000,"grf_default",27,3000,1,"ordinary","x1_wrong_sign_true_margin_010",0.118966042332876
5,20270815,20290815,"cell_08","default_mtry",8,2000,"grf_default",27,3000,1,"ordinary","x2_wrong_sign_true_margin_010",0.0233744479975636
5,20270815,20290815,"cell_08","default_mtry",8,2000,"grf_default",27,3000,1,"ordinary","x1_wrong_sign_true_margin_025",0.000266004610746586
5,20270815,20290815,"cell_08","default_mtry",8,2000,"grf_default",27,3000,1,"ordinary","x2_wrong_sign_true_margin_025",0.00518708990955843
5,20270815,20290815,"cell_08","default_mtry",8,2000,"grf_default",27,3000,1,"ordinary","mean_absolute_prediction_change",0.0794658096381647
5,20270815,20290815,"cell_09","larger_sample",8,2000,"fixed_6",6,10000,1,"ordinary","cate_correlation",0.880202521922495
5,20270815,20290815,"cell_09","larger_sample",8,2000,"fixed_6",6,10000,1,"ordinary","cate_rank_correlation",0.790122727779247
5,20270815,20290815,"cell_09","larger_sample",8,2000,"fixed_6",6,10000,1,"ordinary","sign_reversal",0.2588
5,20270815,20290815,"cell_09","larger_sample",8,2000,"fixed_6",6,10000,1,"ordinary","positive_to_negative",0.0198666666666667
5,20270815,20290815,"cell_09","larger_sample",8,2000,"fixed_6",6,10000,1,"ordinary","negative_to_positive",0.238933333333333
5,20270815,20290815,"cell_09","larger_sample",8,2000,"fixed_6",6,10000,1,"ordinary","strong_reversal_010",0.240966666666667
5,20270815,20290815,"cell_09","larger_sample",8,2000,"fixed_6",6,10000,1,"ordinary","strong_reversal_025",0.0115
5,20270815,20290815,"cell_09","larger_sample",8,2000,"fixed_6",6,10000,1,"ordinary","reversal_given_estimated_margin_010",0.300982596386044
5,20270815,20290815,"cell_09","larger_sample",8,2000,"fixed_6",6,10000,1,"ordinary","reversal_given_estimated_margin_025",0.0222839426430694
5,20270815,20290815,"cell_09","larger_sample",8,2000,"fixed_6",6,10000,1,"ordinary","reversal_given_true_margin_010",0.159243185625095
5,20270815,20290815,"cell_09","larger_sample",8,2000,"fixed_6",6,10000,1,"ordinary","reversal_given_true_margin_025",0.0264231246674942
5,20270815,20290815,"cell_09","larger_sample",8,2000,"fixed_6",6,10000,1,"ordinary","x1_wrong_sign_true_margin_010",0.140284757118928
5,20270815,20290815,"cell_09","larger_sample",8,2000,"fixed_6",6,10000,1,"ordinary","x2_wrong_sign_true_margin_010",0.0252017664077966
5,20270815,20290815,"cell_09","larger_sample",8,2000,"fixed_6",6,10000,1,"ordinary","x1_wrong_sign_true_margin_025",0.000709345628657563
5,20270815,20290815,"cell_09","larger_sample",8,2000,"fixed_6",6,10000,1,"ordinary","x2_wrong_sign_true_margin_025",0.0257137790388367
5,20270815,20290815,"cell_09","larger_sample",8,2000,"fixed_6",6,10000,1,"ordinary","mean_absolute_prediction_change",0.26043096868868
5,20270815,20290815,"cell_10","noise_robustness",8,2000,"fixed_6",6,3000,0.5,"ordinary","cate_correlation",0.82077084612945
5,20270815,20290815,"cell_10","noise_robustness",8,2000,"fixed_6",6,3000,0.5,"ordinary","cate_rank_correlation",0.788980836975756
5,20270815,20290815,"cell_10","noise_robustness",8,2000,"fixed_6",6,3000,0.5,"ordinary","sign_reversal",0.255933333333333
5,20270815,20290815,"cell_10","noise_robustness",8,2000,"fixed_6",6,3000,0.5,"ordinary","positive_to_negative",0.0171
5,20270815,20290815,"cell_10","noise_robustness",8,2000,"fixed_6",6,3000,0.5,"ordinary","negative_to_positive",0.238833333333333
5,20270815,20290815,"cell_10","noise_robustness",8,2000,"fixed_6",6,3000,0.5,"ordinary","strong_reversal_010",0.240066666666667
5,20270815,20290815,"cell_10","noise_robustness",8,2000,"fixed_6",6,3000,0.5,"ordinary","strong_reversal_025",0.0544333333333333
5,20270815,20290815,"cell_10","noise_robustness",8,2000,"fixed_6",6,3000,0.5,"ordinary","reversal_given_estimated_margin_010",0.320174268693874
5,20270815,20290815,"cell_10","noise_robustness",8,2000,"fixed_6",6,3000,0.5,"ordinary","reversal_given_estimated_margin_025",0.0977259126271694
5,20270815,20290815,"cell_10","noise_robustness",8,2000,"fixed_6",6,3000,0.5,"ordinary","reversal_given_true_margin_010",0.155931171006548
5,20270815,20290815,"cell_10","noise_robustness",8,2000,"fixed_6",6,3000,0.5,"ordinary","reversal_given_true_margin_025",0.0227433942188331
5,20270815,20290815,"cell_10","noise_robustness",8,2000,"fixed_6",6,3000,0.5,"ordinary","x1_wrong_sign_true_margin_010",0.140322826252474
5,20270815,20290815,"cell_10","noise_robustness",8,2000,"fixed_6",6,3000,0.5,"ordinary","x2_wrong_sign_true_margin_010",0.0221562357240749
5,20270815,20290815,"cell_10","noise_robustness",8,2000,"fixed_6",6,3000,0.5,"ordinary","x1_wrong_sign_true_margin_025",0.000753679730448661
5,20270815,20290815,"cell_10","noise_robustness",8,2000,"fixed_6",6,3000,0.5,"ordinary","x2_wrong_sign_true_margin_025",0.0219897144883845
5,20270815,20290815,"cell_10","noise_robustness",8,2000,"fixed_6",6,3000,0.5,"ordinary","mean_absolute_prediction_change",0.295805138115489
5,20270815,20290815,"cell_11","noise_robustness",8,2000,"fixed_6",6,3000,2,"ordinary","cate_correlation",0.657629696914858
5,20270815,20290815,"cell_11","noise_robustness",8,2000,"fixed_6",6,3000,2,"ordinary","cate_rank_correlation",0.737958064682176
5,20270815,20290815,"cell_11","noise_robustness",8,2000,"fixed_6",6,3000,2,"ordinary","sign_reversal",0.306266666666667
5,20270815,20290815,"cell_11","noise_robustness",8,2000,"fixed_6",6,3000,2,"ordinary","positive_to_negative",0.0935666666666667
5,20270815,20290815,"cell_11","noise_robustness",8,2000,"fixed_6",6,3000,2,"ordinary","negative_to_positive",0.2127
5,20270815,20290815,"cell_11","noise_robustness",8,2000,"fixed_6",6,3000,2,"ordinary","strong_reversal_010",0.223933333333333
5,20270815,20290815,"cell_11","noise_robustness",8,2000,"fixed_6",6,3000,2,"ordinary","strong_reversal_025",0.113033333333333
5,20270815,20290815,"cell_11","noise_robustness",8,2000,"fixed_6",6,3000,2,"ordinary","reversal_given_estimated_margin_010",0.288697894284486
5,20270815,20290815,"cell_11","noise_robustness",8,2000,"fixed_6",6,3000,2,"ordinary","reversal_given_estimated_margin_025",0.19055914582748
5,20270815,20290815,"cell_11","noise_robustness",8,2000,"fixed_6",6,3000,2,"ordinary","reversal_given_true_margin_010",0.228643216080402
5,20270815,20290815,"cell_11","noise_robustness",8,2000,"fixed_6",6,3000,2,"ordinary","reversal_given_true_margin_025",0.1240024827097
5,20270815,20290815,"cell_11","noise_robustness",8,2000,"fixed_6",6,3000,2,"ordinary","x1_wrong_sign_true_margin_010",0.133318105679915
5,20270815,20290815,"cell_11","noise_robustness",8,2000,"fixed_6",6,3000,2,"ordinary","x2_wrong_sign_true_margin_010",0.109334551545607
5,20270815,20290815,"cell_11","noise_robustness",8,2000,"fixed_6",6,3000,2,"ordinary","x1_wrong_sign_true_margin_025",0.00496541940060294
5,20270815,20290815,"cell_11","noise_robustness",8,2000,"fixed_6",6,3000,2,"ordinary","x2_wrong_sign_true_margin_025",0.119037063309097
5,20270815,20290815,"cell_11","noise_robustness",8,2000,"fixed_6",6,3000,2,"ordinary","mean_absolute_prediction_change",0.371940539398959
5,20270815,20290815,"cell_12","invariant_check",16,2000,"fixed_6",6,3000,1,"class_sampled","cate_correlation",1
5,20270815,20290815,"cell_12","invariant_check",16,2000,"fixed_6",6,3000,1,"class_sampled","cate_rank_correlation",1
5,20270815,20290815,"cell_12","invariant_check",16,2000,"fixed_6",6,3000,1,"class_sampled","sign_reversal",0
5,20270815,20290815,"cell_12","invariant_check",16,2000,"fixed_6",6,3000,1,"class_sampled","positive_to_negative",0
5,20270815,20290815,"cell_12","invariant_check",16,2000,"fixed_6",6,3000,1,"class_sampled","negative_to_positive",0
5,20270815,20290815,"cell_12","invariant_check",16,2000,"fixed_6",6,3000,1,"class_sampled","strong_reversal_010",0
5,20270815,20290815,"cell_12","invariant_check",16,2000,"fixed_6",6,3000,1,"class_sampled","strong_reversal_025",0
5,20270815,20290815,"cell_12","invariant_check",16,2000,"fixed_6",6,3000,1,"class_sampled","reversal_given_estimated_margin_010",0
5,20270815,20290815,"cell_12","invariant_check",16,2000,"fixed_6",6,3000,1,"class_sampled","reversal_given_estimated_margin_025",0
5,20270815,20290815,"cell_12","invariant_check",16,2000,"fixed_6",6,3000,1,"class_sampled","reversal_given_true_margin_010",0
5,20270815,20290815,"cell_12","invariant_check",16,2000,"fixed_6",6,3000,1,"class_sampled","reversal_given_true_margin_025",0
5,20270815,20290815,"cell_12","invariant_check",16,2000,"fixed_6",6,3000,1,"class_sampled","x1_wrong_sign_true_margin_010",0.0202908481802954
5,20270815,20290815,"cell_12","invariant_check",16,2000,"fixed_6",6,3000,1,"class_sampled","x2_wrong_sign_true_margin_010",0.0202908481802954
5,20270815,20290815,"cell_12","invariant_check",16,2000,"fixed_6",6,3000,1,"class_sampled","x1_wrong_sign_true_margin_025",0.0019950345805994
5,20270815,20290815,"cell_12","invariant_check",16,2000,"fixed_6",6,3000,1,"class_sampled","x2_wrong_sign_true_margin_025",0.0019950345805994
5,20270815,20290815,"cell_12","invariant_check",16,2000,"fixed_6",6,3000,1,"class_sampled","mean_absolute_prediction_change",0
6,20270816,20290816,"cell_01","dose_response",1,2000,"fixed_6",6,3000,1,"ordinary","cate_correlation",0.937399740748265
6,20270816,20290816,"cell_01","dose_response",1,2000,"fixed_6",6,3000,1,"ordinary","cate_rank_correlation",0.909146159056829
6,20270816,20290816,"cell_01","dose_response",1,2000,"fixed_6",6,3000,1,"ordinary","sign_reversal",0.231133333333333
6,20270816,20290816,"cell_01","dose_response",1,2000,"fixed_6",6,3000,1,"ordinary","positive_to_negative",0.0130333333333333
6,20270816,20290816,"cell_01","dose_response",1,2000,"fixed_6",6,3000,1,"ordinary","negative_to_positive",0.2181
6,20270816,20290816,"cell_01","dose_response",1,2000,"fixed_6",6,3000,1,"ordinary","strong_reversal_010",0.0389333333333333
6,20270816,20290816,"cell_01","dose_response",1,2000,"fixed_6",6,3000,1,"ordinary","strong_reversal_025",0
6,20270816,20290816,"cell_01","dose_response",1,2000,"fixed_6",6,3000,1,"ordinary","reversal_given_estimated_margin_010",0.0512933116683501
6,20270816,20290816,"cell_01","dose_response",1,2000,"fixed_6",6,3000,1,"ordinary","reversal_given_estimated_margin_025",0
6,20270816,20290816,"cell_01","dose_response",1,2000,"fixed_6",6,3000,1,"ordinary","reversal_given_true_margin_010",0.136460717009916
6,20270816,20290816,"cell_01","dose_response",1,2000,"fixed_6",6,3000,1,"ordinary","reversal_given_true_margin_025",0.0174682193972798
6,20270816,20290816,"cell_01","dose_response",1,2000,"fixed_6",6,3000,1,"ordinary","x1_wrong_sign_true_margin_010",0.127383676582761
6,20270816,20290816,"cell_01","dose_response",1,2000,"fixed_6",6,3000,1,"ordinary","x2_wrong_sign_true_margin_010",0.019908466819222
6,20270816,20290816,"cell_01","dose_response",1,2000,"fixed_6",6,3000,1,"ordinary","x1_wrong_sign_true_margin_025",0.000755622722019735
6,20270816,20290816,"cell_01","dose_response",1,2000,"fixed_6",6,3000,1,"ordinary","x2_wrong_sign_true_margin_025",0.0170681838385634
6,20270816,20290816,"cell_01","dose_response",1,2000,"fixed_6",6,3000,1,"ordinary","mean_absolute_prediction_change",0.143691254895128
6,20270816,20290816,"cell_02","dose_response",2,2000,"fixed_6",6,3000,1,"ordinary","cate_correlation",0.884469114432985
6,20270816,20290816,"cell_02","dose_response",2,2000,"fixed_6",6,3000,1,"ordinary","cate_rank_correlation",0.848962207537069
6,20270816,20290816,"cell_02","dose_response",2,2000,"fixed_6",6,3000,1,"ordinary","sign_reversal",0.2619
6,20270816,20290816,"cell_02","dose_response",2,2000,"fixed_6",6,3000,1,"ordinary","positive_to_negative",0.0234666666666667
6,20270816,20290816,"cell_02","dose_response",2,2000,"fixed_6",6,3000,1,"ordinary","negative_to_positive",0.238433333333333
6,20270816,20290816,"cell_02","dose_response",2,2000,"fixed_6",6,3000,1,"ordinary","strong_reversal_010",0.191466666666667
6,20270816,20290816,"cell_02","dose_response",2,2000,"fixed_6",6,3000,1,"ordinary","strong_reversal_025",0
6,20270816,20290816,"cell_02","dose_response",2,2000,"fixed_6",6,3000,1,"ordinary","reversal_given_estimated_margin_010",0.220795694791466
6,20270816,20290816,"cell_02","dose_response",2,2000,"fixed_6",6,3000,1,"ordinary","reversal_given_estimated_margin_025",0
6,20270816,20290816,"cell_02","dose_response",2,2000,"fixed_6",6,3000,1,"ordinary","reversal_given_true_margin_010",0.163157894736842
6,20270816,20290816,"cell_02","dose_response",2,2000,"fixed_6",6,3000,1,"ordinary","reversal_given_true_margin_025",0.0319139479064806
6,20270816,20290816,"cell_02","dose_response",2,2000,"fixed_6",6,3000,1,"ordinary","x1_wrong_sign_true_margin_010",0.137795575896262
6,20270816,20290816,"cell_02","dose_response",2,2000,"fixed_6",6,3000,1,"ordinary","x2_wrong_sign_true_margin_010",0.0290999237223494
6,20270816,20290816,"cell_02","dose_response",2,2000,"fixed_6",6,3000,1,"ordinary","x1_wrong_sign_true_margin_025",0.00040003555871633
6,20270816,20290816,"cell_02","dose_response",2,2000,"fixed_6",6,3000,1,"ordinary","x2_wrong_sign_true_margin_025",0.0319583963018935
6,20270816,20290816,"cell_02","dose_response",2,2000,"fixed_6",6,3000,1,"ordinary","mean_absolute_prediction_change",0.209375352996077
6,20270816,20290816,"cell_03","dose_response",4,2000,"fixed_6",6,3000,1,"ordinary","cate_correlation",0.819585777952332
6,20270816,20290816,"cell_03","dose_response",4,2000,"fixed_6",6,3000,1,"ordinary","cate_rank_correlation",0.822811186977346
6,20270816,20290816,"cell_03","dose_response",4,2000,"fixed_6",6,3000,1,"ordinary","sign_reversal",0.284833333333333
6,20270816,20290816,"cell_03","dose_response",4,2000,"fixed_6",6,3000,1,"ordinary","positive_to_negative",0.0421666666666667
6,20270816,20290816,"cell_03","dose_response",4,2000,"fixed_6",6,3000,1,"ordinary","negative_to_positive",0.242666666666667
6,20270816,20290816,"cell_03","dose_response",4,2000,"fixed_6",6,3000,1,"ordinary","strong_reversal_010",0.2399
6,20270816,20290816,"cell_03","dose_response",4,2000,"fixed_6",6,3000,1,"ordinary","strong_reversal_025",0.0125333333333333
6,20270816,20290816,"cell_03","dose_response",4,2000,"fixed_6",6,3000,1,"ordinary","reversal_given_estimated_margin_010",0.300037520323509
6,20270816,20290816,"cell_03","dose_response",4,2000,"fixed_6",6,3000,1,"ordinary","reversal_given_estimated_margin_025",0.0241552100732365
6,20270816,20290816,"cell_03","dose_response",4,2000,"fixed_6",6,3000,1,"ordinary","reversal_given_true_margin_010",0.18695652173913
6,20270816,20290816,"cell_03","dose_response",4,2000,"fixed_6",6,3000,1,"ordinary","reversal_given_true_margin_025",0.0570717397101965
6,20270816,20290816,"cell_03","dose_response",4,2000,"fixed_6",6,3000,1,"ordinary","x1_wrong_sign_true_margin_010",0.139168573607933
6,20270816,20290816,"cell_03","dose_response",4,2000,"fixed_6",6,3000,1,"ordinary","x2_wrong_sign_true_margin_010",0.049160945842868
6,20270816,20290816,"cell_03","dose_response",4,2000,"fixed_6",6,3000,1,"ordinary","x1_wrong_sign_true_margin_025",0.000755622722019735
6,20270816,20290816,"cell_03","dose_response",4,2000,"fixed_6",6,3000,1,"ordinary","x2_wrong_sign_true_margin_025",0.0566717041514801
6,20270816,20290816,"cell_03","dose_response",4,2000,"fixed_6",6,3000,1,"ordinary","mean_absolute_prediction_change",0.271250347682313
6,20270816,20290816,"cell_04","dose_response",8,2000,"fixed_6",6,3000,1,"ordinary","cate_correlation",0.763345683930104
6,20270816,20290816,"cell_04","dose_response",8,2000,"fixed_6",6,3000,1,"ordinary","cate_rank_correlation",0.807633214018704
6,20270816,20290816,"cell_04","dose_response",8,2000,"fixed_6",6,3000,1,"ordinary","sign_reversal",0.338866666666667
6,20270816,20290816,"cell_04","dose_response",8,2000,"fixed_6",6,3000,1,"ordinary","positive_to_negative",0.0935333333333333
6,20270816,20290816,"cell_04","dose_response",8,2000,"fixed_6",6,3000,1,"ordinary","negative_to_positive",0.245333333333333
6,20270816,20290816,"cell_04","dose_response",8,2000,"fixed_6",6,3000,1,"ordinary","strong_reversal_010",0.256533333333333
6,20270816,20290816,"cell_04","dose_response",8,2000,"fixed_6",6,3000,1,"ordinary","strong_reversal_025",0.0994333333333333
6,20270816,20290816,"cell_04","dose_response",8,2000,"fixed_6",6,3000,1,"ordinary","reversal_given_estimated_margin_010",0.327419697936609
6,20270816,20290816,"cell_04","dose_response",8,2000,"fixed_6",6,3000,1,"ordinary","reversal_given_estimated_margin_025",0.165034578146611
6,20270816,20290816,"cell_04","dose_response",8,2000,"fixed_6",6,3000,1,"ordinary","reversal_given_true_margin_010",0.247063310450038
6,20270816,20290816,"cell_04","dose_response",8,2000,"fixed_6",6,3000,1,"ordinary","reversal_given_true_margin_025",0.126277891368122
6,20270816,20290816,"cell_04","dose_response",8,2000,"fixed_6",6,3000,1,"ordinary","x1_wrong_sign_true_margin_010",0.139549961861175
6,20270816,20290816,"cell_04","dose_response",8,2000,"fixed_6",6,3000,1,"ordinary","x2_wrong_sign_true_margin_010",0.107894736842105
6,20270816,20290816,"cell_04","dose_response",8,2000,"fixed_6",6,3000,1,"ordinary","x1_wrong_sign_true_margin_025",0.000933416303671437
6,20270816,20290816,"cell_04","dose_response",8,2000,"fixed_6",6,3000,1,"ordinary","x2_wrong_sign_true_margin_025",0.125700062227754
6,20270816,20290816,"cell_04","dose_response",8,2000,"fixed_6",6,3000,1,"ordinary","mean_absolute_prediction_change",0.317084771297854
6,20270816,20290816,"cell_05","dose_response",16,2000,"fixed_6",6,3000,1,"ordinary","cate_correlation",0.694274535323829
6,20270816,20290816,"cell_05","dose_response",16,2000,"fixed_6",6,3000,1,"ordinary","cate_rank_correlation",0.79237163501108
6,20270816,20290816,"cell_05","dose_response",16,2000,"fixed_6",6,3000,1,"ordinary","sign_reversal",0.4351
6,20270816,20290816,"cell_05","dose_response",16,2000,"fixed_6",6,3000,1,"ordinary","positive_to_negative",0.188133333333333
6,20270816,20290816,"cell_05","dose_response",16,2000,"fixed_6",6,3000,1,"ordinary","negative_to_positive",0.246966666666667
6,20270816,20290816,"cell_05","dose_response",16,2000,"fixed_6",6,3000,1,"ordinary","strong_reversal_010",0.278733333333333
6,20270816,20290816,"cell_05","dose_response",16,2000,"fixed_6",6,3000,1,"ordinary","strong_reversal_025",0.1741
6,20270816,20290816,"cell_05","dose_response",16,2000,"fixed_6",6,3000,1,"ordinary","reversal_given_estimated_margin_010",0.351020065485685
6,20270816,20290816,"cell_05","dose_response",16,2000,"fixed_6",6,3000,1,"ordinary","reversal_given_estimated_margin_025",0.257925925925926
6,20270816,20290816,"cell_05","dose_response",16,2000,"fixed_6",6,3000,1,"ordinary","reversal_given_true_margin_010",0.356598016781083
6,20270816,20290816,"cell_05","dose_response",16,2000,"fixed_6",6,3000,1,"ordinary","reversal_given_true_margin_025",0.253222508667437
6,20270816,20290816,"cell_05","dose_response",16,2000,"fixed_6",6,3000,1,"ordinary","x1_wrong_sign_true_margin_010",0.140350877192982
6,20270816,20290816,"cell_05","dose_response",16,2000,"fixed_6",6,3000,1,"ordinary","x2_wrong_sign_true_margin_010",0.216552250190694
6,20270816,20290816,"cell_05","dose_response",16,2000,"fixed_6",6,3000,1,"ordinary","x1_wrong_sign_true_margin_025",0.00120010667614899
6,20270816,20290816,"cell_05","dose_response",16,2000,"fixed_6",6,3000,1,"ordinary","x2_wrong_sign_true_margin_025",0.252377989154592
6,20270816,20290816,"cell_05","dose_response",16,2000,"fixed_6",6,3000,1,"ordinary","mean_absolute_prediction_change",0.363552803383633
6,20270816,20290816,"cell_06","tree_robustness",8,800,"fixed_6",6,3000,1,"ordinary","cate_correlation",0.755576411189307
6,20270816,20290816,"cell_06","tree_robustness",8,800,"fixed_6",6,3000,1,"ordinary","cate_rank_correlation",0.802710977077234
6,20270816,20290816,"cell_06","tree_robustness",8,800,"fixed_6",6,3000,1,"ordinary","sign_reversal",0.373166666666667
6,20270816,20290816,"cell_06","tree_robustness",8,800,"fixed_6",6,3000,1,"ordinary","positive_to_negative",0.1278
6,20270816,20290816,"cell_06","tree_robustness",8,800,"fixed_6",6,3000,1,"ordinary","negative_to_positive",0.245366666666667
6,20270816,20290816,"cell_06","tree_robustness",8,800,"fixed_6",6,3000,1,"ordinary","strong_reversal_010",0.263
6,20270816,20290816,"cell_06","tree_robustness",8,800,"fixed_6",6,3000,1,"ordinary","strong_reversal_025",0.0819666666666667
6,20270816,20290816,"cell_06","tree_robustness",8,800,"fixed_6",6,3000,1,"ordinary","reversal_given_estimated_margin_010",0.33381282788966
6,20270816,20290816,"cell_06","tree_robustness",8,800,"fixed_6",6,3000,1,"ordinary","reversal_given_estimated_margin_025",0.140105976867415
6,20270816,20290816,"cell_06","tree_robustness",8,800,"fixed_6",6,3000,1,"ordinary","reversal_given_true_margin_010",0.286346300533944
6,20270816,20290816,"cell_06","tree_robustness",8,800,"fixed_6",6,3000,1,"ordinary","reversal_given_true_margin_025",0.172015290248022
6,20270816,20290816,"cell_06","tree_robustness",8,800,"fixed_6",6,3000,1,"ordinary","x1_wrong_sign_true_margin_010",0.139588100686499
6,20270816,20290816,"cell_06","tree_robustness",8,800,"fixed_6",6,3000,1,"ordinary","x2_wrong_sign_true_margin_010",0.147063310450038
6,20270816,20290816,"cell_06","tree_robustness",8,800,"fixed_6",6,3000,1,"ordinary","x1_wrong_sign_true_margin_025",0.000977864699084363
6,20270816,20290816,"cell_06","tree_robustness",8,800,"fixed_6",6,3000,1,"ordinary","x2_wrong_sign_true_margin_025",0.171393012712241
6,20270816,20290816,"cell_06","tree_robustness",8,800,"fixed_6",6,3000,1,"ordinary","mean_absolute_prediction_change",0.327842368992091
6,20270816,20290816,"cell_07","tree_robustness",8,5000,"fixed_6",6,3000,1,"ordinary","cate_correlation",0.759894988315607
6,20270816,20290816,"cell_07","tree_robustness",8,5000,"fixed_6",6,3000,1,"ordinary","cate_rank_correlation",0.809105812358562
6,20270816,20290816,"cell_07","tree_robustness",8,5000,"fixed_6",6,3000,1,"ordinary","sign_reversal",0.352566666666667
6,20270816,20290816,"cell_07","tree_robustness",8,5000,"fixed_6",6,3000,1,"ordinary","positive_to_negative",0.107033333333333
6,20270816,20290816,"cell_07","tree_robustness",8,5000,"fixed_6",6,3000,1,"ordinary","negative_to_positive",0.245533333333333
6,20270816,20290816,"cell_07","tree_robustness",8,5000,"fixed_6",6,3000,1,"ordinary","strong_reversal_010",0.2595
6,20270816,20290816,"cell_07","tree_robustness",8,5000,"fixed_6",6,3000,1,"ordinary","strong_reversal_025",0.0953666666666667
6,20270816,20290816,"cell_07","tree_robustness",8,5000,"fixed_6",6,3000,1,"ordinary","reversal_given_estimated_margin_010",0.331318891773418
6,20270816,20290816,"cell_07","tree_robustness",8,5000,"fixed_6",6,3000,1,"ordinary","reversal_given_estimated_margin_025",0.159325054296375
6,20270816,20290816,"cell_07","tree_robustness",8,5000,"fixed_6",6,3000,1,"ordinary","reversal_given_true_margin_010",0.262700228832952
6,20270816,20290816,"cell_07","tree_robustness",8,5000,"fixed_6",6,3000,1,"ordinary","reversal_given_true_margin_025",0.144546181882834
6,20270816,20290816,"cell_07","tree_robustness",8,5000,"fixed_6",6,3000,1,"ordinary","x1_wrong_sign_true_margin_010",0.139359267734554
6,20270816,20290816,"cell_07","tree_robustness",8,5000,"fixed_6",6,3000,1,"ordinary","x2_wrong_sign_true_margin_010",0.123646071700992
6,20270816,20290816,"cell_07","tree_robustness",8,5000,"fixed_6",6,3000,1,"ordinary","x1_wrong_sign_true_margin_025",0.000800071117432661
6,20270816,20290816,"cell_07","tree_robustness",8,5000,"fixed_6",6,3000,1,"ordinary","x2_wrong_sign_true_margin_025",0.144101697928705
6,20270816,20290816,"cell_07","tree_robustness",8,5000,"fixed_6",6,3000,1,"ordinary","mean_absolute_prediction_change",0.319851686675636
6,20270816,20290816,"cell_08","default_mtry",8,2000,"grf_default",27,3000,1,"ordinary","cate_correlation",0.994221394435549
6,20270816,20290816,"cell_08","default_mtry",8,2000,"grf_default",27,3000,1,"ordinary","cate_rank_correlation",0.989626840770697
6,20270816,20290816,"cell_08","default_mtry",8,2000,"grf_default",27,3000,1,"ordinary","sign_reversal",0.128066666666667
6,20270816,20290816,"cell_08","default_mtry",8,2000,"grf_default",27,3000,1,"ordinary","positive_to_negative",0.0036
6,20270816,20290816,"cell_08","default_mtry",8,2000,"grf_default",27,3000,1,"ordinary","negative_to_positive",0.124466666666667
6,20270816,20290816,"cell_08","default_mtry",8,2000,"grf_default",27,3000,1,"ordinary","strong_reversal_010",0
6,20270816,20290816,"cell_08","default_mtry",8,2000,"grf_default",27,3000,1,"ordinary","strong_reversal_025",0
6,20270816,20290816,"cell_08","default_mtry",8,2000,"grf_default",27,3000,1,"ordinary","reversal_given_estimated_margin_010",0
6,20270816,20290816,"cell_08","default_mtry",8,2000,"grf_default",27,3000,1,"ordinary","reversal_given_estimated_margin_025",0
6,20270816,20290816,"cell_08","default_mtry",8,2000,"grf_default",27,3000,1,"ordinary","reversal_given_true_margin_010",0.0658657513348589
6,20270816,20290816,"cell_08","default_mtry",8,2000,"grf_default",27,3000,1,"ordinary","reversal_given_true_margin_025",0.00480042670459596
6,20270816,20290816,"cell_08","default_mtry",8,2000,"grf_default",27,3000,1,"ordinary","x1_wrong_sign_true_margin_010",0.0802059496567506
6,20270816,20290816,"cell_08","default_mtry",8,2000,"grf_default",27,3000,1,"ordinary","x2_wrong_sign_true_margin_010",0.0225781845919146
6,20270816,20290816,"cell_08","default_mtry",8,2000,"grf_default",27,3000,1,"ordinary","x1_wrong_sign_true_margin_025",0.000622277535780958
6,20270816,20290816,"cell_08","default_mtry",8,2000,"grf_default",27,3000,1,"ordinary","x2_wrong_sign_true_margin_025",0.00542270424037692
6,20270816,20290816,"cell_08","default_mtry",8,2000,"grf_default",27,3000,1,"ordinary","mean_absolute_prediction_change",0.0702166061869254
6,20270816,20290816,"cell_09","larger_sample",8,2000,"fixed_6",6,10000,1,"ordinary","cate_correlation",0.87733860331206
6,20270816,20290816,"cell_09","larger_sample",8,2000,"fixed_6",6,10000,1,"ordinary","cate_rank_correlation",0.799514841696794
6,20270816,20290816,"cell_09","larger_sample",8,2000,"fixed_6",6,10000,1,"ordinary","sign_reversal",0.278033333333333
6,20270816,20290816,"cell_09","larger_sample",8,2000,"fixed_6",6,10000,1,"ordinary","positive_to_negative",0.0354
6,20270816,20290816,"cell_09","larger_sample",8,2000,"fixed_6",6,10000,1,"ordinary","negative_to_positive",0.242633333333333
6,20270816,20290816,"cell_09","larger_sample",8,2000,"fixed_6",6,10000,1,"ordinary","strong_reversal_010",0.099
6,20270816,20290816,"cell_09","larger_sample",8,2000,"fixed_6",6,10000,1,"ordinary","strong_reversal_025",0.000866666666666667
6,20270816,20290816,"cell_09","larger_sample",8,2000,"fixed_6",6,10000,1,"ordinary","reversal_given_estimated_margin_010",0.156554741447472
6,20270816,20290816,"cell_09","larger_sample",8,2000,"fixed_6",6,10000,1,"ordinary","reversal_given_estimated_margin_025",0.00171289281243824
6,20270816,20290816,"cell_09","larger_sample",8,2000,"fixed_6",6,10000,1,"ordinary","reversal_given_true_margin_010",0.178032036613272
6,20270816,20290816,"cell_09","larger_sample",8,2000,"fixed_6",6,10000,1,"ordinary","reversal_given_true_margin_025",0.0472486443239399
6,20270816,20290816,"cell_09","larger_sample",8,2000,"fixed_6",6,10000,1,"ordinary","x1_wrong_sign_true_margin_010",0.138100686498856
6,20270816,20290816,"cell_09","larger_sample",8,2000,"fixed_6",6,10000,1,"ordinary","x2_wrong_sign_true_margin_010",0.0410755148741419
6,20270816,20290816,"cell_09","larger_sample",8,2000,"fixed_6",6,10000,1,"ordinary","x1_wrong_sign_true_margin_025",4.44483954129256e-05
6,20270816,20290816,"cell_09","larger_sample",8,2000,"fixed_6",6,10000,1,"ordinary","x2_wrong_sign_true_margin_025",0.047204195928527
6,20270816,20290816,"cell_09","larger_sample",8,2000,"fixed_6",6,10000,1,"ordinary","mean_absolute_prediction_change",0.240016878324698
6,20270816,20290816,"cell_10","noise_robustness",8,2000,"fixed_6",6,3000,0.5,"ordinary","cate_correlation",0.830914724799309
6,20270816,20290816,"cell_10","noise_robustness",8,2000,"fixed_6",6,3000,0.5,"ordinary","cate_rank_correlation",0.796002214700447
6,20270816,20290816,"cell_10","noise_robustness",8,2000,"fixed_6",6,3000,0.5,"ordinary","sign_reversal",0.2762
6,20270816,20290816,"cell_10","noise_robustness",8,2000,"fixed_6",6,3000,0.5,"ordinary","positive_to_negative",0.0291333333333333
6,20270816,20290816,"cell_10","noise_robustness",8,2000,"fixed_6",6,3000,0.5,"ordinary","negative_to_positive",0.247066666666667
6,20270816,20290816,"cell_10","noise_robustness",8,2000,"fixed_6",6,3000,0.5,"ordinary","strong_reversal_010",0.244033333333333
6,20270816,20290816,"cell_10","noise_robustness",8,2000,"fixed_6",6,3000,0.5,"ordinary","strong_reversal_025",0.0222
6,20270816,20290816,"cell_10","noise_robustness",8,2000,"fixed_6",6,3000,0.5,"ordinary","reversal_given_estimated_margin_010",0.320449969360063
6,20270816,20290816,"cell_10","noise_robustness",8,2000,"fixed_6",6,3000,0.5,"ordinary","reversal_given_estimated_margin_025",0.0418052852928253
6,20270816,20290816,"cell_10","noise_robustness",8,2000,"fixed_6",6,3000,0.5,"ordinary","reversal_given_true_margin_010",0.174065598779558
6,20270816,20290816,"cell_10","noise_robustness",8,2000,"fixed_6",6,3000,0.5,"ordinary","reversal_given_true_margin_025",0.0396924171037426
6,20270816,20290816,"cell_10","noise_robustness",8,2000,"fixed_6",6,3000,0.5,"ordinary","x1_wrong_sign_true_margin_010",0.140427154843631
6,20270816,20290816,"cell_10","noise_robustness",8,2000,"fixed_6",6,3000,0.5,"ordinary","x2_wrong_sign_true_margin_010",0.0338672768878719
6,20270816,20290816,"cell_10","noise_robustness",8,2000,"fixed_6",6,3000,0.5,"ordinary","x1_wrong_sign_true_margin_025",0.00040003555871633
6,20270816,20290816,"cell_10","noise_robustness",8,2000,"fixed_6",6,3000,0.5,"ordinary","x2_wrong_sign_true_margin_025",0.0393812783358521
6,20270816,20290816,"cell_10","noise_robustness",8,2000,"fixed_6",6,3000,0.5,"ordinary","mean_absolute_prediction_change",0.282336502521521
6,20270816,20290816,"cell_11","noise_robustness",8,2000,"fixed_6",6,3000,2,"ordinary","cate_correlation",0.63711812728952
6,20270816,20290816,"cell_11","noise_robustness",8,2000,"fixed_6",6,3000,2,"ordinary","cate_rank_correlation",0.739651002282723
6,20270816,20290816,"cell_11","noise_robustness",8,2000,"fixed_6",6,3000,2,"ordinary","sign_reversal",0.367966666666667
6,20270816,20290816,"cell_11","noise_robustness",8,2000,"fixed_6",6,3000,2,"ordinary","positive_to_negative",0.1219
6,20270816,20290816,"cell_11","noise_robustness",8,2000,"fixed_6",6,3000,2,"ordinary","negative_to_positive",0.246066666666667
6,20270816,20290816,"cell_11","noise_robustness",8,2000,"fixed_6",6,3000,2,"ordinary","strong_reversal_010",0.252533333333333
6,20270816,20290816,"cell_11","noise_robustness",8,2000,"fixed_6",6,3000,2,"ordinary","strong_reversal_025",0.1217
6,20270816,20290816,"cell_11","noise_robustness",8,2000,"fixed_6",6,3000,2,"ordinary","reversal_given_estimated_margin_010",0.317478942295604
6,20270816,20290816,"cell_11","noise_robustness",8,2000,"fixed_6",6,3000,2,"ordinary","reversal_given_estimated_margin_025",0.202641949270134
6,20270816,20290816,"cell_11","noise_robustness",8,2000,"fixed_6",6,3000,2,"ordinary","reversal_given_true_margin_010",0.282875667429443
6,20270816,20290816,"cell_11","noise_robustness",8,2000,"fixed_6",6,3000,2,"ordinary","reversal_given_true_margin_025",0.168859454173704
6,20270816,20290816,"cell_11","noise_robustness",8,2000,"fixed_6",6,3000,2,"ordinary","x1_wrong_sign_true_margin_010",0.144088482074752
6,20270816,20290816,"cell_11","noise_robustness",8,2000,"fixed_6",6,3000,2,"ordinary","x2_wrong_sign_true_margin_010",0.150228832951945
6,20270816,20290816,"cell_11","noise_robustness",8,2000,"fixed_6",6,3000,2,"ordinary","x1_wrong_sign_true_margin_025",0.0059116365899191
6,20270816,20290816,"cell_11","noise_robustness",8,2000,"fixed_6",6,3000,2,"ordinary","x2_wrong_sign_true_margin_025",0.173882122855365
6,20270816,20290816,"cell_11","noise_robustness",8,2000,"fixed_6",6,3000,2,"ordinary","mean_absolute_prediction_change",0.352174069896526
6,20270816,20290816,"cell_12","invariant_check",16,2000,"fixed_6",6,3000,1,"class_sampled","cate_correlation",1
6,20270816,20290816,"cell_12","invariant_check",16,2000,"fixed_6",6,3000,1,"class_sampled","cate_rank_correlation",1
6,20270816,20290816,"cell_12","invariant_check",16,2000,"fixed_6",6,3000,1,"class_sampled","sign_reversal",0
6,20270816,20290816,"cell_12","invariant_check",16,2000,"fixed_6",6,3000,1,"class_sampled","positive_to_negative",0
6,20270816,20290816,"cell_12","invariant_check",16,2000,"fixed_6",6,3000,1,"class_sampled","negative_to_positive",0
6,20270816,20290816,"cell_12","invariant_check",16,2000,"fixed_6",6,3000,1,"class_sampled","strong_reversal_010",0
6,20270816,20290816,"cell_12","invariant_check",16,2000,"fixed_6",6,3000,1,"class_sampled","strong_reversal_025",0
6,20270816,20290816,"cell_12","invariant_check",16,2000,"fixed_6",6,3000,1,"class_sampled","reversal_given_estimated_margin_010",0
6,20270816,20290816,"cell_12","invariant_check",16,2000,"fixed_6",6,3000,1,"class_sampled","reversal_given_estimated_margin_025",0
6,20270816,20290816,"cell_12","invariant_check",16,2000,"fixed_6",6,3000,1,"class_sampled","reversal_given_true_margin_010",0
6,20270816,20290816,"cell_12","invariant_check",16,2000,"fixed_6",6,3000,1,"class_sampled","reversal_given_true_margin_025",0
6,20270816,20290816,"cell_12","invariant_check",16,2000,"fixed_6",6,3000,1,"class_sampled","x1_wrong_sign_true_margin_010",0.0147215865751335
6,20270816,20290816,"cell_12","invariant_check",16,2000,"fixed_6",6,3000,1,"class_sampled","x2_wrong_sign_true_margin_010",0.0147215865751335
6,20270816,20290816,"cell_12","invariant_check",16,2000,"fixed_6",6,3000,1,"class_sampled","x1_wrong_sign_true_margin_025",0.00164459063027825
6,20270816,20290816,"cell_12","invariant_check",16,2000,"fixed_6",6,3000,1,"class_sampled","x2_wrong_sign_true_margin_025",0.00164459063027825
6,20270816,20290816,"cell_12","invariant_check",16,2000,"fixed_6",6,3000,1,"class_sampled","mean_absolute_prediction_change",0
7,20270817,20290817,"cell_01","dose_response",1,2000,"fixed_6",6,3000,1,"ordinary","cate_correlation",0.942227621250929
7,20270817,20290817,"cell_01","dose_response",1,2000,"fixed_6",6,3000,1,"ordinary","cate_rank_correlation",0.935482627254981
7,20270817,20290817,"cell_01","dose_response",1,2000,"fixed_6",6,3000,1,"ordinary","sign_reversal",0.220533333333333
7,20270817,20290817,"cell_01","dose_response",1,2000,"fixed_6",6,3000,1,"ordinary","positive_to_negative",0.00323333333333333
7,20270817,20290817,"cell_01","dose_response",1,2000,"fixed_6",6,3000,1,"ordinary","negative_to_positive",0.2173
7,20270817,20290817,"cell_01","dose_response",1,2000,"fixed_6",6,3000,1,"ordinary","strong_reversal_010",0.0328666666666667
7,20270817,20290817,"cell_01","dose_response",1,2000,"fixed_6",6,3000,1,"ordinary","strong_reversal_025",0
7,20270817,20290817,"cell_01","dose_response",1,2000,"fixed_6",6,3000,1,"ordinary","reversal_given_estimated_margin_010",0.042518326865028
7,20270817,20290817,"cell_01","dose_response",1,2000,"fixed_6",6,3000,1,"ordinary","reversal_given_estimated_margin_025",0
7,20270817,20290817,"cell_01","dose_response",1,2000,"fixed_6",6,3000,1,"ordinary","reversal_given_true_margin_010",0.127957398250285
7,20270817,20290817,"cell_01","dose_response",1,2000,"fixed_6",6,3000,1,"ordinary","reversal_given_true_margin_025",0.00430747368888494
7,20270817,20290817,"cell_01","dose_response",1,2000,"fixed_6",6,3000,1,"ordinary","x1_wrong_sign_true_margin_010",0.129973373906428
7,20270817,20290817,"cell_01","dose_response",1,2000,"fixed_6",6,3000,1,"ordinary","x2_wrong_sign_true_margin_010",0.00559147965005706
7,20270817,20290817,"cell_01","dose_response",1,2000,"fixed_6",6,3000,1,"ordinary","x1_wrong_sign_true_margin_025",0.0023091611528043
7,20270817,20290817,"cell_01","dose_response",1,2000,"fixed_6",6,3000,1,"ordinary","x2_wrong_sign_true_margin_025",0.00217594031706559
7,20270817,20290817,"cell_01","dose_response",1,2000,"fixed_6",6,3000,1,"ordinary","mean_absolute_prediction_change",0.138552072532992
7,20270817,20290817,"cell_02","dose_response",2,2000,"fixed_6",6,3000,1,"ordinary","cate_correlation",0.898645691445112
7,20270817,20290817,"cell_02","dose_response",2,2000,"fixed_6",6,3000,1,"ordinary","cate_rank_correlation",0.852923432692137
7,20270817,20290817,"cell_02","dose_response",2,2000,"fixed_6",6,3000,1,"ordinary","sign_reversal",0.238266666666667
7,20270817,20290817,"cell_02","dose_response",2,2000,"fixed_6",6,3000,1,"ordinary","positive_to_negative",0.0057
7,20270817,20290817,"cell_02","dose_response",2,2000,"fixed_6",6,3000,1,"ordinary","negative_to_positive",0.232566666666667
7,20270817,20290817,"cell_02","dose_response",2,2000,"fixed_6",6,3000,1,"ordinary","strong_reversal_010",0.169133333333333
7,20270817,20290817,"cell_02","dose_response",2,2000,"fixed_6",6,3000,1,"ordinary","strong_reversal_025",0
7,20270817,20290817,"cell_02","dose_response",2,2000,"fixed_6",6,3000,1,"ordinary","reversal_given_estimated_margin_010",0.190465465465465
7,20270817,20290817,"cell_02","dose_response",2,2000,"fixed_6",6,3000,1,"ordinary","reversal_given_estimated_margin_025",0
7,20270817,20290817,"cell_02","dose_response",2,2000,"fixed_6",6,3000,1,"ordinary","reversal_given_true_margin_010",0.140357550399391
7,20270817,20290817,"cell_02","dose_response",2,2000,"fixed_6",6,3000,1,"ordinary","reversal_given_true_margin_025",0.00759358763710644
7,20270817,20290817,"cell_02","dose_response",2,2000,"fixed_6",6,3000,1,"ordinary","x1_wrong_sign_true_margin_010",0.138988208444275
7,20270817,20290817,"cell_02","dose_response",2,2000,"fixed_6",6,3000,1,"ordinary","x2_wrong_sign_true_margin_010",0.00745530620007607
7,20270817,20290817,"cell_02","dose_response",2,2000,"fixed_6",6,3000,1,"ordinary","x1_wrong_sign_true_margin_025",0.00244238198854301
7,20270817,20290817,"cell_02","dose_response",2,2000,"fixed_6",6,3000,1,"ordinary","x2_wrong_sign_true_margin_025",0.00515120564856344
7,20270817,20290817,"cell_02","dose_response",2,2000,"fixed_6",6,3000,1,"ordinary","mean_absolute_prediction_change",0.19453650386123
7,20270817,20290817,"cell_03","dose_response",4,2000,"fixed_6",6,3000,1,"ordinary","cate_correlation",0.831288608351105
7,20270817,20290817,"cell_03","dose_response",4,2000,"fixed_6",6,3000,1,"ordinary","cate_rank_correlation",0.810726736775474
7,20270817,20290817,"cell_03","dose_response",4,2000,"fixed_6",6,3000,1,"ordinary","sign_reversal",0.265433333333333
7,20270817,20290817,"cell_03","dose_response",4,2000,"fixed_6",6,3000,1,"ordinary","positive_to_negative",0.0288
7,20270817,20290817,"cell_03","dose_response",4,2000,"fixed_6",6,3000,1,"ordinary","negative_to_positive",0.236633333333333
7,20270817,20290817,"cell_03","dose_response",4,2000,"fixed_6",6,3000,1,"ordinary","strong_reversal_010",0.230966666666667
7,20270817,20290817,"cell_03","dose_response",4,2000,"fixed_6",6,3000,1,"ordinary","strong_reversal_025",0.00303333333333333
7,20270817,20290817,"cell_03","dose_response",4,2000,"fixed_6",6,3000,1,"ordinary","reversal_given_estimated_margin_010",0.269045585151821
7,20270817,20290817,"cell_03","dose_response",4,2000,"fixed_6",6,3000,1,"ordinary","reversal_given_estimated_margin_025",0.00598960047390245
7,20270817,20290817,"cell_03","dose_response",4,2000,"fixed_6",6,3000,1,"ordinary","reversal_given_true_margin_010",0.169227843286421
7,20270817,20290817,"cell_03","dose_response",4,2000,"fixed_6",6,3000,1,"ordinary","reversal_given_true_margin_025",0.0383676006927483
7,20270817,20290817,"cell_03","dose_response",4,2000,"fixed_6",6,3000,1,"ordinary","x1_wrong_sign_true_margin_010",0.140205401293267
7,20270817,20290817,"cell_03","dose_response",4,2000,"fixed_6",6,3000,1,"ordinary","x2_wrong_sign_true_margin_010",0.0324457968809433
7,20270817,20290817,"cell_03","dose_response",4,2000,"fixed_6",6,3000,1,"ordinary","x1_wrong_sign_true_margin_025",0.00248678893378924
7,20270817,20290817,"cell_03","dose_response",4,2000,"fixed_6",6,3000,1,"ordinary","x2_wrong_sign_true_margin_025",0.0358808117589591
7,20270817,20290817,"cell_03","dose_response",4,2000,"fixed_6",6,3000,1,"ordinary","mean_absolute_prediction_change",0.256967331101101
7,20270817,20290817,"cell_04","dose_response",8,2000,"fixed_6",6,3000,1,"ordinary","cate_correlation",0.775551324860233
7,20270817,20290817,"cell_04","dose_response",8,2000,"fixed_6",6,3000,1,"ordinary","cate_rank_correlation",0.796478862643643
7,20270817,20290817,"cell_04","dose_response",8,2000,"fixed_6",6,3000,1,"ordinary","sign_reversal",0.287266666666667
7,20270817,20290817,"cell_04","dose_response",8,2000,"fixed_6",6,3000,1,"ordinary","positive_to_negative",0.0490666666666667
7,20270817,20290817,"cell_04","dose_response",8,2000,"fixed_6",6,3000,1,"ordinary","negative_to_positive",0.2382
7,20270817,20290817,"cell_04","dose_response",8,2000,"fixed_6",6,3000,1,"ordinary","strong_reversal_010",0.239566666666667
7,20270817,20290817,"cell_04","dose_response",8,2000,"fixed_6",6,3000,1,"ordinary","strong_reversal_025",0.0714666666666667
7,20270817,20290817,"cell_04","dose_response",8,2000,"fixed_6",6,3000,1,"ordinary","reversal_given_estimated_margin_010",0.307268063274904
7,20270817,20290817,"cell_04","dose_response",8,2000,"fixed_6",6,3000,1,"ordinary","reversal_given_estimated_margin_025",0.12453531598513
7,20270817,20290817,"cell_04","dose_response",8,2000,"fixed_6",6,3000,1,"ordinary","reversal_given_true_margin_010",0.193381513883606
7,20270817,20290817,"cell_04","dose_response",8,2000,"fixed_6",6,3000,1,"ordinary","reversal_given_true_margin_025",0.0653670234024601
7,20270817,20290817,"cell_04","dose_response",8,2000,"fixed_6",6,3000,1,"ordinary","x1_wrong_sign_true_margin_010",0.141422594142259
7,20270817,20290817,"cell_04","dose_response",8,2000,"fixed_6",6,3000,1,"ordinary","x2_wrong_sign_true_margin_010",0.0553062000760746
7,20270817,20290817,"cell_04","dose_response",8,2000,"fixed_6",6,3000,1,"ordinary","x1_wrong_sign_true_margin_025",0.00275323060526666
7,20270817,20290817,"cell_04","dose_response",8,2000,"fixed_6",6,3000,1,"ordinary","x2_wrong_sign_true_margin_025",0.0626137927971935
7,20270817,20290817,"cell_04","dose_response",8,2000,"fixed_6",6,3000,1,"ordinary","mean_absolute_prediction_change",0.302310023610995
7,20270817,20290817,"cell_05","dose_response",16,2000,"fixed_6",6,3000,1,"ordinary","cate_correlation",0.708086647772152
7,20270817,20290817,"cell_05","dose_response",16,2000,"fixed_6",6,3000,1,"ordinary","cate_rank_correlation",0.786438372988487
7,20270817,20290817,"cell_05","dose_response",16,2000,"fixed_6",6,3000,1,"ordinary","sign_reversal",0.360266666666667
7,20270817,20290817,"cell_05","dose_response",16,2000,"fixed_6",6,3000,1,"ordinary","positive_to_negative",0.121366666666667
7,20270817,20290817,"cell_05","dose_response",16,2000,"fixed_6",6,3000,1,"ordinary","negative_to_positive",0.2389
7,20270817,20290817,"cell_05","dose_response",16,2000,"fixed_6",6,3000,1,"ordinary","strong_reversal_010",0.253033333333333
7,20270817,20290817,"cell_05","dose_response",16,2000,"fixed_6",6,3000,1,"ordinary","strong_reversal_025",0.137566666666667
7,20270817,20290817,"cell_05","dose_response",16,2000,"fixed_6",6,3000,1,"ordinary","reversal_given_estimated_margin_010",0.331832488197237
7,20270817,20290817,"cell_05","dose_response",16,2000,"fixed_6",6,3000,1,"ordinary","reversal_given_estimated_margin_025",0.215633000679241
7,20270817,20290817,"cell_05","dose_response",16,2000,"fixed_6",6,3000,1,"ordinary","reversal_given_true_margin_010",0.276226702168125
7,20270817,20290817,"cell_05","dose_response",16,2000,"fixed_6",6,3000,1,"ordinary","reversal_given_true_margin_025",0.161685687641547
7,20270817,20290817,"cell_05","dose_response",16,2000,"fixed_6",6,3000,1,"ordinary","x1_wrong_sign_true_margin_010",0.142297451502472
7,20270817,20290817,"cell_05","dose_response",16,2000,"fixed_6",6,3000,1,"ordinary","x2_wrong_sign_true_margin_010",0.137124381894256
7,20270817,20290817,"cell_05","dose_response",16,2000,"fixed_6",6,3000,1,"ordinary","x1_wrong_sign_true_margin_025",0.00346374172920645
7,20270817,20290817,"cell_05","dose_response",16,2000,"fixed_6",6,3000,1,"ordinary","x2_wrong_sign_true_margin_025",0.158221945912341
7,20270817,20290817,"cell_05","dose_response",16,2000,"fixed_6",6,3000,1,"ordinary","mean_absolute_prediction_change",0.34743687176486
7,20270817,20290817,"cell_06","tree_robustness",8,800,"fixed_6",6,3000,1,"ordinary","cate_correlation",0.769260028399898
7,20270817,20290817,"cell_06","tree_robustness",8,800,"fixed_6",6,3000,1,"ordinary","cate_rank_correlation",0.792915715341017
7,20270817,20290817,"cell_06","tree_robustness",8,800,"fixed_6",6,3000,1,"ordinary","sign_reversal",0.292566666666667
7,20270817,20290817,"cell_06","tree_robustness",8,800,"fixed_6",6,3000,1,"ordinary","positive_to_negative",0.0544666666666667
7,20270817,20290817,"cell_06","tree_robustness",8,800,"fixed_6",6,3000,1,"ordinary","negative_to_positive",0.2381
7,20270817,20290817,"cell_06","tree_robustness",8,800,"fixed_6",6,3000,1,"ordinary","strong_reversal_010",0.2406
7,20270817,20290817,"cell_06","tree_robustness",8,800,"fixed_6",6,3000,1,"ordinary","strong_reversal_025",0.0920666666666667
7,20270817,20290817,"cell_06","tree_robustness",8,800,"fixed_6",6,3000,1,"ordinary","reversal_given_estimated_margin_010",0.30965250965251
7,20270817,20290817,"cell_06","tree_robustness",8,800,"fixed_6",6,3000,1,"ordinary","reversal_given_estimated_margin_025",0.155037889419029
7,20270817,20290817,"cell_06","tree_robustness",8,800,"fixed_6",6,3000,1,"ordinary","reversal_given_true_margin_010",0.199543552681628
7,20270817,20290817,"cell_06","tree_robustness",8,800,"fixed_6",6,3000,1,"ordinary","reversal_given_true_margin_025",0.0725609485323505
7,20270817,20290817,"cell_06","tree_robustness",8,800,"fixed_6",6,3000,1,"ordinary","x1_wrong_sign_true_margin_010",0.142145302396348
7,20270817,20290817,"cell_06","tree_robustness",8,800,"fixed_6",6,3000,1,"ordinary","x2_wrong_sign_true_margin_010",0.0608216051730696
7,20270817,20290817,"cell_06","tree_robustness",8,800,"fixed_6",6,3000,1,"ordinary","x1_wrong_sign_true_margin_025",0.00355255561969892
7,20270817,20290817,"cell_06","tree_robustness",8,800,"fixed_6",6,3000,1,"ordinary","x2_wrong_sign_true_margin_025",0.0690083929126515
7,20270817,20290817,"cell_06","tree_robustness",8,800,"fixed_6",6,3000,1,"ordinary","mean_absolute_prediction_change",0.309792690080415
7,20270817,20290817,"cell_07","tree_robustness",8,5000,"fixed_6",6,3000,1,"ordinary","cate_correlation",0.767212958260696
7,20270817,20290817,"cell_07","tree_robustness",8,5000,"fixed_6",6,3000,1,"ordinary","cate_rank_correlation",0.798004366480005
7,20270817,20290817,"cell_07","tree_robustness",8,5000,"fixed_6",6,3000,1,"ordinary","sign_reversal",0.290533333333333
7,20270817,20290817,"cell_07","tree_robustness",8,5000,"fixed_6",6,3000,1,"ordinary","positive_to_negative",0.0523666666666667
7,20270817,20290817,"cell_07","tree_robustness",8,5000,"fixed_6",6,3000,1,"ordinary","negative_to_positive",0.238166666666667
7,20270817,20290817,"cell_07","tree_robustness",8,5000,"fixed_6",6,3000,1,"ordinary","strong_reversal_010",0.2408
7,20270817,20290817,"cell_07","tree_robustness",8,5000,"fixed_6",6,3000,1,"ordinary","strong_reversal_025",0.0712
7,20270817,20290817,"cell_07","tree_robustness",8,5000,"fixed_6",6,3000,1,"ordinary","reversal_given_estimated_margin_010",0.31427825632994
7,20270817,20290817,"cell_07","tree_robustness",8,5000,"fixed_6",6,3000,1,"ordinary","reversal_given_estimated_margin_025",0.124077839093814
7,20270817,20290817,"cell_07","tree_robustness",8,5000,"fixed_6",6,3000,1,"ordinary","reversal_given_true_margin_010",0.197147204260175
7,20270817,20290817,"cell_07","tree_robustness",8,5000,"fixed_6",6,3000,1,"ordinary","reversal_given_true_margin_025",0.0697633109818376
7,20270817,20290817,"cell_07","tree_robustness",8,5000,"fixed_6",6,3000,1,"ordinary","x1_wrong_sign_true_margin_010",0.141726892354507
7,20270817,20290817,"cell_07","tree_robustness",8,5000,"fixed_6",6,3000,1,"ordinary","x2_wrong_sign_true_margin_010",0.0586915176873336
7,20270817,20290817,"cell_07","tree_robustness",8,5000,"fixed_6",6,3000,1,"ordinary","x1_wrong_sign_true_margin_025",0.00315289311248279
7,20270817,20290817,"cell_07","tree_robustness",8,5000,"fixed_6",6,3000,1,"ordinary","x2_wrong_sign_true_margin_025",0.0666104178693548
7,20270817,20290817,"cell_07","tree_robustness",8,5000,"fixed_6",6,3000,1,"ordinary","mean_absolute_prediction_change",0.306748142639116
7,20270817,20290817,"cell_08","default_mtry",8,2000,"grf_default",27,3000,1,"ordinary","cate_correlation",0.99297779601063
7,20270817,20290817,"cell_08","default_mtry",8,2000,"grf_default",27,3000,1,"ordinary","cate_rank_correlation",0.990103474229448
7,20270817,20290817,"cell_08","default_mtry",8,2000,"grf_default",27,3000,1,"ordinary","sign_reversal",0.125866666666667
7,20270817,20290817,"cell_08","default_mtry",8,2000,"grf_default",27,3000,1,"ordinary","positive_to_negative",0.00173333333333333
7,20270817,20290817,"cell_08","default_mtry",8,2000,"grf_default",27,3000,1,"ordinary","negative_to_positive",0.124133333333333
7,20270817,20290817,"cell_08","default_mtry",8,2000,"grf_default",27,3000,1,"ordinary","strong_reversal_010",0
7,20270817,20290817,"cell_08","default_mtry",8,2000,"grf_default",27,3000,1,"ordinary","strong_reversal_025",0
7,20270817,20290817,"cell_08","default_mtry",8,2000,"grf_default",27,3000,1,"ordinary","reversal_given_estimated_margin_010",0
7,20270817,20290817,"cell_08","default_mtry",8,2000,"grf_default",27,3000,1,"ordinary","reversal_given_estimated_margin_025",0
7,20270817,20290817,"cell_08","default_mtry",8,2000,"grf_default",27,3000,1,"ordinary","reversal_given_true_margin_010",0.0727272727272727
7,20270817,20290817,"cell_08","default_mtry",8,2000,"grf_default",27,3000,1,"ordinary","reversal_given_true_margin_025",0.0023091611528043
7,20270817,20290817,"cell_08","default_mtry",8,2000,"grf_default",27,3000,1,"ordinary","x1_wrong_sign_true_margin_010",0.0879041460631419
7,20270817,20290817,"cell_08","default_mtry",8,2000,"grf_default",27,3000,1,"ordinary","x2_wrong_sign_true_margin_010",0.0180677063522252
7,20270817,20290817,"cell_08","default_mtry",8,2000,"grf_default",27,3000,1,"ordinary","x1_wrong_sign_true_margin_025",0.000666104178693548
7,20270817,20290817,"cell_08","default_mtry",8,2000,"grf_default",27,3000,1,"ordinary","x2_wrong_sign_true_margin_025",0.00173187086460322
7,20270817,20290817,"cell_08","default_mtry",8,2000,"grf_default",27,3000,1,"ordinary","mean_absolute_prediction_change",0.0774226601591735
7,20270817,20290817,"cell_09","larger_sample",8,2000,"fixed_6",6,10000,1,"ordinary","cate_correlation",0.877332262876838
7,20270817,20290817,"cell_09","larger_sample",8,2000,"fixed_6",6,10000,1,"ordinary","cate_rank_correlation",0.794142896965937
7,20270817,20290817,"cell_09","larger_sample",8,2000,"fixed_6",6,10000,1,"ordinary","sign_reversal",0.248466666666667
7,20270817,20290817,"cell_09","larger_sample",8,2000,"fixed_6",6,10000,1,"ordinary","positive_to_negative",0.00766666666666667
7,20270817,20290817,"cell_09","larger_sample",8,2000,"fixed_6",6,10000,1,"ordinary","negative_to_positive",0.2408
7,20270817,20290817,"cell_09","larger_sample",8,2000,"fixed_6",6,10000,1,"ordinary","strong_reversal_010",0.143
7,20270817,20290817,"cell_09","larger_sample",8,2000,"fixed_6",6,10000,1,"ordinary","strong_reversal_025",0.00336666666666667
7,20270817,20290817,"cell_09","larger_sample",8,2000,"fixed_6",6,10000,1,"ordinary","reversal_given_estimated_margin_010",0.178163544997716
7,20270817,20290817,"cell_09","larger_sample",8,2000,"fixed_6",6,10000,1,"ordinary","reversal_given_estimated_margin_025",0.00661038026048825
7,20270817,20290817,"cell_09","larger_sample",8,2000,"fixed_6",6,10000,1,"ordinary","reversal_given_true_margin_010",0.147432483834157
7,20270817,20290817,"cell_09","larger_sample",8,2000,"fixed_6",6,10000,1,"ordinary","reversal_given_true_margin_025",0.0102135974066344
7,20270817,20290817,"cell_09","larger_sample",8,2000,"fixed_6",6,10000,1,"ordinary","x1_wrong_sign_true_margin_010",0.140167364016736
7,20270817,20290817,"cell_09","larger_sample",8,2000,"fixed_6",6,10000,1,"ordinary","x2_wrong_sign_true_margin_010",0.0096234309623431
7,20270817,20290817,"cell_09","larger_sample",8,2000,"fixed_6",6,10000,1,"ordinary","x1_wrong_sign_true_margin_025",0.000355255561969892
7,20270817,20290817,"cell_09","larger_sample",8,2000,"fixed_6",6,10000,1,"ordinary","x2_wrong_sign_true_margin_025",0.00985834184466451
7,20270817,20290817,"cell_09","larger_sample",8,2000,"fixed_6",6,10000,1,"ordinary","mean_absolute_prediction_change",0.25119563727663
7,20270817,20290817,"cell_10","noise_robustness",8,2000,"fixed_6",6,3000,0.5,"ordinary","cate_correlation",0.832036526974642
7,20270817,20290817,"cell_10","noise_robustness",8,2000,"fixed_6",6,3000,0.5,"ordinary","cate_rank_correlation",0.790994860266439
7,20270817,20290817,"cell_10","noise_robustness",8,2000,"fixed_6",6,3000,0.5,"ordinary","sign_reversal",0.258266666666667
7,20270817,20290817,"cell_10","noise_robustness",8,2000,"fixed_6",6,3000,0.5,"ordinary","positive_to_negative",0.0159666666666667
7,20270817,20290817,"cell_10","noise_robustness",8,2000,"fixed_6",6,3000,0.5,"ordinary","negative_to_positive",0.2423
7,20270817,20290817,"cell_10","noise_robustness",8,2000,"fixed_6",6,3000,0.5,"ordinary","strong_reversal_010",0.2408
7,20270817,20290817,"cell_10","noise_robustness",8,2000,"fixed_6",6,3000,0.5,"ordinary","strong_reversal_025",0.0079
7,20270817,20290817,"cell_10","noise_robustness",8,2000,"fixed_6",6,3000,0.5,"ordinary","reversal_given_estimated_margin_010",0.319971652566772
7,20270817,20290817,"cell_10","noise_robustness",8,2000,"fixed_6",6,3000,0.5,"ordinary","reversal_given_estimated_margin_025",0.01541663956287
7,20270817,20290817,"cell_10","noise_robustness",8,2000,"fixed_6",6,3000,0.5,"ordinary","reversal_given_true_margin_010",0.157702548497528
7,20270817,20290817,"cell_10","noise_robustness",8,2000,"fixed_6",6,3000,0.5,"ordinary","reversal_given_true_margin_025",0.0212709267729473
7,20270817,20290817,"cell_10","noise_robustness",8,2000,"fixed_6",6,3000,0.5,"ordinary","x1_wrong_sign_true_margin_010",0.142639786991251
7,20270817,20290817,"cell_10","noise_robustness",8,2000,"fixed_6",6,3000,0.5,"ordinary","x2_wrong_sign_true_margin_010",0.0180296690756942
7,20270817,20290817,"cell_10","noise_robustness",8,2000,"fixed_6",6,3000,0.5,"ordinary","x1_wrong_sign_true_margin_025",0.00195390559083441
7,20270817,20290817,"cell_10","noise_robustness",8,2000,"fixed_6",6,3000,0.5,"ordinary","x2_wrong_sign_true_margin_025",0.0193170211821129
7,20270817,20290817,"cell_10","noise_robustness",8,2000,"fixed_6",6,3000,0.5,"ordinary","mean_absolute_prediction_change",0.27792317064382
7,20270817,20290817,"cell_11","noise_robustness",8,2000,"fixed_6",6,3000,2,"ordinary","cate_correlation",0.659806609415301
7,20270817,20290817,"cell_11","noise_robustness",8,2000,"fixed_6",6,3000,2,"ordinary","cate_rank_correlation",0.74125518594095
7,20270817,20290817,"cell_11","noise_robustness",8,2000,"fixed_6",6,3000,2,"ordinary","sign_reversal",0.281233333333333
7,20270817,20290817,"cell_11","noise_robustness",8,2000,"fixed_6",6,3000,2,"ordinary","positive_to_negative",0.0497333333333333
7,20270817,20290817,"cell_11","noise_robustness",8,2000,"fixed_6",6,3000,2,"ordinary","negative_to_positive",0.2315
7,20270817,20290817,"cell_11","noise_robustness",8,2000,"fixed_6",6,3000,2,"ordinary","strong_reversal_010",0.225766666666667
7,20270817,20290817,"cell_11","noise_robustness",8,2000,"fixed_6",6,3000,2,"ordinary","strong_reversal_025",0.0836333333333333
7,20270817,20290817,"cell_11","noise_robustness",8,2000,"fixed_6",6,3000,2,"ordinary","reversal_given_estimated_margin_010",0.264673700664322
7,20270817,20290817,"cell_11","noise_robustness",8,2000,"fixed_6",6,3000,2,"ordinary","reversal_given_estimated_margin_025",0.146939970717423
7,20270817,20290817,"cell_11","noise_robustness",8,2000,"fixed_6",6,3000,2,"ordinary","reversal_given_true_margin_010",0.190072270825409
7,20270817,20290817,"cell_11","noise_robustness",8,2000,"fixed_6",6,3000,2,"ordinary","reversal_given_true_margin_025",0.0662551623073849
7,20270817,20290817,"cell_11","noise_robustness",8,2000,"fixed_6",6,3000,2,"ordinary","x1_wrong_sign_true_margin_010",0.143856979840243
7,20270817,20290817,"cell_11","noise_robustness",8,2000,"fixed_6",6,3000,2,"ordinary","x2_wrong_sign_true_margin_010",0.0552681627995436
7,20270817,20290817,"cell_11","noise_robustness",8,2000,"fixed_6",6,3000,2,"ordinary","x1_wrong_sign_true_margin_025",0.00710511123939784
7,20270817,20290817,"cell_11","noise_robustness",8,2000,"fixed_6",6,3000,2,"ordinary","x2_wrong_sign_true_margin_025",0.059327678848972
7,20270817,20290817,"cell_11","noise_robustness",8,2000,"fixed_6",6,3000,2,"ordinary","mean_absolute_prediction_change",0.331956509382367
7,20270817,20290817,"cell_12","invariant_check",16,2000,"fixed_6",6,3000,1,"class_sampled","cate_correlation",1
7,20270817,20290817,"cell_12","invariant_check",16,2000,"fixed_6",6,3000,1,"class_sampled","cate_rank_correlation",1
7,20270817,20290817,"cell_12","invariant_check",16,2000,"fixed_6",6,3000,1,"class_sampled","sign_reversal",0
7,20270817,20290817,"cell_12","invariant_check",16,2000,"fixed_6",6,3000,1,"class_sampled","positive_to_negative",0
7,20270817,20290817,"cell_12","invariant_check",16,2000,"fixed_6",6,3000,1,"class_sampled","negative_to_positive",0
7,20270817,20290817,"cell_12","invariant_check",16,2000,"fixed_6",6,3000,1,"class_sampled","strong_reversal_010",0
7,20270817,20290817,"cell_12","invariant_check",16,2000,"fixed_6",6,3000,1,"class_sampled","strong_reversal_025",0
7,20270817,20290817,"cell_12","invariant_check",16,2000,"fixed_6",6,3000,1,"class_sampled","reversal_given_estimated_margin_010",0
7,20270817,20290817,"cell_12","invariant_check",16,2000,"fixed_6",6,3000,1,"class_sampled","reversal_given_estimated_margin_025",0
7,20270817,20290817,"cell_12","invariant_check",16,2000,"fixed_6",6,3000,1,"class_sampled","reversal_given_true_margin_010",0
7,20270817,20290817,"cell_12","invariant_check",16,2000,"fixed_6",6,3000,1,"class_sampled","reversal_given_true_margin_025",0
7,20270817,20290817,"cell_12","invariant_check",16,2000,"fixed_6",6,3000,1,"class_sampled","x1_wrong_sign_true_margin_010",0.0186382655001902
7,20270817,20290817,"cell_12","invariant_check",16,2000,"fixed_6",6,3000,1,"class_sampled","x2_wrong_sign_true_margin_010",0.0186382655001902
7,20270817,20290817,"cell_12","invariant_check",16,2000,"fixed_6",6,3000,1,"class_sampled","x1_wrong_sign_true_margin_025",0.0023091611528043
7,20270817,20290817,"cell_12","invariant_check",16,2000,"fixed_6",6,3000,1,"class_sampled","x2_wrong_sign_true_margin_025",0.0023091611528043
7,20270817,20290817,"cell_12","invariant_check",16,2000,"fixed_6",6,3000,1,"class_sampled","mean_absolute_prediction_change",0
8,20270818,20290818,"cell_01","dose_response",1,2000,"fixed_6",6,3000,1,"ordinary","cate_correlation",0.938520257512624
8,20270818,20290818,"cell_01","dose_response",1,2000,"fixed_6",6,3000,1,"ordinary","cate_rank_correlation",0.86255221253128
8,20270818,20290818,"cell_01","dose_response",1,2000,"fixed_6",6,3000,1,"ordinary","sign_reversal",0.111966666666667
8,20270818,20290818,"cell_01","dose_response",1,2000,"fixed_6",6,3000,1,"ordinary","positive_to_negative",0.0039
8,20270818,20290818,"cell_01","dose_response",1,2000,"fixed_6",6,3000,1,"ordinary","negative_to_positive",0.108066666666667
8,20270818,20290818,"cell_01","dose_response",1,2000,"fixed_6",6,3000,1,"ordinary","strong_reversal_010",0.00583333333333333
8,20270818,20290818,"cell_01","dose_response",1,2000,"fixed_6",6,3000,1,"ordinary","strong_reversal_025",0
8,20270818,20290818,"cell_01","dose_response",1,2000,"fixed_6",6,3000,1,"ordinary","reversal_given_estimated_margin_010",0.00788394828129928
8,20270818,20290818,"cell_01","dose_response",1,2000,"fixed_6",6,3000,1,"ordinary","reversal_given_estimated_margin_025",0
8,20270818,20290818,"cell_01","dose_response",1,2000,"fixed_6",6,3000,1,"ordinary","reversal_given_true_margin_010",0.0600053169268163
8,20270818,20290818,"cell_01","dose_response",1,2000,"fixed_6",6,3000,1,"ordinary","reversal_given_true_margin_025",0.00518571048665898
8,20270818,20290818,"cell_01","dose_response",1,2000,"fixed_6",6,3000,1,"ordinary","x1_wrong_sign_true_margin_010",0.0581823705897991
8,20270818,20290818,"cell_01","dose_response",1,2000,"fixed_6",6,3000,1,"ordinary","x2_wrong_sign_true_margin_010",0.00668413656906308
8,20270818,20290818,"cell_01","dose_response",1,2000,"fixed_6",6,3000,1,"ordinary","x1_wrong_sign_true_margin_025",0.00155128091481252
8,20270818,20290818,"cell_01","dose_response",1,2000,"fixed_6",6,3000,1,"ordinary","x2_wrong_sign_true_margin_025",0.00629376828295364
8,20270818,20290818,"cell_01","dose_response",1,2000,"fixed_6",6,3000,1,"ordinary","mean_absolute_prediction_change",0.144963380221534
8,20270818,20290818,"cell_02","dose_response",2,2000,"fixed_6",6,3000,1,"ordinary","cate_correlation",0.887567911537267
8,20270818,20290818,"cell_02","dose_response",2,2000,"fixed_6",6,3000,1,"ordinary","cate_rank_correlation",0.831535894696373
8,20270818,20290818,"cell_02","dose_response",2,2000,"fixed_6",6,3000,1,"ordinary","sign_reversal",0.237766666666667
8,20270818,20290818,"cell_02","dose_response",2,2000,"fixed_6",6,3000,1,"ordinary","positive_to_negative",0.0160333333333333
8,20270818,20290818,"cell_02","dose_response",2,2000,"fixed_6",6,3000,1,"ordinary","negative_to_positive",0.221733333333333
8,20270818,20290818,"cell_02","dose_response",2,2000,"fixed_6",6,3000,1,"ordinary","strong_reversal_010",0.0504333333333333
8,20270818,20290818,"cell_02","dose_response",2,2000,"fixed_6",6,3000,1,"ordinary","strong_reversal_025",0
8,20270818,20290818,"cell_02","dose_response",2,2000,"fixed_6",6,3000,1,"ordinary","reversal_given_estimated_margin_010",0.0707372948711955
8,20270818,20290818,"cell_02","dose_response",2,2000,"fixed_6",6,3000,1,"ordinary","reversal_given_estimated_margin_025",0
8,20270818,20290818,"cell_02","dose_response",2,2000,"fixed_6",6,3000,1,"ordinary","reversal_given_true_margin_010",0.143670958186168
8,20270818,20290818,"cell_02","dose_response",2,2000,"fixed_6",6,3000,1,"ordinary","reversal_given_true_margin_025",0.0213633543125609
8,20270818,20290818,"cell_02","dose_response",2,2000,"fixed_6",6,3000,1,"ordinary","x1_wrong_sign_true_margin_010",0.127530287493829
8,20270818,20290818,"cell_02","dose_response",2,2000,"fixed_6",6,3000,1,"ordinary","x2_wrong_sign_true_margin_010",0.0203182560480043
8,20270818,20290818,"cell_02","dose_response",2,2000,"fixed_6",6,3000,1,"ordinary","x1_wrong_sign_true_margin_025",0.00186153709777502
8,20270818,20290818,"cell_02","dose_response",2,2000,"fixed_6",6,3000,1,"ordinary","x2_wrong_sign_true_margin_025",0.0230476021629288
8,20270818,20290818,"cell_02","dose_response",2,2000,"fixed_6",6,3000,1,"ordinary","mean_absolute_prediction_change",0.211724295629395
8,20270818,20290818,"cell_03","dose_response",4,2000,"fixed_6",6,3000,1,"ordinary","cate_correlation",0.821982565484172
8,20270818,20290818,"cell_03","dose_response",4,2000,"fixed_6",6,3000,1,"ordinary","cate_rank_correlation",0.80928544037565
8,20270818,20290818,"cell_03","dose_response",4,2000,"fixed_6",6,3000,1,"ordinary","sign_reversal",0.2829
8,20270818,20290818,"cell_03","dose_response",4,2000,"fixed_6",6,3000,1,"ordinary","positive_to_negative",0.0453
8,20270818,20290818,"cell_03","dose_response",4,2000,"fixed_6",6,3000,1,"ordinary","negative_to_positive",0.2376
8,20270818,20290818,"cell_03","dose_response",4,2000,"fixed_6",6,3000,1,"ordinary","strong_reversal_010",0.197066666666667
8,20270818,20290818,"cell_03","dose_response",4,2000,"fixed_6",6,3000,1,"ordinary","strong_reversal_025",0.000633333333333333
8,20270818,20290818,"cell_03","dose_response",4,2000,"fixed_6",6,3000,1,"ordinary","reversal_given_estimated_margin_010",0.263563817930543
8,20270818,20290818,"cell_03","dose_response",4,2000,"fixed_6",6,3000,1,"ordinary","reversal_given_estimated_margin_025",0.00122921653619719
8,20270818,20290818,"cell_03","dose_response",4,2000,"fixed_6",6,3000,1,"ordinary","reversal_given_true_margin_010",0.188978770270783
8,20270818,20290818,"cell_03","dose_response",4,2000,"fixed_6",6,3000,1,"ordinary","reversal_given_true_margin_025",0.0602783441184292
8,20270818,20290818,"cell_03","dose_response",4,2000,"fixed_6",6,3000,1,"ordinary","x1_wrong_sign_true_margin_010",0.138695833808059
8,20270818,20290818,"cell_03","dose_response",4,2000,"fixed_6",6,3000,1,"ordinary","x2_wrong_sign_true_margin_010",0.052561619383996
8,20270818,20290818,"cell_03","dose_response",4,2000,"fixed_6",6,3000,1,"ordinary","x1_wrong_sign_true_margin_025",0.00155128091481252
8,20270818,20290818,"cell_03","dose_response",4,2000,"fixed_6",6,3000,1,"ordinary","x2_wrong_sign_true_margin_025",0.0612977572910203
8,20270818,20290818,"cell_03","dose_response",4,2000,"fixed_6",6,3000,1,"ordinary","mean_absolute_prediction_change",0.277975395432732
8,20270818,20290818,"cell_04","dose_response",8,2000,"fixed_6",6,3000,1,"ordinary","cate_correlation",0.778416345021911
8,20270818,20290818,"cell_04","dose_response",8,2000,"fixed_6",6,3000,1,"ordinary","cate_rank_correlation",0.800975411017084
8,20270818,20290818,"cell_04","dose_response",8,2000,"fixed_6",6,3000,1,"ordinary","sign_reversal",0.337666666666667
8,20270818,20290818,"cell_04","dose_response",8,2000,"fixed_6",6,3000,1,"ordinary","positive_to_negative",0.0991333333333333
8,20270818,20290818,"cell_04","dose_response",8,2000,"fixed_6",6,3000,1,"ordinary","negative_to_positive",0.238533333333333
8,20270818,20290818,"cell_04","dose_response",8,2000,"fixed_6",6,3000,1,"ordinary","strong_reversal_010",0.2483
8,20270818,20290818,"cell_04","dose_response",8,2000,"fixed_6",6,3000,1,"ordinary","strong_reversal_025",0.00996666666666667
8,20270818,20290818,"cell_04","dose_response",8,2000,"fixed_6",6,3000,1,"ordinary","reversal_given_estimated_margin_010",0.319795646760829
8,20270818,20290818,"cell_04","dose_response",8,2000,"fixed_6",6,3000,1,"ordinary","reversal_given_estimated_margin_025",0.0191249840092107
8,20270818,20290818,"cell_04","dose_response",8,2000,"fixed_6",6,3000,1,"ordinary","reversal_given_true_margin_010",0.251148835972808
8,20270818,20290818,"cell_04","dose_response",8,2000,"fixed_6",6,3000,1,"ordinary","reversal_given_true_margin_025",0.131858877759064
8,20270818,20290818,"cell_04","dose_response",8,2000,"fixed_6",6,3000,1,"ordinary","x1_wrong_sign_true_margin_010",0.138885724051498
8,20270818,20290818,"cell_04","dose_response",8,2000,"fixed_6",6,3000,1,"ordinary","x2_wrong_sign_true_margin_010",0.113174585089818
8,20270818,20290818,"cell_04","dose_response",8,2000,"fixed_6",6,3000,1,"ordinary","x1_wrong_sign_true_margin_025",0.000842123925183938
8,20270818,20290818,"cell_04","dose_response",8,2000,"fixed_6",6,3000,1,"ordinary","x2_wrong_sign_true_margin_025",0.132080489318323
8,20270818,20290818,"cell_04","dose_response",8,2000,"fixed_6",6,3000,1,"ordinary","mean_absolute_prediction_change",0.317958530870874
8,20270818,20290818,"cell_05","dose_response",16,2000,"fixed_6",6,3000,1,"ordinary","cate_correlation",0.709039902032073
8,20270818,20290818,"cell_05","dose_response",16,2000,"fixed_6",6,3000,1,"ordinary","cate_rank_correlation",0.7898498614985
8,20270818,20290818,"cell_05","dose_response",16,2000,"fixed_6",6,3000,1,"ordinary","sign_reversal",0.425933333333333
8,20270818,20290818,"cell_05","dose_response",16,2000,"fixed_6",6,3000,1,"ordinary","positive_to_negative",0.186366666666667
8,20270818,20290818,"cell_05","dose_response",16,2000,"fixed_6",6,3000,1,"ordinary","negative_to_positive",0.239566666666667
8,20270818,20290818,"cell_05","dose_response",16,2000,"fixed_6",6,3000,1,"ordinary","strong_reversal_010",0.285433333333333
8,20270818,20290818,"cell_05","dose_response",16,2000,"fixed_6",6,3000,1,"ordinary","strong_reversal_025",0.0362
8,20270818,20290818,"cell_05","dose_response",16,2000,"fixed_6",6,3000,1,"ordinary","reversal_given_estimated_margin_010",0.35254642019021
8,20270818,20290818,"cell_05","dose_response",16,2000,"fixed_6",6,3000,1,"ordinary","reversal_given_estimated_margin_025",0.0670784434836319
8,20270818,20290818,"cell_05","dose_response",16,2000,"fixed_6",6,3000,1,"ordinary","reversal_given_true_margin_010",0.350917169875812
8,20270818,20290818,"cell_05","dose_response",16,2000,"fixed_6",6,3000,1,"ordinary","reversal_given_true_margin_025",0.24789469018704
8,20270818,20290818,"cell_05","dose_response",16,2000,"fixed_6",6,3000,1,"ordinary","x1_wrong_sign_true_margin_010",0.139113592343625
8,20270818,20290818,"cell_05","dose_response",16,2000,"fixed_6",6,3000,1,"ordinary","x2_wrong_sign_true_margin_010",0.212411226311192
8,20270818,20290818,"cell_05","dose_response",16,2000,"fixed_6",6,3000,1,"ordinary","x1_wrong_sign_true_margin_025",0.000709156989628579
8,20270818,20290818,"cell_05","dose_response",16,2000,"fixed_6",6,3000,1,"ordinary","x2_wrong_sign_true_margin_025",0.24789469018704
8,20270818,20290818,"cell_05","dose_response",16,2000,"fixed_6",6,3000,1,"ordinary","mean_absolute_prediction_change",0.364735070900123
8,20270818,20290818,"cell_06","tree_robustness",8,800,"fixed_6",6,3000,1,"ordinary","cate_correlation",0.777067096744608
8,20270818,20290818,"cell_06","tree_robustness",8,800,"fixed_6",6,3000,1,"ordinary","cate_rank_correlation",0.797103502918115
8,20270818,20290818,"cell_06","tree_robustness",8,800,"fixed_6",6,3000,1,"ordinary","sign_reversal",0.358866666666667
8,20270818,20290818,"cell_06","tree_robustness",8,800,"fixed_6",6,3000,1,"ordinary","positive_to_negative",0.120566666666667
8,20270818,20290818,"cell_06","tree_robustness",8,800,"fixed_6",6,3000,1,"ordinary","negative_to_positive",0.2383
8,20270818,20290818,"cell_06","tree_robustness",8,800,"fixed_6",6,3000,1,"ordinary","strong_reversal_010",0.251866666666667
8,20270818,20290818,"cell_06","tree_robustness",8,800,"fixed_6",6,3000,1,"ordinary","strong_reversal_025",0.0108333333333333
8,20270818,20290818,"cell_06","tree_robustness",8,800,"fixed_6",6,3000,1,"ordinary","reversal_given_estimated_margin_010",0.322919782896705
8,20270818,20290818,"cell_06","tree_robustness",8,800,"fixed_6",6,3000,1,"ordinary","reversal_given_estimated_margin_025",0.0207204335352247
8,20270818,20290818,"cell_06","tree_robustness",8,800,"fixed_6",6,3000,1,"ordinary","reversal_given_true_margin_010",0.275302874938286
8,20270818,20290818,"cell_06","tree_robustness",8,800,"fixed_6",6,3000,1,"ordinary","reversal_given_true_margin_025",0.160313801967911
8,20270818,20290818,"cell_06","tree_robustness",8,800,"fixed_6",6,3000,1,"ordinary","x1_wrong_sign_true_margin_010",0.138657855759371
8,20270818,20290818,"cell_06","tree_robustness",8,800,"fixed_6",6,3000,1,"ordinary","x2_wrong_sign_true_margin_010",0.137556492347423
8,20270818,20290818,"cell_06","tree_robustness",8,800,"fixed_6",6,3000,1,"ordinary","x1_wrong_sign_true_margin_025",0.000797801613332151
8,20270818,20290818,"cell_06","tree_robustness",8,800,"fixed_6",6,3000,1,"ordinary","x2_wrong_sign_true_margin_025",0.160491091215318
8,20270818,20290818,"cell_06","tree_robustness",8,800,"fixed_6",6,3000,1,"ordinary","mean_absolute_prediction_change",0.320114326922184
8,20270818,20290818,"cell_07","tree_robustness",8,5000,"fixed_6",6,3000,1,"ordinary","cate_correlation",0.773781976188677
8,20270818,20290818,"cell_07","tree_robustness",8,5000,"fixed_6",6,3000,1,"ordinary","cate_rank_correlation",0.802021440178246
8,20270818,20290818,"cell_07","tree_robustness",8,5000,"fixed_6",6,3000,1,"ordinary","sign_reversal",0.350966666666667
8,20270818,20290818,"cell_07","tree_robustness",8,5000,"fixed_6",6,3000,1,"ordinary","positive_to_negative",0.112466666666667
8,20270818,20290818,"cell_07","tree_robustness",8,5000,"fixed_6",6,3000,1,"ordinary","negative_to_positive",0.2385
8,20270818,20290818,"cell_07","tree_robustness",8,5000,"fixed_6",6,3000,1,"ordinary","strong_reversal_010",0.2513
8,20270818,20290818,"cell_07","tree_robustness",8,5000,"fixed_6",6,3000,1,"ordinary","strong_reversal_025",0.00743333333333333
8,20270818,20290818,"cell_07","tree_robustness",8,5000,"fixed_6",6,3000,1,"ordinary","reversal_given_estimated_margin_010",0.322579264900946
8,20270818,20290818,"cell_07","tree_robustness",8,5000,"fixed_6",6,3000,1,"ordinary","reversal_given_estimated_margin_025",0.0143436032675114
8,20270818,20290818,"cell_07","tree_robustness",8,5000,"fixed_6",6,3000,1,"ordinary","reversal_given_true_margin_010",0.266264099350575
8,20270818,20290818,"cell_07","tree_robustness",8,5000,"fixed_6",6,3000,1,"ordinary","reversal_given_true_margin_025",0.149587802499778
8,20270818,20290818,"cell_07","tree_robustness",8,5000,"fixed_6",6,3000,1,"ordinary","x1_wrong_sign_true_margin_010",0.138809767954123
8,20270818,20290818,"cell_07","tree_robustness",8,5000,"fixed_6",6,3000,1,"ordinary","x2_wrong_sign_true_margin_010",0.12821389237021
8,20270818,20290818,"cell_07","tree_robustness",8,5000,"fixed_6",6,3000,1,"ordinary","x1_wrong_sign_true_margin_025",0.000842123925183938
8,20270818,20290818,"cell_07","tree_robustness",8,5000,"fixed_6",6,3000,1,"ordinary","x2_wrong_sign_true_margin_025",0.14963212481163
8,20270818,20290818,"cell_07","tree_robustness",8,5000,"fixed_6",6,3000,1,"ordinary","mean_absolute_prediction_change",0.319122046163132
8,20270818,20290818,"cell_08","default_mtry",8,2000,"grf_default",27,3000,1,"ordinary","cate_correlation",0.995017444812064
8,20270818,20290818,"cell_08","default_mtry",8,2000,"grf_default",27,3000,1,"ordinary","cate_rank_correlation",0.985027177687364
8,20270818,20290818,"cell_08","default_mtry",8,2000,"grf_default",27,3000,1,"ordinary","sign_reversal",0.0295333333333333
8,20270818,20290818,"cell_08","default_mtry",8,2000,"grf_default",27,3000,1,"ordinary","positive_to_negative",6e-04
8,20270818,20290818,"cell_08","default_mtry",8,2000,"grf_default",27,3000,1,"ordinary","negative_to_positive",0.0289333333333333
8,20270818,20290818,"cell_08","default_mtry",8,2000,"grf_default",27,3000,1,"ordinary","strong_reversal_010",0
8,20270818,20290818,"cell_08","default_mtry",8,2000,"grf_default",27,3000,1,"ordinary","strong_reversal_025",0
8,20270818,20290818,"cell_08","default_mtry",8,2000,"grf_default",27,3000,1,"ordinary","reversal_given_estimated_margin_010",0
8,20270818,20290818,"cell_08","default_mtry",8,2000,"grf_default",27,3000,1,"ordinary","reversal_given_estimated_margin_025",0
8,20270818,20290818,"cell_08","default_mtry",8,2000,"grf_default",27,3000,1,"ordinary","reversal_given_true_margin_010",0.0151152633777677
8,20270818,20290818,"cell_08","default_mtry",8,2000,"grf_default",27,3000,1,"ordinary","reversal_given_true_margin_025",0.000797801613332151
8,20270818,20290818,"cell_08","default_mtry",8,2000,"grf_default",27,3000,1,"ordinary","x1_wrong_sign_true_margin_010",0.0236603243325358
8,20270818,20290818,"cell_08","default_mtry",8,2000,"grf_default",27,3000,1,"ordinary","x2_wrong_sign_true_margin_010",0.00991227070753105
8,20270818,20290818,"cell_08","default_mtry",8,2000,"grf_default",27,3000,1,"ordinary","x1_wrong_sign_true_margin_025",0.0038560411311054
8,20270818,20290818,"cell_08","default_mtry",8,2000,"grf_default",27,3000,1,"ordinary","x2_wrong_sign_true_margin_025",0.00465384274443755
8,20270818,20290818,"cell_08","default_mtry",8,2000,"grf_default",27,3000,1,"ordinary","mean_absolute_prediction_change",0.0646527031035703
8,20270818,20290818,"cell_09","larger_sample",8,2000,"fixed_6",6,10000,1,"ordinary","cate_correlation",0.881005521146042
8,20270818,20290818,"cell_09","larger_sample",8,2000,"fixed_6",6,10000,1,"ordinary","cate_rank_correlation",0.788723193355915
8,20270818,20290818,"cell_09","larger_sample",8,2000,"fixed_6",6,10000,1,"ordinary","sign_reversal",0.247666666666667
8,20270818,20290818,"cell_09","larger_sample",8,2000,"fixed_6",6,10000,1,"ordinary","positive_to_negative",0.00513333333333333
8,20270818,20290818,"cell_09","larger_sample",8,2000,"fixed_6",6,10000,1,"ordinary","negative_to_positive",0.242533333333333
8,20270818,20290818,"cell_09","larger_sample",8,2000,"fixed_6",6,10000,1,"ordinary","strong_reversal_010",0.221733333333333
8,20270818,20290818,"cell_09","larger_sample",8,2000,"fixed_6",6,10000,1,"ordinary","strong_reversal_025",0.00183333333333333
8,20270818,20290818,"cell_09","larger_sample",8,2000,"fixed_6",6,10000,1,"ordinary","reversal_given_estimated_margin_010",0.248218217097653
8,20270818,20290818,"cell_09","larger_sample",8,2000,"fixed_6",6,10000,1,"ordinary","reversal_given_estimated_margin_025",0.00361961171437973
8,20270818,20290818,"cell_09","larger_sample",8,2000,"fixed_6",6,10000,1,"ordinary","reversal_given_true_margin_010",0.146177509399567
8,20270818,20290818,"cell_09","larger_sample",8,2000,"fixed_6",6,10000,1,"ordinary","reversal_given_true_margin_025",0.00709156989628579
8,20270818,20290818,"cell_09","larger_sample",8,2000,"fixed_6",6,10000,1,"ordinary","x1_wrong_sign_true_margin_010",0.141392275264897
8,20270818,20290818,"cell_09","larger_sample",8,2000,"fixed_6",6,10000,1,"ordinary","x2_wrong_sign_true_margin_010",0.00736774144544453
8,20270818,20290818,"cell_09","larger_sample",8,2000,"fixed_6",6,10000,1,"ordinary","x1_wrong_sign_true_margin_025",0.00150695860296073
8,20270818,20290818,"cell_09","larger_sample",8,2000,"fixed_6",6,10000,1,"ordinary","x2_wrong_sign_true_margin_025",0.00859852849924652
8,20270818,20290818,"cell_09","larger_sample",8,2000,"fixed_6",6,10000,1,"ordinary","mean_absolute_prediction_change",0.254155089929864
8,20270818,20290818,"cell_10","noise_robustness",8,2000,"fixed_6",6,3000,0.5,"ordinary","cate_correlation",0.839290439681766
8,20270818,20290818,"cell_10","noise_robustness",8,2000,"fixed_6",6,3000,0.5,"ordinary","cate_rank_correlation",0.792840031941822
8,20270818,20290818,"cell_10","noise_robustness",8,2000,"fixed_6",6,3000,0.5,"ordinary","sign_reversal",0.2663
8,20270818,20290818,"cell_10","noise_robustness",8,2000,"fixed_6",6,3000,0.5,"ordinary","positive_to_negative",0.0249
8,20270818,20290818,"cell_10","noise_robustness",8,2000,"fixed_6",6,3000,0.5,"ordinary","negative_to_positive",0.2414
8,20270818,20290818,"cell_10","noise_robustness",8,2000,"fixed_6",6,3000,0.5,"ordinary","strong_reversal_010",0.238166666666667
8,20270818,20290818,"cell_10","noise_robustness",8,2000,"fixed_6",6,3000,0.5,"ordinary","strong_reversal_025",0.00546666666666667
8,20270818,20290818,"cell_10","noise_robustness",8,2000,"fixed_6",6,3000,0.5,"ordinary","reversal_given_estimated_margin_010",0.313721185510428
8,20270818,20290818,"cell_10","noise_robustness",8,2000,"fixed_6",6,3000,0.5,"ordinary","reversal_given_estimated_margin_025",0.0107105538140021
8,20270818,20290818,"cell_10","noise_robustness",8,2000,"fixed_6",6,3000,0.5,"ordinary","reversal_given_true_margin_010",0.167862975200334
8,20270818,20290818,"cell_10","noise_robustness",8,2000,"fixed_6",6,3000,0.5,"ordinary","reversal_given_true_margin_025",0.0331530892651361
8,20270818,20290818,"cell_10","noise_robustness",8,2000,"fixed_6",6,3000,0.5,"ordinary","x1_wrong_sign_true_margin_010",0.139873153317383
8,20270818,20290818,"cell_10","noise_robustness",8,2000,"fixed_6",6,3000,0.5,"ordinary","x2_wrong_sign_true_margin_010",0.0283696023698302
8,20270818,20290818,"cell_10","noise_robustness",8,2000,"fixed_6",6,3000,0.5,"ordinary","x1_wrong_sign_true_margin_025",0.00035457849481429
8,20270818,20290818,"cell_10","noise_robustness",8,2000,"fixed_6",6,3000,0.5,"ordinary","x2_wrong_sign_true_margin_025",0.0329758000177289
8,20270818,20290818,"cell_10","noise_robustness",8,2000,"fixed_6",6,3000,0.5,"ordinary","mean_absolute_prediction_change",0.27681275268923
8,20270818,20290818,"cell_11","noise_robustness",8,2000,"fixed_6",6,3000,2,"ordinary","cate_correlation",0.647063249380928
8,20270818,20290818,"cell_11","noise_robustness",8,2000,"fixed_6",6,3000,2,"ordinary","cate_rank_correlation",0.748053066745837
8,20270818,20290818,"cell_11","noise_robustness",8,2000,"fixed_6",6,3000,2,"ordinary","sign_reversal",0.374266666666667
8,20270818,20290818,"cell_11","noise_robustness",8,2000,"fixed_6",6,3000,2,"ordinary","positive_to_negative",0.142
8,20270818,20290818,"cell_11","noise_robustness",8,2000,"fixed_6",6,3000,2,"ordinary","negative_to_positive",0.232266666666667
8,20270818,20290818,"cell_11","noise_robustness",8,2000,"fixed_6",6,3000,2,"ordinary","strong_reversal_010",0.220433333333333
8,20270818,20290818,"cell_11","noise_robustness",8,2000,"fixed_6",6,3000,2,"ordinary","strong_reversal_025",0.0130666666666667
8,20270818,20290818,"cell_11","noise_robustness",8,2000,"fixed_6",6,3000,2,"ordinary","reversal_given_estimated_margin_010",0.294067947349698
8,20270818,20290818,"cell_11","noise_robustness",8,2000,"fixed_6",6,3000,2,"ordinary","reversal_given_estimated_margin_025",0.0256695697727719
8,20270818,20290818,"cell_11","noise_robustness",8,2000,"fixed_6",6,3000,2,"ordinary","reversal_given_true_margin_010",0.296190801716608
8,20270818,20290818,"cell_11","noise_robustness",8,2000,"fixed_6",6,3000,2,"ordinary","reversal_given_true_margin_025",0.191162131016754
8,20270818,20290818,"cell_11","noise_robustness",8,2000,"fixed_6",6,3000,2,"ordinary","x1_wrong_sign_true_margin_010",0.13459420454977
8,20270818,20290818,"cell_11","noise_robustness",8,2000,"fixed_6",6,3000,2,"ordinary","x2_wrong_sign_true_margin_010",0.164482928867115
8,20270818,20290818,"cell_11","noise_robustness",8,2000,"fixed_6",6,3000,2,"ordinary","x1_wrong_sign_true_margin_025",0.00230476021629288
8,20270818,20290818,"cell_11","noise_robustness",8,2000,"fixed_6",6,3000,2,"ordinary","x2_wrong_sign_true_margin_025",0.191693998758975
8,20270818,20290818,"cell_11","noise_robustness",8,2000,"fixed_6",6,3000,2,"ordinary","mean_absolute_prediction_change",0.368093564574854
8,20270818,20290818,"cell_12","invariant_check",16,2000,"fixed_6",6,3000,1,"class_sampled","cate_correlation",1
8,20270818,20290818,"cell_12","invariant_check",16,2000,"fixed_6",6,3000,1,"class_sampled","cate_rank_correlation",1
8,20270818,20290818,"cell_12","invariant_check",16,2000,"fixed_6",6,3000,1,"class_sampled","sign_reversal",0
8,20270818,20290818,"cell_12","invariant_check",16,2000,"fixed_6",6,3000,1,"class_sampled","positive_to_negative",0
8,20270818,20290818,"cell_12","invariant_check",16,2000,"fixed_6",6,3000,1,"class_sampled","negative_to_positive",0
8,20270818,20290818,"cell_12","invariant_check",16,2000,"fixed_6",6,3000,1,"class_sampled","strong_reversal_010",0
8,20270818,20290818,"cell_12","invariant_check",16,2000,"fixed_6",6,3000,1,"class_sampled","strong_reversal_025",0
8,20270818,20290818,"cell_12","invariant_check",16,2000,"fixed_6",6,3000,1,"class_sampled","reversal_given_estimated_margin_010",0
8,20270818,20290818,"cell_12","invariant_check",16,2000,"fixed_6",6,3000,1,"class_sampled","reversal_given_estimated_margin_025",0
8,20270818,20290818,"cell_12","invariant_check",16,2000,"fixed_6",6,3000,1,"class_sampled","reversal_given_true_margin_010",0
8,20270818,20290818,"cell_12","invariant_check",16,2000,"fixed_6",6,3000,1,"class_sampled","reversal_given_true_margin_025",0
8,20270818,20290818,"cell_12","invariant_check",16,2000,"fixed_6",6,3000,1,"class_sampled","x1_wrong_sign_true_margin_010",0.00698796095856595
8,20270818,20290818,"cell_12","invariant_check",16,2000,"fixed_6",6,3000,1,"class_sampled","x2_wrong_sign_true_margin_010",0.00698796095856595
8,20270818,20290818,"cell_12","invariant_check",16,2000,"fixed_6",6,3000,1,"class_sampled","x1_wrong_sign_true_margin_025",0.00243772715184824
8,20270818,20290818,"cell_12","invariant_check",16,2000,"fixed_6",6,3000,1,"class_sampled","x2_wrong_sign_true_margin_025",0.00243772715184824
8,20270818,20290818,"cell_12","invariant_check",16,2000,"fixed_6",6,3000,1,"class_sampled","mean_absolute_prediction_change",0
9,20270819,20290819,"cell_01","dose_response",1,2000,"fixed_6",6,3000,1,"ordinary","cate_correlation",0.938062116945962
9,20270819,20290819,"cell_01","dose_response",1,2000,"fixed_6",6,3000,1,"ordinary","cate_rank_correlation",0.886561552653957
9,20270819,20290819,"cell_01","dose_response",1,2000,"fixed_6",6,3000,1,"ordinary","sign_reversal",0.217466666666667
9,20270819,20290819,"cell_01","dose_response",1,2000,"fixed_6",6,3000,1,"ordinary","positive_to_negative",0.0026
9,20270819,20290819,"cell_01","dose_response",1,2000,"fixed_6",6,3000,1,"ordinary","negative_to_positive",0.214866666666667
9,20270819,20290819,"cell_01","dose_response",1,2000,"fixed_6",6,3000,1,"ordinary","strong_reversal_010",0.0384333333333333
9,20270819,20290819,"cell_01","dose_response",1,2000,"fixed_6",6,3000,1,"ordinary","strong_reversal_025",0
9,20270819,20290819,"cell_01","dose_response",1,2000,"fixed_6",6,3000,1,"ordinary","reversal_given_estimated_margin_010",0.04870116156283
9,20270819,20290819,"cell_01","dose_response",1,2000,"fixed_6",6,3000,1,"ordinary","reversal_given_estimated_margin_025",0
9,20270819,20290819,"cell_01","dose_response",1,2000,"fixed_6",6,3000,1,"ordinary","reversal_given_true_margin_010",0.12581212260185
9,20270819,20290819,"cell_01","dose_response",1,2000,"fixed_6",6,3000,1,"ordinary","reversal_given_true_margin_025",0.00348338692390139
9,20270819,20290819,"cell_01","dose_response",1,2000,"fixed_6",6,3000,1,"ordinary","x1_wrong_sign_true_margin_010",0.129824963693343
9,20270819,20290819,"cell_01","dose_response",1,2000,"fixed_6",6,3000,1,"ordinary","x2_wrong_sign_true_margin_010",0.00852251012764656
9,20270819,20290819,"cell_01","dose_response",1,2000,"fixed_6",6,3000,1,"ordinary","x1_wrong_sign_true_margin_025",0.000893176134333691
9,20270819,20290819,"cell_01","dose_response",1,2000,"fixed_6",6,3000,1,"ordinary","x2_wrong_sign_true_margin_025",0.00267952840300107
9,20270819,20290819,"cell_01","dose_response",1,2000,"fixed_6",6,3000,1,"ordinary","mean_absolute_prediction_change",0.146889362610624
9,20270819,20290819,"cell_02","dose_response",2,2000,"fixed_6",6,3000,1,"ordinary","cate_correlation",0.879045512879108
9,20270819,20290819,"cell_02","dose_response",2,2000,"fixed_6",6,3000,1,"ordinary","cate_rank_correlation",0.813264080949849
9,20270819,20290819,"cell_02","dose_response",2,2000,"fixed_6",6,3000,1,"ordinary","sign_reversal",0.240966666666667
9,20270819,20290819,"cell_02","dose_response",2,2000,"fixed_6",6,3000,1,"ordinary","positive_to_negative",0.005
9,20270819,20290819,"cell_02","dose_response",2,2000,"fixed_6",6,3000,1,"ordinary","negative_to_positive",0.235966666666667
9,20270819,20290819,"cell_02","dose_response",2,2000,"fixed_6",6,3000,1,"ordinary","strong_reversal_010",0.186933333333333
9,20270819,20290819,"cell_02","dose_response",2,2000,"fixed_6",6,3000,1,"ordinary","strong_reversal_025",0
9,20270819,20290819,"cell_02","dose_response",2,2000,"fixed_6",6,3000,1,"ordinary","reversal_given_estimated_margin_010",0.225974130636257
9,20270819,20290819,"cell_02","dose_response",2,2000,"fixed_6",6,3000,1,"ordinary","reversal_given_estimated_margin_025",0
9,20270819,20290819,"cell_02","dose_response",2,2000,"fixed_6",6,3000,1,"ordinary","reversal_given_true_margin_010",0.140296568065428
9,20270819,20290819,"cell_02","dose_response",2,2000,"fixed_6",6,3000,1,"ordinary","reversal_given_true_margin_025",0.00674347981421936
9,20270819,20290819,"cell_02","dose_response",2,2000,"fixed_6",6,3000,1,"ordinary","x1_wrong_sign_true_margin_010",0.1400672628602
9,20270819,20290819,"cell_02","dose_response",2,2000,"fixed_6",6,3000,1,"ordinary","x2_wrong_sign_true_margin_010",0.0103187342352671
9,20270819,20290819,"cell_02","dose_response",2,2000,"fixed_6",6,3000,1,"ordinary","x1_wrong_sign_true_margin_025",0.000580564487316899
9,20270819,20290819,"cell_02","dose_response",2,2000,"fixed_6",6,3000,1,"ordinary","x2_wrong_sign_true_margin_025",0.00616291532690246
9,20270819,20290819,"cell_02","dose_response",2,2000,"fixed_6",6,3000,1,"ordinary","mean_absolute_prediction_change",0.222546058250175
9,20270819,20290819,"cell_03","dose_response",4,2000,"fixed_6",6,3000,1,"ordinary","cate_correlation",0.821048819199052
9,20270819,20290819,"cell_03","dose_response",4,2000,"fixed_6",6,3000,1,"ordinary","cate_rank_correlation",0.79932769054192
9,20270819,20290819,"cell_03","dose_response",4,2000,"fixed_6",6,3000,1,"ordinary","sign_reversal",0.273833333333333
9,20270819,20290819,"cell_03","dose_response",4,2000,"fixed_6",6,3000,1,"ordinary","positive_to_negative",0.0334666666666667
9,20270819,20290819,"cell_03","dose_response",4,2000,"fixed_6",6,3000,1,"ordinary","negative_to_positive",0.240366666666667
9,20270819,20290819,"cell_03","dose_response",4,2000,"fixed_6",6,3000,1,"ordinary","strong_reversal_010",0.230933333333333
9,20270819,20290819,"cell_03","dose_response",4,2000,"fixed_6",6,3000,1,"ordinary","strong_reversal_025",0.0101
9,20270819,20290819,"cell_03","dose_response",4,2000,"fixed_6",6,3000,1,"ordinary","reversal_given_estimated_margin_010",0.308830740427049
9,20270819,20290819,"cell_03","dose_response",4,2000,"fixed_6",6,3000,1,"ordinary","reversal_given_estimated_margin_025",0.0198884148342632
9,20270819,20290819,"cell_03","dose_response",4,2000,"fixed_6",6,3000,1,"ordinary","reversal_given_true_margin_010",0.174883436520676
9,20270819,20290819,"cell_03","dose_response",4,2000,"fixed_6",6,3000,1,"ordinary","reversal_given_true_margin_025",0.0448374419435513
9,20270819,20290819,"cell_03","dose_response",4,2000,"fixed_6",6,3000,1,"ordinary","x1_wrong_sign_true_margin_010",0.141825269433616
9,20270819,20290819,"cell_03","dose_response",4,2000,"fixed_6",6,3000,1,"ordinary","x2_wrong_sign_true_margin_010",0.0420775051593671
9,20270819,20290819,"cell_03","dose_response",4,2000,"fixed_6",6,3000,1,"ordinary","x1_wrong_sign_true_margin_025",0.000937834941050375
9,20270819,20290819,"cell_03","dose_response",4,2000,"fixed_6",6,3000,1,"ordinary","x2_wrong_sign_true_margin_025",0.0438996070025009
9,20270819,20290819,"cell_03","dose_response",4,2000,"fixed_6",6,3000,1,"ordinary","mean_absolute_prediction_change",0.281096080147062
9,20270819,20290819,"cell_04","dose_response",8,2000,"fixed_6",6,3000,1,"ordinary","cate_correlation",0.769957797586048
9,20270819,20290819,"cell_04","dose_response",8,2000,"fixed_6",6,3000,1,"ordinary","cate_rank_correlation",0.783748459490832
9,20270819,20290819,"cell_04","dose_response",8,2000,"fixed_6",6,3000,1,"ordinary","sign_reversal",0.3593
9,20270819,20290819,"cell_04","dose_response",8,2000,"fixed_6",6,3000,1,"ordinary","positive_to_negative",0.116066666666667
9,20270819,20290819,"cell_04","dose_response",8,2000,"fixed_6",6,3000,1,"ordinary","negative_to_positive",0.243233333333333
9,20270819,20290819,"cell_04","dose_response",8,2000,"fixed_6",6,3000,1,"ordinary","strong_reversal_010",0.242133333333333
9,20270819,20290819,"cell_04","dose_response",8,2000,"fixed_6",6,3000,1,"ordinary","strong_reversal_025",0.0662666666666667
9,20270819,20290819,"cell_04","dose_response",8,2000,"fixed_6",6,3000,1,"ordinary","reversal_given_estimated_margin_010",0.324358115650815
9,20270819,20290819,"cell_04","dose_response",8,2000,"fixed_6",6,3000,1,"ordinary","reversal_given_estimated_margin_025",0.117856295944985
9,20270819,20290819,"cell_04","dose_response",8,2000,"fixed_6",6,3000,1,"ordinary","reversal_given_true_margin_010",0.271268057784912
9,20270819,20290819,"cell_04","dose_response",8,2000,"fixed_6",6,3000,1,"ordinary","reversal_given_true_margin_025",0.155501964987496
9,20270819,20290819,"cell_04","dose_response",8,2000,"fixed_6",6,3000,1,"ordinary","x1_wrong_sign_true_margin_010",0.142933577925552
9,20270819,20290819,"cell_04","dose_response",8,2000,"fixed_6",6,3000,1,"ordinary","x2_wrong_sign_true_margin_010",0.136130856837117
9,20270819,20290819,"cell_04","dose_response",8,2000,"fixed_6",6,3000,1,"ordinary","x1_wrong_sign_true_margin_025",0.00098249374776706
9,20270819,20290819,"cell_04","dose_response",8,2000,"fixed_6",6,3000,1,"ordinary","x2_wrong_sign_true_margin_025",0.154519471239728
9,20270819,20290819,"cell_04","dose_response",8,2000,"fixed_6",6,3000,1,"ordinary","mean_absolute_prediction_change",0.328125792770389
9,20270819,20290819,"cell_05","dose_response",16,2000,"fixed_6",6,3000,1,"ordinary","cate_correlation",0.703463573180552
9,20270819,20290819,"cell_05","dose_response",16,2000,"fixed_6",6,3000,1,"ordinary","cate_rank_correlation",0.773507996418564
9,20270819,20290819,"cell_05","dose_response",16,2000,"fixed_6",6,3000,1,"ordinary","sign_reversal",0.478433333333333
9,20270819,20290819,"cell_05","dose_response",16,2000,"fixed_6",6,3000,1,"ordinary","positive_to_negative",0.233866666666667
9,20270819,20290819,"cell_05","dose_response",16,2000,"fixed_6",6,3000,1,"ordinary","negative_to_positive",0.244566666666667
9,20270819,20290819,"cell_05","dose_response",16,2000,"fixed_6",6,3000,1,"ordinary","strong_reversal_010",0.264866666666667
9,20270819,20290819,"cell_05","dose_response",16,2000,"fixed_6",6,3000,1,"ordinary","strong_reversal_025",0.1356
9,20270819,20290819,"cell_05","dose_response",16,2000,"fixed_6",6,3000,1,"ordinary","reversal_given_estimated_margin_010",0.345403173223212
9,20270819,20290819,"cell_05","dose_response",16,2000,"fixed_6",6,3000,1,"ordinary","reversal_given_estimated_margin_025",0.215317842587202
9,20270819,20290819,"cell_05","dose_response",16,2000,"fixed_6",6,3000,1,"ordinary","reversal_given_true_margin_010",0.407016739279982
9,20270819,20290819,"cell_05","dose_response",16,2000,"fixed_6",6,3000,1,"ordinary","reversal_given_true_margin_025",0.313326187924259
9,20270819,20290819,"cell_05","dose_response",16,2000,"fixed_6",6,3000,1,"ordinary","x1_wrong_sign_true_margin_010",0.143315753267599
9,20270819,20290819,"cell_05","dose_response",16,2000,"fixed_6",6,3000,1,"ordinary","x2_wrong_sign_true_margin_010",0.270885882442865
9,20270819,20290819,"cell_05","dose_response",16,2000,"fixed_6",6,3000,1,"ordinary","x1_wrong_sign_true_margin_025",0.00098249374776706
9,20270819,20290819,"cell_05","dose_response",16,2000,"fixed_6",6,3000,1,"ordinary","x2_wrong_sign_true_margin_025",0.312343694176492
9,20270819,20290819,"cell_05","dose_response",16,2000,"fixed_6",6,3000,1,"ordinary","mean_absolute_prediction_change",0.370549552414149
9,20270819,20290819,"cell_06","tree_robustness",8,800,"fixed_6",6,3000,1,"ordinary","cate_correlation",0.762198921175313
9,20270819,20290819,"cell_06","tree_robustness",8,800,"fixed_6",6,3000,1,"ordinary","cate_rank_correlation",0.779649077081388
9,20270819,20290819,"cell_06","tree_robustness",8,800,"fixed_6",6,3000,1,"ordinary","sign_reversal",0.397166666666667
9,20270819,20290819,"cell_06","tree_robustness",8,800,"fixed_6",6,3000,1,"ordinary","positive_to_negative",0.154166666666667
9,20270819,20290819,"cell_06","tree_robustness",8,800,"fixed_6",6,3000,1,"ordinary","negative_to_positive",0.243
9,20270819,20290819,"cell_06","tree_robustness",8,800,"fixed_6",6,3000,1,"ordinary","strong_reversal_010",0.244933333333333
9,20270819,20290819,"cell_06","tree_robustness",8,800,"fixed_6",6,3000,1,"ordinary","strong_reversal_025",0.0672333333333333
9,20270819,20290819,"cell_06","tree_robustness",8,800,"fixed_6",6,3000,1,"ordinary","reversal_given_estimated_margin_010",0.327130264446621
9,20270819,20290819,"cell_06","tree_robustness",8,800,"fixed_6",6,3000,1,"ordinary","reversal_given_estimated_margin_025",0.119398567453975
9,20270819,20290819,"cell_06","tree_robustness",8,800,"fixed_6",6,3000,1,"ordinary","reversal_given_true_margin_010",0.314797829244057
9,20270819,20290819,"cell_06","tree_robustness",8,800,"fixed_6",6,3000,1,"ordinary","reversal_given_true_margin_025",0.206546981064666
9,20270819,20290819,"cell_06","tree_robustness",8,800,"fixed_6",6,3000,1,"ordinary","x1_wrong_sign_true_margin_010",0.142857142857143
9,20270819,20290819,"cell_06","tree_robustness",8,800,"fixed_6",6,3000,1,"ordinary","x2_wrong_sign_true_margin_010",0.179813498433081
9,20270819,20290819,"cell_06","tree_robustness",8,800,"fixed_6",6,3000,1,"ordinary","x1_wrong_sign_true_margin_025",0.00102715255448374
9,20270819,20290819,"cell_06","tree_robustness",8,800,"fixed_6",6,3000,1,"ordinary","x2_wrong_sign_true_margin_025",0.205519828510182
9,20270819,20290819,"cell_06","tree_robustness",8,800,"fixed_6",6,3000,1,"ordinary","mean_absolute_prediction_change",0.338550778622466
9,20270819,20290819,"cell_07","tree_robustness",8,5000,"fixed_6",6,3000,1,"ordinary","cate_correlation",0.764159985915297
9,20270819,20290819,"cell_07","tree_robustness",8,5000,"fixed_6",6,3000,1,"ordinary","cate_rank_correlation",0.785643399970715
9,20270819,20290819,"cell_07","tree_robustness",8,5000,"fixed_6",6,3000,1,"ordinary","sign_reversal",0.390433333333333
9,20270819,20290819,"cell_07","tree_robustness",8,5000,"fixed_6",6,3000,1,"ordinary","positive_to_negative",0.1471
9,20270819,20290819,"cell_07","tree_robustness",8,5000,"fixed_6",6,3000,1,"ordinary","negative_to_positive",0.243333333333333
9,20270819,20290819,"cell_07","tree_robustness",8,5000,"fixed_6",6,3000,1,"ordinary","strong_reversal_010",0.242866666666667
9,20270819,20290819,"cell_07","tree_robustness",8,5000,"fixed_6",6,3000,1,"ordinary","strong_reversal_025",0.0670333333333333
9,20270819,20290819,"cell_07","tree_robustness",8,5000,"fixed_6",6,3000,1,"ordinary","reversal_given_estimated_margin_010",0.325151731524456
9,20270819,20290819,"cell_07","tree_robustness",8,5000,"fixed_6",6,3000,1,"ordinary","reversal_given_estimated_margin_025",0.119198624859226
9,20270819,20290819,"cell_07","tree_robustness",8,5000,"fixed_6",6,3000,1,"ordinary","reversal_given_true_margin_010",0.306963234732095
9,20270819,20290819,"cell_07","tree_robustness",8,5000,"fixed_6",6,3000,1,"ordinary","reversal_given_true_margin_025",0.197079314040729
9,20270819,20290819,"cell_07","tree_robustness",8,5000,"fixed_6",6,3000,1,"ordinary","x1_wrong_sign_true_margin_010",0.142818925322938
9,20270819,20290819,"cell_07","tree_robustness",8,5000,"fixed_6",6,3000,1,"ordinary","x2_wrong_sign_true_margin_010",0.171711381181686
9,20270819,20290819,"cell_07","tree_robustness",8,5000,"fixed_6",6,3000,1,"ordinary","x1_wrong_sign_true_margin_025",0.000848517327617006
9,20270819,20290819,"cell_07","tree_robustness",8,5000,"fixed_6",6,3000,1,"ordinary","x2_wrong_sign_true_margin_025",0.196230796713112
9,20270819,20290819,"cell_07","tree_robustness",8,5000,"fixed_6",6,3000,1,"ordinary","mean_absolute_prediction_change",0.333265424444144
9,20270819,20290819,"cell_08","default_mtry",8,2000,"grf_default",27,3000,1,"ordinary","cate_correlation",0.9943798980322
9,20270819,20290819,"cell_08","default_mtry",8,2000,"grf_default",27,3000,1,"ordinary","cate_rank_correlation",0.990789425355099
9,20270819,20290819,"cell_08","default_mtry",8,2000,"grf_default",27,3000,1,"ordinary","sign_reversal",0.108066666666667
9,20270819,20290819,"cell_08","default_mtry",8,2000,"grf_default",27,3000,1,"ordinary","positive_to_negative",8e-04
9,20270819,20290819,"cell_08","default_mtry",8,2000,"grf_default",27,3000,1,"ordinary","negative_to_positive",0.107266666666667
9,20270819,20290819,"cell_08","default_mtry",8,2000,"grf_default",27,3000,1,"ordinary","strong_reversal_010",0
9,20270819,20290819,"cell_08","default_mtry",8,2000,"grf_default",27,3000,1,"ordinary","strong_reversal_025",0
9,20270819,20290819,"cell_08","default_mtry",8,2000,"grf_default",27,3000,1,"ordinary","reversal_given_estimated_margin_010",0
9,20270819,20290819,"cell_08","default_mtry",8,2000,"grf_default",27,3000,1,"ordinary","reversal_given_estimated_margin_025",0
9,20270819,20290819,"cell_08","default_mtry",8,2000,"grf_default",27,3000,1,"ordinary","reversal_given_true_margin_010",0.060269051440801
9,20270819,20290819,"cell_08","default_mtry",8,2000,"grf_default",27,3000,1,"ordinary","reversal_given_true_margin_025",0.00107181136120043
9,20270819,20290819,"cell_08","default_mtry",8,2000,"grf_default",27,3000,1,"ordinary","x1_wrong_sign_true_margin_010",0.0705877856760682
9,20270819,20290819,"cell_08","default_mtry",8,2000,"grf_default",27,3000,1,"ordinary","x2_wrong_sign_true_margin_010",0.0121531758770924
9,20270819,20290819,"cell_08","default_mtry",8,2000,"grf_default",27,3000,1,"ordinary","x1_wrong_sign_true_margin_025",0.00125044658806717
9,20270819,20290819,"cell_08","default_mtry",8,2000,"grf_default",27,3000,1,"ordinary","x2_wrong_sign_true_margin_025",0.0023222579492676
9,20270819,20290819,"cell_08","default_mtry",8,2000,"grf_default",27,3000,1,"ordinary","mean_absolute_prediction_change",0.0712877952810514
9,20270819,20290819,"cell_09","larger_sample",8,2000,"fixed_6",6,10000,1,"ordinary","cate_correlation",0.871867226686453
9,20270819,20290819,"cell_09","larger_sample",8,2000,"fixed_6",6,10000,1,"ordinary","cate_rank_correlation",0.777621704772024
9,20270819,20290819,"cell_09","larger_sample",8,2000,"fixed_6",6,10000,1,"ordinary","sign_reversal",0.387566666666667
9,20270819,20290819,"cell_09","larger_sample",8,2000,"fixed_6",6,10000,1,"ordinary","positive_to_negative",0.1385
9,20270819,20290819,"cell_09","larger_sample",8,2000,"fixed_6",6,10000,1,"ordinary","negative_to_positive",0.249066666666667
9,20270819,20290819,"cell_09","larger_sample",8,2000,"fixed_6",6,10000,1,"ordinary","strong_reversal_010",0.244333333333333
9,20270819,20290819,"cell_09","larger_sample",8,2000,"fixed_6",6,10000,1,"ordinary","strong_reversal_025",0.0036
9,20270819,20290819,"cell_09","larger_sample",8,2000,"fixed_6",6,10000,1,"ordinary","reversal_given_estimated_margin_010",0.327056933785472
9,20270819,20290819,"cell_09","larger_sample",8,2000,"fixed_6",6,10000,1,"ordinary","reversal_given_estimated_margin_025",0.00720480320213476
9,20270819,20290819,"cell_09","larger_sample",8,2000,"fixed_6",6,10000,1,"ordinary","reversal_given_true_margin_010",0.300275166246274
9,20270819,20290819,"cell_09","larger_sample",8,2000,"fixed_6",6,10000,1,"ordinary","reversal_given_true_margin_025",0.185557341907824
9,20270819,20290819,"cell_09","larger_sample",8,2000,"fixed_6",6,10000,1,"ordinary","x1_wrong_sign_true_margin_010",0.143201100664985
9,20270819,20290819,"cell_09","larger_sample",8,2000,"fixed_6",6,10000,1,"ordinary","x2_wrong_sign_true_margin_010",0.160513643659711
9,20270819,20290819,"cell_09","larger_sample",8,2000,"fixed_6",6,10000,1,"ordinary","x1_wrong_sign_true_margin_025",0.00102715255448374
9,20270819,20290819,"cell_09","larger_sample",8,2000,"fixed_6",6,10000,1,"ordinary","x2_wrong_sign_true_margin_025",0.186584494462308
9,20270819,20290819,"cell_09","larger_sample",8,2000,"fixed_6",6,10000,1,"ordinary","mean_absolute_prediction_change",0.260021557388571
9,20270819,20290819,"cell_10","noise_robustness",8,2000,"fixed_6",6,3000,0.5,"ordinary","cate_correlation",0.831835393722313
9,20270819,20290819,"cell_10","noise_robustness",8,2000,"fixed_6",6,3000,0.5,"ordinary","cate_rank_correlation",0.77321356434446
9,20270819,20290819,"cell_10","noise_robustness",8,2000,"fixed_6",6,3000,0.5,"ordinary","sign_reversal",0.287666666666667
9,20270819,20290819,"cell_10","noise_robustness",8,2000,"fixed_6",6,3000,0.5,"ordinary","positive_to_negative",0.0400333333333333
9,20270819,20290819,"cell_10","noise_robustness",8,2000,"fixed_6",6,3000,0.5,"ordinary","negative_to_positive",0.247633333333333
9,20270819,20290819,"cell_10","noise_robustness",8,2000,"fixed_6",6,3000,0.5,"ordinary","strong_reversal_010",0.247833333333333
9,20270819,20290819,"cell_10","noise_robustness",8,2000,"fixed_6",6,3000,0.5,"ordinary","strong_reversal_025",0.0054
9,20270819,20290819,"cell_10","noise_robustness",8,2000,"fixed_6",6,3000,0.5,"ordinary","reversal_given_estimated_margin_010",0.330561977592033
9,20270819,20290819,"cell_10","noise_robustness",8,2000,"fixed_6",6,3000,0.5,"ordinary","reversal_given_estimated_margin_025",0.010761974357271
9,20270819,20290819,"cell_10","noise_robustness",8,2000,"fixed_6",6,3000,0.5,"ordinary","reversal_given_true_margin_010",0.186501566918902
9,20270819,20290819,"cell_10","noise_robustness",8,2000,"fixed_6",6,3000,0.5,"ordinary","reversal_given_true_margin_025",0.0536352268667381
9,20270819,20290819,"cell_10","noise_robustness",8,2000,"fixed_6",6,3000,0.5,"ordinary","x1_wrong_sign_true_margin_010",0.14323931819919
9,20270819,20290819,"cell_10","noise_robustness",8,2000,"fixed_6",6,3000,0.5,"ordinary","x2_wrong_sign_true_margin_010",0.0473133073454101
9,20270819,20290819,"cell_10","noise_robustness",8,2000,"fixed_6",6,3000,0.5,"ordinary","x1_wrong_sign_true_margin_025",0.000714540907466952
9,20270819,20290819,"cell_10","noise_robustness",8,2000,"fixed_6",6,3000,0.5,"ordinary","x2_wrong_sign_true_margin_025",0.0529206859592712
9,20270819,20290819,"cell_10","noise_robustness",8,2000,"fixed_6",6,3000,0.5,"ordinary","mean_absolute_prediction_change",0.28889609527758
9,20270819,20290819,"cell_11","noise_robustness",8,2000,"fixed_6",6,3000,2,"ordinary","cate_correlation",0.612889437435461
9,20270819,20290819,"cell_11","noise_robustness",8,2000,"fixed_6",6,3000,2,"ordinary","cate_rank_correlation",0.756939832547266
9,20270819,20290819,"cell_11","noise_robustness",8,2000,"fixed_6",6,3000,2,"ordinary","sign_reversal",0.430666666666667
9,20270819,20290819,"cell_11","noise_robustness",8,2000,"fixed_6",6,3000,2,"ordinary","positive_to_negative",0.196633333333333
9,20270819,20290819,"cell_11","noise_robustness",8,2000,"fixed_6",6,3000,2,"ordinary","negative_to_positive",0.234033333333333
9,20270819,20290819,"cell_11","noise_robustness",8,2000,"fixed_6",6,3000,2,"ordinary","strong_reversal_010",0.271066666666667
9,20270819,20290819,"cell_11","noise_robustness",8,2000,"fixed_6",6,3000,2,"ordinary","strong_reversal_025",0.1495
9,20270819,20290819,"cell_11","noise_robustness",8,2000,"fixed_6",6,3000,2,"ordinary","reversal_given_estimated_margin_010",0.349057818603254
9,20270819,20290819,"cell_11","noise_robustness",8,2000,"fixed_6",6,3000,2,"ordinary","reversal_given_estimated_margin_025",0.23631382053849
9,20270819,20290819,"cell_11","noise_robustness",8,2000,"fixed_6",6,3000,2,"ordinary","reversal_given_true_margin_010",0.358862646182068
9,20270819,20290819,"cell_11","noise_robustness",8,2000,"fixed_6",6,3000,2,"ordinary","reversal_given_true_margin_025",0.263397642015005
9,20270819,20290819,"cell_11","noise_robustness",8,2000,"fixed_6",6,3000,2,"ordinary","x1_wrong_sign_true_margin_010",0.143201100664985
9,20270819,20290819,"cell_11","noise_robustness",8,2000,"fixed_6",6,3000,2,"ordinary","x2_wrong_sign_true_margin_010",0.228349766873041
9,20270819,20290819,"cell_11","noise_robustness",8,2000,"fixed_6",6,3000,2,"ordinary","x1_wrong_sign_true_margin_025",0.00401929260450161
9,20270819,20290819,"cell_11","noise_robustness",8,2000,"fixed_6",6,3000,2,"ordinary","x2_wrong_sign_true_margin_025",0.259378349410504
9,20270819,20290819,"cell_11","noise_robustness",8,2000,"fixed_6",6,3000,2,"ordinary","mean_absolute_prediction_change",0.382441371378362
9,20270819,20290819,"cell_12","invariant_check",16,2000,"fixed_6",6,3000,1,"class_sampled","cate_correlation",1
9,20270819,20290819,"cell_12","invariant_check",16,2000,"fixed_6",6,3000,1,"class_sampled","cate_rank_correlation",1
9,20270819,20290819,"cell_12","invariant_check",16,2000,"fixed_6",6,3000,1,"class_sampled","sign_reversal",0
9,20270819,20290819,"cell_12","invariant_check",16,2000,"fixed_6",6,3000,1,"class_sampled","positive_to_negative",0
9,20270819,20290819,"cell_12","invariant_check",16,2000,"fixed_6",6,3000,1,"class_sampled","negative_to_positive",0
9,20270819,20290819,"cell_12","invariant_check",16,2000,"fixed_6",6,3000,1,"class_sampled","strong_reversal_010",0
9,20270819,20290819,"cell_12","invariant_check",16,2000,"fixed_6",6,3000,1,"class_sampled","strong_reversal_025",0
9,20270819,20290819,"cell_12","invariant_check",16,2000,"fixed_6",6,3000,1,"class_sampled","reversal_given_estimated_margin_010",0
9,20270819,20290819,"cell_12","invariant_check",16,2000,"fixed_6",6,3000,1,"class_sampled","reversal_given_estimated_margin_025",0
9,20270819,20290819,"cell_12","invariant_check",16,2000,"fixed_6",6,3000,1,"class_sampled","reversal_given_true_margin_010",0
9,20270819,20290819,"cell_12","invariant_check",16,2000,"fixed_6",6,3000,1,"class_sampled","reversal_given_true_margin_025",0
9,20270819,20290819,"cell_12","invariant_check",16,2000,"fixed_6",6,3000,1,"class_sampled","x1_wrong_sign_true_margin_010",0.0099747764274249
9,20270819,20290819,"cell_12","invariant_check",16,2000,"fixed_6",6,3000,1,"class_sampled","x2_wrong_sign_true_margin_010",0.0099747764274249
9,20270819,20290819,"cell_12","invariant_check",16,2000,"fixed_6",6,3000,1,"class_sampled","x1_wrong_sign_true_margin_025",0.000937834941050375
9,20270819,20290819,"cell_12","invariant_check",16,2000,"fixed_6",6,3000,1,"class_sampled","x2_wrong_sign_true_margin_025",0.000937834941050375
9,20270819,20290819,"cell_12","invariant_check",16,2000,"fixed_6",6,3000,1,"class_sampled","mean_absolute_prediction_change",0
10,20270820,20290820,"cell_01","dose_response",1,2000,"fixed_6",6,3000,1,"ordinary","cate_correlation",0.929014487396673
10,20270820,20290820,"cell_01","dose_response",1,2000,"fixed_6",6,3000,1,"ordinary","cate_rank_correlation",0.82265906581851
10,20270820,20290820,"cell_01","dose_response",1,2000,"fixed_6",6,3000,1,"ordinary","sign_reversal",0.191166666666667
10,20270820,20290820,"cell_01","dose_response",1,2000,"fixed_6",6,3000,1,"ordinary","positive_to_negative",0.0097
10,20270820,20290820,"cell_01","dose_response",1,2000,"fixed_6",6,3000,1,"ordinary","negative_to_positive",0.181466666666667
10,20270820,20290820,"cell_01","dose_response",1,2000,"fixed_6",6,3000,1,"ordinary","strong_reversal_010",0.0241
10,20270820,20290820,"cell_01","dose_response",1,2000,"fixed_6",6,3000,1,"ordinary","strong_reversal_025",0
10,20270820,20290820,"cell_01","dose_response",1,2000,"fixed_6",6,3000,1,"ordinary","reversal_given_estimated_margin_010",0.0360275064779749
10,20270820,20290820,"cell_01","dose_response",1,2000,"fixed_6",6,3000,1,"ordinary","reversal_given_estimated_margin_025",0
10,20270820,20290820,"cell_01","dose_response",1,2000,"fixed_6",6,3000,1,"ordinary","reversal_given_true_margin_010",0.110045836516425
10,20270820,20290820,"cell_01","dose_response",1,2000,"fixed_6",6,3000,1,"ordinary","reversal_given_true_margin_025",0.0129858538979874
10,20270820,20290820,"cell_01","dose_response",1,2000,"fixed_6",6,3000,1,"ordinary","x1_wrong_sign_true_margin_010",0.102597402597403
10,20270820,20290820,"cell_01","dose_response",1,2000,"fixed_6",6,3000,1,"ordinary","x2_wrong_sign_true_margin_010",0.0147822765469824
10,20270820,20290820,"cell_01","dose_response",1,2000,"fixed_6",6,3000,1,"ordinary","x1_wrong_sign_true_margin_025",0.00218662144674015
10,20270820,20290820,"cell_01","dose_response",1,2000,"fixed_6",6,3000,1,"ordinary","x2_wrong_sign_true_margin_025",0.0151724753447276
10,20270820,20290820,"cell_01","dose_response",1,2000,"fixed_6",6,3000,1,"ordinary","mean_absolute_prediction_change",0.149864898872623
10,20270820,20290820,"cell_02","dose_response",2,2000,"fixed_6",6,3000,1,"ordinary","cate_correlation",0.872081847265554
10,20270820,20290820,"cell_02","dose_response",2,2000,"fixed_6",6,3000,1,"ordinary","cate_rank_correlation",0.80263748081093
10,20270820,20290820,"cell_02","dose_response",2,2000,"fixed_6",6,3000,1,"ordinary","sign_reversal",0.2803
10,20270820,20290820,"cell_02","dose_response",2,2000,"fixed_6",6,3000,1,"ordinary","positive_to_negative",0.0531
10,20270820,20290820,"cell_02","dose_response",2,2000,"fixed_6",6,3000,1,"ordinary","negative_to_positive",0.2272
10,20270820,20290820,"cell_02","dose_response",2,2000,"fixed_6",6,3000,1,"ordinary","strong_reversal_010",0.1057
10,20270820,20290820,"cell_02","dose_response",2,2000,"fixed_6",6,3000,1,"ordinary","strong_reversal_025",0
10,20270820,20290820,"cell_02","dose_response",2,2000,"fixed_6",6,3000,1,"ordinary","reversal_given_estimated_margin_010",0.163276865248957
10,20270820,20290820,"cell_02","dose_response",2,2000,"fixed_6",6,3000,1,"ordinary","reversal_given_estimated_margin_025",0
10,20270820,20290820,"cell_02","dose_response",2,2000,"fixed_6",6,3000,1,"ordinary","reversal_given_true_margin_010",0.188846447669977
10,20270820,20290820,"cell_02","dose_response",2,2000,"fixed_6",6,3000,1,"ordinary","reversal_given_true_margin_025",0.0710875094827971
10,20270820,20290820,"cell_02","dose_response",2,2000,"fixed_6",6,3000,1,"ordinary","x1_wrong_sign_true_margin_010",0.131398013750955
10,20270820,20290820,"cell_02","dose_response",2,2000,"fixed_6",6,3000,1,"ordinary","x2_wrong_sign_true_margin_010",0.0642475171886937
10,20270820,20290820,"cell_02","dose_response",2,2000,"fixed_6",6,3000,1,"ordinary","x1_wrong_sign_true_margin_025",0.0024989959391316
10,20270820,20290820,"cell_02","dose_response",2,2000,"fixed_6",6,3000,1,"ordinary","x2_wrong_sign_true_margin_025",0.0735865054219287
10,20270820,20290820,"cell_02","dose_response",2,2000,"fixed_6",6,3000,1,"ordinary","mean_absolute_prediction_change",0.216544689727799
10,20270820,20290820,"cell_03","dose_response",4,2000,"fixed_6",6,3000,1,"ordinary","cate_correlation",0.801013964972926
10,20270820,20290820,"cell_03","dose_response",4,2000,"fixed_6",6,3000,1,"ordinary","cate_rank_correlation",0.796187430320208
10,20270820,20290820,"cell_03","dose_response",4,2000,"fixed_6",6,3000,1,"ordinary","sign_reversal",0.3989
10,20270820,20290820,"cell_03","dose_response",4,2000,"fixed_6",6,3000,1,"ordinary","positive_to_negative",0.154966666666667
10,20270820,20290820,"cell_03","dose_response",4,2000,"fixed_6",6,3000,1,"ordinary","negative_to_positive",0.243933333333333
10,20270820,20290820,"cell_03","dose_response",4,2000,"fixed_6",6,3000,1,"ordinary","strong_reversal_010",0.2266
10,20270820,20290820,"cell_03","dose_response",4,2000,"fixed_6",6,3000,1,"ordinary","strong_reversal_025",0.0146
10,20270820,20290820,"cell_03","dose_response",4,2000,"fixed_6",6,3000,1,"ordinary","reversal_given_estimated_margin_010",0.310637908974593
10,20270820,20290820,"cell_03","dose_response",4,2000,"fixed_6",6,3000,1,"ordinary","reversal_given_estimated_margin_025",0.0287930581120168
10,20270820,20290820,"cell_03","dose_response",4,2000,"fixed_6",6,3000,1,"ordinary","reversal_given_true_margin_010",0.315660809778457
10,20270820,20290820,"cell_03","dose_response",4,2000,"fixed_6",6,3000,1,"ordinary","reversal_given_true_margin_025",0.207461287875407
10,20270820,20290820,"cell_03","dose_response",4,2000,"fixed_6",6,3000,1,"ordinary","x1_wrong_sign_true_margin_010",0.14087089381207
10,20270820,20290820,"cell_03","dose_response",4,2000,"fixed_6",6,3000,1,"ordinary","x2_wrong_sign_true_margin_010",0.180366692131398
10,20270820,20290820,"cell_03","dose_response",4,2000,"fixed_6",6,3000,1,"ordinary","x1_wrong_sign_true_margin_025",0.00236512115667812
10,20270820,20290820,"cell_03","dose_response",4,2000,"fixed_6",6,3000,1,"ordinary","x2_wrong_sign_true_margin_025",0.209826409032085
10,20270820,20290820,"cell_03","dose_response",4,2000,"fixed_6",6,3000,1,"ordinary","mean_absolute_prediction_change",0.284430033092544
10,20270820,20290820,"cell_04","dose_response",8,2000,"fixed_6",6,3000,1,"ordinary","cate_correlation",0.744417778713335
10,20270820,20290820,"cell_04","dose_response",8,2000,"fixed_6",6,3000,1,"ordinary","cate_rank_correlation",0.789343264533937
10,20270820,20290820,"cell_04","dose_response",8,2000,"fixed_6",6,3000,1,"ordinary","sign_reversal",0.476533333333333
10,20270820,20290820,"cell_04","dose_response",8,2000,"fixed_6",6,3000,1,"ordinary","positive_to_negative",0.225833333333333
10,20270820,20290820,"cell_04","dose_response",8,2000,"fixed_6",6,3000,1,"ordinary","negative_to_positive",0.2507
10,20270820,20290820,"cell_04","dose_response",8,2000,"fixed_6",6,3000,1,"ordinary","strong_reversal_010",0.3018
10,20270820,20290820,"cell_04","dose_response",8,2000,"fixed_6",6,3000,1,"ordinary","strong_reversal_025",0.0407
10,20270820,20290820,"cell_04","dose_response",8,2000,"fixed_6",6,3000,1,"ordinary","reversal_given_estimated_margin_010",0.379209247780198
10,20270820,20290820,"cell_04","dose_response",8,2000,"fixed_6",6,3000,1,"ordinary","reversal_given_estimated_margin_025",0.0764032288342407
10,20270820,20290820,"cell_04","dose_response",8,2000,"fixed_6",6,3000,1,"ordinary","reversal_given_true_margin_010",0.401604278074866
10,20270820,20290820,"cell_04","dose_response",8,2000,"fixed_6",6,3000,1,"ordinary","reversal_given_true_margin_025",0.302333883707439
10,20270820,20290820,"cell_04","dose_response",8,2000,"fixed_6",6,3000,1,"ordinary","x1_wrong_sign_true_margin_010",0.144881588999236
10,20270820,20290820,"cell_04","dose_response",8,2000,"fixed_6",6,3000,1,"ordinary","x2_wrong_sign_true_margin_010",0.260847975553858
10,20270820,20290820,"cell_04","dose_response",8,2000,"fixed_6",6,3000,1,"ordinary","x1_wrong_sign_true_margin_025",0.00182962202686421
10,20270820,20290820,"cell_04","dose_response",8,2000,"fixed_6",6,3000,1,"ordinary","x2_wrong_sign_true_margin_025",0.304163505734303
10,20270820,20290820,"cell_04","dose_response",8,2000,"fixed_6",6,3000,1,"ordinary","mean_absolute_prediction_change",0.332587967384243
10,20270820,20290820,"cell_05","dose_response",16,2000,"fixed_6",6,3000,1,"ordinary","cate_correlation",0.679209782315116
10,20270820,20290820,"cell_05","dose_response",16,2000,"fixed_6",6,3000,1,"ordinary","cate_rank_correlation",0.783375927217084
10,20270820,20290820,"cell_05","dose_response",16,2000,"fixed_6",6,3000,1,"ordinary","sign_reversal",0.500333333333333
10,20270820,20290820,"cell_05","dose_response",16,2000,"fixed_6",6,3000,1,"ordinary","positive_to_negative",0.248333333333333
10,20270820,20290820,"cell_05","dose_response",16,2000,"fixed_6",6,3000,1,"ordinary","negative_to_positive",0.252
10,20270820,20290820,"cell_05","dose_response",16,2000,"fixed_6",6,3000,1,"ordinary","strong_reversal_010",0.381366666666667
10,20270820,20290820,"cell_05","dose_response",16,2000,"fixed_6",6,3000,1,"ordinary","strong_reversal_025",0.108633333333333
10,20270820,20290820,"cell_05","dose_response",16,2000,"fixed_6",6,3000,1,"ordinary","reversal_given_estimated_margin_010",0.435963876081241
10,20270820,20290820,"cell_05","dose_response",16,2000,"fixed_6",6,3000,1,"ordinary","reversal_given_estimated_margin_025",0.180934932267377
10,20270820,20290820,"cell_05","dose_response",16,2000,"fixed_6",6,3000,1,"ordinary","reversal_given_true_margin_010",0.42807486631016
10,20270820,20290820,"cell_05","dose_response",16,2000,"fixed_6",6,3000,1,"ordinary","reversal_given_true_margin_025",0.332455709759472
10,20270820,20290820,"cell_05","dose_response",16,2000,"fixed_6",6,3000,1,"ordinary","x1_wrong_sign_true_margin_010",0.145339954163484
10,20270820,20290820,"cell_05","dose_response",16,2000,"fixed_6",6,3000,1,"ordinary","x2_wrong_sign_true_margin_010",0.286401833460657
10,20270820,20290820,"cell_05","dose_response",16,2000,"fixed_6",6,3000,1,"ordinary","x1_wrong_sign_true_margin_025",0.00178499709937971
10,20270820,20290820,"cell_05","dose_response",16,2000,"fixed_6",6,3000,1,"ordinary","x2_wrong_sign_true_margin_025",0.334240706858851
10,20270820,20290820,"cell_05","dose_response",16,2000,"fixed_6",6,3000,1,"ordinary","mean_absolute_prediction_change",0.373645925107738
10,20270820,20290820,"cell_06","tree_robustness",8,800,"fixed_6",6,3000,1,"ordinary","cate_correlation",0.748271723220488
10,20270820,20290820,"cell_06","tree_robustness",8,800,"fixed_6",6,3000,1,"ordinary","cate_rank_correlation",0.785047500000719
10,20270820,20290820,"cell_06","tree_robustness",8,800,"fixed_6",6,3000,1,"ordinary","sign_reversal",0.465266666666667
10,20270820,20290820,"cell_06","tree_robustness",8,800,"fixed_6",6,3000,1,"ordinary","positive_to_negative",0.2147
10,20270820,20290820,"cell_06","tree_robustness",8,800,"fixed_6",6,3000,1,"ordinary","negative_to_positive",0.250566666666667
10,20270820,20290820,"cell_06","tree_robustness",8,800,"fixed_6",6,3000,1,"ordinary","strong_reversal_010",0.2903
10,20270820,20290820,"cell_06","tree_robustness",8,800,"fixed_6",6,3000,1,"ordinary","strong_reversal_025",0.0368
10,20270820,20290820,"cell_06","tree_robustness",8,800,"fixed_6",6,3000,1,"ordinary","reversal_given_estimated_margin_010",0.369903160040775
10,20270820,20290820,"cell_06","tree_robustness",8,800,"fixed_6",6,3000,1,"ordinary","reversal_given_estimated_margin_025",0.0695564516129032
10,20270820,20290820,"cell_06","tree_robustness",8,800,"fixed_6",6,3000,1,"ordinary","reversal_given_true_margin_010",0.388655462184874
10,20270820,20290820,"cell_06","tree_robustness",8,800,"fixed_6",6,3000,1,"ordinary","reversal_given_true_margin_025",0.287429157927618
10,20270820,20290820,"cell_06","tree_robustness",8,800,"fixed_6",6,3000,1,"ordinary","x1_wrong_sign_true_margin_010",0.144805194805195
10,20270820,20290820,"cell_06","tree_robustness",8,800,"fixed_6",6,3000,1,"ordinary","x2_wrong_sign_true_margin_010",0.248204736440031
10,20270820,20290820,"cell_06","tree_robustness",8,800,"fixed_6",6,3000,1,"ordinary","x1_wrong_sign_true_margin_025",0.00209737159177116
10,20270820,20290820,"cell_06","tree_robustness",8,800,"fixed_6",6,3000,1,"ordinary","x2_wrong_sign_true_margin_025",0.28952652951939
10,20270820,20290820,"cell_06","tree_robustness",8,800,"fixed_6",6,3000,1,"ordinary","mean_absolute_prediction_change",0.33253196640918
10,20270820,20290820,"cell_07","tree_robustness",8,5000,"fixed_6",6,3000,1,"ordinary","cate_correlation",0.738824310545806
10,20270820,20290820,"cell_07","tree_robustness",8,5000,"fixed_6",6,3000,1,"ordinary","cate_rank_correlation",0.791115030014128
10,20270820,20290820,"cell_07","tree_robustness",8,5000,"fixed_6",6,3000,1,"ordinary","sign_reversal",0.480966666666667
10,20270820,20290820,"cell_07","tree_robustness",8,5000,"fixed_6",6,3000,1,"ordinary","positive_to_negative",0.230266666666667
10,20270820,20290820,"cell_07","tree_robustness",8,5000,"fixed_6",6,3000,1,"ordinary","negative_to_positive",0.2507
10,20270820,20290820,"cell_07","tree_robustness",8,5000,"fixed_6",6,3000,1,"ordinary","strong_reversal_010",0.303566666666667
10,20270820,20290820,"cell_07","tree_robustness",8,5000,"fixed_6",6,3000,1,"ordinary","strong_reversal_025",0.0417333333333333
10,20270820,20290820,"cell_07","tree_robustness",8,5000,"fixed_6",6,3000,1,"ordinary","reversal_given_estimated_margin_010",0.380695594013878
10,20270820,20290820,"cell_07","tree_robustness",8,5000,"fixed_6",6,3000,1,"ordinary","reversal_given_estimated_margin_025",0.0782060091198701
10,20270820,20290820,"cell_07","tree_robustness",8,5000,"fixed_6",6,3000,1,"ordinary","reversal_given_true_margin_010",0.406646294881589
10,20270820,20290820,"cell_07","tree_robustness",8,5000,"fixed_6",6,3000,1,"ordinary","reversal_given_true_margin_025",0.308268999062877
10,20270820,20290820,"cell_07","tree_robustness",8,5000,"fixed_6",6,3000,1,"ordinary","x1_wrong_sign_true_margin_010",0.144728800611154
10,20270820,20290820,"cell_07","tree_robustness",8,5000,"fixed_6",6,3000,1,"ordinary","x2_wrong_sign_true_margin_010",0.265813598166539
10,20270820,20290820,"cell_07","tree_robustness",8,5000,"fixed_6",6,3000,1,"ordinary","x1_wrong_sign_true_margin_025",0.00169574724441073
10,20270820,20290820,"cell_07","tree_robustness",8,5000,"fixed_6",6,3000,1,"ordinary","x2_wrong_sign_true_margin_025",0.309964746307287
10,20270820,20290820,"cell_07","tree_robustness",8,5000,"fixed_6",6,3000,1,"ordinary","mean_absolute_prediction_change",0.334095591854427
10,20270820,20290820,"cell_08","default_mtry",8,2000,"grf_default",27,3000,1,"ordinary","cate_correlation",0.992114509833909
10,20270820,20290820,"cell_08","default_mtry",8,2000,"grf_default",27,3000,1,"ordinary","cate_rank_correlation",0.955190462060434
10,20270820,20290820,"cell_08","default_mtry",8,2000,"grf_default",27,3000,1,"ordinary","sign_reversal",0.0323333333333333
10,20270820,20290820,"cell_08","default_mtry",8,2000,"grf_default",27,3000,1,"ordinary","positive_to_negative",0.0025
10,20270820,20290820,"cell_08","default_mtry",8,2000,"grf_default",27,3000,1,"ordinary","negative_to_positive",0.0298333333333333
10,20270820,20290820,"cell_08","default_mtry",8,2000,"grf_default",27,3000,1,"ordinary","strong_reversal_010",7e-04
10,20270820,20290820,"cell_08","default_mtry",8,2000,"grf_default",27,3000,1,"ordinary","strong_reversal_025",0
10,20270820,20290820,"cell_08","default_mtry",8,2000,"grf_default",27,3000,1,"ordinary","reversal_given_estimated_margin_010",0.00086281276962899
10,20270820,20290820,"cell_08","default_mtry",8,2000,"grf_default",27,3000,1,"ordinary","reversal_given_estimated_margin_025",0
10,20270820,20290820,"cell_08","default_mtry",8,2000,"grf_default",27,3000,1,"ordinary","reversal_given_true_margin_010",0.017990832696715
10,20270820,20290820,"cell_08","default_mtry",8,2000,"grf_default",27,3000,1,"ordinary","reversal_given_true_margin_025",0.00334686956133696
10,20270820,20290820,"cell_08","default_mtry",8,2000,"grf_default",27,3000,1,"ordinary","x1_wrong_sign_true_margin_010",0.0215049656226127
10,20270820,20290820,"cell_08","default_mtry",8,2000,"grf_default",27,3000,1,"ordinary","x2_wrong_sign_true_margin_010",0.0092436974789916
10,20270820,20290820,"cell_08","default_mtry",8,2000,"grf_default",27,3000,1,"ordinary","x1_wrong_sign_true_margin_025",0.00343611941630595
10,20270820,20290820,"cell_08","default_mtry",8,2000,"grf_default",27,3000,1,"ordinary","x2_wrong_sign_true_margin_025",0.00678298897764291
10,20270820,20290820,"cell_08","default_mtry",8,2000,"grf_default",27,3000,1,"ordinary","mean_absolute_prediction_change",0.0789287429225747
10,20270820,20290820,"cell_09","larger_sample",8,2000,"fixed_6",6,10000,1,"ordinary","cate_correlation",0.86531377396031
10,20270820,20290820,"cell_09","larger_sample",8,2000,"fixed_6",6,10000,1,"ordinary","cate_rank_correlation",0.782668739029632
10,20270820,20290820,"cell_09","larger_sample",8,2000,"fixed_6",6,10000,1,"ordinary","sign_reversal",0.293033333333333
10,20270820,20290820,"cell_09","larger_sample",8,2000,"fixed_6",6,10000,1,"ordinary","positive_to_negative",0.0433333333333333
10,20270820,20290820,"cell_09","larger_sample",8,2000,"fixed_6",6,10000,1,"ordinary","negative_to_positive",0.2497
10,20270820,20290820,"cell_09","larger_sample",8,2000,"fixed_6",6,10000,1,"ordinary","strong_reversal_010",0.159933333333333
10,20270820,20290820,"cell_09","larger_sample",8,2000,"fixed_6",6,10000,1,"ordinary","strong_reversal_025",0.00406666666666667
10,20270820,20290820,"cell_09","larger_sample",8,2000,"fixed_6",6,10000,1,"ordinary","reversal_given_estimated_margin_010",0.239421157684631
10,20270820,20290820,"cell_09","larger_sample",8,2000,"fixed_6",6,10000,1,"ordinary","reversal_given_estimated_margin_025",0.00818901866022285
10,20270820,20290820,"cell_09","larger_sample",8,2000,"fixed_6",6,10000,1,"ordinary","reversal_given_true_margin_010",0.191596638655462
10,20270820,20290820,"cell_09","larger_sample",8,2000,"fixed_6",6,10000,1,"ordinary","reversal_given_true_margin_025",0.0580124057298407
10,20270820,20290820,"cell_09","larger_sample",8,2000,"fixed_6",6,10000,1,"ordinary","x1_wrong_sign_true_margin_010",0.143582887700535
10,20270820,20290820,"cell_09","larger_sample",8,2000,"fixed_6",6,10000,1,"ordinary","x2_wrong_sign_true_margin_010",0.0512987012987013
10,20270820,20290820,"cell_09","larger_sample",8,2000,"fixed_6",6,10000,1,"ordinary","x1_wrong_sign_true_margin_025",0.00133874782453479
10,20270820,20290820,"cell_09","larger_sample",8,2000,"fixed_6",6,10000,1,"ordinary","x2_wrong_sign_true_margin_025",0.0593511535543755
10,20270820,20290820,"cell_09","larger_sample",8,2000,"fixed_6",6,10000,1,"ordinary","mean_absolute_prediction_change",0.260212069703722
10,20270820,20290820,"cell_10","noise_robustness",8,2000,"fixed_6",6,3000,0.5,"ordinary","cate_correlation",0.812344202553235
10,20270820,20290820,"cell_10","noise_robustness",8,2000,"fixed_6",6,3000,0.5,"ordinary","cate_rank_correlation",0.7761798126642
10,20270820,20290820,"cell_10","noise_robustness",8,2000,"fixed_6",6,3000,0.5,"ordinary","sign_reversal",0.434666666666667
10,20270820,20290820,"cell_10","noise_robustness",8,2000,"fixed_6",6,3000,0.5,"ordinary","positive_to_negative",0.1828
10,20270820,20290820,"cell_10","noise_robustness",8,2000,"fixed_6",6,3000,0.5,"ordinary","negative_to_positive",0.251866666666667
10,20270820,20290820,"cell_10","noise_robustness",8,2000,"fixed_6",6,3000,0.5,"ordinary","strong_reversal_010",0.253366666666667
10,20270820,20290820,"cell_10","noise_robustness",8,2000,"fixed_6",6,3000,0.5,"ordinary","strong_reversal_025",0.0139333333333333
10,20270820,20290820,"cell_10","noise_robustness",8,2000,"fixed_6",6,3000,0.5,"ordinary","reversal_given_estimated_margin_010",0.339330357142857
10,20270820,20290820,"cell_10","noise_robustness",8,2000,"fixed_6",6,3000,0.5,"ordinary","reversal_given_estimated_margin_025",0.027538045984584
10,20270820,20290820,"cell_10","noise_robustness",8,2000,"fixed_6",6,3000,0.5,"ordinary","reversal_given_true_margin_010",0.352902979373568
10,20270820,20290820,"cell_10","noise_robustness",8,2000,"fixed_6",6,3000,0.5,"ordinary","reversal_given_true_margin_025",0.244723102324959
10,20270820,20290820,"cell_10","noise_robustness",8,2000,"fixed_6",6,3000,0.5,"ordinary","x1_wrong_sign_true_margin_010",0.144614209320092
10,20270820,20290820,"cell_10","noise_robustness",8,2000,"fixed_6",6,3000,0.5,"ordinary","x2_wrong_sign_true_margin_010",0.210656990068755
10,20270820,20290820,"cell_10","noise_robustness",8,2000,"fixed_6",6,3000,0.5,"ordinary","x1_wrong_sign_true_margin_025",0.00102637333214334
10,20270820,20290820,"cell_10","noise_robustness",8,2000,"fixed_6",6,3000,0.5,"ordinary","x2_wrong_sign_true_margin_025",0.245749475657102
10,20270820,20290820,"cell_10","noise_robustness",8,2000,"fixed_6",6,3000,0.5,"ordinary","mean_absolute_prediction_change",0.299232315567085
10,20270820,20290820,"cell_11","noise_robustness",8,2000,"fixed_6",6,3000,2,"ordinary","cate_correlation",0.58954848403024
10,20270820,20290820,"cell_11","noise_robustness",8,2000,"fixed_6",6,3000,2,"ordinary","cate_rank_correlation",0.744834022497371
10,20270820,20290820,"cell_11","noise_robustness",8,2000,"fixed_6",6,3000,2,"ordinary","sign_reversal",0.4597
10,20270820,20290820,"cell_11","noise_robustness",8,2000,"fixed_6",6,3000,2,"ordinary","positive_to_negative",0.225133333333333
10,20270820,20290820,"cell_11","noise_robustness",8,2000,"fixed_6",6,3000,2,"ordinary","negative_to_positive",0.234566666666667
10,20270820,20290820,"cell_11","noise_robustness",8,2000,"fixed_6",6,3000,2,"ordinary","strong_reversal_010",0.390566666666667
10,20270820,20290820,"cell_11","noise_robustness",8,2000,"fixed_6",6,3000,2,"ordinary","strong_reversal_025",0.137333333333333
10,20270820,20290820,"cell_11","noise_robustness",8,2000,"fixed_6",6,3000,2,"ordinary","reversal_given_estimated_margin_010",0.438494068335766
10,20270820,20290820,"cell_11","noise_robustness",8,2000,"fixed_6",6,3000,2,"ordinary","reversal_given_estimated_margin_025",0.219932739016708
10,20270820,20290820,"cell_11","noise_robustness",8,2000,"fixed_6",6,3000,2,"ordinary","reversal_given_true_margin_010",0.390794499618029
10,20270820,20290820,"cell_11","noise_robustness",8,2000,"fixed_6",6,3000,2,"ordinary","reversal_given_true_margin_025",0.301441385157749
10,20270820,20290820,"cell_11","noise_robustness",8,2000,"fixed_6",6,3000,2,"ordinary","x1_wrong_sign_true_margin_010",0.136554621848739
10,20270820,20290820,"cell_11","noise_robustness",8,2000,"fixed_6",6,3000,2,"ordinary","x2_wrong_sign_true_margin_010",0.261726508785332
10,20270820,20290820,"cell_11","noise_robustness",8,2000,"fixed_6",6,3000,2,"ordinary","x1_wrong_sign_true_margin_025",0.00321299477888348
10,20270820,20290820,"cell_11","noise_robustness",8,2000,"fixed_6",6,3000,2,"ordinary","x2_wrong_sign_true_margin_025",0.304565130081664
10,20270820,20290820,"cell_11","noise_robustness",8,2000,"fixed_6",6,3000,2,"ordinary","mean_absolute_prediction_change",0.363263294791232
10,20270820,20290820,"cell_12","invariant_check",16,2000,"fixed_6",6,3000,1,"class_sampled","cate_correlation",1
10,20270820,20290820,"cell_12","invariant_check",16,2000,"fixed_6",6,3000,1,"class_sampled","cate_rank_correlation",1
10,20270820,20290820,"cell_12","invariant_check",16,2000,"fixed_6",6,3000,1,"class_sampled","sign_reversal",0
10,20270820,20290820,"cell_12","invariant_check",16,2000,"fixed_6",6,3000,1,"class_sampled","positive_to_negative",0
10,20270820,20290820,"cell_12","invariant_check",16,2000,"fixed_6",6,3000,1,"class_sampled","negative_to_positive",0
10,20270820,20290820,"cell_12","invariant_check",16,2000,"fixed_6",6,3000,1,"class_sampled","strong_reversal_010",0
10,20270820,20290820,"cell_12","invariant_check",16,2000,"fixed_6",6,3000,1,"class_sampled","strong_reversal_025",0
10,20270820,20290820,"cell_12","invariant_check",16,2000,"fixed_6",6,3000,1,"class_sampled","reversal_given_estimated_margin_010",0
10,20270820,20290820,"cell_12","invariant_check",16,2000,"fixed_6",6,3000,1,"class_sampled","reversal_given_estimated_margin_025",0
10,20270820,20290820,"cell_12","invariant_check",16,2000,"fixed_6",6,3000,1,"class_sampled","reversal_given_true_margin_010",0
10,20270820,20290820,"cell_12","invariant_check",16,2000,"fixed_6",6,3000,1,"class_sampled","reversal_given_true_margin_025",0
10,20270820,20290820,"cell_12","invariant_check",16,2000,"fixed_6",6,3000,1,"class_sampled","x1_wrong_sign_true_margin_010",0.00912910618792972
10,20270820,20290820,"cell_12","invariant_check",16,2000,"fixed_6",6,3000,1,"class_sampled","x2_wrong_sign_true_margin_010",0.00912910618792972
10,20270820,20290820,"cell_12","invariant_check",16,2000,"fixed_6",6,3000,1,"class_sampled","x1_wrong_sign_true_margin_025",0.00548886608059262
10,20270820,20290820,"cell_12","invariant_check",16,2000,"fixed_6",6,3000,1,"class_sampled","x2_wrong_sign_true_margin_025",0.00548886608059262
10,20270820,20290820,"cell_12","invariant_check",16,2000,"fixed_6",6,3000,1,"class_sampled","mean_absolute_prediction_change",0
11,20270821,20290821,"cell_01","dose_response",1,2000,"fixed_6",6,3000,1,"ordinary","cate_correlation",0.939002161957117
11,20270821,20290821,"cell_01","dose_response",1,2000,"fixed_6",6,3000,1,"ordinary","cate_rank_correlation",0.890434582555594
11,20270821,20290821,"cell_01","dose_response",1,2000,"fixed_6",6,3000,1,"ordinary","sign_reversal",0.142133333333333
11,20270821,20290821,"cell_01","dose_response",1,2000,"fixed_6",6,3000,1,"ordinary","positive_to_negative",0.0019
11,20270821,20290821,"cell_01","dose_response",1,2000,"fixed_6",6,3000,1,"ordinary","negative_to_positive",0.140233333333333
11,20270821,20290821,"cell_01","dose_response",1,2000,"fixed_6",6,3000,1,"ordinary","strong_reversal_010",0.0087
11,20270821,20290821,"cell_01","dose_response",1,2000,"fixed_6",6,3000,1,"ordinary","strong_reversal_025",0
11,20270821,20290821,"cell_01","dose_response",1,2000,"fixed_6",6,3000,1,"ordinary","reversal_given_estimated_margin_010",0.0111643425442724
11,20270821,20290821,"cell_01","dose_response",1,2000,"fixed_6",6,3000,1,"ordinary","reversal_given_estimated_margin_025",0
11,20270821,20290821,"cell_01","dose_response",1,2000,"fixed_6",6,3000,1,"ordinary","reversal_given_true_margin_010",0.0848923604496094
11,20270821,20290821,"cell_01","dose_response",1,2000,"fixed_6",6,3000,1,"ordinary","reversal_given_true_margin_025",0.00262082444918266
11,20270821,20290821,"cell_01","dose_response",1,2000,"fixed_6",6,3000,1,"ordinary","x1_wrong_sign_true_margin_010",0.0866069727567156
11,20270821,20290821,"cell_01","dose_response",1,2000,"fixed_6",6,3000,1,"ordinary","x2_wrong_sign_true_margin_010",0.00186702228995999
11,20270821,20290821,"cell_01","dose_response",1,2000,"fixed_6",6,3000,1,"ordinary","x1_wrong_sign_true_margin_025",0.00333155650319829
11,20270821,20290821,"cell_01","dose_response",1,2000,"fixed_6",6,3000,1,"ordinary","x2_wrong_sign_true_margin_025",0.000888415067519545
11,20270821,20290821,"cell_01","dose_response",1,2000,"fixed_6",6,3000,1,"ordinary","mean_absolute_prediction_change",0.150153468254501
11,20270821,20290821,"cell_02","dose_response",2,2000,"fixed_6",6,3000,1,"ordinary","cate_correlation",0.888253861999
11,20270821,20290821,"cell_02","dose_response",2,2000,"fixed_6",6,3000,1,"ordinary","cate_rank_correlation",0.81901213420468
11,20270821,20290821,"cell_02","dose_response",2,2000,"fixed_6",6,3000,1,"ordinary","sign_reversal",0.2173
11,20270821,20290821,"cell_02","dose_response",2,2000,"fixed_6",6,3000,1,"ordinary","positive_to_negative",0.0016
11,20270821,20290821,"cell_02","dose_response",2,2000,"fixed_6",6,3000,1,"ordinary","negative_to_positive",0.2157
11,20270821,20290821,"cell_02","dose_response",2,2000,"fixed_6",6,3000,1,"ordinary","strong_reversal_010",0.0634
11,20270821,20290821,"cell_02","dose_response",2,2000,"fixed_6",6,3000,1,"ordinary","strong_reversal_025",0
11,20270821,20290821,"cell_02","dose_response",2,2000,"fixed_6",6,3000,1,"ordinary","reversal_given_estimated_margin_010",0.077493481095176
11,20270821,20290821,"cell_02","dose_response",2,2000,"fixed_6",6,3000,1,"ordinary","reversal_given_estimated_margin_025",0
11,20270821,20290821,"cell_02","dose_response",2,2000,"fixed_6",6,3000,1,"ordinary","reversal_given_true_margin_010",0.125242903410173
11,20270821,20290821,"cell_02","dose_response",2,2000,"fixed_6",6,3000,1,"ordinary","reversal_given_true_margin_025",0.00244314143567875
11,20270821,20290821,"cell_02","dose_response",2,2000,"fixed_6",6,3000,1,"ordinary","x1_wrong_sign_true_margin_010",0.125090493427319
11,20270821,20290821,"cell_02","dose_response",2,2000,"fixed_6",6,3000,1,"ordinary","x2_wrong_sign_true_margin_010",0.00114307487140408
11,20270821,20290821,"cell_02","dose_response",2,2000,"fixed_6",6,3000,1,"ordinary","x1_wrong_sign_true_margin_025",0.001954513148543
11,20270821,20290821,"cell_02","dose_response",2,2000,"fixed_6",6,3000,1,"ordinary","x2_wrong_sign_true_margin_025",0.00102167732764748
11,20270821,20290821,"cell_02","dose_response",2,2000,"fixed_6",6,3000,1,"ordinary","mean_absolute_prediction_change",0.212567780475426
11,20270821,20290821,"cell_03","dose_response",4,2000,"fixed_6",6,3000,1,"ordinary","cate_correlation",0.826030152783153
11,20270821,20290821,"cell_03","dose_response",4,2000,"fixed_6",6,3000,1,"ordinary","cate_rank_correlation",0.80247559035164
11,20270821,20290821,"cell_03","dose_response",4,2000,"fixed_6",6,3000,1,"ordinary","sign_reversal",0.2333
11,20270821,20290821,"cell_03","dose_response",4,2000,"fixed_6",6,3000,1,"ordinary","positive_to_negative",0.0044
11,20270821,20290821,"cell_03","dose_response",4,2000,"fixed_6",6,3000,1,"ordinary","negative_to_positive",0.2289
11,20270821,20290821,"cell_03","dose_response",4,2000,"fixed_6",6,3000,1,"ordinary","strong_reversal_010",0.187633333333333
11,20270821,20290821,"cell_03","dose_response",4,2000,"fixed_6",6,3000,1,"ordinary","strong_reversal_025",0.00276666666666667
11,20270821,20290821,"cell_03","dose_response",4,2000,"fixed_6",6,3000,1,"ordinary","reversal_given_estimated_margin_010",0.209318756507512
11,20270821,20290821,"cell_03","dose_response",4,2000,"fixed_6",6,3000,1,"ordinary","reversal_given_estimated_margin_025",0.0054897810701766
11,20270821,20290821,"cell_03","dose_response",4,2000,"fixed_6",6,3000,1,"ordinary","reversal_given_true_margin_010",0.135301962278529
11,20270821,20290821,"cell_03","dose_response",4,2000,"fixed_6",6,3000,1,"ordinary","reversal_given_true_margin_025",0.00626332622601279
11,20270821,20290821,"cell_03","dose_response",4,2000,"fixed_6",6,3000,1,"ordinary","x1_wrong_sign_true_margin_010",0.132101352638598
11,20270821,20290821,"cell_03","dose_response",4,2000,"fixed_6",6,3000,1,"ordinary","x2_wrong_sign_true_margin_010",0.00350542960563917
11,20270821,20290821,"cell_03","dose_response",4,2000,"fixed_6",6,3000,1,"ordinary","x1_wrong_sign_true_margin_025",0.00244314143567875
11,20270821,20290821,"cell_03","dose_response",4,2000,"fixed_6",6,3000,1,"ordinary","x2_wrong_sign_true_margin_025",0.00399786780383795
11,20270821,20290821,"cell_03","dose_response",4,2000,"fixed_6",6,3000,1,"ordinary","mean_absolute_prediction_change",0.273419258955357
11,20270821,20290821,"cell_04","dose_response",8,2000,"fixed_6",6,3000,1,"ordinary","cate_correlation",0.771261618939365
11,20270821,20290821,"cell_04","dose_response",8,2000,"fixed_6",6,3000,1,"ordinary","cate_rank_correlation",0.790962532193514
11,20270821,20290821,"cell_04","dose_response",8,2000,"fixed_6",6,3000,1,"ordinary","sign_reversal",0.2455
11,20270821,20290821,"cell_04","dose_response",8,2000,"fixed_6",6,3000,1,"ordinary","positive_to_negative",0.0121333333333333
11,20270821,20290821,"cell_04","dose_response",8,2000,"fixed_6",6,3000,1,"ordinary","negative_to_positive",0.233366666666667
11,20270821,20290821,"cell_04","dose_response",8,2000,"fixed_6",6,3000,1,"ordinary","strong_reversal_010",0.2234
11,20270821,20290821,"cell_04","dose_response",8,2000,"fixed_6",6,3000,1,"ordinary","strong_reversal_025",0.0171
11,20270821,20290821,"cell_04","dose_response",8,2000,"fixed_6",6,3000,1,"ordinary","reversal_given_estimated_margin_010",0.277734035058638
11,20270821,20290821,"cell_04","dose_response",8,2000,"fixed_6",6,3000,1,"ordinary","reversal_given_estimated_margin_025",0.0333354993826759
11,20270821,20290821,"cell_04","dose_response",8,2000,"fixed_6",6,3000,1,"ordinary","reversal_given_true_margin_010",0.146694608496857
11,20270821,20290821,"cell_04","dose_response",8,2000,"fixed_6",6,3000,1,"ordinary","reversal_given_true_margin_025",0.0167910447761194
11,20270821,20290821,"cell_04","dose_response",8,2000,"fixed_6",6,3000,1,"ordinary","x1_wrong_sign_true_margin_010",0.133968374928558
11,20270821,20290821,"cell_04","dose_response",8,2000,"fixed_6",6,3000,1,"ordinary","x2_wrong_sign_true_margin_010",0.0128024385597257
11,20270821,20290821,"cell_04","dose_response",8,2000,"fixed_6",6,3000,1,"ordinary","x1_wrong_sign_true_margin_025",0.001954513148543
11,20270821,20290821,"cell_04","dose_response",8,2000,"fixed_6",6,3000,1,"ordinary","x2_wrong_sign_true_margin_025",0.0149253731343284
11,20270821,20290821,"cell_04","dose_response",8,2000,"fixed_6",6,3000,1,"ordinary","mean_absolute_prediction_change",0.319641829722165
11,20270821,20290821,"cell_05","dose_response",16,2000,"fixed_6",6,3000,1,"ordinary","cate_correlation",0.711969530739941
11,20270821,20290821,"cell_05","dose_response",16,2000,"fixed_6",6,3000,1,"ordinary","cate_rank_correlation",0.779271810873413
11,20270821,20290821,"cell_05","dose_response",16,2000,"fixed_6",6,3000,1,"ordinary","sign_reversal",0.283666666666667
11,20270821,20290821,"cell_05","dose_response",16,2000,"fixed_6",6,3000,1,"ordinary","positive_to_negative",0.0490666666666667
11,20270821,20290821,"cell_05","dose_response",16,2000,"fixed_6",6,3000,1,"ordinary","negative_to_positive",0.2346
11,20270821,20290821,"cell_05","dose_response",16,2000,"fixed_6",6,3000,1,"ordinary","strong_reversal_010",0.231933333333333
11,20270821,20290821,"cell_05","dose_response",16,2000,"fixed_6",6,3000,1,"ordinary","strong_reversal_025",0.0465333333333333
11,20270821,20290821,"cell_05","dose_response",16,2000,"fixed_6",6,3000,1,"ordinary","reversal_given_estimated_margin_010",0.309657320872274
11,20270821,20290821,"cell_05","dose_response",16,2000,"fixed_6",6,3000,1,"ordinary","reversal_given_estimated_margin_025",0.0860931236509405
11,20270821,20290821,"cell_05","dose_response",16,2000,"fixed_6",6,3000,1,"ordinary","reversal_given_true_margin_010",0.189636121165936
11,20270821,20290821,"cell_05","dose_response",16,2000,"fixed_6",6,3000,1,"ordinary","reversal_given_true_margin_025",0.0661869225302061
11,20270821,20290821,"cell_05","dose_response",16,2000,"fixed_6",6,3000,1,"ordinary","x1_wrong_sign_true_margin_010",0.134844732329968
11,20270821,20290821,"cell_05","dose_response",16,2000,"fixed_6",6,3000,1,"ordinary","x2_wrong_sign_true_margin_010",0.0548675938273957
11,20270821,20290821,"cell_05","dose_response",16,2000,"fixed_6",6,3000,1,"ordinary","x1_wrong_sign_true_margin_025",0.00230987917555082
11,20270821,20290821,"cell_05","dose_response",16,2000,"fixed_6",6,3000,1,"ordinary","x2_wrong_sign_true_margin_025",0.0639658848614073
11,20270821,20290821,"cell_05","dose_response",16,2000,"fixed_6",6,3000,1,"ordinary","mean_absolute_prediction_change",0.362239363208447
11,20270821,20290821,"cell_06","tree_robustness",8,800,"fixed_6",6,3000,1,"ordinary","cate_correlation",0.770039689286111
11,20270821,20290821,"cell_06","tree_robustness",8,800,"fixed_6",6,3000,1,"ordinary","cate_rank_correlation",0.787224748080472
11,20270821,20290821,"cell_06","tree_robustness",8,800,"fixed_6",6,3000,1,"ordinary","sign_reversal",0.2473
11,20270821,20290821,"cell_06","tree_robustness",8,800,"fixed_6",6,3000,1,"ordinary","positive_to_negative",0.0149666666666667
11,20270821,20290821,"cell_06","tree_robustness",8,800,"fixed_6",6,3000,1,"ordinary","negative_to_positive",0.232333333333333
11,20270821,20290821,"cell_06","tree_robustness",8,800,"fixed_6",6,3000,1,"ordinary","strong_reversal_010",0.221033333333333
11,20270821,20290821,"cell_06","tree_robustness",8,800,"fixed_6",6,3000,1,"ordinary","strong_reversal_025",0.0171
11,20270821,20290821,"cell_06","tree_robustness",8,800,"fixed_6",6,3000,1,"ordinary","reversal_given_estimated_margin_010",0.275763120685353
11,20270821,20290821,"cell_06","tree_robustness",8,800,"fixed_6",6,3000,1,"ordinary","reversal_given_estimated_margin_025",0.033300876338851
11,20270821,20290821,"cell_06","tree_robustness",8,800,"fixed_6",6,3000,1,"ordinary","reversal_given_true_margin_010",0.149399885692513
11,20270821,20290821,"cell_06","tree_robustness",8,800,"fixed_6",6,3000,1,"ordinary","reversal_given_true_margin_025",0.0204335465529495
11,20270821,20290821,"cell_06","tree_robustness",8,800,"fixed_6",6,3000,1,"ordinary","x1_wrong_sign_true_margin_010",0.133473042484283
11,20270821,20290821,"cell_06","tree_robustness",8,800,"fixed_6",6,3000,1,"ordinary","x2_wrong_sign_true_margin_010",0.016155458182511
11,20270821,20290821,"cell_06","tree_robustness",8,800,"fixed_6",6,3000,1,"ordinary","x1_wrong_sign_true_margin_025",0.00182125088841507
11,20270821,20290821,"cell_06","tree_robustness",8,800,"fixed_6",6,3000,1,"ordinary","x2_wrong_sign_true_margin_025",0.0187899786780384
11,20270821,20290821,"cell_06","tree_robustness",8,800,"fixed_6",6,3000,1,"ordinary","mean_absolute_prediction_change",0.322476955912451
11,20270821,20290821,"cell_07","tree_robustness",8,5000,"fixed_6",6,3000,1,"ordinary","cate_correlation",0.764251991350309
11,20270821,20290821,"cell_07","tree_robustness",8,5000,"fixed_6",6,3000,1,"ordinary","cate_rank_correlation",0.792032587425814
11,20270821,20290821,"cell_07","tree_robustness",8,5000,"fixed_6",6,3000,1,"ordinary","sign_reversal",0.2464
11,20270821,20290821,"cell_07","tree_robustness",8,5000,"fixed_6",6,3000,1,"ordinary","positive_to_negative",0.0131
11,20270821,20290821,"cell_07","tree_robustness",8,5000,"fixed_6",6,3000,1,"ordinary","negative_to_positive",0.2333
11,20270821,20290821,"cell_07","tree_robustness",8,5000,"fixed_6",6,3000,1,"ordinary","strong_reversal_010",0.224133333333333
11,20270821,20290821,"cell_07","tree_robustness",8,5000,"fixed_6",6,3000,1,"ordinary","strong_reversal_025",0.0179
11,20270821,20290821,"cell_07","tree_robustness",8,5000,"fixed_6",6,3000,1,"ordinary","reversal_given_estimated_margin_010",0.279293873312565
11,20270821,20290821,"cell_07","tree_robustness",8,5000,"fixed_6",6,3000,1,"ordinary","reversal_given_estimated_margin_025",0.0348475016223232
11,20270821,20290821,"cell_07","tree_robustness",8,5000,"fixed_6",6,3000,1,"ordinary","reversal_given_true_margin_010",0.147685273385407
11,20270821,20290821,"cell_07","tree_robustness",8,5000,"fixed_6",6,3000,1,"ordinary","reversal_given_true_margin_025",0.0179904051172708
11,20270821,20290821,"cell_07","tree_robustness",8,5000,"fixed_6",6,3000,1,"ordinary","x1_wrong_sign_true_margin_010",0.134273194894266
11,20270821,20290821,"cell_07","tree_robustness",8,5000,"fixed_6",6,3000,1,"ordinary","x2_wrong_sign_true_margin_010",0.0134882834825681
11,20270821,20290821,"cell_07","tree_robustness",8,5000,"fixed_6",6,3000,1,"ordinary","x1_wrong_sign_true_margin_025",0.00235429992892679
11,20270821,20290821,"cell_07","tree_robustness",8,5000,"fixed_6",6,3000,1,"ordinary","x2_wrong_sign_true_margin_025",0.015724946695096
11,20270821,20290821,"cell_07","tree_robustness",8,5000,"fixed_6",6,3000,1,"ordinary","mean_absolute_prediction_change",0.324084607367689
11,20270821,20290821,"cell_08","default_mtry",8,2000,"grf_default",27,3000,1,"ordinary","cate_correlation",0.99409667089805
11,20270821,20290821,"cell_08","default_mtry",8,2000,"grf_default",27,3000,1,"ordinary","cate_rank_correlation",0.988381827248869
11,20270821,20290821,"cell_08","default_mtry",8,2000,"grf_default",27,3000,1,"ordinary","sign_reversal",0.0228333333333333
11,20270821,20290821,"cell_08","default_mtry",8,2000,"grf_default",27,3000,1,"ordinary","positive_to_negative",1e-04
11,20270821,20290821,"cell_08","default_mtry",8,2000,"grf_default",27,3000,1,"ordinary","negative_to_positive",0.0227333333333333
11,20270821,20290821,"cell_08","default_mtry",8,2000,"grf_default",27,3000,1,"ordinary","strong_reversal_010",6.66666666666667e-05
11,20270821,20290821,"cell_08","default_mtry",8,2000,"grf_default",27,3000,1,"ordinary","strong_reversal_025",0
11,20270821,20290821,"cell_08","default_mtry",8,2000,"grf_default",27,3000,1,"ordinary","reversal_given_estimated_margin_010",8.01603206412826e-05
11,20270821,20290821,"cell_08","default_mtry",8,2000,"grf_default",27,3000,1,"ordinary","reversal_given_estimated_margin_025",0
11,20270821,20290821,"cell_08","default_mtry",8,2000,"grf_default",27,3000,1,"ordinary","reversal_given_true_margin_010",0.0137931034482759
11,20270821,20290821,"cell_08","default_mtry",8,2000,"grf_default",27,3000,1,"ordinary","reversal_given_true_margin_025",0.000133262260127932
11,20270821,20290821,"cell_08","default_mtry",8,2000,"grf_default",27,3000,1,"ordinary","x1_wrong_sign_true_margin_010",0.0189750428653077
11,20270821,20290821,"cell_08","default_mtry",8,2000,"grf_default",27,3000,1,"ordinary","x2_wrong_sign_true_margin_010",0.00518193941703182
11,20270821,20290821,"cell_08","default_mtry",8,2000,"grf_default",27,3000,1,"ordinary","x1_wrong_sign_true_margin_025",0.000399786780383795
11,20270821,20290821,"cell_08","default_mtry",8,2000,"grf_default",27,3000,1,"ordinary","x2_wrong_sign_true_margin_025",0.000266524520255864
11,20270821,20290821,"cell_08","default_mtry",8,2000,"grf_default",27,3000,1,"ordinary","mean_absolute_prediction_change",0.0749353374690346
11,20270821,20290821,"cell_09","larger_sample",8,2000,"fixed_6",6,10000,1,"ordinary","cate_correlation",0.872333991477801
11,20270821,20290821,"cell_09","larger_sample",8,2000,"fixed_6",6,10000,1,"ordinary","cate_rank_correlation",0.776046684204052
11,20270821,20290821,"cell_09","larger_sample",8,2000,"fixed_6",6,10000,1,"ordinary","sign_reversal",0.2626
11,20270821,20290821,"cell_09","larger_sample",8,2000,"fixed_6",6,10000,1,"ordinary","positive_to_negative",0.0163666666666667
11,20270821,20290821,"cell_09","larger_sample",8,2000,"fixed_6",6,10000,1,"ordinary","negative_to_positive",0.246233333333333
11,20270821,20290821,"cell_09","larger_sample",8,2000,"fixed_6",6,10000,1,"ordinary","strong_reversal_010",0.210266666666667
11,20270821,20290821,"cell_09","larger_sample",8,2000,"fixed_6",6,10000,1,"ordinary","strong_reversal_025",0.0069
11,20270821,20290821,"cell_09","larger_sample",8,2000,"fixed_6",6,10000,1,"ordinary","reversal_given_estimated_margin_010",0.281243033572607
11,20270821,20290821,"cell_09","larger_sample",8,2000,"fixed_6",6,10000,1,"ordinary","reversal_given_estimated_margin_025",0.013591595535128
11,20270821,20290821,"cell_09","larger_sample",8,2000,"fixed_6",6,10000,1,"ordinary","reversal_given_true_margin_010",0.15881120213374
11,20270821,20290821,"cell_09","larger_sample",8,2000,"fixed_6",6,10000,1,"ordinary","reversal_given_true_margin_025",0.0220771144278607
11,20270821,20290821,"cell_09","larger_sample",8,2000,"fixed_6",6,10000,1,"ordinary","x1_wrong_sign_true_margin_010",0.140293389216994
11,20270821,20290821,"cell_09","larger_sample",8,2000,"fixed_6",6,10000,1,"ordinary","x2_wrong_sign_true_margin_010",0.018517812916746
11,20270821,20290821,"cell_09","larger_sample",8,2000,"fixed_6",6,10000,1,"ordinary","x1_wrong_sign_true_margin_025",0.00048862828713575
11,20270821,20290821,"cell_09","larger_sample",8,2000,"fixed_6",6,10000,1,"ordinary","x2_wrong_sign_true_margin_025",0.0215884861407249
11,20270821,20290821,"cell_09","larger_sample",8,2000,"fixed_6",6,10000,1,"ordinary","mean_absolute_prediction_change",0.255976377741938
11,20270821,20290821,"cell_10","noise_robustness",8,2000,"fixed_6",6,3000,0.5,"ordinary","cate_correlation",0.832323411190548
11,20270821,20290821,"cell_10","noise_robustness",8,2000,"fixed_6",6,3000,0.5,"ordinary","cate_rank_correlation",0.780953275494837
11,20270821,20290821,"cell_10","noise_robustness",8,2000,"fixed_6",6,3000,0.5,"ordinary","sign_reversal",0.2489
11,20270821,20290821,"cell_10","noise_robustness",8,2000,"fixed_6",6,3000,0.5,"ordinary","positive_to_negative",0.00393333333333333
11,20270821,20290821,"cell_10","noise_robustness",8,2000,"fixed_6",6,3000,0.5,"ordinary","negative_to_positive",0.244966666666667
11,20270821,20290821,"cell_10","noise_robustness",8,2000,"fixed_6",6,3000,0.5,"ordinary","strong_reversal_010",0.235166666666667
11,20270821,20290821,"cell_10","noise_robustness",8,2000,"fixed_6",6,3000,0.5,"ordinary","strong_reversal_025",0.00636666666666667
11,20270821,20290821,"cell_10","noise_robustness",8,2000,"fixed_6",6,3000,0.5,"ordinary","reversal_given_estimated_margin_010",0.309606354500373
11,20270821,20290821,"cell_10","noise_robustness",8,2000,"fixed_6",6,3000,0.5,"ordinary","reversal_given_estimated_margin_025",0.0125410374261326
11,20270821,20290821,"cell_10","noise_robustness",8,2000,"fixed_6",6,3000,0.5,"ordinary","reversal_given_true_margin_010",0.143722613831206
11,20270821,20290821,"cell_10","noise_robustness",8,2000,"fixed_6",6,3000,0.5,"ordinary","reversal_given_true_margin_025",0.00524164889836532
11,20270821,20290821,"cell_10","noise_robustness",8,2000,"fixed_6",6,3000,0.5,"ordinary","x1_wrong_sign_true_margin_010",0.139988569251286
11,20270821,20290821,"cell_10","noise_robustness",8,2000,"fixed_6",6,3000,0.5,"ordinary","x2_wrong_sign_true_margin_010",0.00411506953705468
11,20270821,20290821,"cell_10","noise_robustness",8,2000,"fixed_6",6,3000,0.5,"ordinary","x1_wrong_sign_true_margin_025",0.000666311300639659
11,20270821,20290821,"cell_10","noise_robustness",8,2000,"fixed_6",6,3000,0.5,"ordinary","x2_wrong_sign_true_margin_025",0.00457533759772566
11,20270821,20290821,"cell_10","noise_robustness",8,2000,"fixed_6",6,3000,0.5,"ordinary","mean_absolute_prediction_change",0.284080059863717
11,20270821,20290821,"cell_11","noise_robustness",8,2000,"fixed_6",6,3000,2,"ordinary","cate_correlation",0.644839351301166
11,20270821,20290821,"cell_11","noise_robustness",8,2000,"fixed_6",6,3000,2,"ordinary","cate_rank_correlation",0.7666799575452
11,20270821,20290821,"cell_11","noise_robustness",8,2000,"fixed_6",6,3000,2,"ordinary","sign_reversal",0.239133333333333
11,20270821,20290821,"cell_11","noise_robustness",8,2000,"fixed_6",6,3000,2,"ordinary","positive_to_negative",0.0173333333333333
11,20270821,20290821,"cell_11","noise_robustness",8,2000,"fixed_6",6,3000,2,"ordinary","negative_to_positive",0.2218
11,20270821,20290821,"cell_11","noise_robustness",8,2000,"fixed_6",6,3000,2,"ordinary","strong_reversal_010",0.205666666666667
11,20270821,20290821,"cell_11","noise_robustness",8,2000,"fixed_6",6,3000,2,"ordinary","strong_reversal_025",0.0572333333333333
11,20270821,20290821,"cell_11","noise_robustness",8,2000,"fixed_6",6,3000,2,"ordinary","reversal_given_estimated_margin_010",0.229155060352832
11,20270821,20290821,"cell_11","noise_robustness",8,2000,"fixed_6",6,3000,2,"ordinary","reversal_given_estimated_margin_025",0.104250151791135
11,20270821,20290821,"cell_11","noise_robustness",8,2000,"fixed_6",6,3000,2,"ordinary","reversal_given_true_margin_010",0.14684701847971
11,20270821,20290821,"cell_11","noise_robustness",8,2000,"fixed_6",6,3000,2,"ordinary","reversal_given_true_margin_025",0.0250533049040512
11,20270821,20290821,"cell_11","noise_robustness",8,2000,"fixed_6",6,3000,2,"ordinary","x1_wrong_sign_true_margin_010",0.143798818822633
11,20270821,20290821,"cell_11","noise_robustness",8,2000,"fixed_6",6,3000,2,"ordinary","x2_wrong_sign_true_margin_010",0.0114307487140408
11,20270821,20290821,"cell_11","noise_robustness",8,2000,"fixed_6",6,3000,2,"ordinary","x1_wrong_sign_true_margin_025",0.021499644633973
11,20270821,20290821,"cell_11","noise_robustness",8,2000,"fixed_6",6,3000,2,"ordinary","x2_wrong_sign_true_margin_025",0.0133262260127932
11,20270821,20290821,"cell_11","noise_robustness",8,2000,"fixed_6",6,3000,2,"ordinary","mean_absolute_prediction_change",0.36799191260832
11,20270821,20290821,"cell_12","invariant_check",16,2000,"fixed_6",6,3000,1,"class_sampled","cate_correlation",1
11,20270821,20290821,"cell_12","invariant_check",16,2000,"fixed_6",6,3000,1,"class_sampled","cate_rank_correlation",1
11,20270821,20290821,"cell_12","invariant_check",16,2000,"fixed_6",6,3000,1,"class_sampled","sign_reversal",0
11,20270821,20290821,"cell_12","invariant_check",16,2000,"fixed_6",6,3000,1,"class_sampled","positive_to_negative",0
11,20270821,20290821,"cell_12","invariant_check",16,2000,"fixed_6",6,3000,1,"class_sampled","negative_to_positive",0
11,20270821,20290821,"cell_12","invariant_check",16,2000,"fixed_6",6,3000,1,"class_sampled","strong_reversal_010",0
11,20270821,20290821,"cell_12","invariant_check",16,2000,"fixed_6",6,3000,1,"class_sampled","strong_reversal_025",0
11,20270821,20290821,"cell_12","invariant_check",16,2000,"fixed_6",6,3000,1,"class_sampled","reversal_given_estimated_margin_010",0
11,20270821,20290821,"cell_12","invariant_check",16,2000,"fixed_6",6,3000,1,"class_sampled","reversal_given_estimated_margin_025",0
11,20270821,20290821,"cell_12","invariant_check",16,2000,"fixed_6",6,3000,1,"class_sampled","reversal_given_true_margin_010",0
11,20270821,20290821,"cell_12","invariant_check",16,2000,"fixed_6",6,3000,1,"class_sampled","reversal_given_true_margin_025",0
11,20270821,20290821,"cell_12","invariant_check",16,2000,"fixed_6",6,3000,1,"class_sampled","x1_wrong_sign_true_margin_010",0.00441988950276243
11,20270821,20290821,"cell_12","invariant_check",16,2000,"fixed_6",6,3000,1,"class_sampled","x2_wrong_sign_true_margin_010",0.00441988950276243
11,20270821,20290821,"cell_12","invariant_check",16,2000,"fixed_6",6,3000,1,"class_sampled","x1_wrong_sign_true_margin_025",0.00124378109452736
11,20270821,20290821,"cell_12","invariant_check",16,2000,"fixed_6",6,3000,1,"class_sampled","x2_wrong_sign_true_margin_025",0.00124378109452736
11,20270821,20290821,"cell_12","invariant_check",16,2000,"fixed_6",6,3000,1,"class_sampled","mean_absolute_prediction_change",0
12,20270822,20290822,"cell_01","dose_response",1,2000,"fixed_6",6,3000,1,"ordinary","cate_correlation",0.941481767680937
12,20270822,20290822,"cell_01","dose_response",1,2000,"fixed_6",6,3000,1,"ordinary","cate_rank_correlation",0.884539509464155
12,20270822,20290822,"cell_01","dose_response",1,2000,"fixed_6",6,3000,1,"ordinary","sign_reversal",0.2218
12,20270822,20290822,"cell_01","dose_response",1,2000,"fixed_6",6,3000,1,"ordinary","positive_to_negative",0.00186666666666667
12,20270822,20290822,"cell_01","dose_response",1,2000,"fixed_6",6,3000,1,"ordinary","negative_to_positive",0.219933333333333
12,20270822,20290822,"cell_01","dose_response",1,2000,"fixed_6",6,3000,1,"ordinary","strong_reversal_010",0.0483666666666667
12,20270822,20290822,"cell_01","dose_response",1,2000,"fixed_6",6,3000,1,"ordinary","strong_reversal_025",0
12,20270822,20290822,"cell_01","dose_response",1,2000,"fixed_6",6,3000,1,"ordinary","reversal_given_estimated_margin_010",0.0619529482088724
12,20270822,20290822,"cell_01","dose_response",1,2000,"fixed_6",6,3000,1,"ordinary","reversal_given_estimated_margin_025",0
12,20270822,20290822,"cell_01","dose_response",1,2000,"fixed_6",6,3000,1,"ordinary","reversal_given_true_margin_010",0.127077707200183
12,20270822,20290822,"cell_01","dose_response",1,2000,"fixed_6",6,3000,1,"ordinary","reversal_given_true_margin_025",0.00248634728943746
12,20270822,20290822,"cell_01","dose_response",1,2000,"fixed_6",6,3000,1,"ordinary","x1_wrong_sign_true_margin_010",0.129930394431555
12,20270822,20290822,"cell_01","dose_response",1,2000,"fixed_6",6,3000,1,"ordinary","x2_wrong_sign_true_margin_010",0.00703662850405082
12,20270822,20290822,"cell_01","dose_response",1,2000,"fixed_6",6,3000,1,"ordinary","x1_wrong_sign_true_margin_025",0.000577187763619411
12,20270822,20290822,"cell_01","dose_response",1,2000,"fixed_6",6,3000,1,"ordinary","x2_wrong_sign_true_margin_025",0.00297473693557697
12,20270822,20290822,"cell_01","dose_response",1,2000,"fixed_6",6,3000,1,"ordinary","mean_absolute_prediction_change",0.150771942014632
12,20270822,20290822,"cell_02","dose_response",2,2000,"fixed_6",6,3000,1,"ordinary","cate_correlation",0.88825153488929
12,20270822,20290822,"cell_02","dose_response",2,2000,"fixed_6",6,3000,1,"ordinary","cate_rank_correlation",0.823511421107013
12,20270822,20290822,"cell_02","dose_response",2,2000,"fixed_6",6,3000,1,"ordinary","sign_reversal",0.243633333333333
12,20270822,20290822,"cell_02","dose_response",2,2000,"fixed_6",6,3000,1,"ordinary","positive_to_negative",0.008
12,20270822,20290822,"cell_02","dose_response",2,2000,"fixed_6",6,3000,1,"ordinary","negative_to_positive",0.235633333333333
12,20270822,20290822,"cell_02","dose_response",2,2000,"fixed_6",6,3000,1,"ordinary","strong_reversal_010",0.1934
12,20270822,20290822,"cell_02","dose_response",2,2000,"fixed_6",6,3000,1,"ordinary","strong_reversal_025",0
12,20270822,20290822,"cell_02","dose_response",2,2000,"fixed_6",6,3000,1,"ordinary","reversal_given_estimated_margin_010",0.230037269050829
12,20270822,20290822,"cell_02","dose_response",2,2000,"fixed_6",6,3000,1,"ordinary","reversal_given_estimated_margin_025",0
12,20270822,20290822,"cell_02","dose_response",2,2000,"fixed_6",6,3000,1,"ordinary","reversal_given_true_margin_010",0.144117758928911
12,20270822,20290822,"cell_02","dose_response",2,2000,"fixed_6",6,3000,1,"ordinary","reversal_given_true_margin_025",0.0106557740975891
12,20270822,20290822,"cell_02","dose_response",2,2000,"fixed_6",6,3000,1,"ordinary","x1_wrong_sign_true_margin_010",0.139249172720703
12,20270822,20290822,"cell_02","dose_response",2,2000,"fixed_6",6,3000,1,"ordinary","x2_wrong_sign_true_margin_010",0.0133125404130691
12,20270822,20290822,"cell_02","dose_response",2,2000,"fixed_6",6,3000,1,"ordinary","x1_wrong_sign_true_margin_025",0.000799183057319185
12,20270822,20290822,"cell_02","dose_response",2,2000,"fixed_6",6,3000,1,"ordinary","x2_wrong_sign_true_margin_025",0.0113661590374284
12,20270822,20290822,"cell_02","dose_response",2,2000,"fixed_6",6,3000,1,"ordinary","mean_absolute_prediction_change",0.213176805800964
12,20270822,20290822,"cell_03","dose_response",4,2000,"fixed_6",6,3000,1,"ordinary","cate_correlation",0.831337952463938
12,20270822,20290822,"cell_03","dose_response",4,2000,"fixed_6",6,3000,1,"ordinary","cate_rank_correlation",0.809806042276673
12,20270822,20290822,"cell_03","dose_response",4,2000,"fixed_6",6,3000,1,"ordinary","sign_reversal",0.291566666666667
12,20270822,20290822,"cell_03","dose_response",4,2000,"fixed_6",6,3000,1,"ordinary","positive_to_negative",0.0508
12,20270822,20290822,"cell_03","dose_response",4,2000,"fixed_6",6,3000,1,"ordinary","negative_to_positive",0.240766666666667
12,20270822,20290822,"cell_03","dose_response",4,2000,"fixed_6",6,3000,1,"ordinary","strong_reversal_010",0.2335
12,20270822,20290822,"cell_03","dose_response",4,2000,"fixed_6",6,3000,1,"ordinary","strong_reversal_025",0.0124333333333333
12,20270822,20290822,"cell_03","dose_response",4,2000,"fixed_6",6,3000,1,"ordinary","reversal_given_estimated_margin_010",0.305175568528361
12,20270822,20290822,"cell_03","dose_response",4,2000,"fixed_6",6,3000,1,"ordinary","reversal_given_estimated_margin_025",0.0239886809441122
12,20270822,20290822,"cell_03","dose_response",4,2000,"fixed_6",6,3000,1,"ordinary","reversal_given_true_margin_010",0.196302917348142
12,20270822,20290822,"cell_03","dose_response",4,2000,"fixed_6",6,3000,1,"ordinary","reversal_given_true_margin_025",0.067664165519691
12,20270822,20290822,"cell_03","dose_response",4,2000,"fixed_6",6,3000,1,"ordinary","x1_wrong_sign_true_margin_010",0.14175953748431
12,20270822,20290822,"cell_03","dose_response",4,2000,"fixed_6",6,3000,1,"ordinary","x2_wrong_sign_true_margin_010",0.0613137575596212
12,20270822,20290822,"cell_03","dose_response",4,2000,"fixed_6",6,3000,1,"ordinary","x1_wrong_sign_true_margin_025",0.000710384939839275
12,20270822,20290822,"cell_03","dose_response",4,2000,"fixed_6",6,3000,1,"ordinary","x2_wrong_sign_true_margin_025",0.0682857523420504
12,20270822,20290822,"cell_03","dose_response",4,2000,"fixed_6",6,3000,1,"ordinary","mean_absolute_prediction_change",0.278578893135616
12,20270822,20290822,"cell_04","dose_response",8,2000,"fixed_6",6,3000,1,"ordinary","cate_correlation",0.779153616306938
12,20270822,20290822,"cell_04","dose_response",8,2000,"fixed_6",6,3000,1,"ordinary","cate_rank_correlation",0.79995108690839
12,20270822,20290822,"cell_04","dose_response",8,2000,"fixed_6",6,3000,1,"ordinary","sign_reversal",0.372533333333333
12,20270822,20290822,"cell_04","dose_response",8,2000,"fixed_6",6,3000,1,"ordinary","positive_to_negative",0.1285
12,20270822,20290822,"cell_04","dose_response",8,2000,"fixed_6",6,3000,1,"ordinary","negative_to_positive",0.244033333333333
12,20270822,20290822,"cell_04","dose_response",8,2000,"fixed_6",6,3000,1,"ordinary","strong_reversal_010",0.245433333333333
12,20270822,20290822,"cell_04","dose_response",8,2000,"fixed_6",6,3000,1,"ordinary","strong_reversal_025",0.0812333333333333
12,20270822,20290822,"cell_04","dose_response",8,2000,"fixed_6",6,3000,1,"ordinary","reversal_given_estimated_margin_010",0.32281117102898
12,20270822,20290822,"cell_04","dose_response",8,2000,"fixed_6",6,3000,1,"ordinary","reversal_given_estimated_margin_025",0.138702333523051
12,20270822,20290822,"cell_04","dose_response",8,2000,"fixed_6",6,3000,1,"ordinary","reversal_given_true_margin_010",0.286714084667757
12,20270822,20290822,"cell_04","dose_response",8,2000,"fixed_6",6,3000,1,"ordinary","reversal_given_true_margin_025",0.171158371442525
12,20270822,20290822,"cell_04","dose_response",8,2000,"fixed_6",6,3000,1,"ordinary","x1_wrong_sign_true_margin_010",0.143052755695866
12,20270822,20290822,"cell_04","dose_response",8,2000,"fixed_6",6,3000,1,"ordinary","x2_wrong_sign_true_margin_010",0.149518846753642
12,20270822,20290822,"cell_04","dose_response",8,2000,"fixed_6",6,3000,1,"ordinary","x1_wrong_sign_true_margin_025",0.000577187763619411
12,20270822,20290822,"cell_04","dose_response",8,2000,"fixed_6",6,3000,1,"ordinary","x2_wrong_sign_true_margin_025",0.171646761088665
12,20270822,20290822,"cell_04","dose_response",8,2000,"fixed_6",6,3000,1,"ordinary","mean_absolute_prediction_change",0.325569998020856
12,20270822,20290822,"cell_05","dose_response",16,2000,"fixed_6",6,3000,1,"ordinary","cate_correlation",0.710769542855305
12,20270822,20290822,"cell_05","dose_response",16,2000,"fixed_6",6,3000,1,"ordinary","cate_rank_correlation",0.79038813504132
12,20270822,20290822,"cell_05","dose_response",16,2000,"fixed_6",6,3000,1,"ordinary","sign_reversal",0.457966666666667
12,20270822,20290822,"cell_05","dose_response",16,2000,"fixed_6",6,3000,1,"ordinary","positive_to_negative",0.212566666666667
12,20270822,20290822,"cell_05","dose_response",16,2000,"fixed_6",6,3000,1,"ordinary","negative_to_positive",0.2454
12,20270822,20290822,"cell_05","dose_response",16,2000,"fixed_6",6,3000,1,"ordinary","strong_reversal_010",0.2735
12,20270822,20290822,"cell_05","dose_response",16,2000,"fixed_6",6,3000,1,"ordinary","strong_reversal_025",0.1766
12,20270822,20290822,"cell_05","dose_response",16,2000,"fixed_6",6,3000,1,"ordinary","reversal_given_estimated_margin_010",0.34854084363451
12,20270822,20290822,"cell_05","dose_response",16,2000,"fixed_6",6,3000,1,"ordinary","reversal_given_estimated_margin_025",0.259604076832615
12,20270822,20290822,"cell_05","dose_response",16,2000,"fixed_6",6,3000,1,"ordinary","reversal_given_true_margin_010",0.383477235555894
12,20270822,20290822,"cell_05","dose_response",16,2000,"fixed_6",6,3000,1,"ordinary","reversal_given_true_margin_025",0.283132797584691
12,20270822,20290822,"cell_05","dose_response",16,2000,"fixed_6",6,3000,1,"ordinary","x1_wrong_sign_true_margin_010",0.143471149823133
12,20270822,20290822,"cell_05","dose_response",16,2000,"fixed_6",6,3000,1,"ordinary","x2_wrong_sign_true_margin_010",0.245026815259975
12,20270822,20290822,"cell_05","dose_response",16,2000,"fixed_6",6,3000,1,"ordinary","x1_wrong_sign_true_margin_025",0.000532788704879457
12,20270822,20290822,"cell_05","dose_response",16,2000,"fixed_6",6,3000,1,"ordinary","x2_wrong_sign_true_margin_025",0.283576788172091
12,20270822,20290822,"cell_05","dose_response",16,2000,"fixed_6",6,3000,1,"ordinary","mean_absolute_prediction_change",0.37268895807502
12,20270822,20290822,"cell_06","tree_robustness",8,800,"fixed_6",6,3000,1,"ordinary","cate_correlation",0.782169578573409
12,20270822,20290822,"cell_06","tree_robustness",8,800,"fixed_6",6,3000,1,"ordinary","cate_rank_correlation",0.796477627006308
12,20270822,20290822,"cell_06","tree_robustness",8,800,"fixed_6",6,3000,1,"ordinary","sign_reversal",0.390566666666667
12,20270822,20290822,"cell_06","tree_robustness",8,800,"fixed_6",6,3000,1,"ordinary","positive_to_negative",0.1467
12,20270822,20290822,"cell_06","tree_robustness",8,800,"fixed_6",6,3000,1,"ordinary","negative_to_positive",0.243866666666667
12,20270822,20290822,"cell_06","tree_robustness",8,800,"fixed_6",6,3000,1,"ordinary","strong_reversal_010",0.2488
12,20270822,20290822,"cell_06","tree_robustness",8,800,"fixed_6",6,3000,1,"ordinary","strong_reversal_025",0.0705333333333333
12,20270822,20290822,"cell_06","tree_robustness",8,800,"fixed_6",6,3000,1,"ordinary","reversal_given_estimated_margin_010",0.325867714472823
12,20270822,20290822,"cell_06","tree_robustness",8,800,"fixed_6",6,3000,1,"ordinary","reversal_given_estimated_margin_025",0.12265955596777
12,20270822,20290822,"cell_06","tree_robustness",8,800,"fixed_6",6,3000,1,"ordinary","reversal_given_true_margin_010",0.307329504393138
12,20270822,20290822,"cell_06","tree_robustness",8,800,"fixed_6",6,3000,1,"ordinary","reversal_given_true_margin_025",0.195400257514541
12,20270822,20290822,"cell_06","tree_robustness",8,800,"fixed_6",6,3000,1,"ordinary","x1_wrong_sign_true_margin_010",0.142748469057852
12,20270822,20290822,"cell_06","tree_robustness",8,800,"fixed_6",6,3000,1,"ordinary","x2_wrong_sign_true_margin_010",0.17005819481952
12,20270822,20290822,"cell_06","tree_robustness",8,800,"fixed_6",6,3000,1,"ordinary","x1_wrong_sign_true_margin_025",0.000577187763619411
12,20270822,20290822,"cell_06","tree_robustness",8,800,"fixed_6",6,3000,1,"ordinary","x2_wrong_sign_true_margin_025",0.1957998490432
12,20270822,20290822,"cell_06","tree_robustness",8,800,"fixed_6",6,3000,1,"ordinary","mean_absolute_prediction_change",0.329594977876335
12,20270822,20290822,"cell_07","tree_robustness",8,5000,"fixed_6",6,3000,1,"ordinary","cate_correlation",0.77486442557185
12,20270822,20290822,"cell_07","tree_robustness",8,5000,"fixed_6",6,3000,1,"ordinary","cate_rank_correlation",0.801481295873646
12,20270822,20290822,"cell_07","tree_robustness",8,5000,"fixed_6",6,3000,1,"ordinary","sign_reversal",0.384566666666667
12,20270822,20290822,"cell_07","tree_robustness",8,5000,"fixed_6",6,3000,1,"ordinary","positive_to_negative",0.1403
12,20270822,20290822,"cell_07","tree_robustness",8,5000,"fixed_6",6,3000,1,"ordinary","negative_to_positive",0.244266666666667
12,20270822,20290822,"cell_07","tree_robustness",8,5000,"fixed_6",6,3000,1,"ordinary","strong_reversal_010",0.246866666666667
12,20270822,20290822,"cell_07","tree_robustness",8,5000,"fixed_6",6,3000,1,"ordinary","strong_reversal_025",0.0867333333333333
12,20270822,20290822,"cell_07","tree_robustness",8,5000,"fixed_6",6,3000,1,"ordinary","reversal_given_estimated_margin_010",0.324497217718968
12,20270822,20290822,"cell_07","tree_robustness",8,5000,"fixed_6",6,3000,1,"ordinary","reversal_given_estimated_margin_025",0.146765186981781
12,20270822,20290822,"cell_07","tree_robustness",8,5000,"fixed_6",6,3000,1,"ordinary","reversal_given_true_margin_010",0.300216804229584
12,20270822,20290822,"cell_07","tree_robustness",8,5000,"fixed_6",6,3000,1,"ordinary","reversal_given_true_margin_025",0.186875638236469
12,20270822,20290822,"cell_07","tree_robustness",8,5000,"fixed_6",6,3000,1,"ordinary","x1_wrong_sign_true_margin_010",0.143090791525617
12,20270822,20290822,"cell_07","tree_robustness",8,5000,"fixed_6",6,3000,1,"ordinary","x2_wrong_sign_true_margin_010",0.162983530485718
12,20270822,20290822,"cell_07","tree_robustness",8,5000,"fixed_6",6,3000,1,"ordinary","x1_wrong_sign_true_margin_025",0.000621586822359366
12,20270822,20290822,"cell_07","tree_robustness",8,5000,"fixed_6",6,3000,1,"ordinary","x2_wrong_sign_true_margin_025",0.187408426941349
12,20270822,20290822,"cell_07","tree_robustness",8,5000,"fixed_6",6,3000,1,"ordinary","mean_absolute_prediction_change",0.328488123968015
12,20270822,20290822,"cell_08","default_mtry",8,2000,"grf_default",27,3000,1,"ordinary","cate_correlation",0.994619547357502
12,20270822,20290822,"cell_08","default_mtry",8,2000,"grf_default",27,3000,1,"ordinary","cate_rank_correlation",0.991522223184358
12,20270822,20290822,"cell_08","default_mtry",8,2000,"grf_default",27,3000,1,"ordinary","sign_reversal",0.1247
12,20270822,20290822,"cell_08","default_mtry",8,2000,"grf_default",27,3000,1,"ordinary","positive_to_negative",0
12,20270822,20290822,"cell_08","default_mtry",8,2000,"grf_default",27,3000,1,"ordinary","negative_to_positive",0.1247
12,20270822,20290822,"cell_08","default_mtry",8,2000,"grf_default",27,3000,1,"ordinary","strong_reversal_010",0
12,20270822,20290822,"cell_08","default_mtry",8,2000,"grf_default",27,3000,1,"ordinary","strong_reversal_025",0
12,20270822,20290822,"cell_08","default_mtry",8,2000,"grf_default",27,3000,1,"ordinary","reversal_given_estimated_margin_010",0
12,20270822,20290822,"cell_08","default_mtry",8,2000,"grf_default",27,3000,1,"ordinary","reversal_given_estimated_margin_025",0
12,20270822,20290822,"cell_08","default_mtry",8,2000,"grf_default",27,3000,1,"ordinary","reversal_given_true_margin_010",0.0591457152637785
12,20270822,20290822,"cell_08","default_mtry",8,2000,"grf_default",27,3000,1,"ordinary","reversal_given_true_margin_025",8.87981174799094e-05
12,20270822,20290822,"cell_08","default_mtry",8,2000,"grf_default",27,3000,1,"ordinary","x1_wrong_sign_true_margin_010",0.0686166368719334
12,20270822,20290822,"cell_08","default_mtry",8,2000,"grf_default",27,3000,1,"ordinary","x2_wrong_sign_true_margin_010",0.00947092160815488
12,20270822,20290822,"cell_08","default_mtry",8,2000,"grf_default",27,3000,1,"ordinary","x1_wrong_sign_true_margin_025",0.00182036140833814
12,20270822,20290822,"cell_08","default_mtry",8,2000,"grf_default",27,3000,1,"ordinary","x2_wrong_sign_true_margin_025",0.00173156329085823
12,20270822,20290822,"cell_08","default_mtry",8,2000,"grf_default",27,3000,1,"ordinary","mean_absolute_prediction_change",0.0731746371082504
12,20270822,20290822,"cell_09","larger_sample",8,2000,"fixed_6",6,10000,1,"ordinary","cate_correlation",0.877605341313195
12,20270822,20290822,"cell_09","larger_sample",8,2000,"fixed_6",6,10000,1,"ordinary","cate_rank_correlation",0.800342225418158
12,20270822,20290822,"cell_09","larger_sample",8,2000,"fixed_6",6,10000,1,"ordinary","sign_reversal",0.260766666666667
12,20270822,20290822,"cell_09","larger_sample",8,2000,"fixed_6",6,10000,1,"ordinary","positive_to_negative",0.0145666666666667
12,20270822,20290822,"cell_09","larger_sample",8,2000,"fixed_6",6,10000,1,"ordinary","negative_to_positive",0.2462
12,20270822,20290822,"cell_09","larger_sample",8,2000,"fixed_6",6,10000,1,"ordinary","strong_reversal_010",0.197966666666667
12,20270822,20290822,"cell_09","larger_sample",8,2000,"fixed_6",6,10000,1,"ordinary","strong_reversal_025",0.00283333333333333
12,20270822,20290822,"cell_09","larger_sample",8,2000,"fixed_6",6,10000,1,"ordinary","reversal_given_estimated_margin_010",0.251482046070461
12,20270822,20290822,"cell_09","larger_sample",8,2000,"fixed_6",6,10000,1,"ordinary","reversal_given_estimated_margin_025",0.00557523284796012
12,20270822,20290822,"cell_09","larger_sample",8,2000,"fixed_6",6,10000,1,"ordinary","reversal_given_true_margin_010",0.158114944277509
12,20270822,20290822,"cell_09","larger_sample",8,2000,"fixed_6",6,10000,1,"ordinary","reversal_given_true_margin_025",0.0194023886693602
12,20270822,20290822,"cell_09","larger_sample",8,2000,"fixed_6",6,10000,1,"ordinary","x1_wrong_sign_true_margin_010",0.143014719866114
12,20270822,20290822,"cell_09","larger_sample",8,2000,"fixed_6",6,10000,1,"ordinary","x2_wrong_sign_true_margin_010",0.0180670191320224
12,20270822,20290822,"cell_09","larger_sample",8,2000,"fixed_6",6,10000,1,"ordinary","x1_wrong_sign_true_margin_025",0.000355192469919638
12,20270822,20290822,"cell_09","larger_sample",8,2000,"fixed_6",6,10000,1,"ordinary","x2_wrong_sign_true_margin_025",0.0196687830217999
12,20270822,20290822,"cell_09","larger_sample",8,2000,"fixed_6",6,10000,1,"ordinary","mean_absolute_prediction_change",0.255879206438444
12,20270822,20290822,"cell_10","noise_robustness",8,2000,"fixed_6",6,3000,0.5,"ordinary","cate_correlation",0.837869059056021
12,20270822,20290822,"cell_10","noise_robustness",8,2000,"fixed_6",6,3000,0.5,"ordinary","cate_rank_correlation",0.787667023704074
12,20270822,20290822,"cell_10","noise_robustness",8,2000,"fixed_6",6,3000,0.5,"ordinary","sign_reversal",0.267633333333333
12,20270822,20290822,"cell_10","noise_robustness",8,2000,"fixed_6",6,3000,0.5,"ordinary","positive_to_negative",0.0223333333333333
12,20270822,20290822,"cell_10","noise_robustness",8,2000,"fixed_6",6,3000,0.5,"ordinary","negative_to_positive",0.2453
12,20270822,20290822,"cell_10","noise_robustness",8,2000,"fixed_6",6,3000,0.5,"ordinary","strong_reversal_010",0.243233333333333
12,20270822,20290822,"cell_10","noise_robustness",8,2000,"fixed_6",6,3000,0.5,"ordinary","strong_reversal_025",0.00983333333333333
12,20270822,20290822,"cell_10","noise_robustness",8,2000,"fixed_6",6,3000,0.5,"ordinary","reversal_given_estimated_margin_010",0.322590627763042
12,20270822,20290822,"cell_10","noise_robustness",8,2000,"fixed_6",6,3000,0.5,"ordinary","reversal_given_estimated_margin_025",0.0191173611561143
12,20270822,20290822,"cell_10","noise_robustness",8,2000,"fixed_6",6,3000,0.5,"ordinary","reversal_given_true_margin_010",0.166330683503861
12,20270822,20290822,"cell_10","noise_robustness",8,2000,"fixed_6",6,3000,0.5,"ordinary","reversal_given_true_margin_025",0.0297473693557697
12,20270822,20290822,"cell_10","noise_robustness",8,2000,"fixed_6",6,3000,0.5,"ordinary","x1_wrong_sign_true_margin_010",0.143052755695866
12,20270822,20290822,"cell_10","noise_robustness",8,2000,"fixed_6",6,3000,0.5,"ordinary","x2_wrong_sign_true_margin_010",0.0273857974211707
12,20270822,20290822,"cell_10","noise_robustness",8,2000,"fixed_6",6,3000,0.5,"ordinary","x1_wrong_sign_true_margin_025",0.000177596234959819
12,20270822,20290822,"cell_10","noise_robustness",8,2000,"fixed_6",6,3000,0.5,"ordinary","x2_wrong_sign_true_margin_025",0.0295697731208098
12,20270822,20290822,"cell_10","noise_robustness",8,2000,"fixed_6",6,3000,0.5,"ordinary","mean_absolute_prediction_change",0.287787014494424
12,20270822,20290822,"cell_11","noise_robustness",8,2000,"fixed_6",6,3000,2,"ordinary","cate_correlation",0.639075893511618
12,20270822,20290822,"cell_11","noise_robustness",8,2000,"fixed_6",6,3000,2,"ordinary","cate_rank_correlation",0.752817335874686
12,20270822,20290822,"cell_11","noise_robustness",8,2000,"fixed_6",6,3000,2,"ordinary","sign_reversal",0.4081
12,20270822,20290822,"cell_11","noise_robustness",8,2000,"fixed_6",6,3000,2,"ordinary","positive_to_negative",0.170233333333333
12,20270822,20290822,"cell_11","noise_robustness",8,2000,"fixed_6",6,3000,2,"ordinary","negative_to_positive",0.237866666666667
12,20270822,20290822,"cell_11","noise_robustness",8,2000,"fixed_6",6,3000,2,"ordinary","strong_reversal_010",0.279733333333333
12,20270822,20290822,"cell_11","noise_robustness",8,2000,"fixed_6",6,3000,2,"ordinary","strong_reversal_025",0.1396
12,20270822,20290822,"cell_11","noise_robustness",8,2000,"fixed_6",6,3000,2,"ordinary","reversal_given_estimated_margin_010",0.346147500412473
12,20270822,20290822,"cell_11","noise_robustness",8,2000,"fixed_6",6,3000,2,"ordinary","reversal_given_estimated_margin_025",0.226341674323083
12,20270822,20290822,"cell_11","noise_robustness",8,2000,"fixed_6",6,3000,2,"ordinary","reversal_given_true_margin_010",0.330721539690388
12,20270822,20290822,"cell_11","noise_robustness",8,2000,"fixed_6",6,3000,2,"ordinary","reversal_given_true_margin_025",0.226967988278649
12,20270822,20290822,"cell_11","noise_robustness",8,2000,"fixed_6",6,3000,2,"ordinary","x1_wrong_sign_true_margin_010",0.139211136890951
12,20270822,20290822,"cell_11","noise_robustness",8,2000,"fixed_6",6,3000,2,"ordinary","x2_wrong_sign_true_margin_010",0.197215777262181
12,20270822,20290822,"cell_11","noise_robustness",8,2000,"fixed_6",6,3000,2,"ordinary","x1_wrong_sign_true_margin_025",0.000710384939839275
12,20270822,20290822,"cell_11","noise_robustness",8,2000,"fixed_6",6,3000,2,"ordinary","x2_wrong_sign_true_margin_025",0.227500776983528
12,20270822,20290822,"cell_11","noise_robustness",8,2000,"fixed_6",6,3000,2,"ordinary","mean_absolute_prediction_change",0.372172624952759
12,20270822,20290822,"cell_12","invariant_check",16,2000,"fixed_6",6,3000,1,"class_sampled","cate_correlation",1
12,20270822,20290822,"cell_12","invariant_check",16,2000,"fixed_6",6,3000,1,"class_sampled","cate_rank_correlation",1
12,20270822,20290822,"cell_12","invariant_check",16,2000,"fixed_6",6,3000,1,"class_sampled","sign_reversal",0
12,20270822,20290822,"cell_12","invariant_check",16,2000,"fixed_6",6,3000,1,"class_sampled","positive_to_negative",0
12,20270822,20290822,"cell_12","invariant_check",16,2000,"fixed_6",6,3000,1,"class_sampled","negative_to_positive",0
12,20270822,20290822,"cell_12","invariant_check",16,2000,"fixed_6",6,3000,1,"class_sampled","strong_reversal_010",0
12,20270822,20290822,"cell_12","invariant_check",16,2000,"fixed_6",6,3000,1,"class_sampled","strong_reversal_025",0
12,20270822,20290822,"cell_12","invariant_check",16,2000,"fixed_6",6,3000,1,"class_sampled","reversal_given_estimated_margin_010",0
12,20270822,20290822,"cell_12","invariant_check",16,2000,"fixed_6",6,3000,1,"class_sampled","reversal_given_estimated_margin_025",0
12,20270822,20290822,"cell_12","invariant_check",16,2000,"fixed_6",6,3000,1,"class_sampled","reversal_given_true_margin_010",0
12,20270822,20290822,"cell_12","invariant_check",16,2000,"fixed_6",6,3000,1,"class_sampled","reversal_given_true_margin_025",0
12,20270822,20290822,"cell_12","invariant_check",16,2000,"fixed_6",6,3000,1,"class_sampled","x1_wrong_sign_true_margin_010",0.0074550226313187
12,20270822,20290822,"cell_12","invariant_check",16,2000,"fixed_6",6,3000,1,"class_sampled","x2_wrong_sign_true_margin_010",0.0074550226313187
12,20270822,20290822,"cell_12","invariant_check",16,2000,"fixed_6",6,3000,1,"class_sampled","x1_wrong_sign_true_margin_025",0.00106557740975891
12,20270822,20290822,"cell_12","invariant_check",16,2000,"fixed_6",6,3000,1,"class_sampled","x2_wrong_sign_true_margin_025",0.00106557740975891
12,20270822,20290822,"cell_12","invariant_check",16,2000,"fixed_6",6,3000,1,"class_sampled","mean_absolute_prediction_change",0
13,20270823,20290823,"cell_01","dose_response",1,2000,"fixed_6",6,3000,1,"ordinary","cate_correlation",0.935701465395096
13,20270823,20290823,"cell_01","dose_response",1,2000,"fixed_6",6,3000,1,"ordinary","cate_rank_correlation",0.922652852292281
13,20270823,20290823,"cell_01","dose_response",1,2000,"fixed_6",6,3000,1,"ordinary","sign_reversal",0.210566666666667
13,20270823,20290823,"cell_01","dose_response",1,2000,"fixed_6",6,3000,1,"ordinary","positive_to_negative",0.0013
13,20270823,20290823,"cell_01","dose_response",1,2000,"fixed_6",6,3000,1,"ordinary","negative_to_positive",0.209266666666667
13,20270823,20290823,"cell_01","dose_response",1,2000,"fixed_6",6,3000,1,"ordinary","strong_reversal_010",0.0376
13,20270823,20290823,"cell_01","dose_response",1,2000,"fixed_6",6,3000,1,"ordinary","strong_reversal_025",0
13,20270823,20290823,"cell_01","dose_response",1,2000,"fixed_6",6,3000,1,"ordinary","reversal_given_estimated_margin_010",0.0474507824331146
13,20270823,20290823,"cell_01","dose_response",1,2000,"fixed_6",6,3000,1,"ordinary","reversal_given_estimated_margin_025",0
13,20270823,20290823,"cell_01","dose_response",1,2000,"fixed_6",6,3000,1,"ordinary","reversal_given_true_margin_010",0.118373884524445
13,20270823,20290823,"cell_01","dose_response",1,2000,"fixed_6",6,3000,1,"ordinary","reversal_given_true_margin_025",0.0017399839386098
13,20270823,20290823,"cell_01","dose_response",1,2000,"fixed_6",6,3000,1,"ordinary","x1_wrong_sign_true_margin_010",0.122340019830677
13,20270823,20290823,"cell_01","dose_response",1,2000,"fixed_6",6,3000,1,"ordinary","x2_wrong_sign_true_margin_010",0.00419495080466784
13,20270823,20290823,"cell_01","dose_response",1,2000,"fixed_6",6,3000,1,"ordinary","x1_wrong_sign_true_margin_025",0.0022753636120282
13,20270823,20290823,"cell_01","dose_response",1,2000,"fixed_6",6,3000,1,"ordinary","x2_wrong_sign_true_margin_025",0.000803069510127599
13,20270823,20290823,"cell_01","dose_response",1,2000,"fixed_6",6,3000,1,"ordinary","mean_absolute_prediction_change",0.168083535592846
13,20270823,20290823,"cell_02","dose_response",2,2000,"fixed_6",6,3000,1,"ordinary","cate_correlation",0.882895159889943
13,20270823,20290823,"cell_02","dose_response",2,2000,"fixed_6",6,3000,1,"ordinary","cate_rank_correlation",0.83229455339455
13,20270823,20290823,"cell_02","dose_response",2,2000,"fixed_6",6,3000,1,"ordinary","sign_reversal",0.238366666666667
13,20270823,20290823,"cell_02","dose_response",2,2000,"fixed_6",6,3000,1,"ordinary","positive_to_negative",0.00273333333333333
13,20270823,20290823,"cell_02","dose_response",2,2000,"fixed_6",6,3000,1,"ordinary","negative_to_positive",0.235633333333333
13,20270823,20290823,"cell_02","dose_response",2,2000,"fixed_6",6,3000,1,"ordinary","strong_reversal_010",0.183633333333333
13,20270823,20290823,"cell_02","dose_response",2,2000,"fixed_6",6,3000,1,"ordinary","strong_reversal_025",1e-04
13,20270823,20290823,"cell_02","dose_response",2,2000,"fixed_6",6,3000,1,"ordinary","reversal_given_estimated_margin_010",0.19735616536505
13,20270823,20290823,"cell_02","dose_response",2,2000,"fixed_6",6,3000,1,"ordinary","reversal_given_estimated_margin_025",0.000188702981507108
13,20270823,20290823,"cell_02","dose_response",2,2000,"fixed_6",6,3000,1,"ordinary","reversal_given_true_margin_010",0.137289299061856
13,20270823,20290823,"cell_02","dose_response",2,2000,"fixed_6",6,3000,1,"ordinary","reversal_given_true_margin_025",0.00365842776835906
13,20270823,20290823,"cell_02","dose_response",2,2000,"fixed_6",6,3000,1,"ordinary","x1_wrong_sign_true_margin_010",0.138509648386851
13,20270823,20290823,"cell_02","dose_response",2,2000,"fixed_6",6,3000,1,"ordinary","x2_wrong_sign_true_margin_010",0.00442376630310426
13,20270823,20290823,"cell_02","dose_response",2,2000,"fixed_6",6,3000,1,"ordinary","x1_wrong_sign_true_margin_025",0.00196305880253413
13,20270823,20290823,"cell_02","dose_response",2,2000,"fixed_6",6,3000,1,"ordinary","x2_wrong_sign_true_margin_025",0.00205228874810386
13,20270823,20290823,"cell_02","dose_response",2,2000,"fixed_6",6,3000,1,"ordinary","mean_absolute_prediction_change",0.233035711335479
13,20270823,20290823,"cell_03","dose_response",4,2000,"fixed_6",6,3000,1,"ordinary","cate_correlation",0.820766451552416
13,20270823,20290823,"cell_03","dose_response",4,2000,"fixed_6",6,3000,1,"ordinary","cate_rank_correlation",0.804132880457925
13,20270823,20290823,"cell_03","dose_response",4,2000,"fixed_6",6,3000,1,"ordinary","sign_reversal",0.2472
13,20270823,20290823,"cell_03","dose_response",4,2000,"fixed_6",6,3000,1,"ordinary","positive_to_negative",0.00526666666666667
13,20270823,20290823,"cell_03","dose_response",4,2000,"fixed_6",6,3000,1,"ordinary","negative_to_positive",0.241933333333333
13,20270823,20290823,"cell_03","dose_response",4,2000,"fixed_6",6,3000,1,"ordinary","strong_reversal_010",0.2325
13,20270823,20290823,"cell_03","dose_response",4,2000,"fixed_6",6,3000,1,"ordinary","strong_reversal_025",0.0278666666666667
13,20270823,20290823,"cell_03","dose_response",4,2000,"fixed_6",6,3000,1,"ordinary","reversal_given_estimated_margin_010",0.252689925008151
13,20270823,20290823,"cell_03","dose_response",4,2000,"fixed_6",6,3000,1,"ordinary","reversal_given_estimated_margin_025",0.0515985680780151
13,20270823,20290823,"cell_03","dose_response",4,2000,"fixed_6",6,3000,1,"ordinary","reversal_given_true_margin_010",0.144420715429792
13,20270823,20290823,"cell_03","dose_response",4,2000,"fixed_6",6,3000,1,"ordinary","reversal_given_true_margin_025",0.00704916570000892
13,20270823,20290823,"cell_03","dose_response",4,2000,"fixed_6",6,3000,1,"ordinary","x1_wrong_sign_true_margin_010",0.142056288612615
13,20270823,20290823,"cell_03","dose_response",4,2000,"fixed_6",6,3000,1,"ordinary","x2_wrong_sign_true_margin_010",0.00640683395621997
13,20270823,20290823,"cell_03","dose_response",4,2000,"fixed_6",6,3000,1,"ordinary","x1_wrong_sign_true_margin_025",0.00196305880253413
13,20270823,20290823,"cell_03","dose_response",4,2000,"fixed_6",6,3000,1,"ordinary","x2_wrong_sign_true_margin_025",0.00517533684304453
13,20270823,20290823,"cell_03","dose_response",4,2000,"fixed_6",6,3000,1,"ordinary","mean_absolute_prediction_change",0.30180401344264
13,20270823,20290823,"cell_04","dose_response",8,2000,"fixed_6",6,3000,1,"ordinary","cate_correlation",0.772467629259998
13,20270823,20290823,"cell_04","dose_response",8,2000,"fixed_6",6,3000,1,"ordinary","cate_rank_correlation",0.790691424043435
13,20270823,20290823,"cell_04","dose_response",8,2000,"fixed_6",6,3000,1,"ordinary","sign_reversal",0.256633333333333
13,20270823,20290823,"cell_04","dose_response",8,2000,"fixed_6",6,3000,1,"ordinary","positive_to_negative",0.0132
13,20270823,20290823,"cell_04","dose_response",8,2000,"fixed_6",6,3000,1,"ordinary","negative_to_positive",0.243433333333333
13,20270823,20290823,"cell_04","dose_response",8,2000,"fixed_6",6,3000,1,"ordinary","strong_reversal_010",0.242633333333333
13,20270823,20290823,"cell_04","dose_response",8,2000,"fixed_6",6,3000,1,"ordinary","strong_reversal_025",0.1014
13,20270823,20290823,"cell_04","dose_response",8,2000,"fixed_6",6,3000,1,"ordinary","reversal_given_estimated_margin_010",0.291895576853671
13,20270823,20290823,"cell_04","dose_response",8,2000,"fixed_6",6,3000,1,"ordinary","reversal_given_estimated_margin_025",0.167051070840198
13,20270823,20290823,"cell_04","dose_response",8,2000,"fixed_6",6,3000,1,"ordinary","reversal_given_true_margin_010",0.154412325528182
13,20270823,20290823,"cell_04","dose_response",8,2000,"fixed_6",6,3000,1,"ordinary","reversal_given_true_margin_025",0.0176675292228072
13,20270823,20290823,"cell_04","dose_response",8,2000,"fixed_6",6,3000,1,"ordinary","x1_wrong_sign_true_margin_010",0.143047822439173
13,20270823,20290823,"cell_04","dose_response",8,2000,"fixed_6",6,3000,1,"ordinary","x2_wrong_sign_true_margin_010",0.0147204637327435
13,20270823,20290823,"cell_04","dose_response",8,2000,"fixed_6",6,3000,1,"ordinary","x1_wrong_sign_true_margin_025",0.0024092085303828
13,20270823,20290823,"cell_04","dose_response",8,2000,"fixed_6",6,3000,1,"ordinary","x2_wrong_sign_true_margin_025",0.0152583206924244
13,20270823,20290823,"cell_04","dose_response",8,2000,"fixed_6",6,3000,1,"ordinary","mean_absolute_prediction_change",0.345264984241851
13,20270823,20290823,"cell_05","dose_response",16,2000,"fixed_6",6,3000,1,"ordinary","cate_correlation",0.699725347595608
13,20270823,20290823,"cell_05","dose_response",16,2000,"fixed_6",6,3000,1,"ordinary","cate_rank_correlation",0.779807156213563
13,20270823,20290823,"cell_05","dose_response",16,2000,"fixed_6",6,3000,1,"ordinary","sign_reversal",0.322133333333333
13,20270823,20290823,"cell_05","dose_response",16,2000,"fixed_6",6,3000,1,"ordinary","positive_to_negative",0.0780666666666667
13,20270823,20290823,"cell_05","dose_response",16,2000,"fixed_6",6,3000,1,"ordinary","negative_to_positive",0.244066666666667
13,20270823,20290823,"cell_05","dose_response",16,2000,"fixed_6",6,3000,1,"ordinary","strong_reversal_010",0.248066666666667
13,20270823,20290823,"cell_05","dose_response",16,2000,"fixed_6",6,3000,1,"ordinary","strong_reversal_025",0.189533333333333
13,20270823,20290823,"cell_05","dose_response",16,2000,"fixed_6",6,3000,1,"ordinary","reversal_given_estimated_margin_010",0.322863340563991
13,20270823,20290823,"cell_05","dose_response",16,2000,"fixed_6",6,3000,1,"ordinary","reversal_given_estimated_margin_025",0.27461965708766
13,20270823,20290823,"cell_05","dose_response",16,2000,"fixed_6",6,3000,1,"ordinary","reversal_given_true_margin_010",0.228968042102052
13,20270823,20290823,"cell_05","dose_response",16,2000,"fixed_6",6,3000,1,"ordinary","reversal_given_true_margin_025",0.104488266262158
13,20270823,20290823,"cell_05","dose_response",16,2000,"fixed_6",6,3000,1,"ordinary","x1_wrong_sign_true_margin_010",0.143505453436046
13,20270823,20290823,"cell_05","dose_response",16,2000,"fixed_6",6,3000,1,"ordinary","x2_wrong_sign_true_margin_010",0.0885897338113035
13,20270823,20290823,"cell_05","dose_response",16,2000,"fixed_6",6,3000,1,"ordinary","x1_wrong_sign_true_margin_025",0.002676898367092
13,20270823,20290823,"cell_05","dose_response",16,2000,"fixed_6",6,3000,1,"ordinary","x2_wrong_sign_true_margin_025",0.101811367895066
13,20270823,20290823,"cell_05","dose_response",16,2000,"fixed_6",6,3000,1,"ordinary","mean_absolute_prediction_change",0.39789034878355
13,20270823,20290823,"cell_06","tree_robustness",8,800,"fixed_6",6,3000,1,"ordinary","cate_correlation",0.776324520617187
13,20270823,20290823,"cell_06","tree_robustness",8,800,"fixed_6",6,3000,1,"ordinary","cate_rank_correlation",0.788068884424077
13,20270823,20290823,"cell_06","tree_robustness",8,800,"fixed_6",6,3000,1,"ordinary","sign_reversal",0.256266666666667
13,20270823,20290823,"cell_06","tree_robustness",8,800,"fixed_6",6,3000,1,"ordinary","positive_to_negative",0.0137333333333333
13,20270823,20290823,"cell_06","tree_robustness",8,800,"fixed_6",6,3000,1,"ordinary","negative_to_positive",0.242533333333333
13,20270823,20290823,"cell_06","tree_robustness",8,800,"fixed_6",6,3000,1,"ordinary","strong_reversal_010",0.241533333333333
13,20270823,20290823,"cell_06","tree_robustness",8,800,"fixed_6",6,3000,1,"ordinary","strong_reversal_025",0.0848
13,20270823,20290823,"cell_06","tree_robustness",8,800,"fixed_6",6,3000,1,"ordinary","reversal_given_estimated_margin_010",0.287585331004921
13,20270823,20290823,"cell_06","tree_robustness",8,800,"fixed_6",6,3000,1,"ordinary","reversal_given_estimated_margin_025",0.143745055938524
13,20270823,20290823,"cell_06","tree_robustness",8,800,"fixed_6",6,3000,1,"ordinary","reversal_given_true_margin_010",0.154450461444589
13,20270823,20290823,"cell_06","tree_robustness",8,800,"fixed_6",6,3000,1,"ordinary","reversal_given_true_margin_025",0.018381368787365
13,20270823,20290823,"cell_06","tree_robustness",8,800,"fixed_6",6,3000,1,"ordinary","x1_wrong_sign_true_margin_010",0.142513919609488
13,20270823,20290823,"cell_06","tree_robustness",8,800,"fixed_6",6,3000,1,"ordinary","x2_wrong_sign_true_margin_010",0.0154450461444589
13,20270823,20290823,"cell_06","tree_robustness",8,800,"fixed_6",6,3000,1,"ordinary","x1_wrong_sign_true_margin_025",0.00236459355759793
13,20270823,20290823,"cell_06","tree_robustness",8,800,"fixed_6",6,3000,1,"ordinary","x2_wrong_sign_true_margin_025",0.0160167752297671
13,20270823,20290823,"cell_06","tree_robustness",8,800,"fixed_6",6,3000,1,"ordinary","mean_absolute_prediction_change",0.345731097443027
13,20270823,20290823,"cell_07","tree_robustness",8,5000,"fixed_6",6,3000,1,"ordinary","cate_correlation",0.765427724917266
13,20270823,20290823,"cell_07","tree_robustness",8,5000,"fixed_6",6,3000,1,"ordinary","cate_rank_correlation",0.791642607159158
13,20270823,20290823,"cell_07","tree_robustness",8,5000,"fixed_6",6,3000,1,"ordinary","sign_reversal",0.2635
13,20270823,20290823,"cell_07","tree_robustness",8,5000,"fixed_6",6,3000,1,"ordinary","positive_to_negative",0.0198666666666667
13,20270823,20290823,"cell_07","tree_robustness",8,5000,"fixed_6",6,3000,1,"ordinary","negative_to_positive",0.243633333333333
13,20270823,20290823,"cell_07","tree_robustness",8,5000,"fixed_6",6,3000,1,"ordinary","strong_reversal_010",0.243633333333333
13,20270823,20290823,"cell_07","tree_robustness",8,5000,"fixed_6",6,3000,1,"ordinary","strong_reversal_025",0.1011
13,20270823,20290823,"cell_07","tree_robustness",8,5000,"fixed_6",6,3000,1,"ordinary","reversal_given_estimated_margin_010",0.303290592970663
13,20270823,20290823,"cell_07","tree_robustness",8,5000,"fixed_6",6,3000,1,"ordinary","reversal_given_estimated_margin_025",0.166648351648352
13,20270823,20290823,"cell_07","tree_robustness",8,5000,"fixed_6",6,3000,1,"ordinary","reversal_given_true_margin_010",0.162153916558615
13,20270823,20290823,"cell_07","tree_robustness",8,5000,"fixed_6",6,3000,1,"ordinary","reversal_given_true_margin_025",0.0265905237797805
13,20270823,20290823,"cell_07","tree_robustness",8,5000,"fixed_6",6,3000,1,"ordinary","x1_wrong_sign_true_margin_010",0.143047822439173
13,20270823,20290823,"cell_07","tree_robustness",8,5000,"fixed_6",6,3000,1,"ordinary","x2_wrong_sign_true_margin_010",0.0223095110975517
13,20270823,20290823,"cell_07","tree_robustness",8,5000,"fixed_6",6,3000,1,"ordinary","x1_wrong_sign_true_margin_025",0.00236459355759793
13,20270823,20290823,"cell_07","tree_robustness",8,5000,"fixed_6",6,3000,1,"ordinary","x2_wrong_sign_true_margin_025",0.0242259302221826
13,20270823,20290823,"cell_07","tree_robustness",8,5000,"fixed_6",6,3000,1,"ordinary","mean_absolute_prediction_change",0.350796835544997
13,20270823,20290823,"cell_08","default_mtry",8,2000,"grf_default",27,3000,1,"ordinary","cate_correlation",0.993716854022911
13,20270823,20290823,"cell_08","default_mtry",8,2000,"grf_default",27,3000,1,"ordinary","cate_rank_correlation",0.990098432410332
13,20270823,20290823,"cell_08","default_mtry",8,2000,"grf_default",27,3000,1,"ordinary","sign_reversal",0.0510666666666667
13,20270823,20290823,"cell_08","default_mtry",8,2000,"grf_default",27,3000,1,"ordinary","positive_to_negative",1e-04
13,20270823,20290823,"cell_08","default_mtry",8,2000,"grf_default",27,3000,1,"ordinary","negative_to_positive",0.0509666666666667
13,20270823,20290823,"cell_08","default_mtry",8,2000,"grf_default",27,3000,1,"ordinary","strong_reversal_010",0.000566666666666667
13,20270823,20290823,"cell_08","default_mtry",8,2000,"grf_default",27,3000,1,"ordinary","strong_reversal_025",0
13,20270823,20290823,"cell_08","default_mtry",8,2000,"grf_default",27,3000,1,"ordinary","reversal_given_estimated_margin_010",0.000730585757875285
13,20270823,20290823,"cell_08","default_mtry",8,2000,"grf_default",27,3000,1,"ordinary","reversal_given_estimated_margin_025",0
13,20270823,20290823,"cell_08","default_mtry",8,2000,"grf_default",27,3000,1,"ordinary","reversal_given_true_margin_010",0.0260849668217527
13,20270823,20290823,"cell_08","default_mtry",8,2000,"grf_default",27,3000,1,"ordinary","reversal_given_true_margin_025",0.0001338449183546
13,20270823,20290823,"cell_08","default_mtry",8,2000,"grf_default",27,3000,1,"ordinary","x1_wrong_sign_true_margin_010",0.0341316451834338
13,20270823,20290823,"cell_08","default_mtry",8,2000,"grf_default",27,3000,1,"ordinary","x2_wrong_sign_true_margin_010",0.00804667836168103
13,20270823,20290823,"cell_08","default_mtry",8,2000,"grf_default",27,3000,1,"ordinary","x1_wrong_sign_true_margin_025",0.000758454537342732
13,20270823,20290823,"cell_08","default_mtry",8,2000,"grf_default",27,3000,1,"ordinary","x2_wrong_sign_true_margin_025",0.000624609618988132
13,20270823,20290823,"cell_08","default_mtry",8,2000,"grf_default",27,3000,1,"ordinary","mean_absolute_prediction_change",0.0813102701675709
13,20270823,20290823,"cell_09","larger_sample",8,2000,"fixed_6",6,10000,1,"ordinary","cate_correlation",0.874135757089989
13,20270823,20290823,"cell_09","larger_sample",8,2000,"fixed_6",6,10000,1,"ordinary","cate_rank_correlation",0.776178860746421
13,20270823,20290823,"cell_09","larger_sample",8,2000,"fixed_6",6,10000,1,"ordinary","sign_reversal",0.256266666666667
13,20270823,20290823,"cell_09","larger_sample",8,2000,"fixed_6",6,10000,1,"ordinary","positive_to_negative",0.00856666666666667
13,20270823,20290823,"cell_09","larger_sample",8,2000,"fixed_6",6,10000,1,"ordinary","negative_to_positive",0.2477
13,20270823,20290823,"cell_09","larger_sample",8,2000,"fixed_6",6,10000,1,"ordinary","strong_reversal_010",0.207833333333333
13,20270823,20290823,"cell_09","larger_sample",8,2000,"fixed_6",6,10000,1,"ordinary","strong_reversal_025",0.004
13,20270823,20290823,"cell_09","larger_sample",8,2000,"fixed_6",6,10000,1,"ordinary","reversal_given_estimated_margin_010",0.263302364864865
13,20270823,20290823,"cell_09","larger_sample",8,2000,"fixed_6",6,10000,1,"ordinary","reversal_given_estimated_margin_025",0.00790253539677313
13,20270823,20290823,"cell_09","larger_sample",8,2000,"fixed_6",6,10000,1,"ordinary","reversal_given_true_margin_010",0.151895355045382
13,20270823,20290823,"cell_09","larger_sample",8,2000,"fixed_6",6,10000,1,"ordinary","reversal_given_true_margin_025",0.0114660480057107
13,20270823,20290823,"cell_09","larger_sample",8,2000,"fixed_6",6,10000,1,"ordinary","x1_wrong_sign_true_margin_010",0.143543589352452
13,20270823,20290823,"cell_09","larger_sample",8,2000,"fixed_6",6,10000,1,"ordinary","x2_wrong_sign_true_margin_010",0.0108687361757303
13,20270823,20290823,"cell_09","larger_sample",8,2000,"fixed_6",6,10000,1,"ordinary","x1_wrong_sign_true_margin_025",0.000223074863924333
13,20270823,20290823,"cell_09","larger_sample",8,2000,"fixed_6",6,10000,1,"ordinary","x2_wrong_sign_true_margin_025",0.0112429731417864
13,20270823,20290823,"cell_09","larger_sample",8,2000,"fixed_6",6,10000,1,"ordinary","mean_absolute_prediction_change",0.267006068472856
13,20270823,20290823,"cell_10","noise_robustness",8,2000,"fixed_6",6,3000,0.5,"ordinary","cate_correlation",0.820727677617842
13,20270823,20290823,"cell_10","noise_robustness",8,2000,"fixed_6",6,3000,0.5,"ordinary","cate_rank_correlation",0.779647688748497
13,20270823,20290823,"cell_10","noise_robustness",8,2000,"fixed_6",6,3000,0.5,"ordinary","sign_reversal",0.255433333333333
13,20270823,20290823,"cell_10","noise_robustness",8,2000,"fixed_6",6,3000,0.5,"ordinary","positive_to_negative",0.00773333333333333
13,20270823,20290823,"cell_10","noise_robustness",8,2000,"fixed_6",6,3000,0.5,"ordinary","negative_to_positive",0.2477
13,20270823,20290823,"cell_10","noise_robustness",8,2000,"fixed_6",6,3000,0.5,"ordinary","strong_reversal_010",0.245533333333333
13,20270823,20290823,"cell_10","noise_robustness",8,2000,"fixed_6",6,3000,0.5,"ordinary","strong_reversal_025",0.0171666666666667
13,20270823,20290823,"cell_10","noise_robustness",8,2000,"fixed_6",6,3000,0.5,"ordinary","reversal_given_estimated_margin_010",0.320455929696337
13,20270823,20290823,"cell_10","noise_robustness",8,2000,"fixed_6",6,3000,0.5,"ordinary","reversal_given_estimated_margin_025",0.0330361152094426
13,20270823,20290823,"cell_10","noise_robustness",8,2000,"fixed_6",6,3000,0.5,"ordinary","reversal_given_true_margin_010",0.150903821218824
13,20270823,20290823,"cell_10","noise_robustness",8,2000,"fixed_6",6,3000,0.5,"ordinary","reversal_given_true_margin_025",0.0103506736860891
13,20270823,20290823,"cell_10","noise_robustness",8,2000,"fixed_6",6,3000,0.5,"ordinary","x1_wrong_sign_true_margin_010",0.144306307680574
13,20270823,20290823,"cell_10","noise_robustness",8,2000,"fixed_6",6,3000,0.5,"ordinary","x2_wrong_sign_true_margin_010",0.00957211501792388
13,20270823,20290823,"cell_10","noise_robustness",8,2000,"fixed_6",6,3000,0.5,"ordinary","x1_wrong_sign_true_margin_025",0.000892299455697332
13,20270823,20290823,"cell_10","noise_robustness",8,2000,"fixed_6",6,3000,0.5,"ordinary","x2_wrong_sign_true_margin_025",0.00945837423039172
13,20270823,20290823,"cell_10","noise_robustness",8,2000,"fixed_6",6,3000,0.5,"ordinary","mean_absolute_prediction_change",0.306281486322686
13,20270823,20290823,"cell_11","noise_robustness",8,2000,"fixed_6",6,3000,2,"ordinary","cate_correlation",0.664994658557855
13,20270823,20290823,"cell_11","noise_robustness",8,2000,"fixed_6",6,3000,2,"ordinary","cate_rank_correlation",0.765205659182228
13,20270823,20290823,"cell_11","noise_robustness",8,2000,"fixed_6",6,3000,2,"ordinary","sign_reversal",0.257566666666667
13,20270823,20290823,"cell_11","noise_robustness",8,2000,"fixed_6",6,3000,2,"ordinary","positive_to_negative",0.0212333333333333
13,20270823,20290823,"cell_11","noise_robustness",8,2000,"fixed_6",6,3000,2,"ordinary","negative_to_positive",0.236333333333333
13,20270823,20290823,"cell_11","noise_robustness",8,2000,"fixed_6",6,3000,2,"ordinary","strong_reversal_010",0.2295
13,20270823,20290823,"cell_11","noise_robustness",8,2000,"fixed_6",6,3000,2,"ordinary","strong_reversal_025",0.181633333333333
13,20270823,20290823,"cell_11","noise_robustness",8,2000,"fixed_6",6,3000,2,"ordinary","reversal_given_estimated_margin_010",0.256855064353665
13,20270823,20290823,"cell_11","noise_robustness",8,2000,"fixed_6",6,3000,2,"ordinary","reversal_given_estimated_margin_025",0.258552787663108
13,20270823,20290823,"cell_11","noise_robustness",8,2000,"fixed_6",6,3000,2,"ordinary","reversal_given_true_margin_010",0.158988635496911
13,20270823,20290823,"cell_11","noise_robustness",8,2000,"fixed_6",6,3000,2,"ordinary","reversal_given_true_margin_025",0.02841973766396
13,20270823,20290823,"cell_11","noise_robustness",8,2000,"fixed_6",6,3000,2,"ordinary","x1_wrong_sign_true_margin_010",0.145450385172756
13,20270823,20290823,"cell_11","noise_robustness",8,2000,"fixed_6",6,3000,2,"ordinary","x2_wrong_sign_true_margin_010",0.019792540614751
13,20270823,20290823,"cell_11","noise_robustness",8,2000,"fixed_6",6,3000,2,"ordinary","x1_wrong_sign_true_margin_025",0.00959221914874632
13,20270823,20290823,"cell_11","noise_robustness",8,2000,"fixed_6",6,3000,2,"ordinary","x2_wrong_sign_true_margin_025",0.0201659676987597
13,20270823,20290823,"cell_11","noise_robustness",8,2000,"fixed_6",6,3000,2,"ordinary","mean_absolute_prediction_change",0.418611700550454
13,20270823,20290823,"cell_12","invariant_check",16,2000,"fixed_6",6,3000,1,"class_sampled","cate_correlation",1
13,20270823,20290823,"cell_12","invariant_check",16,2000,"fixed_6",6,3000,1,"class_sampled","cate_rank_correlation",1
13,20270823,20290823,"cell_12","invariant_check",16,2000,"fixed_6",6,3000,1,"class_sampled","sign_reversal",0
13,20270823,20290823,"cell_12","invariant_check",16,2000,"fixed_6",6,3000,1,"class_sampled","positive_to_negative",0
13,20270823,20290823,"cell_12","invariant_check",16,2000,"fixed_6",6,3000,1,"class_sampled","negative_to_positive",0
13,20270823,20290823,"cell_12","invariant_check",16,2000,"fixed_6",6,3000,1,"class_sampled","strong_reversal_010",0
13,20270823,20290823,"cell_12","invariant_check",16,2000,"fixed_6",6,3000,1,"class_sampled","strong_reversal_025",0
13,20270823,20290823,"cell_12","invariant_check",16,2000,"fixed_6",6,3000,1,"class_sampled","reversal_given_estimated_margin_010",0
13,20270823,20290823,"cell_12","invariant_check",16,2000,"fixed_6",6,3000,1,"class_sampled","reversal_given_estimated_margin_025",0
13,20270823,20290823,"cell_12","invariant_check",16,2000,"fixed_6",6,3000,1,"class_sampled","reversal_given_true_margin_010",0
13,20270823,20290823,"cell_12","invariant_check",16,2000,"fixed_6",6,3000,1,"class_sampled","reversal_given_true_margin_025",0
13,20270823,20290823,"cell_12","invariant_check",16,2000,"fixed_6",6,3000,1,"class_sampled","x1_wrong_sign_true_margin_010",0.00770345511402639
13,20270823,20290823,"cell_12","invariant_check",16,2000,"fixed_6",6,3000,1,"class_sampled","x2_wrong_sign_true_margin_010",0.00770345511402639
13,20270823,20290823,"cell_12","invariant_check",16,2000,"fixed_6",6,3000,1,"class_sampled","x1_wrong_sign_true_margin_025",0.000535379673418399
13,20270823,20290823,"cell_12","invariant_check",16,2000,"fixed_6",6,3000,1,"class_sampled","x2_wrong_sign_true_margin_025",0.000535379673418399
13,20270823,20290823,"cell_12","invariant_check",16,2000,"fixed_6",6,3000,1,"class_sampled","mean_absolute_prediction_change",0
14,20270824,20290824,"cell_01","dose_response",1,2000,"fixed_6",6,3000,1,"ordinary","cate_correlation",0.940307918432197
14,20270824,20290824,"cell_01","dose_response",1,2000,"fixed_6",6,3000,1,"ordinary","cate_rank_correlation",0.949463075179848
14,20270824,20290824,"cell_01","dose_response",1,2000,"fixed_6",6,3000,1,"ordinary","sign_reversal",0.2316
14,20270824,20290824,"cell_01","dose_response",1,2000,"fixed_6",6,3000,1,"ordinary","positive_to_negative",0.0042
14,20270824,20290824,"cell_01","dose_response",1,2000,"fixed_6",6,3000,1,"ordinary","negative_to_positive",0.2274
14,20270824,20290824,"cell_01","dose_response",1,2000,"fixed_6",6,3000,1,"ordinary","strong_reversal_010",0.0592333333333333
14,20270824,20290824,"cell_01","dose_response",1,2000,"fixed_6",6,3000,1,"ordinary","strong_reversal_025",0
14,20270824,20290824,"cell_01","dose_response",1,2000,"fixed_6",6,3000,1,"ordinary","reversal_given_estimated_margin_010",0.0736580310880829
14,20270824,20290824,"cell_01","dose_response",1,2000,"fixed_6",6,3000,1,"ordinary","reversal_given_estimated_margin_025",0
14,20270824,20290824,"cell_01","dose_response",1,2000,"fixed_6",6,3000,1,"ordinary","reversal_given_true_margin_010",0.137030003797949
14,20270824,20290824,"cell_01","dose_response",1,2000,"fixed_6",6,3000,1,"ordinary","reversal_given_true_margin_025",0.00559875583203732
14,20270824,20290824,"cell_01","dose_response",1,2000,"fixed_6",6,3000,1,"ordinary","x1_wrong_sign_true_margin_010",0.134447398404861
14,20270824,20290824,"cell_01","dose_response",1,2000,"fixed_6",6,3000,1,"ordinary","x2_wrong_sign_true_margin_010",0.00698822635776681
14,20270824,20290824,"cell_01","dose_response",1,2000,"fixed_6",6,3000,1,"ordinary","x1_wrong_sign_true_margin_025",0.000755387691624084
14,20270824,20290824,"cell_01","dose_response",1,2000,"fixed_6",6,3000,1,"ordinary","x2_wrong_sign_true_margin_025",0.00635414352366141
14,20270824,20290824,"cell_01","dose_response",1,2000,"fixed_6",6,3000,1,"ordinary","mean_absolute_prediction_change",0.152252434014576
14,20270824,20290824,"cell_02","dose_response",2,2000,"fixed_6",6,3000,1,"ordinary","cate_correlation",0.880953694222911
14,20270824,20290824,"cell_02","dose_response",2,2000,"fixed_6",6,3000,1,"ordinary","cate_rank_correlation",0.831069530039411
14,20270824,20290824,"cell_02","dose_response",2,2000,"fixed_6",6,3000,1,"ordinary","sign_reversal",0.251233333333333
14,20270824,20290824,"cell_02","dose_response",2,2000,"fixed_6",6,3000,1,"ordinary","positive_to_negative",0.00653333333333333
14,20270824,20290824,"cell_02","dose_response",2,2000,"fixed_6",6,3000,1,"ordinary","negative_to_positive",0.2447
14,20270824,20290824,"cell_02","dose_response",2,2000,"fixed_6",6,3000,1,"ordinary","strong_reversal_010",0.205833333333333
14,20270824,20290824,"cell_02","dose_response",2,2000,"fixed_6",6,3000,1,"ordinary","strong_reversal_025",0
14,20270824,20290824,"cell_02","dose_response",2,2000,"fixed_6",6,3000,1,"ordinary","reversal_given_estimated_margin_010",0.222546581612427
14,20270824,20290824,"cell_02","dose_response",2,2000,"fixed_6",6,3000,1,"ordinary","reversal_given_estimated_margin_025",0
14,20270824,20290824,"cell_02","dose_response",2,2000,"fixed_6",6,3000,1,"ordinary","reversal_given_true_margin_010",0.149905051272313
14,20270824,20290824,"cell_02","dose_response",2,2000,"fixed_6",6,3000,1,"ordinary","reversal_given_true_margin_025",0.00870917573872473
14,20270824,20290824,"cell_02","dose_response",2,2000,"fixed_6",6,3000,1,"ordinary","x1_wrong_sign_true_margin_010",0.144094189137866
14,20270824,20290824,"cell_02","dose_response",2,2000,"fixed_6",6,3000,1,"ordinary","x2_wrong_sign_true_margin_010",0.00907709836688188
14,20270824,20290824,"cell_02","dose_response",2,2000,"fixed_6",6,3000,1,"ordinary","x1_wrong_sign_true_margin_025",0.0012886025327705
14,20270824,20290824,"cell_02","dose_response",2,2000,"fixed_6",6,3000,1,"ordinary","x2_wrong_sign_true_margin_025",0.00999777827149522
14,20270824,20290824,"cell_02","dose_response",2,2000,"fixed_6",6,3000,1,"ordinary","mean_absolute_prediction_change",0.227176155361185
14,20270824,20290824,"cell_03","dose_response",4,2000,"fixed_6",6,3000,1,"ordinary","cate_correlation",0.825810689939146
14,20270824,20290824,"cell_03","dose_response",4,2000,"fixed_6",6,3000,1,"ordinary","cate_rank_correlation",0.804750216101722
14,20270824,20290824,"cell_03","dose_response",4,2000,"fixed_6",6,3000,1,"ordinary","sign_reversal",0.262033333333333
14,20270824,20290824,"cell_03","dose_response",4,2000,"fixed_6",6,3000,1,"ordinary","positive_to_negative",0.0153666666666667
14,20270824,20290824,"cell_03","dose_response",4,2000,"fixed_6",6,3000,1,"ordinary","negative_to_positive",0.246666666666667
14,20270824,20290824,"cell_03","dose_response",4,2000,"fixed_6",6,3000,1,"ordinary","strong_reversal_010",0.245133333333333
14,20270824,20290824,"cell_03","dose_response",4,2000,"fixed_6",6,3000,1,"ordinary","strong_reversal_025",0.0135
14,20270824,20290824,"cell_03","dose_response",4,2000,"fixed_6",6,3000,1,"ordinary","reversal_given_estimated_margin_010",0.279449764401885
14,20270824,20290824,"cell_03","dose_response",4,2000,"fixed_6",6,3000,1,"ordinary","reversal_given_estimated_margin_025",0.0261206062560464
14,20270824,20290824,"cell_03","dose_response",4,2000,"fixed_6",6,3000,1,"ordinary","reversal_given_true_margin_010",0.160881124192936
14,20270824,20290824,"cell_03","dose_response",4,2000,"fixed_6",6,3000,1,"ordinary","reversal_given_true_margin_025",0.0204843368140413
14,20270824,20290824,"cell_03","dose_response",4,2000,"fixed_6",6,3000,1,"ordinary","x1_wrong_sign_true_margin_010",0.14420812761109
14,20270824,20290824,"cell_03","dose_response",4,2000,"fixed_6",6,3000,1,"ordinary","x2_wrong_sign_true_margin_010",0.0183440941891379
14,20270824,20290824,"cell_03","dose_response",4,2000,"fixed_6",6,3000,1,"ordinary","x1_wrong_sign_true_margin_025",0.00062208398133748
14,20270824,20290824,"cell_03","dose_response",4,2000,"fixed_6",6,3000,1,"ordinary","x2_wrong_sign_true_margin_025",0.0211064207953788
14,20270824,20290824,"cell_03","dose_response",4,2000,"fixed_6",6,3000,1,"ordinary","mean_absolute_prediction_change",0.286983654247208
14,20270824,20290824,"cell_04","dose_response",8,2000,"fixed_6",6,3000,1,"ordinary","cate_correlation",0.776500492795219
14,20270824,20290824,"cell_04","dose_response",8,2000,"fixed_6",6,3000,1,"ordinary","cate_rank_correlation",0.793483435837648
14,20270824,20290824,"cell_04","dose_response",8,2000,"fixed_6",6,3000,1,"ordinary","sign_reversal",0.288333333333333
14,20270824,20290824,"cell_04","dose_response",8,2000,"fixed_6",6,3000,1,"ordinary","positive_to_negative",0.0407
14,20270824,20290824,"cell_04","dose_response",8,2000,"fixed_6",6,3000,1,"ordinary","negative_to_positive",0.247633333333333
14,20270824,20290824,"cell_04","dose_response",8,2000,"fixed_6",6,3000,1,"ordinary","strong_reversal_010",0.2541
14,20270824,20290824,"cell_04","dose_response",8,2000,"fixed_6",6,3000,1,"ordinary","strong_reversal_025",0.0807
14,20270824,20290824,"cell_04","dose_response",8,2000,"fixed_6",6,3000,1,"ordinary","reversal_given_estimated_margin_010",0.321022487997979
14,20270824,20290824,"cell_04","dose_response",8,2000,"fixed_6",6,3000,1,"ordinary","reversal_given_estimated_margin_025",0.138620097337532
14,20270824,20290824,"cell_04","dose_response",8,2000,"fixed_6",6,3000,1,"ordinary","reversal_given_true_margin_010",0.190277250284846
14,20270824,20290824,"cell_04","dose_response",8,2000,"fixed_6",6,3000,1,"ordinary","reversal_given_true_margin_025",0.0542546100866474
14,20270824,20290824,"cell_04","dose_response",8,2000,"fixed_6",6,3000,1,"ordinary","x1_wrong_sign_true_margin_010",0.144473984048614
14,20270824,20290824,"cell_04","dose_response",8,2000,"fixed_6",6,3000,1,"ordinary","x2_wrong_sign_true_margin_010",0.046942650968477
14,20270824,20290824,"cell_04","dose_response",8,2000,"fixed_6",6,3000,1,"ordinary","x1_wrong_sign_true_margin_025",0.000399911130859809
14,20270824,20290824,"cell_04","dose_response",8,2000,"fixed_6",6,3000,1,"ordinary","x2_wrong_sign_true_margin_025",0.0546545212175072
14,20270824,20290824,"cell_04","dose_response",8,2000,"fixed_6",6,3000,1,"ordinary","mean_absolute_prediction_change",0.332470538767377
14,20270824,20290824,"cell_05","dose_response",16,2000,"fixed_6",6,3000,1,"ordinary","cate_correlation",0.718507362448914
14,20270824,20290824,"cell_05","dose_response",16,2000,"fixed_6",6,3000,1,"ordinary","cate_rank_correlation",0.783399324998444
14,20270824,20290824,"cell_05","dose_response",16,2000,"fixed_6",6,3000,1,"ordinary","sign_reversal",0.359766666666667
14,20270824,20290824,"cell_05","dose_response",16,2000,"fixed_6",6,3000,1,"ordinary","positive_to_negative",0.1117
14,20270824,20290824,"cell_05","dose_response",16,2000,"fixed_6",6,3000,1,"ordinary","negative_to_positive",0.248066666666667
14,20270824,20290824,"cell_05","dose_response",16,2000,"fixed_6",6,3000,1,"ordinary","strong_reversal_010",0.260166666666667
14,20270824,20290824,"cell_05","dose_response",16,2000,"fixed_6",6,3000,1,"ordinary","strong_reversal_025",0.148133333333333
14,20270824,20290824,"cell_05","dose_response",16,2000,"fixed_6",6,3000,1,"ordinary","reversal_given_estimated_margin_010",0.33964316797215
14,20270824,20290824,"cell_05","dose_response",16,2000,"fixed_6",6,3000,1,"ordinary","reversal_given_estimated_margin_025",0.228248587570621
14,20270824,20290824,"cell_05","dose_response",16,2000,"fixed_6",6,3000,1,"ordinary","reversal_given_true_margin_010",0.271439422711736
14,20270824,20290824,"cell_05","dose_response",16,2000,"fixed_6",6,3000,1,"ordinary","reversal_given_true_margin_025",0.148900244390136
14,20270824,20290824,"cell_05","dose_response",16,2000,"fixed_6",6,3000,1,"ordinary","x1_wrong_sign_true_margin_010",0.144473984048614
14,20270824,20290824,"cell_05","dose_response",16,2000,"fixed_6",6,3000,1,"ordinary","x2_wrong_sign_true_margin_010",0.127573110520319
14,20270824,20290824,"cell_05","dose_response",16,2000,"fixed_6",6,3000,1,"ordinary","x1_wrong_sign_true_margin_025",0.00031104199066874
14,20270824,20290824,"cell_05","dose_response",16,2000,"fixed_6",6,3000,1,"ordinary","x2_wrong_sign_true_margin_025",0.149211286380804
14,20270824,20290824,"cell_05","dose_response",16,2000,"fixed_6",6,3000,1,"ordinary","mean_absolute_prediction_change",0.375451891827772
14,20270824,20290824,"cell_06","tree_robustness",8,800,"fixed_6",6,3000,1,"ordinary","cate_correlation",0.771173042400104
14,20270824,20290824,"cell_06","tree_robustness",8,800,"fixed_6",6,3000,1,"ordinary","cate_rank_correlation",0.791137920883487
14,20270824,20290824,"cell_06","tree_robustness",8,800,"fixed_6",6,3000,1,"ordinary","sign_reversal",0.3074
14,20270824,20290824,"cell_06","tree_robustness",8,800,"fixed_6",6,3000,1,"ordinary","positive_to_negative",0.06
14,20270824,20290824,"cell_06","tree_robustness",8,800,"fixed_6",6,3000,1,"ordinary","negative_to_positive",0.2474
14,20270824,20290824,"cell_06","tree_robustness",8,800,"fixed_6",6,3000,1,"ordinary","strong_reversal_010",0.254066666666667
14,20270824,20290824,"cell_06","tree_robustness",8,800,"fixed_6",6,3000,1,"ordinary","strong_reversal_025",0.0828666666666667
14,20270824,20290824,"cell_06","tree_robustness",8,800,"fixed_6",6,3000,1,"ordinary","reversal_given_estimated_margin_010",0.324893435635124
14,20270824,20290824,"cell_06","tree_robustness",8,800,"fixed_6",6,3000,1,"ordinary","reversal_given_estimated_margin_025",0.141862588450126
14,20270824,20290824,"cell_06","tree_robustness",8,800,"fixed_6",6,3000,1,"ordinary","reversal_given_true_margin_010",0.212115457652867
14,20270824,20290824,"cell_06","tree_robustness",8,800,"fixed_6",6,3000,1,"ordinary","reversal_given_true_margin_025",0.0799822261719618
14,20270824,20290824,"cell_06","tree_robustness",8,800,"fixed_6",6,3000,1,"ordinary","x1_wrong_sign_true_margin_010",0.14428408659324
14,20270824,20290824,"cell_06","tree_robustness",8,800,"fixed_6",6,3000,1,"ordinary","x2_wrong_sign_true_margin_010",0.0688947968097228
14,20270824,20290824,"cell_06","tree_robustness",8,800,"fixed_6",6,3000,1,"ordinary","x1_wrong_sign_true_margin_025",0.000399911130859809
14,20270824,20290824,"cell_06","tree_robustness",8,800,"fixed_6",6,3000,1,"ordinary","x2_wrong_sign_true_margin_025",0.0803821373028216
14,20270824,20290824,"cell_06","tree_robustness",8,800,"fixed_6",6,3000,1,"ordinary","mean_absolute_prediction_change",0.336358643465875
14,20270824,20290824,"cell_07","tree_robustness",8,5000,"fixed_6",6,3000,1,"ordinary","cate_correlation",0.769300072026394
14,20270824,20290824,"cell_07","tree_robustness",8,5000,"fixed_6",6,3000,1,"ordinary","cate_rank_correlation",0.795360369371289
14,20270824,20290824,"cell_07","tree_robustness",8,5000,"fixed_6",6,3000,1,"ordinary","sign_reversal",0.294433333333333
14,20270824,20290824,"cell_07","tree_robustness",8,5000,"fixed_6",6,3000,1,"ordinary","positive_to_negative",0.0468
14,20270824,20290824,"cell_07","tree_robustness",8,5000,"fixed_6",6,3000,1,"ordinary","negative_to_positive",0.247633333333333
14,20270824,20290824,"cell_07","tree_robustness",8,5000,"fixed_6",6,3000,1,"ordinary","strong_reversal_010",0.254966666666667
14,20270824,20290824,"cell_07","tree_robustness",8,5000,"fixed_6",6,3000,1,"ordinary","strong_reversal_025",0.0858
14,20270824,20290824,"cell_07","tree_robustness",8,5000,"fixed_6",6,3000,1,"ordinary","reversal_given_estimated_margin_010",0.325461662837205
14,20270824,20290824,"cell_07","tree_robustness",8,5000,"fixed_6",6,3000,1,"ordinary","reversal_given_estimated_margin_025",0.146117166212534
14,20270824,20290824,"cell_07","tree_robustness",8,5000,"fixed_6",6,3000,1,"ordinary","reversal_given_true_margin_010",0.197227497151538
14,20270824,20290824,"cell_07","tree_robustness",8,5000,"fixed_6",6,3000,1,"ordinary","reversal_given_true_margin_025",0.0623861364141302
14,20270824,20290824,"cell_07","tree_robustness",8,5000,"fixed_6",6,3000,1,"ordinary","x1_wrong_sign_true_margin_010",0.144436004557539
14,20270824,20290824,"cell_07","tree_robustness",8,5000,"fixed_6",6,3000,1,"ordinary","x2_wrong_sign_true_margin_010",0.0538549183440942
14,20270824,20290824,"cell_07","tree_robustness",8,5000,"fixed_6",6,3000,1,"ordinary","x1_wrong_sign_true_margin_025",0.000355476560764275
14,20270824,20290824,"cell_07","tree_robustness",8,5000,"fixed_6",6,3000,1,"ordinary","x2_wrong_sign_true_margin_025",0.0627416129748945
14,20270824,20290824,"cell_07","tree_robustness",8,5000,"fixed_6",6,3000,1,"ordinary","mean_absolute_prediction_change",0.33552223358218
14,20270824,20290824,"cell_08","default_mtry",8,2000,"grf_default",27,3000,1,"ordinary","cate_correlation",0.992891704807453
14,20270824,20290824,"cell_08","default_mtry",8,2000,"grf_default",27,3000,1,"ordinary","cate_rank_correlation",0.990662363045625
14,20270824,20290824,"cell_08","default_mtry",8,2000,"grf_default",27,3000,1,"ordinary","sign_reversal",0.1241
14,20270824,20290824,"cell_08","default_mtry",8,2000,"grf_default",27,3000,1,"ordinary","positive_to_negative",0.0022
14,20270824,20290824,"cell_08","default_mtry",8,2000,"grf_default",27,3000,1,"ordinary","negative_to_positive",0.1219
14,20270824,20290824,"cell_08","default_mtry",8,2000,"grf_default",27,3000,1,"ordinary","strong_reversal_010",6.66666666666667e-05
14,20270824,20290824,"cell_08","default_mtry",8,2000,"grf_default",27,3000,1,"ordinary","strong_reversal_025",0
14,20270824,20290824,"cell_08","default_mtry",8,2000,"grf_default",27,3000,1,"ordinary","reversal_given_estimated_margin_010",8.87350814144372e-05
14,20270824,20290824,"cell_08","default_mtry",8,2000,"grf_default",27,3000,1,"ordinary","reversal_given_estimated_margin_025",0
14,20270824,20290824,"cell_08","default_mtry",8,2000,"grf_default",27,3000,1,"ordinary","reversal_given_true_margin_010",0.0722369920243069
14,20270824,20290824,"cell_08","default_mtry",8,2000,"grf_default",27,3000,1,"ordinary","reversal_given_true_margin_025",0.00293268162630527
14,20270824,20290824,"cell_08","default_mtry",8,2000,"grf_default",27,3000,1,"ordinary","x1_wrong_sign_true_margin_010",0.0754272692745917
14,20270824,20290824,"cell_08","default_mtry",8,2000,"grf_default",27,3000,1,"ordinary","x2_wrong_sign_true_margin_010",0.00820357007216103
14,20270824,20290824,"cell_08","default_mtry",8,2000,"grf_default",27,3000,1,"ordinary","x1_wrong_sign_true_margin_025",0.0028438124861142
14,20270824,20290824,"cell_08","default_mtry",8,2000,"grf_default",27,3000,1,"ordinary","x2_wrong_sign_true_margin_025",0.00577649411241946
14,20270824,20290824,"cell_08","default_mtry",8,2000,"grf_default",27,3000,1,"ordinary","mean_absolute_prediction_change",0.083787636128883
14,20270824,20290824,"cell_09","larger_sample",8,2000,"fixed_6",6,10000,1,"ordinary","cate_correlation",0.872043213156698
14,20270824,20290824,"cell_09","larger_sample",8,2000,"fixed_6",6,10000,1,"ordinary","cate_rank_correlation",0.790741402285713
14,20270824,20290824,"cell_09","larger_sample",8,2000,"fixed_6",6,10000,1,"ordinary","sign_reversal",0.274866666666667
14,20270824,20290824,"cell_09","larger_sample",8,2000,"fixed_6",6,10000,1,"ordinary","positive_to_negative",0.0264
14,20270824,20290824,"cell_09","larger_sample",8,2000,"fixed_6",6,10000,1,"ordinary","negative_to_positive",0.248466666666667
14,20270824,20290824,"cell_09","larger_sample",8,2000,"fixed_6",6,10000,1,"ordinary","strong_reversal_010",0.244033333333333
14,20270824,20290824,"cell_09","larger_sample",8,2000,"fixed_6",6,10000,1,"ordinary","strong_reversal_025",0.00896666666666667
14,20270824,20290824,"cell_09","larger_sample",8,2000,"fixed_6",6,10000,1,"ordinary","reversal_given_estimated_margin_010",0.301374938251276
14,20270824,20290824,"cell_09","larger_sample",8,2000,"fixed_6",6,10000,1,"ordinary","reversal_given_estimated_margin_025",0.017527855606959
14,20270824,20290824,"cell_09","larger_sample",8,2000,"fixed_6",6,10000,1,"ordinary","reversal_given_true_margin_010",0.174401823015572
14,20270824,20290824,"cell_09","larger_sample",8,2000,"fixed_6",6,10000,1,"ordinary","reversal_given_true_margin_025",0.0351921795156632
14,20270824,20290824,"cell_09","larger_sample",8,2000,"fixed_6",6,10000,1,"ordinary","x1_wrong_sign_true_margin_010",0.145537409798709
14,20270824,20290824,"cell_09","larger_sample",8,2000,"fixed_6",6,10000,1,"ordinary","x2_wrong_sign_true_margin_010",0.0312951006456514
14,20270824,20290824,"cell_09","larger_sample",8,2000,"fixed_6",6,10000,1,"ordinary","x1_wrong_sign_true_margin_025",0.000933125972006221
14,20270824,20290824,"cell_09","larger_sample",8,2000,"fixed_6",6,10000,1,"ordinary","x2_wrong_sign_true_margin_025",0.0361253054876694
14,20270824,20290824,"cell_09","larger_sample",8,2000,"fixed_6",6,10000,1,"ordinary","mean_absolute_prediction_change",0.26608887257125
14,20270824,20290824,"cell_10","noise_robustness",8,2000,"fixed_6",6,3000,0.5,"ordinary","cate_correlation",0.830669222168709
14,20270824,20290824,"cell_10","noise_robustness",8,2000,"fixed_6",6,3000,0.5,"ordinary","cate_rank_correlation",0.781351183395279
14,20270824,20290824,"cell_10","noise_robustness",8,2000,"fixed_6",6,3000,0.5,"ordinary","sign_reversal",0.262166666666667
14,20270824,20290824,"cell_10","noise_robustness",8,2000,"fixed_6",6,3000,0.5,"ordinary","positive_to_negative",0.0143333333333333
14,20270824,20290824,"cell_10","noise_robustness",8,2000,"fixed_6",6,3000,0.5,"ordinary","negative_to_positive",0.247833333333333
14,20270824,20290824,"cell_10","noise_robustness",8,2000,"fixed_6",6,3000,0.5,"ordinary","strong_reversal_010",0.250133333333333
14,20270824,20290824,"cell_10","noise_robustness",8,2000,"fixed_6",6,3000,0.5,"ordinary","strong_reversal_025",0.0085
14,20270824,20290824,"cell_10","noise_robustness",8,2000,"fixed_6",6,3000,0.5,"ordinary","reversal_given_estimated_margin_010",0.330776690469893
14,20270824,20290824,"cell_10","noise_robustness",8,2000,"fixed_6",6,3000,0.5,"ordinary","reversal_given_estimated_margin_025",0.0166492556803343
14,20270824,20290824,"cell_10","noise_robustness",8,2000,"fixed_6",6,3000,0.5,"ordinary","reversal_given_true_margin_010",0.160349411317888
14,20270824,20290824,"cell_10","noise_robustness",8,2000,"fixed_6",6,3000,0.5,"ordinary","reversal_given_true_margin_025",0.0191068651410798
14,20270824,20290824,"cell_10","noise_robustness",8,2000,"fixed_6",6,3000,0.5,"ordinary","x1_wrong_sign_true_margin_010",0.144322066084314
14,20270824,20290824,"cell_10","noise_robustness",8,2000,"fixed_6",6,3000,0.5,"ordinary","x2_wrong_sign_true_margin_010",0.016635017090771
14,20270824,20290824,"cell_10","noise_robustness",8,2000,"fixed_6",6,3000,0.5,"ordinary","x1_wrong_sign_true_margin_025",0.000133303710286603
14,20270824,20290824,"cell_10","noise_robustness",8,2000,"fixed_6",6,3000,0.5,"ordinary","x2_wrong_sign_true_margin_025",0.0192401688513664
14,20270824,20290824,"cell_10","noise_robustness",8,2000,"fixed_6",6,3000,0.5,"ordinary","mean_absolute_prediction_change",0.292561023734019
14,20270824,20290824,"cell_11","noise_robustness",8,2000,"fixed_6",6,3000,2,"ordinary","cate_correlation",0.682057297308179
14,20270824,20290824,"cell_11","noise_robustness",8,2000,"fixed_6",6,3000,2,"ordinary","cate_rank_correlation",0.779261822003624
14,20270824,20290824,"cell_11","noise_robustness",8,2000,"fixed_6",6,3000,2,"ordinary","sign_reversal",0.281066666666667
14,20270824,20290824,"cell_11","noise_robustness",8,2000,"fixed_6",6,3000,2,"ordinary","positive_to_negative",0.0353666666666667
14,20270824,20290824,"cell_11","noise_robustness",8,2000,"fixed_6",6,3000,2,"ordinary","negative_to_positive",0.2457
14,20270824,20290824,"cell_11","noise_robustness",8,2000,"fixed_6",6,3000,2,"ordinary","strong_reversal_010",0.2445
14,20270824,20290824,"cell_11","noise_robustness",8,2000,"fixed_6",6,3000,2,"ordinary","strong_reversal_025",0.122066666666667
14,20270824,20290824,"cell_11","noise_robustness",8,2000,"fixed_6",6,3000,2,"ordinary","reversal_given_estimated_margin_010",0.281088331097911
14,20270824,20290824,"cell_11","noise_robustness",8,2000,"fixed_6",6,3000,2,"ordinary","reversal_given_estimated_margin_025",0.19360296061327
14,20270824,20290824,"cell_11","noise_robustness",8,2000,"fixed_6",6,3000,2,"ordinary","reversal_given_true_margin_010",0.183327003418154
14,20270824,20290824,"cell_11","noise_robustness",8,2000,"fixed_6",6,3000,2,"ordinary","reversal_given_true_margin_025",0.0472783825816485
14,20270824,20290824,"cell_11","noise_robustness",8,2000,"fixed_6",6,3000,2,"ordinary","x1_wrong_sign_true_margin_010",0.143904291682491
14,20270824,20290824,"cell_11","noise_robustness",8,2000,"fixed_6",6,3000,2,"ordinary","x2_wrong_sign_true_margin_010",0.0411697683251044
14,20270824,20290824,"cell_11","noise_robustness",8,2000,"fixed_6",6,3000,2,"ordinary","x1_wrong_sign_true_margin_025",0.00062208398133748
14,20270824,20290824,"cell_11","noise_robustness",8,2000,"fixed_6",6,3000,2,"ordinary","x2_wrong_sign_true_margin_025",0.0476338591424128
14,20270824,20290824,"cell_11","noise_robustness",8,2000,"fixed_6",6,3000,2,"ordinary","mean_absolute_prediction_change",0.389490283492678
14,20270824,20290824,"cell_12","invariant_check",16,2000,"fixed_6",6,3000,1,"class_sampled","cate_correlation",1
14,20270824,20290824,"cell_12","invariant_check",16,2000,"fixed_6",6,3000,1,"class_sampled","cate_rank_correlation",1
14,20270824,20290824,"cell_12","invariant_check",16,2000,"fixed_6",6,3000,1,"class_sampled","sign_reversal",0
14,20270824,20290824,"cell_12","invariant_check",16,2000,"fixed_6",6,3000,1,"class_sampled","positive_to_negative",0
14,20270824,20290824,"cell_12","invariant_check",16,2000,"fixed_6",6,3000,1,"class_sampled","negative_to_positive",0
14,20270824,20290824,"cell_12","invariant_check",16,2000,"fixed_6",6,3000,1,"class_sampled","strong_reversal_010",0
14,20270824,20290824,"cell_12","invariant_check",16,2000,"fixed_6",6,3000,1,"class_sampled","strong_reversal_025",0
14,20270824,20290824,"cell_12","invariant_check",16,2000,"fixed_6",6,3000,1,"class_sampled","reversal_given_estimated_margin_010",0
14,20270824,20290824,"cell_12","invariant_check",16,2000,"fixed_6",6,3000,1,"class_sampled","reversal_given_estimated_margin_025",0
14,20270824,20290824,"cell_12","invariant_check",16,2000,"fixed_6",6,3000,1,"class_sampled","reversal_given_true_margin_010",0
14,20270824,20290824,"cell_12","invariant_check",16,2000,"fixed_6",6,3000,1,"class_sampled","reversal_given_true_margin_025",0
14,20270824,20290824,"cell_12","invariant_check",16,2000,"fixed_6",6,3000,1,"class_sampled","x1_wrong_sign_true_margin_010",0.00881124192935815
14,20270824,20290824,"cell_12","invariant_check",16,2000,"fixed_6",6,3000,1,"class_sampled","x2_wrong_sign_true_margin_010",0.00881124192935815
14,20270824,20290824,"cell_12","invariant_check",16,2000,"fixed_6",6,3000,1,"class_sampled","x1_wrong_sign_true_margin_025",0.00395467673850255
14,20270824,20290824,"cell_12","invariant_check",16,2000,"fixed_6",6,3000,1,"class_sampled","x2_wrong_sign_true_margin_025",0.00395467673850255
14,20270824,20290824,"cell_12","invariant_check",16,2000,"fixed_6",6,3000,1,"class_sampled","mean_absolute_prediction_change",0
15,20270825,20290825,"cell_01","dose_response",1,2000,"fixed_6",6,3000,1,"ordinary","cate_correlation",0.958302708026606
15,20270825,20290825,"cell_01","dose_response",1,2000,"fixed_6",6,3000,1,"ordinary","cate_rank_correlation",0.993152996316392
15,20270825,20290825,"cell_01","dose_response",1,2000,"fixed_6",6,3000,1,"ordinary","sign_reversal",0.227833333333333
15,20270825,20290825,"cell_01","dose_response",1,2000,"fixed_6",6,3000,1,"ordinary","positive_to_negative",0.000533333333333333
15,20270825,20290825,"cell_01","dose_response",1,2000,"fixed_6",6,3000,1,"ordinary","negative_to_positive",0.2273
15,20270825,20290825,"cell_01","dose_response",1,2000,"fixed_6",6,3000,1,"ordinary","strong_reversal_010",0.0789
15,20270825,20290825,"cell_01","dose_response",1,2000,"fixed_6",6,3000,1,"ordinary","strong_reversal_025",0
15,20270825,20290825,"cell_01","dose_response",1,2000,"fixed_6",6,3000,1,"ordinary","reversal_given_estimated_margin_010",0.0952131938857603
15,20270825,20290825,"cell_01","dose_response",1,2000,"fixed_6",6,3000,1,"ordinary","reversal_given_estimated_margin_025",0
15,20270825,20290825,"cell_01","dose_response",1,2000,"fixed_6",6,3000,1,"ordinary","reversal_given_true_margin_010",0.132551745207363
15,20270825,20290825,"cell_01","dose_response",1,2000,"fixed_6",6,3000,1,"ordinary","reversal_given_true_margin_025",0.000760966875559534
15,20270825,20290825,"cell_01","dose_response",1,2000,"fixed_6",6,3000,1,"ordinary","x1_wrong_sign_true_margin_010",0.14576491254869
15,20270825,20290825,"cell_01","dose_response",1,2000,"fixed_6",6,3000,1,"ordinary","x2_wrong_sign_true_margin_010",0.0132895440311617
15,20270825,20290825,"cell_01","dose_response",1,2000,"fixed_6",6,3000,1,"ordinary","x1_wrong_sign_true_margin_025",0.0022829006266786
15,20270825,20290825,"cell_01","dose_response",1,2000,"fixed_6",6,3000,1,"ordinary","x2_wrong_sign_true_margin_025",0.00161145926589078
15,20270825,20290825,"cell_01","dose_response",1,2000,"fixed_6",6,3000,1,"ordinary","mean_absolute_prediction_change",0.150893413217358
15,20270825,20290825,"cell_02","dose_response",2,2000,"fixed_6",6,3000,1,"ordinary","cate_correlation",0.914918916577091
15,20270825,20290825,"cell_02","dose_response",2,2000,"fixed_6",6,3000,1,"ordinary","cate_rank_correlation",0.985729410843255
15,20270825,20290825,"cell_02","dose_response",2,2000,"fixed_6",6,3000,1,"ordinary","sign_reversal",0.239666666666667
15,20270825,20290825,"cell_02","dose_response",2,2000,"fixed_6",6,3000,1,"ordinary","positive_to_negative",0.000166666666666667
15,20270825,20290825,"cell_02","dose_response",2,2000,"fixed_6",6,3000,1,"ordinary","negative_to_positive",0.2395
15,20270825,20290825,"cell_02","dose_response",2,2000,"fixed_6",6,3000,1,"ordinary","strong_reversal_010",0.1967
15,20270825,20290825,"cell_02","dose_response",2,2000,"fixed_6",6,3000,1,"ordinary","strong_reversal_025",0
15,20270825,20290825,"cell_02","dose_response",2,2000,"fixed_6",6,3000,1,"ordinary","reversal_given_estimated_margin_010",0.209292427735414
15,20270825,20290825,"cell_02","dose_response",2,2000,"fixed_6",6,3000,1,"ordinary","reversal_given_estimated_margin_025",0
15,20270825,20290825,"cell_02","dose_response",2,2000,"fixed_6",6,3000,1,"ordinary","reversal_given_true_margin_010",0.139081952188192
15,20270825,20290825,"cell_02","dose_response",2,2000,"fixed_6",6,3000,1,"ordinary","reversal_given_true_margin_025",0.000402864816472695
15,20270825,20290825,"cell_02","dose_response",2,2000,"fixed_6",6,3000,1,"ordinary","x1_wrong_sign_true_margin_010",0.146261361032613
15,20270825,20290825,"cell_02","dose_response",2,2000,"fixed_6",6,3000,1,"ordinary","x2_wrong_sign_true_margin_010",0.00748491560375773
15,20270825,20290825,"cell_02","dose_response",2,2000,"fixed_6",6,3000,1,"ordinary","x1_wrong_sign_true_margin_025",0.0013876454789615
15,20270825,20290825,"cell_02","dose_response",2,2000,"fixed_6",6,3000,1,"ordinary","x2_wrong_sign_true_margin_025",0.00134288272157565
15,20270825,20290825,"cell_02","dose_response",2,2000,"fixed_6",6,3000,1,"ordinary","mean_absolute_prediction_change",0.218727700955234
15,20270825,20290825,"cell_03","dose_response",4,2000,"fixed_6",6,3000,1,"ordinary","cate_correlation",0.865915675094632
15,20270825,20290825,"cell_03","dose_response",4,2000,"fixed_6",6,3000,1,"ordinary","cate_rank_correlation",0.940301439826113
15,20270825,20290825,"cell_03","dose_response",4,2000,"fixed_6",6,3000,1,"ordinary","sign_reversal",0.246466666666667
15,20270825,20290825,"cell_03","dose_response",4,2000,"fixed_6",6,3000,1,"ordinary","positive_to_negative",0.00173333333333333
15,20270825,20290825,"cell_03","dose_response",4,2000,"fixed_6",6,3000,1,"ordinary","negative_to_positive",0.244733333333333
15,20270825,20290825,"cell_03","dose_response",4,2000,"fixed_6",6,3000,1,"ordinary","strong_reversal_010",0.2253
15,20270825,20290825,"cell_03","dose_response",4,2000,"fixed_6",6,3000,1,"ordinary","strong_reversal_025",0.00646666666666667
15,20270825,20290825,"cell_03","dose_response",4,2000,"fixed_6",6,3000,1,"ordinary","reversal_given_estimated_margin_010",0.234703798874922
15,20270825,20290825,"cell_03","dose_response",4,2000,"fixed_6",6,3000,1,"ordinary","reversal_given_estimated_margin_025",0.0114854064294595
15,20270825,20290825,"cell_03","dose_response",4,2000,"fixed_6",6,3000,1,"ordinary","reversal_given_true_margin_010",0.143740930268082
15,20270825,20290825,"cell_03","dose_response",4,2000,"fixed_6",6,3000,1,"ordinary","reversal_given_true_margin_025",0.00255147717099373
15,20270825,20290825,"cell_03","dose_response",4,2000,"fixed_6",6,3000,1,"ordinary","x1_wrong_sign_true_margin_010",0.146643244481784
15,20270825,20290825,"cell_03","dose_response",4,2000,"fixed_6",6,3000,1,"ordinary","x2_wrong_sign_true_margin_010",0.00549912166806691
15,20270825,20290825,"cell_03","dose_response",4,2000,"fixed_6",6,3000,1,"ordinary","x1_wrong_sign_true_margin_025",0.00147717099373321
15,20270825,20290825,"cell_03","dose_response",4,2000,"fixed_6",6,3000,1,"ordinary","x2_wrong_sign_true_margin_025",0.00196956132497762
15,20270825,20290825,"cell_03","dose_response",4,2000,"fixed_6",6,3000,1,"ordinary","mean_absolute_prediction_change",0.280912779882211
15,20270825,20290825,"cell_04","dose_response",8,2000,"fixed_6",6,3000,1,"ordinary","cate_correlation",0.809523051931963
15,20270825,20290825,"cell_04","dose_response",8,2000,"fixed_6",6,3000,1,"ordinary","cate_rank_correlation",0.846488783887654
15,20270825,20290825,"cell_04","dose_response",8,2000,"fixed_6",6,3000,1,"ordinary","sign_reversal",0.256266666666667
15,20270825,20290825,"cell_04","dose_response",8,2000,"fixed_6",6,3000,1,"ordinary","positive_to_negative",0.0056
15,20270825,20290825,"cell_04","dose_response",8,2000,"fixed_6",6,3000,1,"ordinary","negative_to_positive",0.250666666666667
15,20270825,20290825,"cell_04","dose_response",8,2000,"fixed_6",6,3000,1,"ordinary","strong_reversal_010",0.237133333333333
15,20270825,20290825,"cell_04","dose_response",8,2000,"fixed_6",6,3000,1,"ordinary","strong_reversal_025",0.105366666666667
15,20270825,20290825,"cell_04","dose_response",8,2000,"fixed_6",6,3000,1,"ordinary","reversal_given_estimated_margin_010",0.248950167973124
15,20270825,20290825,"cell_04","dose_response",8,2000,"fixed_6",6,3000,1,"ordinary","reversal_given_estimated_margin_025",0.169854916711445
15,20270825,20290825,"cell_04","dose_response",8,2000,"fixed_6",6,3000,1,"ordinary","reversal_given_true_margin_010",0.151111280837089
15,20270825,20290825,"cell_04","dose_response",8,2000,"fixed_6",6,3000,1,"ordinary","reversal_given_true_margin_025",0.00783348254252462
15,20270825,20290825,"cell_04","dose_response",8,2000,"fixed_6",6,3000,1,"ordinary","x1_wrong_sign_true_margin_010",0.146795997861453
15,20270825,20290825,"cell_04","dose_response",8,2000,"fixed_6",6,3000,1,"ordinary","x2_wrong_sign_true_margin_010",0.00675933705033224
15,20270825,20290825,"cell_04","dose_response",8,2000,"fixed_6",6,3000,1,"ordinary","x1_wrong_sign_true_margin_025",0.00152193375111907
15,20270825,20290825,"cell_04","dose_response",8,2000,"fixed_6",6,3000,1,"ordinary","x2_wrong_sign_true_margin_025",0.00666965085049239
15,20270825,20290825,"cell_04","dose_response",8,2000,"fixed_6",6,3000,1,"ordinary","mean_absolute_prediction_change",0.333532555718648
15,20270825,20290825,"cell_05","dose_response",16,2000,"fixed_6",6,3000,1,"ordinary","cate_correlation",0.748736977818686
15,20270825,20290825,"cell_05","dose_response",16,2000,"fixed_6",6,3000,1,"ordinary","cate_rank_correlation",0.807022920295803
15,20270825,20290825,"cell_05","dose_response",16,2000,"fixed_6",6,3000,1,"ordinary","sign_reversal",0.2633
15,20270825,20290825,"cell_05","dose_response",16,2000,"fixed_6",6,3000,1,"ordinary","positive_to_negative",0.0106666666666667
15,20270825,20290825,"cell_05","dose_response",16,2000,"fixed_6",6,3000,1,"ordinary","negative_to_positive",0.252633333333333
15,20270825,20290825,"cell_05","dose_response",16,2000,"fixed_6",6,3000,1,"ordinary","strong_reversal_010",0.245766666666667
15,20270825,20290825,"cell_05","dose_response",16,2000,"fixed_6",6,3000,1,"ordinary","strong_reversal_025",0.186166666666667
15,20270825,20290825,"cell_05","dose_response",16,2000,"fixed_6",6,3000,1,"ordinary","reversal_given_estimated_margin_010",0.279333207046789
15,20270825,20290825,"cell_05","dose_response",16,2000,"fixed_6",6,3000,1,"ordinary","reversal_given_estimated_margin_025",0.268625847722572
15,20270825,20290825,"cell_05","dose_response",16,2000,"fixed_6",6,3000,1,"ordinary","reversal_given_true_margin_010",0.157832429542504
15,20270825,20290825,"cell_05","dose_response",16,2000,"fixed_6",6,3000,1,"ordinary","reversal_given_true_margin_025",0.0146821844225604
15,20270825,20290825,"cell_05","dose_response",16,2000,"fixed_6",6,3000,1,"ordinary","x1_wrong_sign_true_margin_010",0.146872374551287
15,20270825,20290825,"cell_05","dose_response",16,2000,"fixed_6",6,3000,1,"ordinary","x2_wrong_sign_true_margin_010",0.011647445199725
15,20270825,20290825,"cell_05","dose_response",16,2000,"fixed_6",6,3000,1,"ordinary","x1_wrong_sign_true_margin_025",0.00152193375111907
15,20270825,20290825,"cell_05","dose_response",16,2000,"fixed_6",6,3000,1,"ordinary","x2_wrong_sign_true_margin_025",0.0133393017009848
15,20270825,20290825,"cell_05","dose_response",16,2000,"fixed_6",6,3000,1,"ordinary","mean_absolute_prediction_change",0.37637029729466
15,20270825,20290825,"cell_06","tree_robustness",8,800,"fixed_6",6,3000,1,"ordinary","cate_correlation",0.805241398377096
15,20270825,20290825,"cell_06","tree_robustness",8,800,"fixed_6",6,3000,1,"ordinary","cate_rank_correlation",0.84389316912877
15,20270825,20290825,"cell_06","tree_robustness",8,800,"fixed_6",6,3000,1,"ordinary","sign_reversal",0.258966666666667
15,20270825,20290825,"cell_06","tree_robustness",8,800,"fixed_6",6,3000,1,"ordinary","positive_to_negative",0.008
15,20270825,20290825,"cell_06","tree_robustness",8,800,"fixed_6",6,3000,1,"ordinary","negative_to_positive",0.250966666666667
15,20270825,20290825,"cell_06","tree_robustness",8,800,"fixed_6",6,3000,1,"ordinary","strong_reversal_010",0.237666666666667
15,20270825,20290825,"cell_06","tree_robustness",8,800,"fixed_6",6,3000,1,"ordinary","strong_reversal_025",0.0953666666666667
15,20270825,20290825,"cell_06","tree_robustness",8,800,"fixed_6",6,3000,1,"ordinary","reversal_given_estimated_margin_010",0.253124112468049
15,20270825,20290825,"cell_06","tree_robustness",8,800,"fixed_6",6,3000,1,"ordinary","reversal_given_estimated_margin_025",0.156578371278459
15,20270825,20290825,"cell_06","tree_robustness",8,800,"fixed_6",6,3000,1,"ordinary","reversal_given_true_margin_010",0.154166348430459
15,20270825,20290825,"cell_06","tree_robustness",8,800,"fixed_6",6,3000,1,"ordinary","reversal_given_true_margin_025",0.0111459265890779
15,20270825,20290825,"cell_06","tree_robustness",8,800,"fixed_6",6,3000,1,"ordinary","x1_wrong_sign_true_margin_010",0.146795997861453
15,20270825,20290825,"cell_06","tree_robustness",8,800,"fixed_6",6,3000,1,"ordinary","x2_wrong_sign_true_margin_010",0.0092797678148629
15,20270825,20290825,"cell_06","tree_robustness",8,800,"fixed_6",6,3000,1,"ordinary","x1_wrong_sign_true_margin_025",0.00152193375111907
15,20270825,20290825,"cell_06","tree_robustness",8,800,"fixed_6",6,3000,1,"ordinary","x2_wrong_sign_true_margin_025",0.00989256938227395
15,20270825,20290825,"cell_06","tree_robustness",8,800,"fixed_6",6,3000,1,"ordinary","mean_absolute_prediction_change",0.340684947530125
15,20270825,20290825,"cell_07","tree_robustness",8,5000,"fixed_6",6,3000,1,"ordinary","cate_correlation",0.805785630932966
15,20270825,20290825,"cell_07","tree_robustness",8,5000,"fixed_6",6,3000,1,"ordinary","cate_rank_correlation",0.844135735471262
15,20270825,20290825,"cell_07","tree_robustness",8,5000,"fixed_6",6,3000,1,"ordinary","sign_reversal",0.256633333333333
15,20270825,20290825,"cell_07","tree_robustness",8,5000,"fixed_6",6,3000,1,"ordinary","positive_to_negative",0.006
15,20270825,20290825,"cell_07","tree_robustness",8,5000,"fixed_6",6,3000,1,"ordinary","negative_to_positive",0.250633333333333
15,20270825,20290825,"cell_07","tree_robustness",8,5000,"fixed_6",6,3000,1,"ordinary","strong_reversal_010",0.237033333333333
15,20270825,20290825,"cell_07","tree_robustness",8,5000,"fixed_6",6,3000,1,"ordinary","strong_reversal_025",0.1211
15,20270825,20290825,"cell_07","tree_robustness",8,5000,"fixed_6",6,3000,1,"ordinary","reversal_given_estimated_margin_010",0.248784242381835
15,20270825,20290825,"cell_07","tree_robustness",8,5000,"fixed_6",6,3000,1,"ordinary","reversal_given_estimated_margin_025",0.190199465996545
15,20270825,20290825,"cell_07","tree_robustness",8,5000,"fixed_6",6,3000,1,"ordinary","reversal_given_true_margin_010",0.151569540976094
15,20270825,20290825,"cell_07","tree_robustness",8,5000,"fixed_6",6,3000,1,"ordinary","reversal_given_true_margin_025",0.00828111011638317
15,20270825,20290825,"cell_07","tree_robustness",8,5000,"fixed_6",6,3000,1,"ordinary","x1_wrong_sign_true_margin_010",0.146795997861453
15,20270825,20290825,"cell_07","tree_robustness",8,5000,"fixed_6",6,3000,1,"ordinary","x2_wrong_sign_true_margin_010",0.00706484380966929
15,20270825,20290825,"cell_07","tree_robustness",8,5000,"fixed_6",6,3000,1,"ordinary","x1_wrong_sign_true_margin_025",0.00152193375111907
15,20270825,20290825,"cell_07","tree_robustness",8,5000,"fixed_6",6,3000,1,"ordinary","x2_wrong_sign_true_margin_025",0.00711727842435094
15,20270825,20290825,"cell_07","tree_robustness",8,5000,"fixed_6",6,3000,1,"ordinary","mean_absolute_prediction_change",0.337145115353782
15,20270825,20290825,"cell_08","default_mtry",8,2000,"grf_default",27,3000,1,"ordinary","cate_correlation",0.993476327275042
15,20270825,20290825,"cell_08","default_mtry",8,2000,"grf_default",27,3000,1,"ordinary","cate_rank_correlation",0.992809999775122
15,20270825,20290825,"cell_08","default_mtry",8,2000,"grf_default",27,3000,1,"ordinary","sign_reversal",0.0353666666666667
15,20270825,20290825,"cell_08","default_mtry",8,2000,"grf_default",27,3000,1,"ordinary","positive_to_negative",0
15,20270825,20290825,"cell_08","default_mtry",8,2000,"grf_default",27,3000,1,"ordinary","negative_to_positive",0.0353666666666667
15,20270825,20290825,"cell_08","default_mtry",8,2000,"grf_default",27,3000,1,"ordinary","strong_reversal_010",3.33333333333333e-05
15,20270825,20290825,"cell_08","default_mtry",8,2000,"grf_default",27,3000,1,"ordinary","strong_reversal_025",0
15,20270825,20290825,"cell_08","default_mtry",8,2000,"grf_default",27,3000,1,"ordinary","reversal_given_estimated_margin_010",4.2369290738073e-05
15,20270825,20290825,"cell_08","default_mtry",8,2000,"grf_default",27,3000,1,"ordinary","reversal_given_estimated_margin_025",0
15,20270825,20290825,"cell_08","default_mtry",8,2000,"grf_default",27,3000,1,"ordinary","reversal_given_true_margin_010",0.0263881463377377
15,20270825,20290825,"cell_08","default_mtry",8,2000,"grf_default",27,3000,1,"ordinary","reversal_given_true_margin_025",0.000671441360787825
15,20270825,20290825,"cell_08","default_mtry",8,2000,"grf_default",27,3000,1,"ordinary","x1_wrong_sign_true_margin_010",0.145726724203773
15,20270825,20290825,"cell_08","default_mtry",8,2000,"grf_default",27,3000,1,"ordinary","x2_wrong_sign_true_margin_010",0.120484228213549
15,20270825,20290825,"cell_08","default_mtry",8,2000,"grf_default",27,3000,1,"ordinary","x1_wrong_sign_true_margin_025",0.000760966875559534
15,20270825,20290825,"cell_08","default_mtry",8,2000,"grf_default",27,3000,1,"ordinary","x2_wrong_sign_true_margin_025",0.00143240823634736
15,20270825,20290825,"cell_08","default_mtry",8,2000,"grf_default",27,3000,1,"ordinary","mean_absolute_prediction_change",0.077877560307791
15,20270825,20290825,"cell_09","larger_sample",8,2000,"fixed_6",6,10000,1,"ordinary","cate_correlation",0.889665168327143
15,20270825,20290825,"cell_09","larger_sample",8,2000,"fixed_6",6,10000,1,"ordinary","cate_rank_correlation",0.812134720189483
15,20270825,20290825,"cell_09","larger_sample",8,2000,"fixed_6",6,10000,1,"ordinary","sign_reversal",0.262233333333333
15,20270825,20290825,"cell_09","larger_sample",8,2000,"fixed_6",6,10000,1,"ordinary","positive_to_negative",0.00933333333333333
15,20270825,20290825,"cell_09","larger_sample",8,2000,"fixed_6",6,10000,1,"ordinary","negative_to_positive",0.2529
15,20270825,20290825,"cell_09","larger_sample",8,2000,"fixed_6",6,10000,1,"ordinary","strong_reversal_010",0.250933333333333
15,20270825,20290825,"cell_09","larger_sample",8,2000,"fixed_6",6,10000,1,"ordinary","strong_reversal_025",0.0198333333333333
15,20270825,20290825,"cell_09","larger_sample",8,2000,"fixed_6",6,10000,1,"ordinary","reversal_given_estimated_margin_010",0.258889882385308
15,20270825,20290825,"cell_09","larger_sample",8,2000,"fixed_6",6,10000,1,"ordinary","reversal_given_estimated_margin_025",0.0376225102750553
15,20270825,20290825,"cell_09","larger_sample",8,2000,"fixed_6",6,10000,1,"ordinary","reversal_given_true_margin_010",0.156228519055984
15,20270825,20290825,"cell_09","larger_sample",8,2000,"fixed_6",6,10000,1,"ordinary","reversal_given_true_margin_025",0.0125783348254252
15,20270825,20290825,"cell_09","larger_sample",8,2000,"fixed_6",6,10000,1,"ordinary","x1_wrong_sign_true_margin_010",0.146261361032613
15,20270825,20290825,"cell_09","larger_sample",8,2000,"fixed_6",6,10000,1,"ordinary","x2_wrong_sign_true_margin_010",0.0107309249217139
15,20270825,20290825,"cell_09","larger_sample",8,2000,"fixed_6",6,10000,1,"ordinary","x1_wrong_sign_true_margin_025",0.000492390331244405
15,20270825,20290825,"cell_09","larger_sample",8,2000,"fixed_6",6,10000,1,"ordinary","x2_wrong_sign_true_margin_025",0.0121754700089526
15,20270825,20290825,"cell_09","larger_sample",8,2000,"fixed_6",6,10000,1,"ordinary","mean_absolute_prediction_change",0.260940411999358
15,20270825,20290825,"cell_10","noise_robustness",8,2000,"fixed_6",6,3000,0.5,"ordinary","cate_correlation",0.839328460400938
15,20270825,20290825,"cell_10","noise_robustness",8,2000,"fixed_6",6,3000,0.5,"ordinary","cate_rank_correlation",0.786641874484713
15,20270825,20290825,"cell_10","noise_robustness",8,2000,"fixed_6",6,3000,0.5,"ordinary","sign_reversal",0.2541
15,20270825,20290825,"cell_10","noise_robustness",8,2000,"fixed_6",6,3000,0.5,"ordinary","positive_to_negative",0.00196666666666667
15,20270825,20290825,"cell_10","noise_robustness",8,2000,"fixed_6",6,3000,0.5,"ordinary","negative_to_positive",0.252133333333333
15,20270825,20290825,"cell_10","noise_robustness",8,2000,"fixed_6",6,3000,0.5,"ordinary","strong_reversal_010",0.2512
15,20270825,20290825,"cell_10","noise_robustness",8,2000,"fixed_6",6,3000,0.5,"ordinary","strong_reversal_025",0.0306
15,20270825,20290825,"cell_10","noise_robustness",8,2000,"fixed_6",6,3000,0.5,"ordinary","reversal_given_estimated_margin_010",0.278255732378245
15,20270825,20290825,"cell_10","noise_robustness",8,2000,"fixed_6",6,3000,0.5,"ordinary","reversal_given_estimated_margin_025",0.0570576170054074
15,20270825,20290825,"cell_10","noise_robustness",8,2000,"fixed_6",6,3000,0.5,"ordinary","reversal_given_true_margin_010",0.14736882303521
15,20270825,20290825,"cell_10","noise_robustness",8,2000,"fixed_6",6,3000,0.5,"ordinary","reversal_given_true_margin_025",0.00273052820053715
15,20270825,20290825,"cell_10","noise_robustness",8,2000,"fixed_6",6,3000,0.5,"ordinary","x1_wrong_sign_true_margin_010",0.14683418620637
15,20270825,20290825,"cell_10","noise_robustness",8,2000,"fixed_6",6,3000,0.5,"ordinary","x2_wrong_sign_true_margin_010",0.00206217062552509
15,20270825,20290825,"cell_10","noise_robustness",8,2000,"fixed_6",6,3000,0.5,"ordinary","x1_wrong_sign_true_margin_025",0.00129811996418979
15,20270825,20290825,"cell_10","noise_robustness",8,2000,"fixed_6",6,3000,0.5,"ordinary","x2_wrong_sign_true_margin_025",0.00161145926589078
15,20270825,20290825,"cell_10","noise_robustness",8,2000,"fixed_6",6,3000,0.5,"ordinary","mean_absolute_prediction_change",0.295288751050462
15,20270825,20290825,"cell_11","noise_robustness",8,2000,"fixed_6",6,3000,2,"ordinary","cate_correlation",0.874610741035457
15,20270825,20290825,"cell_11","noise_robustness",8,2000,"fixed_6",6,3000,2,"ordinary","cate_rank_correlation",0.897779172957532
15,20270825,20290825,"cell_11","noise_robustness",8,2000,"fixed_6",6,3000,2,"ordinary","sign_reversal",0.2201
15,20270825,20290825,"cell_11","noise_robustness",8,2000,"fixed_6",6,3000,2,"ordinary","positive_to_negative",0.000266666666666667
15,20270825,20290825,"cell_11","noise_robustness",8,2000,"fixed_6",6,3000,2,"ordinary","negative_to_positive",0.219833333333333
15,20270825,20290825,"cell_11","noise_robustness",8,2000,"fixed_6",6,3000,2,"ordinary","strong_reversal_010",0.130566666666667
15,20270825,20290825,"cell_11","noise_robustness",8,2000,"fixed_6",6,3000,2,"ordinary","strong_reversal_025",0.0072
15,20270825,20290825,"cell_11","noise_robustness",8,2000,"fixed_6",6,3000,2,"ordinary","reversal_given_estimated_margin_010",0.152804868533978
15,20270825,20290825,"cell_11","noise_robustness",8,2000,"fixed_6",6,3000,2,"ordinary","reversal_given_estimated_margin_025",0.0121293800539084
15,20270825,20290825,"cell_11","noise_robustness",8,2000,"fixed_6",6,3000,2,"ordinary","reversal_given_true_margin_010",0.130527762926755
15,20270825,20290825,"cell_11","noise_robustness",8,2000,"fixed_6",6,3000,2,"ordinary","reversal_given_true_margin_025",0.00474485228290063
15,20270825,20290825,"cell_11","noise_robustness",8,2000,"fixed_6",6,3000,2,"ordinary","x1_wrong_sign_true_margin_010",0.147254258000458
15,20270825,20290825,"cell_11","noise_robustness",8,2000,"fixed_6",6,3000,2,"ordinary","x2_wrong_sign_true_margin_010",0.0243641640571298
15,20270825,20290825,"cell_11","noise_robustness",8,2000,"fixed_6",6,3000,2,"ordinary","x1_wrong_sign_true_margin_025",0.00196956132497762
15,20270825,20290825,"cell_11","noise_robustness",8,2000,"fixed_6",6,3000,2,"ordinary","x2_wrong_sign_true_margin_025",0.00617726051924799
15,20270825,20290825,"cell_11","noise_robustness",8,2000,"fixed_6",6,3000,2,"ordinary","mean_absolute_prediction_change",0.395184435154811
15,20270825,20290825,"cell_12","invariant_check",16,2000,"fixed_6",6,3000,1,"class_sampled","cate_correlation",1
15,20270825,20290825,"cell_12","invariant_check",16,2000,"fixed_6",6,3000,1,"class_sampled","cate_rank_correlation",1
15,20270825,20290825,"cell_12","invariant_check",16,2000,"fixed_6",6,3000,1,"class_sampled","sign_reversal",0
15,20270825,20290825,"cell_12","invariant_check",16,2000,"fixed_6",6,3000,1,"class_sampled","positive_to_negative",0
15,20270825,20290825,"cell_12","invariant_check",16,2000,"fixed_6",6,3000,1,"class_sampled","negative_to_positive",0
15,20270825,20290825,"cell_12","invariant_check",16,2000,"fixed_6",6,3000,1,"class_sampled","strong_reversal_010",0
15,20270825,20290825,"cell_12","invariant_check",16,2000,"fixed_6",6,3000,1,"class_sampled","strong_reversal_025",0
15,20270825,20290825,"cell_12","invariant_check",16,2000,"fixed_6",6,3000,1,"class_sampled","reversal_given_estimated_margin_010",0
15,20270825,20290825,"cell_12","invariant_check",16,2000,"fixed_6",6,3000,1,"class_sampled","reversal_given_estimated_margin_025",0
15,20270825,20290825,"cell_12","invariant_check",16,2000,"fixed_6",6,3000,1,"class_sampled","reversal_given_true_margin_010",0
15,20270825,20290825,"cell_12","invariant_check",16,2000,"fixed_6",6,3000,1,"class_sampled","reversal_given_true_margin_025",0
15,20270825,20290825,"cell_12","invariant_check",16,2000,"fixed_6",6,3000,1,"class_sampled","x1_wrong_sign_true_margin_010",0.0608340334529901
15,20270825,20290825,"cell_12","invariant_check",16,2000,"fixed_6",6,3000,1,"class_sampled","x2_wrong_sign_true_margin_010",0.0608340334529901
15,20270825,20290825,"cell_12","invariant_check",16,2000,"fixed_6",6,3000,1,"class_sampled","x1_wrong_sign_true_margin_025",0.000313339301700985
15,20270825,20290825,"cell_12","invariant_check",16,2000,"fixed_6",6,3000,1,"class_sampled","x2_wrong_sign_true_margin_025",0.000313339301700985
15,20270825,20290825,"cell_12","invariant_check",16,2000,"fixed_6",6,3000,1,"class_sampled","mean_absolute_prediction_change",0
16,20270826,20290826,"cell_01","dose_response",1,2000,"fixed_6",6,3000,1,"ordinary","cate_correlation",0.938920675087476
16,20270826,20290826,"cell_01","dose_response",1,2000,"fixed_6",6,3000,1,"ordinary","cate_rank_correlation",0.905078058771864
16,20270826,20290826,"cell_01","dose_response",1,2000,"fixed_6",6,3000,1,"ordinary","sign_reversal",0.228366666666667
16,20270826,20290826,"cell_01","dose_response",1,2000,"fixed_6",6,3000,1,"ordinary","positive_to_negative",0.00206666666666667
16,20270826,20290826,"cell_01","dose_response",1,2000,"fixed_6",6,3000,1,"ordinary","negative_to_positive",0.2263
16,20270826,20290826,"cell_01","dose_response",1,2000,"fixed_6",6,3000,1,"ordinary","strong_reversal_010",0.0740666666666667
16,20270826,20290826,"cell_01","dose_response",1,2000,"fixed_6",6,3000,1,"ordinary","strong_reversal_025",0
16,20270826,20290826,"cell_01","dose_response",1,2000,"fixed_6",6,3000,1,"ordinary","reversal_given_estimated_margin_010",0.0894308943089431
16,20270826,20290826,"cell_01","dose_response",1,2000,"fixed_6",6,3000,1,"ordinary","reversal_given_estimated_margin_025",0
16,20270826,20290826,"cell_01","dose_response",1,2000,"fixed_6",6,3000,1,"ordinary","reversal_given_true_margin_010",0.132120704745234
16,20270826,20290826,"cell_01","dose_response",1,2000,"fixed_6",6,3000,1,"ordinary","reversal_given_true_margin_025",0.00288747723335258
16,20270826,20290826,"cell_01","dose_response",1,2000,"fixed_6",6,3000,1,"ordinary","x1_wrong_sign_true_margin_010",0.131473800372921
16,20270826,20290826,"cell_01","dose_response",1,2000,"fixed_6",6,3000,1,"ordinary","x2_wrong_sign_true_margin_010",0.00376726663876099
16,20270826,20290826,"cell_01","dose_response",1,2000,"fixed_6",6,3000,1,"ordinary","x1_wrong_sign_true_margin_025",0.000444227266669628
16,20270826,20290826,"cell_01","dose_response",1,2000,"fixed_6",6,3000,1,"ordinary","x2_wrong_sign_true_margin_025",0.00270978632668473
16,20270826,20290826,"cell_01","dose_response",1,2000,"fixed_6",6,3000,1,"ordinary","mean_absolute_prediction_change",0.149621487083591
16,20270826,20290826,"cell_02","dose_response",2,2000,"fixed_6",6,3000,1,"ordinary","cate_correlation",0.882552888594089
16,20270826,20290826,"cell_02","dose_response",2,2000,"fixed_6",6,3000,1,"ordinary","cate_rank_correlation",0.819604112508005
16,20270826,20290826,"cell_02","dose_response",2,2000,"fixed_6",6,3000,1,"ordinary","sign_reversal",0.239933333333333
16,20270826,20290826,"cell_02","dose_response",2,2000,"fixed_6",6,3000,1,"ordinary","positive_to_negative",0.00533333333333333
16,20270826,20290826,"cell_02","dose_response",2,2000,"fixed_6",6,3000,1,"ordinary","negative_to_positive",0.2346
16,20270826,20290826,"cell_02","dose_response",2,2000,"fixed_6",6,3000,1,"ordinary","strong_reversal_010",0.207566666666667
16,20270826,20290826,"cell_02","dose_response",2,2000,"fixed_6",6,3000,1,"ordinary","strong_reversal_025",0
16,20270826,20290826,"cell_02","dose_response",2,2000,"fixed_6",6,3000,1,"ordinary","reversal_given_estimated_margin_010",0.244301463376358
16,20270826,20290826,"cell_02","dose_response",2,2000,"fixed_6",6,3000,1,"ordinary","reversal_given_estimated_margin_025",0
16,20270826,20290826,"cell_02","dose_response",2,2000,"fixed_6",6,3000,1,"ordinary","reversal_given_true_margin_010",0.140949046767381
16,20270826,20290826,"cell_02","dose_response",2,2000,"fixed_6",6,3000,1,"ordinary","reversal_given_true_margin_025",0.00719648172004798
16,20270826,20290826,"cell_02","dose_response",2,2000,"fixed_6",6,3000,1,"ordinary","x1_wrong_sign_true_margin_010",0.135773811788881
16,20270826,20290826,"cell_02","dose_response",2,2000,"fixed_6",6,3000,1,"ordinary","x2_wrong_sign_true_margin_010",0.0070778948970661
16,20270826,20290826,"cell_02","dose_response",2,2000,"fixed_6",6,3000,1,"ordinary","x1_wrong_sign_true_margin_025",0.000177690906667851
16,20270826,20290826,"cell_02","dose_response",2,2000,"fixed_6",6,3000,1,"ordinary","x2_wrong_sign_true_margin_025",0.0072853271733819
16,20270826,20290826,"cell_02","dose_response",2,2000,"fixed_6",6,3000,1,"ordinary","mean_absolute_prediction_change",0.225393052988859
16,20270826,20290826,"cell_03","dose_response",4,2000,"fixed_6",6,3000,1,"ordinary","cate_correlation",0.820601387686749
16,20270826,20290826,"cell_03","dose_response",4,2000,"fixed_6",6,3000,1,"ordinary","cate_rank_correlation",0.807083510787426
16,20270826,20290826,"cell_03","dose_response",4,2000,"fixed_6",6,3000,1,"ordinary","sign_reversal",0.274566666666667
16,20270826,20290826,"cell_03","dose_response",4,2000,"fixed_6",6,3000,1,"ordinary","positive_to_negative",0.0372666666666667
16,20270826,20290826,"cell_03","dose_response",4,2000,"fixed_6",6,3000,1,"ordinary","negative_to_positive",0.2373
16,20270826,20290826,"cell_03","dose_response",4,2000,"fixed_6",6,3000,1,"ordinary","strong_reversal_010",0.2351
16,20270826,20290826,"cell_03","dose_response",4,2000,"fixed_6",6,3000,1,"ordinary","strong_reversal_025",0.0305666666666667
16,20270826,20290826,"cell_03","dose_response",4,2000,"fixed_6",6,3000,1,"ordinary","reversal_given_estimated_margin_010",0.309518585158204
16,20270826,20290826,"cell_03","dose_response",4,2000,"fixed_6",6,3000,1,"ordinary","reversal_given_estimated_margin_025",0.0571517606731069
16,20270826,20290826,"cell_03","dose_response",4,2000,"fixed_6",6,3000,1,"ordinary","reversal_given_true_margin_010",0.178773925948476
16,20270826,20290826,"cell_03","dose_response",4,2000,"fixed_6",6,3000,1,"ordinary","reversal_given_true_margin_025",0.0498422993203323
16,20270826,20290826,"cell_03","dose_response",4,2000,"fixed_6",6,3000,1,"ordinary","x1_wrong_sign_true_margin_010",0.137257886525362
16,20270826,20290826,"cell_03","dose_response",4,2000,"fixed_6",6,3000,1,"ordinary","x2_wrong_sign_true_margin_010",0.043342592944937
16,20270826,20290826,"cell_03","dose_response",4,2000,"fixed_6",6,3000,1,"ordinary","x1_wrong_sign_true_margin_025",0.000444227266669628
16,20270826,20290826,"cell_03","dose_response",4,2000,"fixed_6",6,3000,1,"ordinary","x2_wrong_sign_true_margin_025",0.0496646084136644
16,20270826,20290826,"cell_03","dose_response",4,2000,"fixed_6",6,3000,1,"ordinary","mean_absolute_prediction_change",0.289087377192301
16,20270826,20290826,"cell_04","dose_response",8,2000,"fixed_6",6,3000,1,"ordinary","cate_correlation",0.761902289907815
16,20270826,20290826,"cell_04","dose_response",8,2000,"fixed_6",6,3000,1,"ordinary","cate_rank_correlation",0.797806139694007
16,20270826,20290826,"cell_04","dose_response",8,2000,"fixed_6",6,3000,1,"ordinary","sign_reversal",0.416866666666667
16,20270826,20290826,"cell_04","dose_response",8,2000,"fixed_6",6,3000,1,"ordinary","positive_to_negative",0.176033333333333
16,20270826,20290826,"cell_04","dose_response",8,2000,"fixed_6",6,3000,1,"ordinary","negative_to_positive",0.240833333333333
16,20270826,20290826,"cell_04","dose_response",8,2000,"fixed_6",6,3000,1,"ordinary","strong_reversal_010",0.2449
16,20270826,20290826,"cell_04","dose_response",8,2000,"fixed_6",6,3000,1,"ordinary","strong_reversal_025",0.142266666666667
16,20270826,20290826,"cell_04","dose_response",8,2000,"fixed_6",6,3000,1,"ordinary","reversal_given_estimated_margin_010",0.323513870541612
16,20270826,20290826,"cell_04","dose_response",8,2000,"fixed_6",6,3000,1,"ordinary","reversal_given_estimated_margin_025",0.220522889325204
16,20270826,20290826,"cell_04","dose_response",8,2000,"fixed_6",6,3000,1,"ordinary","reversal_given_true_margin_010",0.339244263480346
16,20270826,20290826,"cell_04","dose_response",8,2000,"fixed_6",6,3000,1,"ordinary","reversal_given_true_margin_025",0.234774110434898
16,20270826,20290826,"cell_04","dose_response",8,2000,"fixed_6",6,3000,1,"ordinary","x1_wrong_sign_true_margin_010",0.139122493245557
16,20270826,20290826,"cell_04","dose_response",8,2000,"fixed_6",6,3000,1,"ordinary","x2_wrong_sign_true_margin_010",0.201567791772899
16,20270826,20290826,"cell_04","dose_response",8,2000,"fixed_6",6,3000,1,"ordinary","x1_wrong_sign_true_margin_025",0.000355381813335703
16,20270826,20290826,"cell_04","dose_response",8,2000,"fixed_6",6,3000,1,"ordinary","x2_wrong_sign_true_margin_025",0.234507574074897
16,20270826,20290826,"cell_04","dose_response",8,2000,"fixed_6",6,3000,1,"ordinary","mean_absolute_prediction_change",0.339509393034141
16,20270826,20290826,"cell_05","dose_response",16,2000,"fixed_6",6,3000,1,"ordinary","cate_correlation",0.696169251198046
16,20270826,20290826,"cell_05","dose_response",16,2000,"fixed_6",6,3000,1,"ordinary","cate_rank_correlation",0.788486645760541
16,20270826,20290826,"cell_05","dose_response",16,2000,"fixed_6",6,3000,1,"ordinary","sign_reversal",0.479633333333333
16,20270826,20290826,"cell_05","dose_response",16,2000,"fixed_6",6,3000,1,"ordinary","positive_to_negative",0.235066666666667
16,20270826,20290826,"cell_05","dose_response",16,2000,"fixed_6",6,3000,1,"ordinary","negative_to_positive",0.244566666666667
16,20270826,20290826,"cell_05","dose_response",16,2000,"fixed_6",6,3000,1,"ordinary","strong_reversal_010",0.298066666666667
16,20270826,20290826,"cell_05","dose_response",16,2000,"fixed_6",6,3000,1,"ordinary","strong_reversal_025",0.1966
16,20270826,20290826,"cell_05","dose_response",16,2000,"fixed_6",6,3000,1,"ordinary","reversal_given_estimated_margin_010",0.369290493103163
16,20270826,20290826,"cell_05","dose_response",16,2000,"fixed_6",6,3000,1,"ordinary","reversal_given_estimated_margin_025",0.282322531233546
16,20270826,20290826,"cell_05","dose_response",16,2000,"fixed_6",6,3000,1,"ordinary","reversal_given_true_margin_010",0.408881616499867
16,20270826,20290826,"cell_05","dose_response",16,2000,"fixed_6",6,3000,1,"ordinary","reversal_given_true_margin_025",0.313357913908756
16,20270826,20290826,"cell_05","dose_response",16,2000,"fixed_6",6,3000,1,"ordinary","x1_wrong_sign_true_margin_010",0.141329578751094
16,20270826,20290826,"cell_05","dose_response",16,2000,"fixed_6",6,3000,1,"ordinary","x2_wrong_sign_true_margin_010",0.268769740096655
16,20270826,20290826,"cell_05","dose_response",16,2000,"fixed_6",6,3000,1,"ordinary","x1_wrong_sign_true_margin_025",0.00031095908666874
16,20270826,20290826,"cell_05","dose_response",16,2000,"fixed_6",6,3000,1,"ordinary","x2_wrong_sign_true_margin_025",0.313046954822087
16,20270826,20290826,"cell_05","dose_response",16,2000,"fixed_6",6,3000,1,"ordinary","mean_absolute_prediction_change",0.386404894801949
16,20270826,20290826,"cell_06","tree_robustness",8,800,"fixed_6",6,3000,1,"ordinary","cate_correlation",0.7537480588222
16,20270826,20290826,"cell_06","tree_robustness",8,800,"fixed_6",6,3000,1,"ordinary","cate_rank_correlation",0.792031900455147
16,20270826,20290826,"cell_06","tree_robustness",8,800,"fixed_6",6,3000,1,"ordinary","sign_reversal",0.406266666666667
16,20270826,20290826,"cell_06","tree_robustness",8,800,"fixed_6",6,3000,1,"ordinary","positive_to_negative",0.165866666666667
16,20270826,20290826,"cell_06","tree_robustness",8,800,"fixed_6",6,3000,1,"ordinary","negative_to_positive",0.2404
16,20270826,20290826,"cell_06","tree_robustness",8,800,"fixed_6",6,3000,1,"ordinary","strong_reversal_010",0.244733333333333
16,20270826,20290826,"cell_06","tree_robustness",8,800,"fixed_6",6,3000,1,"ordinary","strong_reversal_025",0.161833333333333
16,20270826,20290826,"cell_06","tree_robustness",8,800,"fixed_6",6,3000,1,"ordinary","reversal_given_estimated_margin_010",0.323137185863298
16,20270826,20290826,"cell_06","tree_robustness",8,800,"fixed_6",6,3000,1,"ordinary","reversal_given_estimated_margin_025",0.24366373902133
16,20270826,20290826,"cell_06","tree_robustness",8,800,"fixed_6",6,3000,1,"ordinary","reversal_given_true_margin_010",0.327333612390121
16,20270826,20290826,"cell_06","tree_robustness",8,800,"fixed_6",6,3000,1,"ordinary","reversal_given_true_margin_025",0.221225178801475
16,20270826,20290826,"cell_06","tree_robustness",8,800,"fixed_6",6,3000,1,"ordinary","x1_wrong_sign_true_margin_010",0.138856120856958
16,20270826,20290826,"cell_06","tree_robustness",8,800,"fixed_6",6,3000,1,"ordinary","x2_wrong_sign_true_margin_010",0.189999619468016
16,20270826,20290826,"cell_06","tree_robustness",8,800,"fixed_6",6,3000,1,"ordinary","x1_wrong_sign_true_margin_025",0.000355381813335703
16,20270826,20290826,"cell_06","tree_robustness",8,800,"fixed_6",6,3000,1,"ordinary","x2_wrong_sign_true_margin_025",0.220958642441473
16,20270826,20290826,"cell_06","tree_robustness",8,800,"fixed_6",6,3000,1,"ordinary","mean_absolute_prediction_change",0.348825609635377
16,20270826,20290826,"cell_07","tree_robustness",8,5000,"fixed_6",6,3000,1,"ordinary","cate_correlation",0.75964933522449
16,20270826,20290826,"cell_07","tree_robustness",8,5000,"fixed_6",6,3000,1,"ordinary","cate_rank_correlation",0.798821645302246
16,20270826,20290826,"cell_07","tree_robustness",8,5000,"fixed_6",6,3000,1,"ordinary","sign_reversal",0.423233333333333
16,20270826,20290826,"cell_07","tree_robustness",8,5000,"fixed_6",6,3000,1,"ordinary","positive_to_negative",0.182166666666667
16,20270826,20290826,"cell_07","tree_robustness",8,5000,"fixed_6",6,3000,1,"ordinary","negative_to_positive",0.241066666666667
16,20270826,20290826,"cell_07","tree_robustness",8,5000,"fixed_6",6,3000,1,"ordinary","strong_reversal_010",0.245866666666667
16,20270826,20290826,"cell_07","tree_robustness",8,5000,"fixed_6",6,3000,1,"ordinary","strong_reversal_025",0.137833333333333
16,20270826,20290826,"cell_07","tree_robustness",8,5000,"fixed_6",6,3000,1,"ordinary","reversal_given_estimated_margin_010",0.32430531129089
16,20270826,20290826,"cell_07","tree_robustness",8,5000,"fixed_6",6,3000,1,"ordinary","reversal_given_estimated_margin_025",0.215387019481196
16,20270826,20290826,"cell_07","tree_robustness",8,5000,"fixed_6",6,3000,1,"ordinary","reversal_given_true_margin_010",0.346436317972526
16,20270826,20290826,"cell_07","tree_robustness",8,5000,"fixed_6",6,3000,1,"ordinary","reversal_given_true_margin_025",0.24294789214162
16,20270826,20290826,"cell_07","tree_robustness",8,5000,"fixed_6",6,3000,1,"ordinary","x1_wrong_sign_true_margin_010",0.139350812435785
16,20270826,20290826,"cell_07","tree_robustness",8,5000,"fixed_6",6,3000,1,"ordinary","x2_wrong_sign_true_margin_010",0.208531527074851
16,20270826,20290826,"cell_07","tree_robustness",8,5000,"fixed_6",6,3000,1,"ordinary","x1_wrong_sign_true_margin_025",0.000399804540002665
16,20270826,20290826,"cell_07","tree_robustness",8,5000,"fixed_6",6,3000,1,"ordinary","x2_wrong_sign_true_margin_025",0.242636933054951
16,20270826,20290826,"cell_07","tree_robustness",8,5000,"fixed_6",6,3000,1,"ordinary","mean_absolute_prediction_change",0.340516952741156
16,20270826,20290826,"cell_08","default_mtry",8,2000,"grf_default",27,3000,1,"ordinary","cate_correlation",0.993703534902652
16,20270826,20290826,"cell_08","default_mtry",8,2000,"grf_default",27,3000,1,"ordinary","cate_rank_correlation",0.987157469752397
16,20270826,20290826,"cell_08","default_mtry",8,2000,"grf_default",27,3000,1,"ordinary","sign_reversal",0.145833333333333
16,20270826,20290826,"cell_08","default_mtry",8,2000,"grf_default",27,3000,1,"ordinary","positive_to_negative",0.000333333333333333
16,20270826,20290826,"cell_08","default_mtry",8,2000,"grf_default",27,3000,1,"ordinary","negative_to_positive",0.1455
16,20270826,20290826,"cell_08","default_mtry",8,2000,"grf_default",27,3000,1,"ordinary","strong_reversal_010",1e-04
16,20270826,20290826,"cell_08","default_mtry",8,2000,"grf_default",27,3000,1,"ordinary","strong_reversal_025",0
16,20270826,20290826,"cell_08","default_mtry",8,2000,"grf_default",27,3000,1,"ordinary","reversal_given_estimated_margin_010",0.000131239336803885
16,20270826,20290826,"cell_08","default_mtry",8,2000,"grf_default",27,3000,1,"ordinary","reversal_given_estimated_margin_025",0
16,20270826,20290826,"cell_08","default_mtry",8,2000,"grf_default",27,3000,1,"ordinary","reversal_given_true_margin_010",0.0799117165797785
16,20270826,20290826,"cell_08","default_mtry",8,2000,"grf_default",27,3000,1,"ordinary","reversal_given_true_margin_025",0.000488649993336591
16,20270826,20290826,"cell_08","default_mtry",8,2000,"grf_default",27,3000,1,"ordinary","x1_wrong_sign_true_margin_010",0.0881312074279843
16,20270826,20290826,"cell_08","default_mtry",8,2000,"grf_default",27,3000,1,"ordinary","x2_wrong_sign_true_margin_010",0.0090566612123749
16,20270826,20290826,"cell_08","default_mtry",8,2000,"grf_default",27,3000,1,"ordinary","x1_wrong_sign_true_margin_025",0.000888454533339256
16,20270826,20290826,"cell_08","default_mtry",8,2000,"grf_default",27,3000,1,"ordinary","x2_wrong_sign_true_margin_025",0.00137710452667585
16,20270826,20290826,"cell_08","default_mtry",8,2000,"grf_default",27,3000,1,"ordinary","mean_absolute_prediction_change",0.0761154265234246
16,20270826,20290826,"cell_09","larger_sample",8,2000,"fixed_6",6,10000,1,"ordinary","cate_correlation",0.878083808573337
16,20270826,20290826,"cell_09","larger_sample",8,2000,"fixed_6",6,10000,1,"ordinary","cate_rank_correlation",0.784008563790232
16,20270826,20290826,"cell_09","larger_sample",8,2000,"fixed_6",6,10000,1,"ordinary","sign_reversal",0.25
16,20270826,20290826,"cell_09","larger_sample",8,2000,"fixed_6",6,10000,1,"ordinary","positive_to_negative",0.00756666666666667
16,20270826,20290826,"cell_09","larger_sample",8,2000,"fixed_6",6,10000,1,"ordinary","negative_to_positive",0.242433333333333
16,20270826,20290826,"cell_09","larger_sample",8,2000,"fixed_6",6,10000,1,"ordinary","strong_reversal_010",0.1849
16,20270826,20290826,"cell_09","larger_sample",8,2000,"fixed_6",6,10000,1,"ordinary","strong_reversal_025",0.001
16,20270826,20290826,"cell_09","larger_sample",8,2000,"fixed_6",6,10000,1,"ordinary","reversal_given_estimated_margin_010",0.228309186697399
16,20270826,20290826,"cell_09","larger_sample",8,2000,"fixed_6",6,10000,1,"ordinary","reversal_given_estimated_margin_025",0.00198438946950655
16,20270826,20290826,"cell_09","larger_sample",8,2000,"fixed_6",6,10000,1,"ordinary","reversal_given_true_margin_010",0.147570303283991
16,20270826,20290826,"cell_09","larger_sample",8,2000,"fixed_6",6,10000,1,"ordinary","reversal_given_true_margin_025",0.0100839589534006
16,20270826,20290826,"cell_09","larger_sample",8,2000,"fixed_6",6,10000,1,"ordinary","x1_wrong_sign_true_margin_010",0.139503025229271
16,20270826,20290826,"cell_09","larger_sample",8,2000,"fixed_6",6,10000,1,"ordinary","x2_wrong_sign_true_margin_010",0.00920887400586019
16,20270826,20290826,"cell_09","larger_sample",8,2000,"fixed_6",6,10000,1,"ordinary","x1_wrong_sign_true_margin_025",0.000222113633334814
16,20270826,20290826,"cell_09","larger_sample",8,2000,"fixed_6",6,10000,1,"ordinary","x2_wrong_sign_true_margin_025",0.0103060725867354
16,20270826,20290826,"cell_09","larger_sample",8,2000,"fixed_6",6,10000,1,"ordinary","mean_absolute_prediction_change",0.257082337633251
16,20270826,20290826,"cell_10","noise_robustness",8,2000,"fixed_6",6,3000,0.5,"ordinary","cate_correlation",0.825282486735132
16,20270826,20290826,"cell_10","noise_robustness",8,2000,"fixed_6",6,3000,0.5,"ordinary","cate_rank_correlation",0.782823196558692
16,20270826,20290826,"cell_10","noise_robustness",8,2000,"fixed_6",6,3000,0.5,"ordinary","sign_reversal",0.293433333333333
16,20270826,20290826,"cell_10","noise_robustness",8,2000,"fixed_6",6,3000,0.5,"ordinary","positive_to_negative",0.0467666666666667
16,20270826,20290826,"cell_10","noise_robustness",8,2000,"fixed_6",6,3000,0.5,"ordinary","negative_to_positive",0.246666666666667
16,20270826,20290826,"cell_10","noise_robustness",8,2000,"fixed_6",6,3000,0.5,"ordinary","strong_reversal_010",0.245733333333333
16,20270826,20290826,"cell_10","noise_robustness",8,2000,"fixed_6",6,3000,0.5,"ordinary","strong_reversal_025",0.0133333333333333
16,20270826,20290826,"cell_10","noise_robustness",8,2000,"fixed_6",6,3000,0.5,"ordinary","reversal_given_estimated_margin_010",0.32556085497262
16,20270826,20290826,"cell_10","noise_robustness",8,2000,"fixed_6",6,3000,0.5,"ordinary","reversal_given_estimated_margin_025",0.0258097819073429
16,20270826,20290826,"cell_10","noise_robustness",8,2000,"fixed_6",6,3000,0.5,"ordinary","reversal_given_true_margin_010",0.194946535256288
16,20270826,20290826,"cell_10","noise_robustness",8,2000,"fixed_6",6,3000,0.5,"ordinary","reversal_given_true_margin_025",0.0623250855137488
16,20270826,20290826,"cell_10","noise_robustness",8,2000,"fixed_6",6,3000,0.5,"ordinary","x1_wrong_sign_true_margin_010",0.142471174702234
16,20270826,20290826,"cell_10","noise_robustness",8,2000,"fixed_6",6,3000,0.5,"ordinary","x2_wrong_sign_true_margin_010",0.0539213820921648
16,20270826,20290826,"cell_10","noise_robustness",8,2000,"fixed_6",6,3000,0.5,"ordinary","x1_wrong_sign_true_margin_025",0.000266536360001777
16,20270826,20290826,"cell_10","noise_robustness",8,2000,"fixed_6",6,3000,0.5,"ordinary","x2_wrong_sign_true_margin_025",0.062147394607081
16,20270826,20290826,"cell_10","noise_robustness",8,2000,"fixed_6",6,3000,0.5,"ordinary","mean_absolute_prediction_change",0.297745540551537
16,20270826,20290826,"cell_11","noise_robustness",8,2000,"fixed_6",6,3000,2,"ordinary","cate_correlation",0.637493448305515
16,20270826,20290826,"cell_11","noise_robustness",8,2000,"fixed_6",6,3000,2,"ordinary","cate_rank_correlation",0.768013226956904
16,20270826,20290826,"cell_11","noise_robustness",8,2000,"fixed_6",6,3000,2,"ordinary","sign_reversal",0.3956
16,20270826,20290826,"cell_11","noise_robustness",8,2000,"fixed_6",6,3000,2,"ordinary","positive_to_negative",0.1596
16,20270826,20290826,"cell_11","noise_robustness",8,2000,"fixed_6",6,3000,2,"ordinary","negative_to_positive",0.236
16,20270826,20290826,"cell_11","noise_robustness",8,2000,"fixed_6",6,3000,2,"ordinary","strong_reversal_010",0.2582
16,20270826,20290826,"cell_11","noise_robustness",8,2000,"fixed_6",6,3000,2,"ordinary","strong_reversal_025",0.1816
16,20270826,20290826,"cell_11","noise_robustness",8,2000,"fixed_6",6,3000,2,"ordinary","reversal_given_estimated_margin_010",0.331393856421665
16,20270826,20290826,"cell_11","noise_robustness",8,2000,"fixed_6",6,3000,2,"ordinary","reversal_given_estimated_margin_025",0.269342957433134
16,20270826,20290826,"cell_11","noise_robustness",8,2000,"fixed_6",6,3000,2,"ordinary","reversal_given_true_margin_010",0.31808668518589
16,20270826,20290826,"cell_11","noise_robustness",8,2000,"fixed_6",6,3000,2,"ordinary","reversal_given_true_margin_025",0.213362356181422
16,20270826,20290826,"cell_11","noise_robustness",8,2000,"fixed_6",6,3000,2,"ordinary","x1_wrong_sign_true_margin_010",0.139807450816241
16,20270826,20290826,"cell_11","noise_robustness",8,2000,"fixed_6",6,3000,2,"ordinary","x2_wrong_sign_true_margin_010",0.180181894288215
16,20270826,20290826,"cell_11","noise_robustness",8,2000,"fixed_6",6,3000,2,"ordinary","x1_wrong_sign_true_margin_025",0.0046643863000311
16,20270826,20290826,"cell_11","noise_robustness",8,2000,"fixed_6",6,3000,2,"ordinary","x2_wrong_sign_true_margin_025",0.209764115321398
16,20270826,20290826,"cell_11","noise_robustness",8,2000,"fixed_6",6,3000,2,"ordinary","mean_absolute_prediction_change",0.399946467763446
16,20270826,20290826,"cell_12","invariant_check",16,2000,"fixed_6",6,3000,1,"class_sampled","cate_correlation",1
16,20270826,20290826,"cell_12","invariant_check",16,2000,"fixed_6",6,3000,1,"class_sampled","cate_rank_correlation",1
16,20270826,20290826,"cell_12","invariant_check",16,2000,"fixed_6",6,3000,1,"class_sampled","sign_reversal",0
16,20270826,20290826,"cell_12","invariant_check",16,2000,"fixed_6",6,3000,1,"class_sampled","positive_to_negative",0
16,20270826,20290826,"cell_12","invariant_check",16,2000,"fixed_6",6,3000,1,"class_sampled","negative_to_positive",0
16,20270826,20290826,"cell_12","invariant_check",16,2000,"fixed_6",6,3000,1,"class_sampled","strong_reversal_010",0
16,20270826,20290826,"cell_12","invariant_check",16,2000,"fixed_6",6,3000,1,"class_sampled","strong_reversal_025",0
16,20270826,20290826,"cell_12","invariant_check",16,2000,"fixed_6",6,3000,1,"class_sampled","reversal_given_estimated_margin_010",0
16,20270826,20290826,"cell_12","invariant_check",16,2000,"fixed_6",6,3000,1,"class_sampled","reversal_given_estimated_margin_025",0
16,20270826,20290826,"cell_12","invariant_check",16,2000,"fixed_6",6,3000,1,"class_sampled","reversal_given_true_margin_010",0
16,20270826,20290826,"cell_12","invariant_check",16,2000,"fixed_6",6,3000,1,"class_sampled","reversal_given_true_margin_025",0
16,20270826,20290826,"cell_12","invariant_check",16,2000,"fixed_6",6,3000,1,"class_sampled","x1_wrong_sign_true_margin_010",0.00719205449218007
16,20270826,20290826,"cell_12","invariant_check",16,2000,"fixed_6",6,3000,1,"class_sampled","x2_wrong_sign_true_margin_010",0.00719205449218007
16,20270826,20290826,"cell_12","invariant_check",16,2000,"fixed_6",6,3000,1,"class_sampled","x1_wrong_sign_true_margin_025",0.000577495446670517
16,20270826,20290826,"cell_12","invariant_check",16,2000,"fixed_6",6,3000,1,"class_sampled","x2_wrong_sign_true_margin_025",0.000577495446670517
16,20270826,20290826,"cell_12","invariant_check",16,2000,"fixed_6",6,3000,1,"class_sampled","mean_absolute_prediction_change",0
17,20270827,20290827,"cell_01","dose_response",1,2000,"fixed_6",6,3000,1,"ordinary","cate_correlation",0.92816325881805
17,20270827,20290827,"cell_01","dose_response",1,2000,"fixed_6",6,3000,1,"ordinary","cate_rank_correlation",0.825379869002867
17,20270827,20290827,"cell_01","dose_response",1,2000,"fixed_6",6,3000,1,"ordinary","sign_reversal",0.0944333333333333
17,20270827,20290827,"cell_01","dose_response",1,2000,"fixed_6",6,3000,1,"ordinary","positive_to_negative",0.0097
17,20270827,20290827,"cell_01","dose_response",1,2000,"fixed_6",6,3000,1,"ordinary","negative_to_positive",0.0847333333333333
17,20270827,20290827,"cell_01","dose_response",1,2000,"fixed_6",6,3000,1,"ordinary","strong_reversal_010",0.00386666666666667
17,20270827,20290827,"cell_01","dose_response",1,2000,"fixed_6",6,3000,1,"ordinary","strong_reversal_025",0
17,20270827,20290827,"cell_01","dose_response",1,2000,"fixed_6",6,3000,1,"ordinary","reversal_given_estimated_margin_010",0.00522475452661922
17,20270827,20290827,"cell_01","dose_response",1,2000,"fixed_6",6,3000,1,"ordinary","reversal_given_estimated_margin_025",0
17,20270827,20290827,"cell_01","dose_response",1,2000,"fixed_6",6,3000,1,"ordinary","reversal_given_true_margin_010",0.0592615104087525
17,20270827,20290827,"cell_01","dose_response",1,2000,"fixed_6",6,3000,1,"ordinary","reversal_given_true_margin_025",0.0129206997602344
17,20270827,20290827,"cell_01","dose_response",1,2000,"fixed_6",6,3000,1,"ordinary","x1_wrong_sign_true_margin_010",0.0530314541862939
17,20270827,20290827,"cell_01","dose_response",1,2000,"fixed_6",6,3000,1,"ordinary","x2_wrong_sign_true_margin_010",0.00843336878893785
17,20270827,20290827,"cell_01","dose_response",1,2000,"fixed_6",6,3000,1,"ordinary","x1_wrong_sign_true_margin_025",0.00457330610070154
17,20270827,20290827,"cell_01","dose_response",1,2000,"fixed_6",6,3000,1,"ordinary","x2_wrong_sign_true_margin_025",0.00879140396057189
17,20270827,20290827,"cell_01","dose_response",1,2000,"fixed_6",6,3000,1,"ordinary","mean_absolute_prediction_change",0.152076015221801
17,20270827,20290827,"cell_02","dose_response",2,2000,"fixed_6",6,3000,1,"ordinary","cate_correlation",0.869005766376793
17,20270827,20290827,"cell_02","dose_response",2,2000,"fixed_6",6,3000,1,"ordinary","cate_rank_correlation",0.812635331975817
17,20270827,20290827,"cell_02","dose_response",2,2000,"fixed_6",6,3000,1,"ordinary","sign_reversal",0.2218
17,20270827,20290827,"cell_02","dose_response",2,2000,"fixed_6",6,3000,1,"ordinary","positive_to_negative",0.0246666666666667
17,20270827,20290827,"cell_02","dose_response",2,2000,"fixed_6",6,3000,1,"ordinary","negative_to_positive",0.197133333333333
17,20270827,20290827,"cell_02","dose_response",2,2000,"fixed_6",6,3000,1,"ordinary","strong_reversal_010",0.0403666666666667
17,20270827,20290827,"cell_02","dose_response",2,2000,"fixed_6",6,3000,1,"ordinary","strong_reversal_025",0
17,20270827,20290827,"cell_02","dose_response",2,2000,"fixed_6",6,3000,1,"ordinary","reversal_given_estimated_margin_010",0.0651215315121531
17,20270827,20290827,"cell_02","dose_response",2,2000,"fixed_6",6,3000,1,"ordinary","reversal_given_estimated_margin_025",0
17,20270827,20290827,"cell_02","dose_response",2,2000,"fixed_6",6,3000,1,"ordinary","reversal_given_true_margin_010",0.142493542014891
17,20270827,20290827,"cell_02","dose_response",2,2000,"fixed_6",6,3000,1,"ordinary","reversal_given_true_margin_025",0.0329011633069887
17,20270827,20290827,"cell_02","dose_response",2,2000,"fixed_6",6,3000,1,"ordinary","x1_wrong_sign_true_margin_010",0.118864914146786
17,20270827,20290827,"cell_02","dose_response",2,2000,"fixed_6",6,3000,1,"ordinary","x2_wrong_sign_true_margin_010",0.0253760826622094
17,20270827,20290827,"cell_02","dose_response",2,2000,"fixed_6",6,3000,1,"ordinary","x1_wrong_sign_true_margin_025",0.00448450404049374
17,20270827,20290827,"cell_02","dose_response",2,2000,"fixed_6",6,3000,1,"ordinary","x2_wrong_sign_true_margin_025",0.028860669567534
17,20270827,20290827,"cell_02","dose_response",2,2000,"fixed_6",6,3000,1,"ordinary","mean_absolute_prediction_change",0.218051595988119
17,20270827,20290827,"cell_03","dose_response",4,2000,"fixed_6",6,3000,1,"ordinary","cate_correlation",0.800221875965016
17,20270827,20290827,"cell_03","dose_response",4,2000,"fixed_6",6,3000,1,"ordinary","cate_rank_correlation",0.804828874361365
17,20270827,20290827,"cell_03","dose_response",4,2000,"fixed_6",6,3000,1,"ordinary","sign_reversal",0.331666666666667
17,20270827,20290827,"cell_03","dose_response",4,2000,"fixed_6",6,3000,1,"ordinary","positive_to_negative",0.0998666666666667
17,20270827,20290827,"cell_03","dose_response",4,2000,"fixed_6",6,3000,1,"ordinary","negative_to_positive",0.2318
17,20270827,20290827,"cell_03","dose_response",4,2000,"fixed_6",6,3000,1,"ordinary","strong_reversal_010",0.154566666666667
17,20270827,20290827,"cell_03","dose_response",4,2000,"fixed_6",6,3000,1,"ordinary","strong_reversal_025",0.000766666666666667
17,20270827,20290827,"cell_03","dose_response",4,2000,"fixed_6",6,3000,1,"ordinary","reversal_given_estimated_margin_010",0.231121965807706
17,20270827,20290827,"cell_03","dose_response",4,2000,"fixed_6",6,3000,1,"ordinary","reversal_given_estimated_margin_025",0.00152398621786377
17,20270827,20290827,"cell_03","dose_response",4,2000,"fixed_6",6,3000,1,"ordinary","reversal_given_true_margin_010",0.248670414830573
17,20270827,20290827,"cell_03","dose_response",4,2000,"fixed_6",6,3000,1,"ordinary","reversal_given_true_margin_025",0.133069887221384
17,20270827,20290827,"cell_03","dose_response",4,2000,"fixed_6",6,3000,1,"ordinary","x1_wrong_sign_true_margin_010",0.139682419085245
17,20270827,20290827,"cell_03","dose_response",4,2000,"fixed_6",6,3000,1,"ordinary","x2_wrong_sign_true_margin_010",0.109975687585473
17,20270827,20290827,"cell_03","dose_response",4,2000,"fixed_6",6,3000,1,"ordinary","x1_wrong_sign_true_margin_025",0.00528372258236391
17,20270827,20290827,"cell_03","dose_response",4,2000,"fixed_6",6,3000,1,"ordinary","x2_wrong_sign_true_margin_025",0.128141372879851
17,20270827,20290827,"cell_03","dose_response",4,2000,"fixed_6",6,3000,1,"ordinary","mean_absolute_prediction_change",0.286878132419641
17,20270827,20290827,"cell_04","dose_response",8,2000,"fixed_6",6,3000,1,"ordinary","cate_correlation",0.75005875197495
17,20270827,20290827,"cell_04","dose_response",8,2000,"fixed_6",6,3000,1,"ordinary","cate_rank_correlation",0.798431231106701
17,20270827,20290827,"cell_04","dose_response",8,2000,"fixed_6",6,3000,1,"ordinary","sign_reversal",0.4451
17,20270827,20290827,"cell_04","dose_response",8,2000,"fixed_6",6,3000,1,"ordinary","positive_to_negative",0.208466666666667
17,20270827,20290827,"cell_04","dose_response",8,2000,"fixed_6",6,3000,1,"ordinary","negative_to_positive",0.236633333333333
17,20270827,20290827,"cell_04","dose_response",8,2000,"fixed_6",6,3000,1,"ordinary","strong_reversal_010",0.231266666666667
17,20270827,20290827,"cell_04","dose_response",8,2000,"fixed_6",6,3000,1,"ordinary","strong_reversal_025",0.00833333333333333
17,20270827,20290827,"cell_04","dose_response",8,2000,"fixed_6",6,3000,1,"ordinary","reversal_given_estimated_margin_010",0.312170978627672
17,20270827,20290827,"cell_04","dose_response",8,2000,"fixed_6",6,3000,1,"ordinary","reversal_given_estimated_margin_025",0.0163430738053213
17,20270827,20290827,"cell_04","dose_response",8,2000,"fixed_6",6,3000,1,"ordinary","reversal_given_true_margin_010",0.375170946664641
17,20270827,20290827,"cell_04","dose_response",8,2000,"fixed_6",6,3000,1,"ordinary","reversal_given_true_margin_025",0.277728443299885
17,20270827,20290827,"cell_04","dose_response",8,2000,"fixed_6",6,3000,1,"ordinary","x1_wrong_sign_true_margin_010",0.142455553867193
17,20270827,20290827,"cell_04","dose_response",8,2000,"fixed_6",6,3000,1,"ordinary","x2_wrong_sign_true_margin_010",0.233627108342197
17,20270827,20290827,"cell_04","dose_response",8,2000,"fixed_6",6,3000,1,"ordinary","x1_wrong_sign_true_margin_025",0.00528372258236391
17,20270827,20290827,"cell_04","dose_response",8,2000,"fixed_6",6,3000,1,"ordinary","x2_wrong_sign_true_margin_025",0.272622324837936
17,20270827,20290827,"cell_04","dose_response",8,2000,"fixed_6",6,3000,1,"ordinary","mean_absolute_prediction_change",0.332605635743457
17,20270827,20290827,"cell_05","dose_response",16,2000,"fixed_6",6,3000,1,"ordinary","cate_correlation",0.680994951260602
17,20270827,20290827,"cell_05","dose_response",16,2000,"fixed_6",6,3000,1,"ordinary","cate_rank_correlation",0.788774420909749
17,20270827,20290827,"cell_05","dose_response",16,2000,"fixed_6",6,3000,1,"ordinary","sign_reversal",0.484933333333333
17,20270827,20290827,"cell_05","dose_response",16,2000,"fixed_6",6,3000,1,"ordinary","positive_to_negative",0.245133333333333
17,20270827,20290827,"cell_05","dose_response",16,2000,"fixed_6",6,3000,1,"ordinary","negative_to_positive",0.2398
17,20270827,20290827,"cell_05","dose_response",16,2000,"fixed_6",6,3000,1,"ordinary","strong_reversal_010",0.314933333333333
17,20270827,20290827,"cell_05","dose_response",16,2000,"fixed_6",6,3000,1,"ordinary","strong_reversal_025",0.0239333333333333
17,20270827,20290827,"cell_05","dose_response",16,2000,"fixed_6",6,3000,1,"ordinary","reversal_given_estimated_margin_010",0.383379321538711
17,20270827,20290827,"cell_05","dose_response",16,2000,"fixed_6",6,3000,1,"ordinary","reversal_given_estimated_margin_025",0.0456510681586979
17,20270827,20290827,"cell_05","dose_response",16,2000,"fixed_6",6,3000,1,"ordinary","reversal_given_true_margin_010",0.418819328369549
17,20270827,20290827,"cell_05","dose_response",16,2000,"fixed_6",6,3000,1,"ordinary","reversal_given_true_margin_025",0.326569576414173
17,20270827,20290827,"cell_05","dose_response",16,2000,"fixed_6",6,3000,1,"ordinary","x1_wrong_sign_true_margin_010",0.144430937547485
17,20270827,20290827,"cell_05","dose_response",16,2000,"fixed_6",6,3000,1,"ordinary","x2_wrong_sign_true_margin_010",0.27499620118523
17,20270827,20290827,"cell_05","dose_response",16,2000,"fixed_6",6,3000,1,"ordinary","x1_wrong_sign_true_margin_025",0.0055501287629873
17,20270827,20290827,"cell_05","dose_response",16,2000,"fixed_6",6,3000,1,"ordinary","x2_wrong_sign_true_margin_025",0.321108249711393
17,20270827,20290827,"cell_05","dose_response",16,2000,"fixed_6",6,3000,1,"ordinary","mean_absolute_prediction_change",0.375568810005923
17,20270827,20290827,"cell_06","tree_robustness",8,800,"fixed_6",6,3000,1,"ordinary","cate_correlation",0.744150674586943
17,20270827,20290827,"cell_06","tree_robustness",8,800,"fixed_6",6,3000,1,"ordinary","cate_rank_correlation",0.793554354915505
17,20270827,20290827,"cell_06","tree_robustness",8,800,"fixed_6",6,3000,1,"ordinary","sign_reversal",0.451266666666667
17,20270827,20290827,"cell_06","tree_robustness",8,800,"fixed_6",6,3000,1,"ordinary","positive_to_negative",0.215166666666667
17,20270827,20290827,"cell_06","tree_robustness",8,800,"fixed_6",6,3000,1,"ordinary","negative_to_positive",0.2361
17,20270827,20290827,"cell_06","tree_robustness",8,800,"fixed_6",6,3000,1,"ordinary","strong_reversal_010",0.235733333333333
17,20270827,20290827,"cell_06","tree_robustness",8,800,"fixed_6",6,3000,1,"ordinary","strong_reversal_025",0.0101333333333333
17,20270827,20290827,"cell_06","tree_robustness",8,800,"fixed_6",6,3000,1,"ordinary","reversal_given_estimated_margin_010",0.316349809885932
17,20270827,20290827,"cell_06","tree_robustness",8,800,"fixed_6",6,3000,1,"ordinary","reversal_given_estimated_margin_025",0.0198071409955695
17,20270827,20290827,"cell_06","tree_robustness",8,800,"fixed_6",6,3000,1,"ordinary","reversal_given_true_margin_010",0.382502659170339
17,20270827,20290827,"cell_06","tree_robustness",8,800,"fixed_6",6,3000,1,"ordinary","reversal_given_true_margin_025",0.286697451380872
17,20270827,20290827,"cell_06","tree_robustness",8,800,"fixed_6",6,3000,1,"ordinary","x1_wrong_sign_true_margin_010",0.142037684242516
17,20270827,20290827,"cell_06","tree_robustness",8,800,"fixed_6",6,3000,1,"ordinary","x2_wrong_sign_true_margin_010",0.241300714177177
17,20270827,20290827,"cell_06","tree_robustness",8,800,"fixed_6",6,3000,1,"ordinary","x1_wrong_sign_true_margin_025",0.00523932155226001
17,20270827,20290827,"cell_06","tree_robustness",8,800,"fixed_6",6,3000,1,"ordinary","x2_wrong_sign_true_margin_025",0.281635733949028
17,20270827,20290827,"cell_06","tree_robustness",8,800,"fixed_6",6,3000,1,"ordinary","mean_absolute_prediction_change",0.33785902740842
17,20270827,20290827,"cell_07","tree_robustness",8,5000,"fixed_6",6,3000,1,"ordinary","cate_correlation",0.744499718291678
17,20270827,20290827,"cell_07","tree_robustness",8,5000,"fixed_6",6,3000,1,"ordinary","cate_rank_correlation",0.799855059129617
17,20270827,20290827,"cell_07","tree_robustness",8,5000,"fixed_6",6,3000,1,"ordinary","sign_reversal",0.458466666666667
17,20270827,20290827,"cell_07","tree_robustness",8,5000,"fixed_6",6,3000,1,"ordinary","positive_to_negative",0.221866666666667
17,20270827,20290827,"cell_07","tree_robustness",8,5000,"fixed_6",6,3000,1,"ordinary","negative_to_positive",0.2366
17,20270827,20290827,"cell_07","tree_robustness",8,5000,"fixed_6",6,3000,1,"ordinary","strong_reversal_010",0.238566666666667
17,20270827,20290827,"cell_07","tree_robustness",8,5000,"fixed_6",6,3000,1,"ordinary","strong_reversal_025",0.00826666666666667
17,20270827,20290827,"cell_07","tree_robustness",8,5000,"fixed_6",6,3000,1,"ordinary","reversal_given_estimated_margin_010",0.319110041020153
17,20270827,20290827,"cell_07","tree_robustness",8,5000,"fixed_6",6,3000,1,"ordinary","reversal_given_estimated_margin_025",0.0162176301334031
17,20270827,20290827,"cell_07","tree_robustness",8,5000,"fixed_6",6,3000,1,"ordinary","reversal_given_true_margin_010",0.390404193891506
17,20270827,20290827,"cell_07","tree_robustness",8,5000,"fixed_6",6,3000,1,"ordinary","reversal_given_true_margin_025",0.295577657401652
17,20270827,20290827,"cell_07","tree_robustness",8,5000,"fixed_6",6,3000,1,"ordinary","x1_wrong_sign_true_margin_010",0.142417565719496
17,20270827,20290827,"cell_07","tree_robustness",8,5000,"fixed_6",6,3000,1,"ordinary","x2_wrong_sign_true_margin_010",0.248822367421365
17,20270827,20290827,"cell_07","tree_robustness",8,5000,"fixed_6",6,3000,1,"ordinary","x1_wrong_sign_true_margin_025",0.00528372258236391
17,20270827,20290827,"cell_07","tree_robustness",8,5000,"fixed_6",6,3000,1,"ordinary","x2_wrong_sign_true_margin_025",0.290382736879496
17,20270827,20290827,"cell_07","tree_robustness",8,5000,"fixed_6",6,3000,1,"ordinary","mean_absolute_prediction_change",0.334923910657224
17,20270827,20290827,"cell_08","default_mtry",8,2000,"grf_default",27,3000,1,"ordinary","cate_correlation",0.992494560664464
17,20270827,20290827,"cell_08","default_mtry",8,2000,"grf_default",27,3000,1,"ordinary","cate_rank_correlation",0.954810324012011
17,20270827,20290827,"cell_08","default_mtry",8,2000,"grf_default",27,3000,1,"ordinary","sign_reversal",0.021
17,20270827,20290827,"cell_08","default_mtry",8,2000,"grf_default",27,3000,1,"ordinary","positive_to_negative",0.00513333333333333
17,20270827,20290827,"cell_08","default_mtry",8,2000,"grf_default",27,3000,1,"ordinary","negative_to_positive",0.0158666666666667
17,20270827,20290827,"cell_08","default_mtry",8,2000,"grf_default",27,3000,1,"ordinary","strong_reversal_010",0
17,20270827,20290827,"cell_08","default_mtry",8,2000,"grf_default",27,3000,1,"ordinary","strong_reversal_025",0
17,20270827,20290827,"cell_08","default_mtry",8,2000,"grf_default",27,3000,1,"ordinary","reversal_given_estimated_margin_010",0
17,20270827,20290827,"cell_08","default_mtry",8,2000,"grf_default",27,3000,1,"ordinary","reversal_given_estimated_margin_025",0
17,20270827,20290827,"cell_08","default_mtry",8,2000,"grf_default",27,3000,1,"ordinary","reversal_given_true_margin_010",0.015347211669959
17,20270827,20290827,"cell_08","default_mtry",8,2000,"grf_default",27,3000,1,"ordinary","reversal_given_true_margin_025",0.00683775863600036
17,20270827,20290827,"cell_08","default_mtry",8,2000,"grf_default",27,3000,1,"ordinary","x1_wrong_sign_true_margin_010",0.0117003494909588
17,20270827,20290827,"cell_08","default_mtry",8,2000,"grf_default",27,3000,1,"ordinary","x2_wrong_sign_true_margin_010",0.00797751101656283
17,20270827,20290827,"cell_08","default_mtry",8,2000,"grf_default",27,3000,1,"ordinary","x1_wrong_sign_true_margin_025",0.00115442678270136
17,20270827,20290827,"cell_08","default_mtry",8,2000,"grf_default",27,3000,1,"ordinary","x2_wrong_sign_true_margin_025",0.00790338335849392
17,20270827,20290827,"cell_08","default_mtry",8,2000,"grf_default",27,3000,1,"ordinary","mean_absolute_prediction_change",0.0788649630615515
17,20270827,20290827,"cell_09","larger_sample",8,2000,"fixed_6",6,10000,1,"ordinary","cate_correlation",0.877329759727056
17,20270827,20290827,"cell_09","larger_sample",8,2000,"fixed_6",6,10000,1,"ordinary","cate_rank_correlation",0.796077272907641
17,20270827,20290827,"cell_09","larger_sample",8,2000,"fixed_6",6,10000,1,"ordinary","sign_reversal",0.256866666666667
17,20270827,20290827,"cell_09","larger_sample",8,2000,"fixed_6",6,10000,1,"ordinary","positive_to_negative",0.0133333333333333
17,20270827,20290827,"cell_09","larger_sample",8,2000,"fixed_6",6,10000,1,"ordinary","negative_to_positive",0.243533333333333
17,20270827,20290827,"cell_09","larger_sample",8,2000,"fixed_6",6,10000,1,"ordinary","strong_reversal_010",0.214
17,20270827,20290827,"cell_09","larger_sample",8,2000,"fixed_6",6,10000,1,"ordinary","strong_reversal_025",0.0019
17,20270827,20290827,"cell_09","larger_sample",8,2000,"fixed_6",6,10000,1,"ordinary","reversal_given_estimated_margin_010",0.250595261329482
17,20270827,20290827,"cell_09","larger_sample",8,2000,"fixed_6",6,10000,1,"ordinary","reversal_given_estimated_margin_025",0.00374950664386265
17,20270827,20290827,"cell_09","larger_sample",8,2000,"fixed_6",6,10000,1,"ordinary","reversal_given_true_margin_010",0.156549156663121
17,20270827,20290827,"cell_09","larger_sample",8,2000,"fixed_6",6,10000,1,"ordinary","reversal_given_true_margin_025",0.0177604120415594
17,20270827,20290827,"cell_09","larger_sample",8,2000,"fixed_6",6,10000,1,"ordinary","x1_wrong_sign_true_margin_010",0.141657802765537
17,20270827,20290827,"cell_09","larger_sample",8,2000,"fixed_6",6,10000,1,"ordinary","x2_wrong_sign_true_margin_010",0.0154991642607506
17,20270827,20290827,"cell_09","larger_sample",8,2000,"fixed_6",6,10000,1,"ordinary","x1_wrong_sign_true_margin_025",4.44010301038984e-05
17,20270827,20290827,"cell_09","larger_sample",8,2000,"fixed_6",6,10000,1,"ordinary","x2_wrong_sign_true_margin_025",0.0178048130716633
17,20270827,20290827,"cell_09","larger_sample",8,2000,"fixed_6",6,10000,1,"ordinary","mean_absolute_prediction_change",0.2598710963809
17,20270827,20290827,"cell_10","noise_robustness",8,2000,"fixed_6",6,3000,0.5,"ordinary","cate_correlation",0.821898224327046
17,20270827,20290827,"cell_10","noise_robustness",8,2000,"fixed_6",6,3000,0.5,"ordinary","cate_rank_correlation",0.787332942379703
17,20270827,20290827,"cell_10","noise_robustness",8,2000,"fixed_6",6,3000,0.5,"ordinary","sign_reversal",0.377
17,20270827,20290827,"cell_10","noise_robustness",8,2000,"fixed_6",6,3000,0.5,"ordinary","positive_to_negative",0.134033333333333
17,20270827,20290827,"cell_10","noise_robustness",8,2000,"fixed_6",6,3000,0.5,"ordinary","negative_to_positive",0.242966666666667
17,20270827,20290827,"cell_10","noise_robustness",8,2000,"fixed_6",6,3000,0.5,"ordinary","strong_reversal_010",0.241833333333333
17,20270827,20290827,"cell_10","noise_robustness",8,2000,"fixed_6",6,3000,0.5,"ordinary","strong_reversal_025",0.00146666666666667
17,20270827,20290827,"cell_10","noise_robustness",8,2000,"fixed_6",6,3000,0.5,"ordinary","reversal_given_estimated_margin_010",0.32326337833623
17,20270827,20290827,"cell_10","noise_robustness",8,2000,"fixed_6",6,3000,0.5,"ordinary","reversal_given_estimated_margin_025",0.0029023746701847
17,20270827,20290827,"cell_10","noise_robustness",8,2000,"fixed_6",6,3000,0.5,"ordinary","reversal_given_true_margin_010",0.293762346148002
17,20270827,20290827,"cell_10","noise_robustness",8,2000,"fixed_6",6,3000,0.5,"ordinary","reversal_given_true_margin_025",0.178536542047775
17,20270827,20290827,"cell_10","noise_robustness",8,2000,"fixed_6",6,3000,0.5,"ordinary","x1_wrong_sign_true_margin_010",0.142759459048777
17,20270827,20290827,"cell_10","noise_robustness",8,2000,"fixed_6",6,3000,0.5,"ordinary","x2_wrong_sign_true_margin_010",0.15237046041635
17,20270827,20290827,"cell_10","noise_robustness",8,2000,"fixed_6",6,3000,0.5,"ordinary","x1_wrong_sign_true_margin_025",0.00124322884290916
17,20270827,20290827,"cell_10","noise_robustness",8,2000,"fixed_6",6,3000,0.5,"ordinary","x2_wrong_sign_true_margin_025",0.177293313204866
17,20270827,20290827,"cell_10","noise_robustness",8,2000,"fixed_6",6,3000,0.5,"ordinary","mean_absolute_prediction_change",0.294762055159612
17,20270827,20290827,"cell_11","noise_robustness",8,2000,"fixed_6",6,3000,2,"ordinary","cate_correlation",0.580600232628738
17,20270827,20290827,"cell_11","noise_robustness",8,2000,"fixed_6",6,3000,2,"ordinary","cate_rank_correlation",0.746375860699973
17,20270827,20290827,"cell_11","noise_robustness",8,2000,"fixed_6",6,3000,2,"ordinary","sign_reversal",0.3928
17,20270827,20290827,"cell_11","noise_robustness",8,2000,"fixed_6",6,3000,2,"ordinary","positive_to_negative",0.204966666666667
17,20270827,20290827,"cell_11","noise_robustness",8,2000,"fixed_6",6,3000,2,"ordinary","negative_to_positive",0.187833333333333
17,20270827,20290827,"cell_11","noise_robustness",8,2000,"fixed_6",6,3000,2,"ordinary","strong_reversal_010",0.212733333333333
17,20270827,20290827,"cell_11","noise_robustness",8,2000,"fixed_6",6,3000,2,"ordinary","strong_reversal_025",0.0162666666666667
17,20270827,20290827,"cell_11","noise_robustness",8,2000,"fixed_6",6,3000,2,"ordinary","reversal_given_estimated_margin_010",0.290156853830416
17,20270827,20290827,"cell_11","noise_robustness",8,2000,"fixed_6",6,3000,2,"ordinary","reversal_given_estimated_margin_025",0.0349269968508445
17,20270827,20290827,"cell_11","noise_robustness",8,2000,"fixed_6",6,3000,2,"ordinary","reversal_given_true_margin_010",0.342349187053639
17,20270827,20290827,"cell_11","noise_robustness",8,2000,"fixed_6",6,3000,2,"ordinary","reversal_given_true_margin_025",0.27426516295178
17,20270827,20290827,"cell_11","noise_robustness",8,2000,"fixed_6",6,3000,2,"ordinary","x1_wrong_sign_true_margin_010",0.122397811882693
17,20270827,20290827,"cell_11","noise_robustness",8,2000,"fixed_6",6,3000,2,"ordinary","x2_wrong_sign_true_margin_010",0.220635161829509
17,20270827,20290827,"cell_11","noise_robustness",8,2000,"fixed_6",6,3000,2,"ordinary","x1_wrong_sign_true_margin_025",0.0171831986502087
17,20270827,20290827,"cell_11","noise_robustness",8,2000,"fixed_6",6,3000,2,"ordinary","x2_wrong_sign_true_margin_025",0.257881182843442
17,20270827,20290827,"cell_11","noise_robustness",8,2000,"fixed_6",6,3000,2,"ordinary","mean_absolute_prediction_change",0.368442022132971
17,20270827,20290827,"cell_12","invariant_check",16,2000,"fixed_6",6,3000,1,"class_sampled","cate_correlation",1
17,20270827,20290827,"cell_12","invariant_check",16,2000,"fixed_6",6,3000,1,"class_sampled","cate_rank_correlation",1
17,20270827,20290827,"cell_12","invariant_check",16,2000,"fixed_6",6,3000,1,"class_sampled","sign_reversal",0
17,20270827,20290827,"cell_12","invariant_check",16,2000,"fixed_6",6,3000,1,"class_sampled","positive_to_negative",0
17,20270827,20290827,"cell_12","invariant_check",16,2000,"fixed_6",6,3000,1,"class_sampled","negative_to_positive",0
17,20270827,20290827,"cell_12","invariant_check",16,2000,"fixed_6",6,3000,1,"class_sampled","strong_reversal_010",0
17,20270827,20290827,"cell_12","invariant_check",16,2000,"fixed_6",6,3000,1,"class_sampled","strong_reversal_025",0
17,20270827,20290827,"cell_12","invariant_check",16,2000,"fixed_6",6,3000,1,"class_sampled","reversal_given_estimated_margin_010",0
17,20270827,20290827,"cell_12","invariant_check",16,2000,"fixed_6",6,3000,1,"class_sampled","reversal_given_estimated_margin_025",0
17,20270827,20290827,"cell_12","invariant_check",16,2000,"fixed_6",6,3000,1,"class_sampled","reversal_given_true_margin_010",0
17,20270827,20290827,"cell_12","invariant_check",16,2000,"fixed_6",6,3000,1,"class_sampled","reversal_given_true_margin_025",0
17,20270827,20290827,"cell_12","invariant_check",16,2000,"fixed_6",6,3000,1,"class_sampled","x1_wrong_sign_true_margin_010",0.00303905181583346
17,20270827,20290827,"cell_12","invariant_check",16,2000,"fixed_6",6,3000,1,"class_sampled","x2_wrong_sign_true_margin_010",0.00303905181583346
17,20270827,20290827,"cell_12","invariant_check",16,2000,"fixed_6",6,3000,1,"class_sampled","x1_wrong_sign_true_margin_025",0.00248645768581831
17,20270827,20290827,"cell_12","invariant_check",16,2000,"fixed_6",6,3000,1,"class_sampled","x2_wrong_sign_true_margin_025",0.00248645768581831
17,20270827,20290827,"cell_12","invariant_check",16,2000,"fixed_6",6,3000,1,"class_sampled","mean_absolute_prediction_change",0
18,20270828,20290828,"cell_01","dose_response",1,2000,"fixed_6",6,3000,1,"ordinary","cate_correlation",0.938265321649701
18,20270828,20290828,"cell_01","dose_response",1,2000,"fixed_6",6,3000,1,"ordinary","cate_rank_correlation",0.920757196331952
18,20270828,20290828,"cell_01","dose_response",1,2000,"fixed_6",6,3000,1,"ordinary","sign_reversal",0.228633333333333
18,20270828,20290828,"cell_01","dose_response",1,2000,"fixed_6",6,3000,1,"ordinary","positive_to_negative",0.0047
18,20270828,20290828,"cell_01","dose_response",1,2000,"fixed_6",6,3000,1,"ordinary","negative_to_positive",0.223933333333333
18,20270828,20290828,"cell_01","dose_response",1,2000,"fixed_6",6,3000,1,"ordinary","strong_reversal_010",0.0362333333333333
18,20270828,20290828,"cell_01","dose_response",1,2000,"fixed_6",6,3000,1,"ordinary","strong_reversal_025",0
18,20270828,20290828,"cell_01","dose_response",1,2000,"fixed_6",6,3000,1,"ordinary","reversal_given_estimated_margin_010",0.0472095548317047
18,20270828,20290828,"cell_01","dose_response",1,2000,"fixed_6",6,3000,1,"ordinary","reversal_given_estimated_margin_025",0
18,20270828,20290828,"cell_01","dose_response",1,2000,"fixed_6",6,3000,1,"ordinary","reversal_given_true_margin_010",0.132326583533539
18,20270828,20290828,"cell_01","dose_response",1,2000,"fixed_6",6,3000,1,"ordinary","reversal_given_true_margin_025",0.00646398002853067
18,20270828,20290828,"cell_01","dose_response",1,2000,"fixed_6",6,3000,1,"ordinary","x1_wrong_sign_true_margin_010",0.128398733935858
18,20270828,20290828,"cell_01","dose_response",1,2000,"fixed_6",6,3000,1,"ordinary","x2_wrong_sign_true_margin_010",0.0070548754909812
18,20270828,20290828,"cell_01","dose_response",1,2000,"fixed_6",6,3000,1,"ordinary","x1_wrong_sign_true_margin_025",0.000757845934379458
18,20270828,20290828,"cell_01","dose_response",1,2000,"fixed_6",6,3000,1,"ordinary","x2_wrong_sign_true_margin_025",0.00713266761768902
18,20270828,20290828,"cell_01","dose_response",1,2000,"fixed_6",6,3000,1,"ordinary","mean_absolute_prediction_change",0.140683878614345
18,20270828,20290828,"cell_02","dose_response",2,2000,"fixed_6",6,3000,1,"ordinary","cate_correlation",0.886699963763591
18,20270828,20290828,"cell_02","dose_response",2,2000,"fixed_6",6,3000,1,"ordinary","cate_rank_correlation",0.832912410861458
18,20270828,20290828,"cell_02","dose_response",2,2000,"fixed_6",6,3000,1,"ordinary","sign_reversal",0.2538
18,20270828,20290828,"cell_02","dose_response",2,2000,"fixed_6",6,3000,1,"ordinary","positive_to_negative",0.0120333333333333
18,20270828,20290828,"cell_02","dose_response",2,2000,"fixed_6",6,3000,1,"ordinary","negative_to_positive",0.241766666666667
18,20270828,20290828,"cell_02","dose_response",2,2000,"fixed_6",6,3000,1,"ordinary","strong_reversal_010",0.147633333333333
18,20270828,20290828,"cell_02","dose_response",2,2000,"fixed_6",6,3000,1,"ordinary","strong_reversal_025",0
18,20270828,20290828,"cell_02","dose_response",2,2000,"fixed_6",6,3000,1,"ordinary","reversal_given_estimated_margin_010",0.184173320026613
18,20270828,20290828,"cell_02","dose_response",2,2000,"fixed_6",6,3000,1,"ordinary","reversal_given_estimated_margin_025",0
18,20270828,20290828,"cell_02","dose_response",2,2000,"fixed_6",6,3000,1,"ordinary","reversal_given_true_margin_010",0.15223277275674
18,20270828,20290828,"cell_02","dose_response",2,2000,"fixed_6",6,3000,1,"ordinary","reversal_given_true_margin_025",0.0163605563480742
18,20270828,20290828,"cell_02","dose_response",2,2000,"fixed_6",6,3000,1,"ordinary","x1_wrong_sign_true_margin_010",0.13938145902452
18,20270828,20290828,"cell_02","dose_response",2,2000,"fixed_6",6,3000,1,"ordinary","x2_wrong_sign_true_margin_010",0.0151393814590245
18,20270828,20290828,"cell_02","dose_response",2,2000,"fixed_6",6,3000,1,"ordinary","x1_wrong_sign_true_margin_025",0.00124821683309558
18,20270828,20290828,"cell_02","dose_response",2,2000,"fixed_6",6,3000,1,"ordinary","x2_wrong_sign_true_margin_025",0.0176087731811698
18,20270828,20290828,"cell_02","dose_response",2,2000,"fixed_6",6,3000,1,"ordinary","mean_absolute_prediction_change",0.202718245832023
18,20270828,20290828,"cell_03","dose_response",4,2000,"fixed_6",6,3000,1,"ordinary","cate_correlation",0.821334157836537
18,20270828,20290828,"cell_03","dose_response",4,2000,"fixed_6",6,3000,1,"ordinary","cate_rank_correlation",0.814962321495736
18,20270828,20290828,"cell_03","dose_response",4,2000,"fixed_6",6,3000,1,"ordinary","sign_reversal",0.289766666666667
18,20270828,20290828,"cell_03","dose_response",4,2000,"fixed_6",6,3000,1,"ordinary","positive_to_negative",0.0448666666666667
18,20270828,20290828,"cell_03","dose_response",4,2000,"fixed_6",6,3000,1,"ordinary","negative_to_positive",0.2449
18,20270828,20290828,"cell_03","dose_response",4,2000,"fixed_6",6,3000,1,"ordinary","strong_reversal_010",0.242033333333333
18,20270828,20290828,"cell_03","dose_response",4,2000,"fixed_6",6,3000,1,"ordinary","strong_reversal_025",0.0017
18,20270828,20290828,"cell_03","dose_response",4,2000,"fixed_6",6,3000,1,"ordinary","reversal_given_estimated_margin_010",0.307239876443956
18,20270828,20290828,"cell_03","dose_response",4,2000,"fixed_6",6,3000,1,"ordinary","reversal_given_estimated_margin_025",0.0033307210031348
18,20270828,20290828,"cell_03","dose_response",4,2000,"fixed_6",6,3000,1,"ordinary","reversal_given_true_margin_010",0.191892613354689
18,20270828,20290828,"cell_03","dose_response",4,2000,"fixed_6",6,3000,1,"ordinary","reversal_given_true_margin_025",0.0603156205420827
18,20270828,20290828,"cell_03","dose_response",4,2000,"fixed_6",6,3000,1,"ordinary","x1_wrong_sign_true_margin_010",0.141021240895397
18,20270828,20290828,"cell_03","dose_response",4,2000,"fixed_6",6,3000,1,"ordinary","x2_wrong_sign_true_margin_010",0.0523204820196011
18,20270828,20290828,"cell_03","dose_response",4,2000,"fixed_6",6,3000,1,"ordinary","x1_wrong_sign_true_margin_025",0.000847004279600571
18,20270828,20290828,"cell_03","dose_response",4,2000,"fixed_6",6,3000,1,"ordinary","x2_wrong_sign_true_margin_025",0.0611626248216833
18,20270828,20290828,"cell_03","dose_response",4,2000,"fixed_6",6,3000,1,"ordinary","mean_absolute_prediction_change",0.262038264747756
18,20270828,20290828,"cell_04","dose_response",8,2000,"fixed_6",6,3000,1,"ordinary","cate_correlation",0.763783934325627
18,20270828,20290828,"cell_04","dose_response",8,2000,"fixed_6",6,3000,1,"ordinary","cate_rank_correlation",0.803626509950252
18,20270828,20290828,"cell_04","dose_response",8,2000,"fixed_6",6,3000,1,"ordinary","sign_reversal",0.372866666666667
18,20270828,20290828,"cell_04","dose_response",8,2000,"fixed_6",6,3000,1,"ordinary","positive_to_negative",0.126833333333333
18,20270828,20290828,"cell_04","dose_response",8,2000,"fixed_6",6,3000,1,"ordinary","negative_to_positive",0.246033333333333
18,20270828,20290828,"cell_04","dose_response",8,2000,"fixed_6",6,3000,1,"ordinary","strong_reversal_010",0.2578
18,20270828,20290828,"cell_04","dose_response",8,2000,"fixed_6",6,3000,1,"ordinary","strong_reversal_025",0.0356333333333333
18,20270828,20290828,"cell_04","dose_response",8,2000,"fixed_6",6,3000,1,"ordinary","reversal_given_estimated_margin_010",0.330639989739643
18,20270828,20290828,"cell_04","dose_response",8,2000,"fixed_6",6,3000,1,"ordinary","reversal_given_estimated_margin_025",0.0658210701311496
18,20270828,20290828,"cell_04","dose_response",8,2000,"fixed_6",6,3000,1,"ordinary","reversal_given_true_margin_010",0.286275407085383
18,20270828,20290828,"cell_04","dose_response",8,2000,"fixed_6",6,3000,1,"ordinary","reversal_given_true_margin_025",0.170069543509272
18,20270828,20290828,"cell_04","dose_response",8,2000,"fixed_6",6,3000,1,"ordinary","x1_wrong_sign_true_margin_010",0.141364451054418
18,20270828,20290828,"cell_04","dose_response",8,2000,"fixed_6",6,3000,1,"ordinary","x2_wrong_sign_true_margin_010",0.145978720970141
18,20270828,20290828,"cell_04","dose_response",8,2000,"fixed_6",6,3000,1,"ordinary","x1_wrong_sign_true_margin_025",0.000668687589158345
18,20270828,20290828,"cell_04","dose_response",8,2000,"fixed_6",6,3000,1,"ordinary","x2_wrong_sign_true_margin_025",0.17064907275321
18,20270828,20290828,"cell_04","dose_response",8,2000,"fixed_6",6,3000,1,"ordinary","mean_absolute_prediction_change",0.309402108743057
18,20270828,20290828,"cell_05","dose_response",16,2000,"fixed_6",6,3000,1,"ordinary","cate_correlation",0.700045978873787
18,20270828,20290828,"cell_05","dose_response",16,2000,"fixed_6",6,3000,1,"ordinary","cate_rank_correlation",0.793513117394126
18,20270828,20290828,"cell_05","dose_response",16,2000,"fixed_6",6,3000,1,"ordinary","sign_reversal",0.449866666666667
18,20270828,20290828,"cell_05","dose_response",16,2000,"fixed_6",6,3000,1,"ordinary","positive_to_negative",0.202266666666667
18,20270828,20290828,"cell_05","dose_response",16,2000,"fixed_6",6,3000,1,"ordinary","negative_to_positive",0.2476
18,20270828,20290828,"cell_05","dose_response",16,2000,"fixed_6",6,3000,1,"ordinary","strong_reversal_010",0.277
18,20270828,20290828,"cell_05","dose_response",16,2000,"fixed_6",6,3000,1,"ordinary","strong_reversal_025",0.100666666666667
18,20270828,20290828,"cell_05","dose_response",16,2000,"fixed_6",6,3000,1,"ordinary","reversal_given_estimated_margin_010",0.34918900747962
18,20270828,20290828,"cell_05","dose_response",16,2000,"fixed_6",6,3000,1,"ordinary","reversal_given_estimated_margin_025",0.167359379329454
18,20270828,20290828,"cell_05","dose_response",16,2000,"fixed_6",6,3000,1,"ordinary","reversal_given_true_margin_010",0.373450787476643
18,20270828,20290828,"cell_05","dose_response",16,2000,"fixed_6",6,3000,1,"ordinary","reversal_given_true_margin_025",0.271219686162625
18,20270828,20290828,"cell_05","dose_response",16,2000,"fixed_6",6,3000,1,"ordinary","x1_wrong_sign_true_margin_010",0.141974602448232
18,20270828,20290828,"cell_05","dose_response",16,2000,"fixed_6",6,3000,1,"ordinary","x2_wrong_sign_true_margin_010",0.232467681043359
18,20270828,20290828,"cell_05","dose_response",16,2000,"fixed_6",6,3000,1,"ordinary","x1_wrong_sign_true_margin_025",0.000624108416547789
18,20270828,20290828,"cell_05","dose_response",16,2000,"fixed_6",6,3000,1,"ordinary","x2_wrong_sign_true_margin_025",0.271754636233952
18,20270828,20290828,"cell_05","dose_response",16,2000,"fixed_6",6,3000,1,"ordinary","mean_absolute_prediction_change",0.350438155685364
18,20270828,20290828,"cell_06","tree_robustness",8,800,"fixed_6",6,3000,1,"ordinary","cate_correlation",0.757531943988145
18,20270828,20290828,"cell_06","tree_robustness",8,800,"fixed_6",6,3000,1,"ordinary","cate_rank_correlation",0.798326114976807
18,20270828,20290828,"cell_06","tree_robustness",8,800,"fixed_6",6,3000,1,"ordinary","sign_reversal",0.3931
18,20270828,20290828,"cell_06","tree_robustness",8,800,"fixed_6",6,3000,1,"ordinary","positive_to_negative",0.147566666666667
18,20270828,20290828,"cell_06","tree_robustness",8,800,"fixed_6",6,3000,1,"ordinary","negative_to_positive",0.245533333333333
18,20270828,20290828,"cell_06","tree_robustness",8,800,"fixed_6",6,3000,1,"ordinary","strong_reversal_010",0.260333333333333
18,20270828,20290828,"cell_06","tree_robustness",8,800,"fixed_6",6,3000,1,"ordinary","strong_reversal_025",0.0295
18,20270828,20290828,"cell_06","tree_robustness",8,800,"fixed_6",6,3000,1,"ordinary","reversal_given_estimated_margin_010",0.33294965255574
18,20270828,20290828,"cell_06","tree_robustness",8,800,"fixed_6",6,3000,1,"ordinary","reversal_given_estimated_margin_025",0.0552089831565814
18,20270828,20290828,"cell_06","tree_robustness",8,800,"fixed_6",6,3000,1,"ordinary","reversal_given_true_margin_010",0.309689966823018
18,20270828,20290828,"cell_06","tree_robustness",8,800,"fixed_6",6,3000,1,"ordinary","reversal_given_true_margin_025",0.197708630527817
18,20270828,20290828,"cell_06","tree_robustness",8,800,"fixed_6",6,3000,1,"ordinary","x1_wrong_sign_true_margin_010",0.140983106433284
18,20270828,20290828,"cell_06","tree_robustness",8,800,"fixed_6",6,3000,1,"ordinary","x2_wrong_sign_true_margin_010",0.169393280707776
18,20270828,20290828,"cell_06","tree_robustness",8,800,"fixed_6",6,3000,1,"ordinary","x1_wrong_sign_true_margin_025",0.00049037089871612
18,20270828,20290828,"cell_06","tree_robustness",8,800,"fixed_6",6,3000,1,"ordinary","x2_wrong_sign_true_margin_025",0.198020684736091
18,20270828,20290828,"cell_06","tree_robustness",8,800,"fixed_6",6,3000,1,"ordinary","mean_absolute_prediction_change",0.313862793495391
18,20270828,20290828,"cell_07","tree_robustness",8,5000,"fixed_6",6,3000,1,"ordinary","cate_correlation",0.760834805597808
18,20270828,20290828,"cell_07","tree_robustness",8,5000,"fixed_6",6,3000,1,"ordinary","cate_rank_correlation",0.804515748548129
18,20270828,20290828,"cell_07","tree_robustness",8,5000,"fixed_6",6,3000,1,"ordinary","sign_reversal",0.383166666666667
18,20270828,20290828,"cell_07","tree_robustness",8,5000,"fixed_6",6,3000,1,"ordinary","positive_to_negative",0.136766666666667
18,20270828,20290828,"cell_07","tree_robustness",8,5000,"fixed_6",6,3000,1,"ordinary","negative_to_positive",0.2464
18,20270828,20290828,"cell_07","tree_robustness",8,5000,"fixed_6",6,3000,1,"ordinary","strong_reversal_010",0.258866666666667
18,20270828,20290828,"cell_07","tree_robustness",8,5000,"fixed_6",6,3000,1,"ordinary","strong_reversal_025",0.0352666666666667
18,20270828,20290828,"cell_07","tree_robustness",8,5000,"fixed_6",6,3000,1,"ordinary","reversal_given_estimated_margin_010",0.331781091126586
18,20270828,20290828,"cell_07","tree_robustness",8,5000,"fixed_6",6,3000,1,"ordinary","reversal_given_estimated_margin_025",0.0652522511409893
18,20270828,20290828,"cell_07","tree_robustness",8,5000,"fixed_6",6,3000,1,"ordinary","reversal_given_true_margin_010",0.297792014643633
18,20270828,20290828,"cell_07","tree_robustness",8,5000,"fixed_6",6,3000,1,"ordinary","reversal_given_true_margin_025",0.183264978601997
18,20270828,20290828,"cell_07","tree_robustness",8,5000,"fixed_6",6,3000,1,"ordinary","x1_wrong_sign_true_margin_010",0.141593257827098
18,20270828,20290828,"cell_07","tree_robustness",8,5000,"fixed_6",6,3000,1,"ordinary","x2_wrong_sign_true_margin_010",0.157342790679937
18,20270828,20290828,"cell_07","tree_robustness",8,5000,"fixed_6",6,3000,1,"ordinary","x1_wrong_sign_true_margin_025",0.000668687589158345
18,20270828,20290828,"cell_07","tree_robustness",8,5000,"fixed_6",6,3000,1,"ordinary","x2_wrong_sign_true_margin_025",0.183933666191156
18,20270828,20290828,"cell_07","tree_robustness",8,5000,"fixed_6",6,3000,1,"ordinary","mean_absolute_prediction_change",0.309904406878577
18,20270828,20290828,"cell_08","default_mtry",8,2000,"grf_default",27,3000,1,"ordinary","cate_correlation",0.993192308275963
18,20270828,20290828,"cell_08","default_mtry",8,2000,"grf_default",27,3000,1,"ordinary","cate_rank_correlation",0.991215662043573
18,20270828,20290828,"cell_08","default_mtry",8,2000,"grf_default",27,3000,1,"ordinary","sign_reversal",0.125266666666667
18,20270828,20290828,"cell_08","default_mtry",8,2000,"grf_default",27,3000,1,"ordinary","positive_to_negative",0.00266666666666667
18,20270828,20290828,"cell_08","default_mtry",8,2000,"grf_default",27,3000,1,"ordinary","negative_to_positive",0.1226
18,20270828,20290828,"cell_08","default_mtry",8,2000,"grf_default",27,3000,1,"ordinary","strong_reversal_010",0
18,20270828,20290828,"cell_08","default_mtry",8,2000,"grf_default",27,3000,1,"ordinary","strong_reversal_025",0
18,20270828,20290828,"cell_08","default_mtry",8,2000,"grf_default",27,3000,1,"ordinary","reversal_given_estimated_margin_010",0
18,20270828,20290828,"cell_08","default_mtry",8,2000,"grf_default",27,3000,1,"ordinary","reversal_given_estimated_margin_025",0
18,20270828,20290828,"cell_08","default_mtry",8,2000,"grf_default",27,3000,1,"ordinary","reversal_given_true_margin_010",0.0734088395683179
18,20270828,20290828,"cell_08","default_mtry",8,2000,"grf_default",27,3000,1,"ordinary","reversal_given_true_margin_025",0.00361091298145506
18,20270828,20290828,"cell_08","default_mtry",8,2000,"grf_default",27,3000,1,"ordinary","x1_wrong_sign_true_margin_010",0.0768790756206384
18,20270828,20290828,"cell_08","default_mtry",8,2000,"grf_default",27,3000,1,"ordinary","x2_wrong_sign_true_margin_010",0.00964801891469321
18,20270828,20290828,"cell_08","default_mtry",8,2000,"grf_default",27,3000,1,"ordinary","x1_wrong_sign_true_margin_025",0.0024518544935806
18,20270828,20290828,"cell_08","default_mtry",8,2000,"grf_default",27,3000,1,"ordinary","x2_wrong_sign_true_margin_025",0.00606276747503566
18,20270828,20290828,"cell_08","default_mtry",8,2000,"grf_default",27,3000,1,"ordinary","mean_absolute_prediction_change",0.0746286578419831
18,20270828,20290828,"cell_09","larger_sample",8,2000,"fixed_6",6,10000,1,"ordinary","cate_correlation",0.875687418176508
18,20270828,20290828,"cell_09","larger_sample",8,2000,"fixed_6",6,10000,1,"ordinary","cate_rank_correlation",0.792926999642808
18,20270828,20290828,"cell_09","larger_sample",8,2000,"fixed_6",6,10000,1,"ordinary","sign_reversal",0.2565
18,20270828,20290828,"cell_09","larger_sample",8,2000,"fixed_6",6,10000,1,"ordinary","positive_to_negative",0.0101
18,20270828,20290828,"cell_09","larger_sample",8,2000,"fixed_6",6,10000,1,"ordinary","negative_to_positive",0.2464
18,20270828,20290828,"cell_09","larger_sample",8,2000,"fixed_6",6,10000,1,"ordinary","strong_reversal_010",0.226866666666667
18,20270828,20290828,"cell_09","larger_sample",8,2000,"fixed_6",6,10000,1,"ordinary","strong_reversal_025",0.00213333333333333
18,20270828,20290828,"cell_09","larger_sample",8,2000,"fixed_6",6,10000,1,"ordinary","reversal_given_estimated_margin_010",0.271285076530612
18,20270828,20290828,"cell_09","larger_sample",8,2000,"fixed_6",6,10000,1,"ordinary","reversal_given_estimated_margin_025",0.00422972705042628
18,20270828,20290828,"cell_09","larger_sample",8,2000,"fixed_6",6,10000,1,"ordinary","reversal_given_true_margin_010",0.152537848453648
18,20270828,20290828,"cell_09","larger_sample",8,2000,"fixed_6",6,10000,1,"ordinary","reversal_given_true_margin_025",0.0135074893009986
18,20270828,20290828,"cell_09","larger_sample",8,2000,"fixed_6",6,10000,1,"ordinary","x1_wrong_sign_true_margin_010",0.14250848491782
18,20270828,20290828,"cell_09","larger_sample",8,2000,"fixed_6",6,10000,1,"ordinary","x2_wrong_sign_true_margin_010",0.0130801205049003
18,20270828,20290828,"cell_09","larger_sample",8,2000,"fixed_6",6,10000,1,"ordinary","x1_wrong_sign_true_margin_025",0.000267475035663338
18,20270828,20290828,"cell_09","larger_sample",8,2000,"fixed_6",6,10000,1,"ordinary","x2_wrong_sign_true_margin_025",0.0137749643366619
18,20270828,20290828,"cell_09","larger_sample",8,2000,"fixed_6",6,10000,1,"ordinary","mean_absolute_prediction_change",0.254347752537511
18,20270828,20290828,"cell_10","noise_robustness",8,2000,"fixed_6",6,3000,0.5,"ordinary","cate_correlation",0.830222869781282
18,20270828,20290828,"cell_10","noise_robustness",8,2000,"fixed_6",6,3000,0.5,"ordinary","cate_rank_correlation",0.792650775642056
18,20270828,20290828,"cell_10","noise_robustness",8,2000,"fixed_6",6,3000,0.5,"ordinary","sign_reversal",0.291133333333333
18,20270828,20290828,"cell_10","noise_robustness",8,2000,"fixed_6",6,3000,0.5,"ordinary","positive_to_negative",0.0429333333333333
18,20270828,20290828,"cell_10","noise_robustness",8,2000,"fixed_6",6,3000,0.5,"ordinary","negative_to_positive",0.2482
18,20270828,20290828,"cell_10","noise_robustness",8,2000,"fixed_6",6,3000,0.5,"ordinary","strong_reversal_010",0.248433333333333
18,20270828,20290828,"cell_10","noise_robustness",8,2000,"fixed_6",6,3000,0.5,"ordinary","strong_reversal_025",0.00346666666666667
18,20270828,20290828,"cell_10","noise_robustness",8,2000,"fixed_6",6,3000,0.5,"ordinary","reversal_given_estimated_margin_010",0.324834379358438
18,20270828,20290828,"cell_10","noise_robustness",8,2000,"fixed_6",6,3000,0.5,"ordinary","reversal_given_estimated_margin_025",0.00679649718990982
18,20270828,20290828,"cell_10","noise_robustness",8,2000,"fixed_6",6,3000,0.5,"ordinary","reversal_given_true_margin_010",0.191358730885101
18,20270828,20290828,"cell_10","noise_robustness",8,2000,"fixed_6",6,3000,0.5,"ordinary","reversal_given_true_margin_025",0.0574179743223966
18,20270828,20290828,"cell_10","noise_robustness",8,2000,"fixed_6",6,3000,0.5,"ordinary","x1_wrong_sign_true_margin_010",0.142355947069367
18,20270828,20290828,"cell_10","noise_robustness",8,2000,"fixed_6",6,3000,0.5,"ordinary","x2_wrong_sign_true_margin_010",0.0490790527399611
18,20270828,20290828,"cell_10","noise_robustness",8,2000,"fixed_6",6,3000,0.5,"ordinary","x1_wrong_sign_true_margin_025",0.000133737517831669
18,20270828,20290828,"cell_10","noise_robustness",8,2000,"fixed_6",6,3000,0.5,"ordinary","x2_wrong_sign_true_margin_025",0.057373395149786
18,20270828,20290828,"cell_10","noise_robustness",8,2000,"fixed_6",6,3000,0.5,"ordinary","mean_absolute_prediction_change",0.279009202720233
18,20270828,20290828,"cell_11","noise_robustness",8,2000,"fixed_6",6,3000,2,"ordinary","cate_correlation",0.640816370693438
18,20270828,20290828,"cell_11","noise_robustness",8,2000,"fixed_6",6,3000,2,"ordinary","cate_rank_correlation",0.74681099874979
18,20270828,20290828,"cell_11","noise_robustness",8,2000,"fixed_6",6,3000,2,"ordinary","sign_reversal",0.361666666666667
18,20270828,20290828,"cell_11","noise_robustness",8,2000,"fixed_6",6,3000,2,"ordinary","positive_to_negative",0.1129
18,20270828,20290828,"cell_11","noise_robustness",8,2000,"fixed_6",6,3000,2,"ordinary","negative_to_positive",0.248766666666667
18,20270828,20290828,"cell_11","noise_robustness",8,2000,"fixed_6",6,3000,2,"ordinary","strong_reversal_010",0.2582
18,20270828,20290828,"cell_11","noise_robustness",8,2000,"fixed_6",6,3000,2,"ordinary","strong_reversal_025",0.0566666666666667
18,20270828,20290828,"cell_11","noise_robustness",8,2000,"fixed_6",6,3000,2,"ordinary","reversal_given_estimated_margin_010",0.32427680328212
18,20270828,20290828,"cell_11","noise_robustness",8,2000,"fixed_6",6,3000,2,"ordinary","reversal_given_estimated_margin_025",0.110821382007823
18,20270828,20290828,"cell_11","noise_robustness",8,2000,"fixed_6",6,3000,2,"ordinary","reversal_given_true_margin_010",0.274682530602906
18,20270828,20290828,"cell_11","noise_robustness",8,2000,"fixed_6",6,3000,2,"ordinary","reversal_given_true_margin_025",0.15861269614836
18,20270828,20290828,"cell_11","noise_robustness",8,2000,"fixed_6",6,3000,2,"ordinary","x1_wrong_sign_true_margin_010",0.141478854440758
18,20270828,20290828,"cell_11","noise_robustness",8,2000,"fixed_6",6,3000,2,"ordinary","x2_wrong_sign_true_margin_010",0.135034130343591
18,20270828,20290828,"cell_11","noise_robustness",8,2000,"fixed_6",6,3000,2,"ordinary","x1_wrong_sign_true_margin_025",0.00285306704707561
18,20270828,20290828,"cell_11","noise_robustness",8,2000,"fixed_6",6,3000,2,"ordinary","x2_wrong_sign_true_margin_025",0.157810271041369
18,20270828,20290828,"cell_11","noise_robustness",8,2000,"fixed_6",6,3000,2,"ordinary","mean_absolute_prediction_change",0.330045939602873
18,20270828,20290828,"cell_12","invariant_check",16,2000,"fixed_6",6,3000,1,"class_sampled","cate_correlation",1
18,20270828,20290828,"cell_12","invariant_check",16,2000,"fixed_6",6,3000,1,"class_sampled","cate_rank_correlation",1
18,20270828,20290828,"cell_12","invariant_check",16,2000,"fixed_6",6,3000,1,"class_sampled","sign_reversal",0
18,20270828,20290828,"cell_12","invariant_check",16,2000,"fixed_6",6,3000,1,"class_sampled","positive_to_negative",0
18,20270828,20290828,"cell_12","invariant_check",16,2000,"fixed_6",6,3000,1,"class_sampled","negative_to_positive",0
18,20270828,20290828,"cell_12","invariant_check",16,2000,"fixed_6",6,3000,1,"class_sampled","strong_reversal_010",0
18,20270828,20290828,"cell_12","invariant_check",16,2000,"fixed_6",6,3000,1,"class_sampled","strong_reversal_025",0
18,20270828,20290828,"cell_12","invariant_check",16,2000,"fixed_6",6,3000,1,"class_sampled","reversal_given_estimated_margin_010",0
18,20270828,20290828,"cell_12","invariant_check",16,2000,"fixed_6",6,3000,1,"class_sampled","reversal_given_estimated_margin_025",0
18,20270828,20290828,"cell_12","invariant_check",16,2000,"fixed_6",6,3000,1,"class_sampled","reversal_given_true_margin_010",0
18,20270828,20290828,"cell_12","invariant_check",16,2000,"fixed_6",6,3000,1,"class_sampled","reversal_given_true_margin_025",0
18,20270828,20290828,"cell_12","invariant_check",16,2000,"fixed_6",6,3000,1,"class_sampled","x1_wrong_sign_true_margin_010",0.00709300995309461
18,20270828,20290828,"cell_12","invariant_check",16,2000,"fixed_6",6,3000,1,"class_sampled","x2_wrong_sign_true_margin_010",0.00709300995309461
18,20270828,20290828,"cell_12","invariant_check",16,2000,"fixed_6",6,3000,1,"class_sampled","x1_wrong_sign_true_margin_025",0.00289764621968616
18,20270828,20290828,"cell_12","invariant_check",16,2000,"fixed_6",6,3000,1,"class_sampled","x2_wrong_sign_true_margin_025",0.00289764621968616
18,20270828,20290828,"cell_12","invariant_check",16,2000,"fixed_6",6,3000,1,"class_sampled","mean_absolute_prediction_change",0
19,20270829,20290829,"cell_01","dose_response",1,2000,"fixed_6",6,3000,1,"ordinary","cate_correlation",0.933275776376645
19,20270829,20290829,"cell_01","dose_response",1,2000,"fixed_6",6,3000,1,"ordinary","cate_rank_correlation",0.861693634671215
19,20270829,20290829,"cell_01","dose_response",1,2000,"fixed_6",6,3000,1,"ordinary","sign_reversal",0.0381
19,20270829,20290829,"cell_01","dose_response",1,2000,"fixed_6",6,3000,1,"ordinary","positive_to_negative",0.00286666666666667
19,20270829,20290829,"cell_01","dose_response",1,2000,"fixed_6",6,3000,1,"ordinary","negative_to_positive",0.0352333333333333
19,20270829,20290829,"cell_01","dose_response",1,2000,"fixed_6",6,3000,1,"ordinary","strong_reversal_010",0.0037
19,20270829,20290829,"cell_01","dose_response",1,2000,"fixed_6",6,3000,1,"ordinary","strong_reversal_025",0
19,20270829,20290829,"cell_01","dose_response",1,2000,"fixed_6",6,3000,1,"ordinary","reversal_given_estimated_margin_010",0.00448358040150261
19,20270829,20290829,"cell_01","dose_response",1,2000,"fixed_6",6,3000,1,"ordinary","reversal_given_estimated_margin_025",0
19,20270829,20290829,"cell_01","dose_response",1,2000,"fixed_6",6,3000,1,"ordinary","reversal_given_true_margin_010",0.0235562310030395
19,20270829,20290829,"cell_01","dose_response",1,2000,"fixed_6",6,3000,1,"ordinary","reversal_given_true_margin_025",0.00407386086879511
19,20270829,20290829,"cell_01","dose_response",1,2000,"fixed_6",6,3000,1,"ordinary","x1_wrong_sign_true_margin_010",0.0245820668693009
19,20270829,20290829,"cell_01","dose_response",1,2000,"fixed_6",6,3000,1,"ordinary","x2_wrong_sign_true_margin_010",0.00801671732522796
19,20270829,20290829,"cell_01","dose_response",1,2000,"fixed_6",6,3000,1,"ordinary","x1_wrong_sign_true_margin_025",0.00261258468759686
19,20270829,20290829,"cell_01","dose_response",1,2000,"fixed_6",6,3000,1,"ordinary","x2_wrong_sign_true_margin_025",0.00668644555639198
19,20270829,20290829,"cell_01","dose_response",1,2000,"fixed_6",6,3000,1,"ordinary","mean_absolute_prediction_change",0.14474155912116
19,20270829,20290829,"cell_02","dose_response",2,2000,"fixed_6",6,3000,1,"ordinary","cate_correlation",0.878938066926643
19,20270829,20290829,"cell_02","dose_response",2,2000,"fixed_6",6,3000,1,"ordinary","cate_rank_correlation",0.834046907629385
19,20270829,20290829,"cell_02","dose_response",2,2000,"fixed_6",6,3000,1,"ordinary","sign_reversal",0.101066666666667
19,20270829,20290829,"cell_02","dose_response",2,2000,"fixed_6",6,3000,1,"ordinary","positive_to_negative",0.0046
19,20270829,20290829,"cell_02","dose_response",2,2000,"fixed_6",6,3000,1,"ordinary","negative_to_positive",0.0964666666666667
19,20270829,20290829,"cell_02","dose_response",2,2000,"fixed_6",6,3000,1,"ordinary","strong_reversal_010",0.0240666666666667
19,20270829,20290829,"cell_02","dose_response",2,2000,"fixed_6",6,3000,1,"ordinary","strong_reversal_025",0
19,20270829,20290829,"cell_02","dose_response",2,2000,"fixed_6",6,3000,1,"ordinary","reversal_given_estimated_margin_010",0.0312554112554113
19,20270829,20290829,"cell_02","dose_response",2,2000,"fixed_6",6,3000,1,"ordinary","reversal_given_estimated_margin_025",0
19,20270829,20290829,"cell_02","dose_response",2,2000,"fixed_6",6,3000,1,"ordinary","reversal_given_true_margin_010",0.0587386018237082
19,20270829,20290829,"cell_02","dose_response",2,2000,"fixed_6",6,3000,1,"ordinary","reversal_given_true_margin_025",0.00650932117079219
19,20270829,20290829,"cell_02","dose_response",2,2000,"fixed_6",6,3000,1,"ordinary","x1_wrong_sign_true_margin_010",0.056724924012158
19,20270829,20290829,"cell_02","dose_response",2,2000,"fixed_6",6,3000,1,"ordinary","x2_wrong_sign_true_margin_010",0.0091565349544073
19,20270829,20290829,"cell_02","dose_response",2,2000,"fixed_6",6,3000,1,"ordinary","x1_wrong_sign_true_margin_025",0.00292255236239649
19,20270829,20290829,"cell_02","dose_response",2,2000,"fixed_6",6,3000,1,"ordinary","x2_wrong_sign_true_margin_025",0.00943187353318868
19,20270829,20290829,"cell_02","dose_response",2,2000,"fixed_6",6,3000,1,"ordinary","mean_absolute_prediction_change",0.20454531272087
19,20270829,20290829,"cell_03","dose_response",4,2000,"fixed_6",6,3000,1,"ordinary","cate_correlation",0.814461058745
19,20270829,20290829,"cell_03","dose_response",4,2000,"fixed_6",6,3000,1,"ordinary","cate_rank_correlation",0.813105646849228
19,20270829,20290829,"cell_03","dose_response",4,2000,"fixed_6",6,3000,1,"ordinary","sign_reversal",0.226366666666667
19,20270829,20290829,"cell_03","dose_response",4,2000,"fixed_6",6,3000,1,"ordinary","positive_to_negative",0.0106333333333333
19,20270829,20290829,"cell_03","dose_response",4,2000,"fixed_6",6,3000,1,"ordinary","negative_to_positive",0.215733333333333
19,20270829,20290829,"cell_03","dose_response",4,2000,"fixed_6",6,3000,1,"ordinary","strong_reversal_010",0.0514666666666667
19,20270829,20290829,"cell_03","dose_response",4,2000,"fixed_6",6,3000,1,"ordinary","strong_reversal_025",3e-04
19,20270829,20290829,"cell_03","dose_response",4,2000,"fixed_6",6,3000,1,"ordinary","reversal_given_estimated_margin_010",0.0729024033240474
19,20270829,20290829,"cell_03","dose_response",4,2000,"fixed_6",6,3000,1,"ordinary","reversal_given_estimated_margin_025",0.000586166471277843
19,20270829,20290829,"cell_03","dose_response",4,2000,"fixed_6",6,3000,1,"ordinary","reversal_given_true_margin_010",0.137158054711246
19,20270829,20290829,"cell_03","dose_response",4,2000,"fixed_6",6,3000,1,"ordinary","reversal_given_true_margin_025",0.0144356374263827
19,20270829,20290829,"cell_03","dose_response",4,2000,"fixed_6",6,3000,1,"ordinary","x1_wrong_sign_true_margin_010",0.127849544072948
19,20270829,20290829,"cell_03","dose_response",4,2000,"fixed_6",6,3000,1,"ordinary","x2_wrong_sign_true_margin_010",0.0154635258358663
19,20270829,20290829,"cell_03","dose_response",4,2000,"fixed_6",6,3000,1,"ordinary","x1_wrong_sign_true_margin_025",0.00270114688039676
19,20270829,20290829,"cell_03","dose_response",4,2000,"fixed_6",6,3000,1,"ordinary","x2_wrong_sign_true_margin_025",0.0171367843067794
19,20270829,20290829,"cell_03","dose_response",4,2000,"fixed_6",6,3000,1,"ordinary","mean_absolute_prediction_change",0.269829719105014
19,20270829,20290829,"cell_04","dose_response",8,2000,"fixed_6",6,3000,1,"ordinary","cate_correlation",0.760031562825705
19,20270829,20290829,"cell_04","dose_response",8,2000,"fixed_6",6,3000,1,"ordinary","cate_rank_correlation",0.801603765345782
19,20270829,20290829,"cell_04","dose_response",8,2000,"fixed_6",6,3000,1,"ordinary","sign_reversal",0.2598
19,20270829,20290829,"cell_04","dose_response",8,2000,"fixed_6",6,3000,1,"ordinary","positive_to_negative",0.0233333333333333
19,20270829,20290829,"cell_04","dose_response",8,2000,"fixed_6",6,3000,1,"ordinary","negative_to_positive",0.236466666666667
19,20270829,20290829,"cell_04","dose_response",8,2000,"fixed_6",6,3000,1,"ordinary","strong_reversal_010",0.132333333333333
19,20270829,20290829,"cell_04","dose_response",8,2000,"fixed_6",6,3000,1,"ordinary","strong_reversal_025",0.00996666666666667
19,20270829,20290829,"cell_04","dose_response",8,2000,"fixed_6",6,3000,1,"ordinary","reversal_given_estimated_margin_010",0.18913768461172
19,20270829,20290829,"cell_04","dose_response",8,2000,"fixed_6",6,3000,1,"ordinary","reversal_given_estimated_margin_025",0.0194269378208044
19,20270829,20290829,"cell_04","dose_response",8,2000,"fixed_6",6,3000,1,"ordinary","reversal_given_true_margin_010",0.162993920972644
19,20270829,20290829,"cell_04","dose_response",8,2000,"fixed_6",6,3000,1,"ordinary","reversal_given_true_margin_025",0.0313067351547624
19,20270829,20290829,"cell_04","dose_response",8,2000,"fixed_6",6,3000,1,"ordinary","x1_wrong_sign_true_margin_010",0.139285714285714
19,20270829,20290829,"cell_04","dose_response",8,2000,"fixed_6",6,3000,1,"ordinary","x2_wrong_sign_true_margin_010",0.0300151975683891
19,20270829,20290829,"cell_04","dose_response",8,2000,"fixed_6",6,3000,1,"ordinary","x1_wrong_sign_true_margin_025",0.00287827126599655
19,20270829,20290829,"cell_04","dose_response",8,2000,"fixed_6",6,3000,1,"ordinary","x2_wrong_sign_true_margin_025",0.034185006420759
19,20270829,20290829,"cell_04","dose_response",8,2000,"fixed_6",6,3000,1,"ordinary","mean_absolute_prediction_change",0.315794881601579
19,20270829,20290829,"cell_05","dose_response",16,2000,"fixed_6",6,3000,1,"ordinary","cate_correlation",0.703713275968622
19,20270829,20290829,"cell_05","dose_response",16,2000,"fixed_6",6,3000,1,"ordinary","cate_rank_correlation",0.793712172425458
19,20270829,20290829,"cell_05","dose_response",16,2000,"fixed_6",6,3000,1,"ordinary","sign_reversal",0.317533333333333
19,20270829,20290829,"cell_05","dose_response",16,2000,"fixed_6",6,3000,1,"ordinary","positive_to_negative",0.0781666666666667
19,20270829,20290829,"cell_05","dose_response",16,2000,"fixed_6",6,3000,1,"ordinary","negative_to_positive",0.239366666666667
19,20270829,20290829,"cell_05","dose_response",16,2000,"fixed_6",6,3000,1,"ordinary","strong_reversal_010",0.189133333333333
19,20270829,20290829,"cell_05","dose_response",16,2000,"fixed_6",6,3000,1,"ordinary","strong_reversal_025",0.0199666666666667
19,20270829,20290829,"cell_05","dose_response",16,2000,"fixed_6",6,3000,1,"ordinary","reversal_given_estimated_margin_010",0.260370778267254
19,20270829,20290829,"cell_05","dose_response",16,2000,"fixed_6",6,3000,1,"ordinary","reversal_given_estimated_margin_025",0.0385357694287185
19,20270829,20290829,"cell_05","dose_response",16,2000,"fixed_6",6,3000,1,"ordinary","reversal_given_true_margin_010",0.226823708206687
19,20270829,20290829,"cell_05","dose_response",16,2000,"fixed_6",6,3000,1,"ordinary","reversal_given_true_margin_025",0.104104857636275
19,20270829,20290829,"cell_05","dose_response",16,2000,"fixed_6",6,3000,1,"ordinary","x1_wrong_sign_true_margin_010",0.140349544072948
19,20270829,20290829,"cell_05","dose_response",16,2000,"fixed_6",6,3000,1,"ordinary","x2_wrong_sign_true_margin_010",0.0921732522796353
19,20270829,20290829,"cell_05","dose_response",16,2000,"fixed_6",6,3000,1,"ordinary","x1_wrong_sign_true_margin_025",0.00243546030199708
19,20270829,20290829,"cell_05","dose_response",16,2000,"fixed_6",6,3000,1,"ordinary","x2_wrong_sign_true_margin_025",0.106540317938272
19,20270829,20290829,"cell_05","dose_response",16,2000,"fixed_6",6,3000,1,"ordinary","mean_absolute_prediction_change",0.35298152009749
19,20270829,20290829,"cell_06","tree_robustness",8,800,"fixed_6",6,3000,1,"ordinary","cate_correlation",0.756680342501384
19,20270829,20290829,"cell_06","tree_robustness",8,800,"fixed_6",6,3000,1,"ordinary","cate_rank_correlation",0.797938395867931
19,20270829,20290829,"cell_06","tree_robustness",8,800,"fixed_6",6,3000,1,"ordinary","sign_reversal",0.272233333333333
19,20270829,20290829,"cell_06","tree_robustness",8,800,"fixed_6",6,3000,1,"ordinary","positive_to_negative",0.0349333333333333
19,20270829,20290829,"cell_06","tree_robustness",8,800,"fixed_6",6,3000,1,"ordinary","negative_to_positive",0.2373
19,20270829,20290829,"cell_06","tree_robustness",8,800,"fixed_6",6,3000,1,"ordinary","strong_reversal_010",0.132833333333333
19,20270829,20290829,"cell_06","tree_robustness",8,800,"fixed_6",6,3000,1,"ordinary","strong_reversal_025",0.0101333333333333
19,20270829,20290829,"cell_06","tree_robustness",8,800,"fixed_6",6,3000,1,"ordinary","reversal_given_estimated_margin_010",0.190596900707863
19,20270829,20290829,"cell_06","tree_robustness",8,800,"fixed_6",6,3000,1,"ordinary","reversal_given_estimated_margin_025",0.019730010384216
19,20270829,20290829,"cell_06","tree_robustness",8,800,"fixed_6",6,3000,1,"ordinary","reversal_given_true_margin_010",0.176823708206687
19,20270829,20290829,"cell_06","tree_robustness",8,800,"fixed_6",6,3000,1,"ordinary","reversal_given_true_margin_025",0.0467608377983439
19,20270829,20290829,"cell_06","tree_robustness",8,800,"fixed_6",6,3000,1,"ordinary","x1_wrong_sign_true_margin_010",0.139969604863222
19,20270829,20290829,"cell_06","tree_robustness",8,800,"fixed_6",6,3000,1,"ordinary","x2_wrong_sign_true_margin_010",0.0433890577507599
19,20270829,20290829,"cell_06","tree_robustness",8,800,"fixed_6",6,3000,1,"ordinary","x1_wrong_sign_true_margin_025",0.00314395784439623
19,20270829,20290829,"cell_06","tree_robustness",8,800,"fixed_6",6,3000,1,"ordinary","x2_wrong_sign_true_margin_025",0.0499047956427401
19,20270829,20290829,"cell_06","tree_robustness",8,800,"fixed_6",6,3000,1,"ordinary","mean_absolute_prediction_change",0.322399792226571
19,20270829,20290829,"cell_07","tree_robustness",8,5000,"fixed_6",6,3000,1,"ordinary","cate_correlation",0.757918073387401
19,20270829,20290829,"cell_07","tree_robustness",8,5000,"fixed_6",6,3000,1,"ordinary","cate_rank_correlation",0.803109237416788
19,20270829,20290829,"cell_07","tree_robustness",8,5000,"fixed_6",6,3000,1,"ordinary","sign_reversal",0.262166666666667
19,20270829,20290829,"cell_07","tree_robustness",8,5000,"fixed_6",6,3000,1,"ordinary","positive_to_negative",0.0255333333333333
19,20270829,20290829,"cell_07","tree_robustness",8,5000,"fixed_6",6,3000,1,"ordinary","negative_to_positive",0.236633333333333
19,20270829,20290829,"cell_07","tree_robustness",8,5000,"fixed_6",6,3000,1,"ordinary","strong_reversal_010",0.1254
19,20270829,20290829,"cell_07","tree_robustness",8,5000,"fixed_6",6,3000,1,"ordinary","strong_reversal_025",0.0115
19,20270829,20290829,"cell_07","tree_robustness",8,5000,"fixed_6",6,3000,1,"ordinary","reversal_given_estimated_margin_010",0.182338115548662
19,20270829,20290829,"cell_07","tree_robustness",8,5000,"fixed_6",6,3000,1,"ordinary","reversal_given_estimated_margin_025",0.0223532460800829
19,20270829,20290829,"cell_07","tree_robustness",8,5000,"fixed_6",6,3000,1,"ordinary","reversal_given_true_margin_010",0.165349544072948
19,20270829,20290829,"cell_07","tree_robustness",8,5000,"fixed_6",6,3000,1,"ordinary","reversal_given_true_margin_025",0.0342292875171589
19,20270829,20290829,"cell_07","tree_robustness",8,5000,"fixed_6",6,3000,1,"ordinary","x1_wrong_sign_true_margin_010",0.139247720364742
19,20270829,20290829,"cell_07","tree_robustness",8,5000,"fixed_6",6,3000,1,"ordinary","x2_wrong_sign_true_margin_010",0.0326367781155015
19,20270829,20290829,"cell_07","tree_robustness",8,5000,"fixed_6",6,3000,1,"ordinary","x1_wrong_sign_true_margin_025",0.00296683345879644
19,20270829,20290829,"cell_07","tree_robustness",8,5000,"fixed_6",6,3000,1,"ordinary","x2_wrong_sign_true_margin_025",0.0371961209759554
19,20270829,20290829,"cell_07","tree_robustness",8,5000,"fixed_6",6,3000,1,"ordinary","mean_absolute_prediction_change",0.316924337117883
19,20270829,20290829,"cell_08","default_mtry",8,2000,"grf_default",27,3000,1,"ordinary","cate_correlation",0.993416959070023
19,20270829,20290829,"cell_08","default_mtry",8,2000,"grf_default",27,3000,1,"ordinary","cate_rank_correlation",0.98617326393397
19,20270829,20290829,"cell_08","default_mtry",8,2000,"grf_default",27,3000,1,"ordinary","sign_reversal",0.0168666666666667
19,20270829,20290829,"cell_08","default_mtry",8,2000,"grf_default",27,3000,1,"ordinary","positive_to_negative",0.000833333333333333
19,20270829,20290829,"cell_08","default_mtry",8,2000,"grf_default",27,3000,1,"ordinary","negative_to_positive",0.0160333333333333
19,20270829,20290829,"cell_08","default_mtry",8,2000,"grf_default",27,3000,1,"ordinary","strong_reversal_010",3.33333333333333e-05
19,20270829,20290829,"cell_08","default_mtry",8,2000,"grf_default",27,3000,1,"ordinary","strong_reversal_025",0
19,20270829,20290829,"cell_08","default_mtry",8,2000,"grf_default",27,3000,1,"ordinary","reversal_given_estimated_margin_010",3.49027957139367e-05
19,20270829,20290829,"cell_08","default_mtry",8,2000,"grf_default",27,3000,1,"ordinary","reversal_given_estimated_margin_025",0
19,20270829,20290829,"cell_08","default_mtry",8,2000,"grf_default",27,3000,1,"ordinary","reversal_given_true_margin_010",0.0102203647416413
19,20270829,20290829,"cell_08","default_mtry",8,2000,"grf_default",27,3000,1,"ordinary","reversal_given_true_margin_025",0.00110702740999867
19,20270829,20290829,"cell_08","default_mtry",8,2000,"grf_default",27,3000,1,"ordinary","x1_wrong_sign_true_margin_010",0.0280015197568389
19,20270829,20290829,"cell_08","default_mtry",8,2000,"grf_default",27,3000,1,"ordinary","x2_wrong_sign_true_margin_010",0.0196808510638298
19,20270829,20290829,"cell_08","default_mtry",8,2000,"grf_default",27,3000,1,"ordinary","x1_wrong_sign_true_margin_025",0.0064207589779923
19,20270829,20290829,"cell_08","default_mtry",8,2000,"grf_default",27,3000,1,"ordinary","x2_wrong_sign_true_margin_025",0.00752778638799097
19,20270829,20290829,"cell_08","default_mtry",8,2000,"grf_default",27,3000,1,"ordinary","mean_absolute_prediction_change",0.0712300535917249
19,20270829,20290829,"cell_09","larger_sample",8,2000,"fixed_6",6,10000,1,"ordinary","cate_correlation",0.873641674207644
19,20270829,20290829,"cell_09","larger_sample",8,2000,"fixed_6",6,10000,1,"ordinary","cate_rank_correlation",0.791596726495107
19,20270829,20290829,"cell_09","larger_sample",8,2000,"fixed_6",6,10000,1,"ordinary","sign_reversal",0.2851
19,20270829,20290829,"cell_09","larger_sample",8,2000,"fixed_6",6,10000,1,"ordinary","positive_to_negative",0.0401666666666667
19,20270829,20290829,"cell_09","larger_sample",8,2000,"fixed_6",6,10000,1,"ordinary","negative_to_positive",0.244933333333333
19,20270829,20290829,"cell_09","larger_sample",8,2000,"fixed_6",6,10000,1,"ordinary","strong_reversal_010",0.172833333333333
19,20270829,20290829,"cell_09","larger_sample",8,2000,"fixed_6",6,10000,1,"ordinary","strong_reversal_025",0.00363333333333333
19,20270829,20290829,"cell_09","larger_sample",8,2000,"fixed_6",6,10000,1,"ordinary","reversal_given_estimated_margin_010",0.246248100303951
19,20270829,20290829,"cell_09","larger_sample",8,2000,"fixed_6",6,10000,1,"ordinary","reversal_given_estimated_margin_025",0.00716492473542365
19,20270829,20290829,"cell_09","larger_sample",8,2000,"fixed_6",6,10000,1,"ordinary","reversal_given_true_margin_010",0.186398176291793
19,20270829,20290829,"cell_09","larger_sample",8,2000,"fixed_6",6,10000,1,"ordinary","reversal_given_true_margin_025",0.0534030022583359
19,20270829,20290829,"cell_09","larger_sample",8,2000,"fixed_6",6,10000,1,"ordinary","x1_wrong_sign_true_margin_010",0.141185410334347
19,20270829,20290829,"cell_09","larger_sample",8,2000,"fixed_6",6,10000,1,"ordinary","x2_wrong_sign_true_margin_010",0.0458966565349544
19,20270829,20290829,"cell_09","larger_sample",8,2000,"fixed_6",6,10000,1,"ordinary","x1_wrong_sign_true_margin_025",0.000309967674799628
19,20270829,20290829,"cell_09","larger_sample",8,2000,"fixed_6",6,10000,1,"ordinary","x2_wrong_sign_true_margin_025",0.0530930345835363
19,20270829,20290829,"cell_09","larger_sample",8,2000,"fixed_6",6,10000,1,"ordinary","mean_absolute_prediction_change",0.257437161603914
19,20270829,20290829,"cell_10","noise_robustness",8,2000,"fixed_6",6,3000,0.5,"ordinary","cate_correlation",0.826144285146998
19,20270829,20290829,"cell_10","noise_robustness",8,2000,"fixed_6",6,3000,0.5,"ordinary","cate_rank_correlation",0.794928634540587
19,20270829,20290829,"cell_10","noise_robustness",8,2000,"fixed_6",6,3000,0.5,"ordinary","sign_reversal",0.255533333333333
19,20270829,20290829,"cell_10","noise_robustness",8,2000,"fixed_6",6,3000,0.5,"ordinary","positive_to_negative",0.011
19,20270829,20290829,"cell_10","noise_robustness",8,2000,"fixed_6",6,3000,0.5,"ordinary","negative_to_positive",0.244533333333333
19,20270829,20290829,"cell_10","noise_robustness",8,2000,"fixed_6",6,3000,0.5,"ordinary","strong_reversal_010",0.221666666666667
19,20270829,20290829,"cell_10","noise_robustness",8,2000,"fixed_6",6,3000,0.5,"ordinary","strong_reversal_025",0.0119333333333333
19,20270829,20290829,"cell_10","noise_robustness",8,2000,"fixed_6",6,3000,0.5,"ordinary","reversal_given_estimated_margin_010",0.298500763084658
19,20270829,20290829,"cell_10","noise_robustness",8,2000,"fixed_6",6,3000,0.5,"ordinary","reversal_given_estimated_margin_025",0.0230937943491162
19,20270829,20290829,"cell_10","noise_robustness",8,2000,"fixed_6",6,3000,0.5,"ordinary","reversal_given_true_margin_010",0.153115501519757
19,20270829,20290829,"cell_10","noise_robustness",8,2000,"fixed_6",6,3000,0.5,"ordinary","reversal_given_true_margin_025",0.0146127618119825
19,20270829,20290829,"cell_10","noise_robustness",8,2000,"fixed_6",6,3000,0.5,"ordinary","x1_wrong_sign_true_margin_010",0.14137537993921
19,20270829,20290829,"cell_10","noise_robustness",8,2000,"fixed_6",6,3000,0.5,"ordinary","x2_wrong_sign_true_margin_010",0.013031914893617
19,20270829,20290829,"cell_10","noise_robustness",8,2000,"fixed_6",6,3000,0.5,"ordinary","x1_wrong_sign_true_margin_025",0.000177124385599787
19,20270829,20290829,"cell_10","noise_robustness",8,2000,"fixed_6",6,3000,0.5,"ordinary","x2_wrong_sign_true_margin_025",0.0144356374263827
19,20270829,20290829,"cell_10","noise_robustness",8,2000,"fixed_6",6,3000,0.5,"ordinary","mean_absolute_prediction_change",0.283074279078615
19,20270829,20290829,"cell_11","noise_robustness",8,2000,"fixed_6",6,3000,2,"ordinary","cate_correlation",0.615230190398865
19,20270829,20290829,"cell_11","noise_robustness",8,2000,"fixed_6",6,3000,2,"ordinary","cate_rank_correlation",0.729267078340075
19,20270829,20290829,"cell_11","noise_robustness",8,2000,"fixed_6",6,3000,2,"ordinary","sign_reversal",0.174633333333333
19,20270829,20290829,"cell_11","noise_robustness",8,2000,"fixed_6",6,3000,2,"ordinary","positive_to_negative",0.0539333333333333
19,20270829,20290829,"cell_11","noise_robustness",8,2000,"fixed_6",6,3000,2,"ordinary","negative_to_positive",0.1207
19,20270829,20290829,"cell_11","noise_robustness",8,2000,"fixed_6",6,3000,2,"ordinary","strong_reversal_010",0.0466333333333333
19,20270829,20290829,"cell_11","noise_robustness",8,2000,"fixed_6",6,3000,2,"ordinary","strong_reversal_025",0.000566666666666667
19,20270829,20290829,"cell_11","noise_robustness",8,2000,"fixed_6",6,3000,2,"ordinary","reversal_given_estimated_margin_010",0.0719502160049373
19,20270829,20290829,"cell_11","noise_robustness",8,2000,"fixed_6",6,3000,2,"ordinary","reversal_given_estimated_margin_025",0.0011934849761303
19,20270829,20290829,"cell_11","noise_robustness",8,2000,"fixed_6",6,3000,2,"ordinary","reversal_given_true_margin_010",0.139703647416413
19,20270829,20290829,"cell_11","noise_robustness",8,2000,"fixed_6",6,3000,2,"ordinary","reversal_given_true_margin_025",0.0922375238010893
19,20270829,20290829,"cell_11","noise_robustness",8,2000,"fixed_6",6,3000,2,"ordinary","x1_wrong_sign_true_margin_010",0.0677811550151976
19,20270829,20290829,"cell_11","noise_robustness",8,2000,"fixed_6",6,3000,2,"ordinary","x2_wrong_sign_true_margin_010",0.0795212765957447
19,20270829,20290829,"cell_11","noise_robustness",8,2000,"fixed_6",6,3000,2,"ordinary","x1_wrong_sign_true_margin_025",0.00828056502679006
19,20270829,20290829,"cell_11","noise_robustness",8,2000,"fixed_6",6,3000,2,"ordinary","x2_wrong_sign_true_margin_025",0.092547491475889
19,20270829,20290829,"cell_11","noise_robustness",8,2000,"fixed_6",6,3000,2,"ordinary","mean_absolute_prediction_change",0.3486813692252
19,20270829,20290829,"cell_12","invariant_check",16,2000,"fixed_6",6,3000,1,"class_sampled","cate_correlation",1
19,20270829,20290829,"cell_12","invariant_check",16,2000,"fixed_6",6,3000,1,"class_sampled","cate_rank_correlation",1
19,20270829,20290829,"cell_12","invariant_check",16,2000,"fixed_6",6,3000,1,"class_sampled","sign_reversal",0
19,20270829,20290829,"cell_12","invariant_check",16,2000,"fixed_6",6,3000,1,"class_sampled","positive_to_negative",0
19,20270829,20290829,"cell_12","invariant_check",16,2000,"fixed_6",6,3000,1,"class_sampled","negative_to_positive",0
19,20270829,20290829,"cell_12","invariant_check",16,2000,"fixed_6",6,3000,1,"class_sampled","strong_reversal_010",0
19,20270829,20290829,"cell_12","invariant_check",16,2000,"fixed_6",6,3000,1,"class_sampled","strong_reversal_025",0
19,20270829,20290829,"cell_12","invariant_check",16,2000,"fixed_6",6,3000,1,"class_sampled","reversal_given_estimated_margin_010",0
19,20270829,20290829,"cell_12","invariant_check",16,2000,"fixed_6",6,3000,1,"class_sampled","reversal_given_estimated_margin_025",0
19,20270829,20290829,"cell_12","invariant_check",16,2000,"fixed_6",6,3000,1,"class_sampled","reversal_given_true_margin_010",0
19,20270829,20290829,"cell_12","invariant_check",16,2000,"fixed_6",6,3000,1,"class_sampled","reversal_given_true_margin_025",0
19,20270829,20290829,"cell_12","invariant_check",16,2000,"fixed_6",6,3000,1,"class_sampled","x1_wrong_sign_true_margin_010",0.00816869300911854
19,20270829,20290829,"cell_12","invariant_check",16,2000,"fixed_6",6,3000,1,"class_sampled","x2_wrong_sign_true_margin_010",0.00816869300911854
19,20270829,20290829,"cell_12","invariant_check",16,2000,"fixed_6",6,3000,1,"class_sampled","x1_wrong_sign_true_margin_025",0.00305539565159633
19,20270829,20290829,"cell_12","invariant_check",16,2000,"fixed_6",6,3000,1,"class_sampled","x2_wrong_sign_true_margin_025",0.00305539565159633
19,20270829,20290829,"cell_12","invariant_check",16,2000,"fixed_6",6,3000,1,"class_sampled","mean_absolute_prediction_change",0
20,20270830,20290830,"cell_01","dose_response",1,2000,"fixed_6",6,3000,1,"ordinary","cate_correlation",0.944048574497777
20,20270830,20290830,"cell_01","dose_response",1,2000,"fixed_6",6,3000,1,"ordinary","cate_rank_correlation",0.974630477753145
20,20270830,20290830,"cell_01","dose_response",1,2000,"fixed_6",6,3000,1,"ordinary","sign_reversal",0.232433333333333
20,20270830,20290830,"cell_01","dose_response",1,2000,"fixed_6",6,3000,1,"ordinary","positive_to_negative",0.0073
20,20270830,20290830,"cell_01","dose_response",1,2000,"fixed_6",6,3000,1,"ordinary","negative_to_positive",0.225133333333333
20,20270830,20290830,"cell_01","dose_response",1,2000,"fixed_6",6,3000,1,"ordinary","strong_reversal_010",0.0957333333333333
20,20270830,20290830,"cell_01","dose_response",1,2000,"fixed_6",6,3000,1,"ordinary","strong_reversal_025",0
20,20270830,20290830,"cell_01","dose_response",1,2000,"fixed_6",6,3000,1,"ordinary","reversal_given_estimated_margin_010",0.115290433944844
20,20270830,20290830,"cell_01","dose_response",1,2000,"fixed_6",6,3000,1,"ordinary","reversal_given_estimated_margin_025",0
20,20270830,20290830,"cell_01","dose_response",1,2000,"fixed_6",6,3000,1,"ordinary","reversal_given_true_margin_010",0.139449332524272
20,20270830,20290830,"cell_01","dose_response",1,2000,"fixed_6",6,3000,1,"ordinary","reversal_given_true_margin_025",0.0097195100301793
20,20270830,20290830,"cell_01","dose_response",1,2000,"fixed_6",6,3000,1,"ordinary","x1_wrong_sign_true_margin_010",0.140966322815534
20,20270830,20290830,"cell_01","dose_response",1,2000,"fixed_6",6,3000,1,"ordinary","x2_wrong_sign_true_margin_010",0.0180521844660194
20,20270830,20290830,"cell_01","dose_response",1,2000,"fixed_6",6,3000,1,"ordinary","x1_wrong_sign_true_margin_025",0.00137582105450027
20,20270830,20290830,"cell_01","dose_response",1,2000,"fixed_6",6,3000,1,"ordinary","x2_wrong_sign_true_margin_025",0.0110065684360021
20,20270830,20290830,"cell_01","dose_response",1,2000,"fixed_6",6,3000,1,"ordinary","mean_absolute_prediction_change",0.1340678035721
20,20270830,20290830,"cell_02","dose_response",2,2000,"fixed_6",6,3000,1,"ordinary","cate_correlation",0.888731952702583
20,20270830,20290830,"cell_02","dose_response",2,2000,"fixed_6",6,3000,1,"ordinary","cate_rank_correlation",0.881750910545501
20,20270830,20290830,"cell_02","dose_response",2,2000,"fixed_6",6,3000,1,"ordinary","sign_reversal",0.246233333333333
20,20270830,20290830,"cell_02","dose_response",2,2000,"fixed_6",6,3000,1,"ordinary","positive_to_negative",0.0121666666666667
20,20270830,20290830,"cell_02","dose_response",2,2000,"fixed_6",6,3000,1,"ordinary","negative_to_positive",0.234066666666667
20,20270830,20290830,"cell_02","dose_response",2,2000,"fixed_6",6,3000,1,"ordinary","strong_reversal_010",0.209866666666667
20,20270830,20290830,"cell_02","dose_response",2,2000,"fixed_6",6,3000,1,"ordinary","strong_reversal_025",0
20,20270830,20290830,"cell_02","dose_response",2,2000,"fixed_6",6,3000,1,"ordinary","reversal_given_estimated_margin_010",0.239601172127716
20,20270830,20290830,"cell_02","dose_response",2,2000,"fixed_6",6,3000,1,"ordinary","reversal_given_estimated_margin_025",0
20,20270830,20290830,"cell_02","dose_response",2,2000,"fixed_6",6,3000,1,"ordinary","reversal_given_true_margin_010",0.149992415048544
20,20270830,20290830,"cell_02","dose_response",2,2000,"fixed_6",6,3000,1,"ordinary","reversal_given_true_margin_025",0.0162879460323096
20,20270830,20290830,"cell_02","dose_response",2,2000,"fixed_6",6,3000,1,"ordinary","x1_wrong_sign_true_margin_010",0.142597087378641
20,20270830,20290830,"cell_02","dose_response",2,2000,"fixed_6",6,3000,1,"ordinary","x2_wrong_sign_true_margin_010",0.0203655946601942
20,20270830,20290830,"cell_02","dose_response",2,2000,"fixed_6",6,3000,1,"ordinary","x1_wrong_sign_true_margin_025",0.00119829575714539
20,20270830,20290830,"cell_02","dose_response",2,2000,"fixed_6",6,3000,1,"ordinary","x2_wrong_sign_true_margin_025",0.0173974791407776
20,20270830,20290830,"cell_02","dose_response",2,2000,"fixed_6",6,3000,1,"ordinary","mean_absolute_prediction_change",0.203011890509725
20,20270830,20290830,"cell_03","dose_response",4,2000,"fixed_6",6,3000,1,"ordinary","cate_correlation",0.822282598270915
20,20270830,20290830,"cell_03","dose_response",4,2000,"fixed_6",6,3000,1,"ordinary","cate_rank_correlation",0.822914665707239
20,20270830,20290830,"cell_03","dose_response",4,2000,"fixed_6",6,3000,1,"ordinary","sign_reversal",0.2837
20,20270830,20290830,"cell_03","dose_response",4,2000,"fixed_6",6,3000,1,"ordinary","positive_to_negative",0.0449333333333333
20,20270830,20290830,"cell_03","dose_response",4,2000,"fixed_6",6,3000,1,"ordinary","negative_to_positive",0.238766666666667
20,20270830,20290830,"cell_03","dose_response",4,2000,"fixed_6",6,3000,1,"ordinary","strong_reversal_010",0.235833333333333
20,20270830,20290830,"cell_03","dose_response",4,2000,"fixed_6",6,3000,1,"ordinary","strong_reversal_025",0.0214333333333333
20,20270830,20290830,"cell_03","dose_response",4,2000,"fixed_6",6,3000,1,"ordinary","reversal_given_estimated_margin_010",0.298888935828651
20,20270830,20290830,"cell_03","dose_response",4,2000,"fixed_6",6,3000,1,"ordinary","reversal_given_estimated_margin_025",0.0406242102602982
20,20270830,20290830,"cell_03","dose_response",4,2000,"fixed_6",6,3000,1,"ordinary","reversal_given_true_margin_010",0.190154733009709
20,20270830,20290830,"cell_03","dose_response",4,2000,"fixed_6",6,3000,1,"ordinary","reversal_given_true_margin_025",0.0600479318302858
20,20270830,20290830,"cell_03","dose_response",4,2000,"fixed_6",6,3000,1,"ordinary","x1_wrong_sign_true_margin_010",0.143014259708738
20,20270830,20290830,"cell_03","dose_response",4,2000,"fixed_6",6,3000,1,"ordinary","x2_wrong_sign_true_margin_010",0.0554080703883495
20,20270830,20290830,"cell_03","dose_response",4,2000,"fixed_6",6,3000,1,"ordinary","x1_wrong_sign_true_margin_025",0.000843245162435647
20,20270830,20290830,"cell_03","dose_response",4,2000,"fixed_6",6,3000,1,"ordinary","x2_wrong_sign_true_margin_025",0.060802414344044
20,20270830,20290830,"cell_03","dose_response",4,2000,"fixed_6",6,3000,1,"ordinary","mean_absolute_prediction_change",0.267458071433384
20,20270830,20290830,"cell_04","dose_response",8,2000,"fixed_6",6,3000,1,"ordinary","cate_correlation",0.772663389270584
20,20270830,20290830,"cell_04","dose_response",8,2000,"fixed_6",6,3000,1,"ordinary","cate_rank_correlation",0.804647638821164
20,20270830,20290830,"cell_04","dose_response",8,2000,"fixed_6",6,3000,1,"ordinary","sign_reversal",0.357233333333333
20,20270830,20290830,"cell_04","dose_response",8,2000,"fixed_6",6,3000,1,"ordinary","positive_to_negative",0.116633333333333
20,20270830,20290830,"cell_04","dose_response",8,2000,"fixed_6",6,3000,1,"ordinary","negative_to_positive",0.2406
20,20270830,20290830,"cell_04","dose_response",8,2000,"fixed_6",6,3000,1,"ordinary","strong_reversal_010",0.246333333333333
20,20270830,20290830,"cell_04","dose_response",8,2000,"fixed_6",6,3000,1,"ordinary","strong_reversal_025",0.136033333333333
20,20270830,20290830,"cell_04","dose_response",8,2000,"fixed_6",6,3000,1,"ordinary","reversal_given_estimated_margin_010",0.315353759494751
20,20270830,20290830,"cell_04","dose_response",8,2000,"fixed_6",6,3000,1,"ordinary","reversal_given_estimated_margin_025",0.212840304579118
20,20270830,20290830,"cell_04","dose_response",8,2000,"fixed_6",6,3000,1,"ordinary","reversal_given_true_margin_010",0.273020327669903
20,20270830,20290830,"cell_04","dose_response",8,2000,"fixed_6",6,3000,1,"ordinary","reversal_given_true_margin_025",0.155556541807208
20,20270830,20290830,"cell_04","dose_response",8,2000,"fixed_6",6,3000,1,"ordinary","x1_wrong_sign_true_margin_010",0.143090109223301
20,20270830,20290830,"cell_04","dose_response",8,2000,"fixed_6",6,3000,1,"ordinary","x2_wrong_sign_true_margin_010",0.135846480582524
20,20270830,20290830,"cell_04","dose_response",8,2000,"fixed_6",6,3000,1,"ordinary","x1_wrong_sign_true_margin_025",0.000488194567725901
20,20270830,20290830,"cell_04","dose_response",8,2000,"fixed_6",6,3000,1,"ordinary","x2_wrong_sign_true_margin_025",0.155955973726256
20,20270830,20290830,"cell_04","dose_response",8,2000,"fixed_6",6,3000,1,"ordinary","mean_absolute_prediction_change",0.305509187609487
20,20270830,20290830,"cell_05","dose_response",16,2000,"fixed_6",6,3000,1,"ordinary","cate_correlation",0.711378894284768
20,20270830,20290830,"cell_05","dose_response",16,2000,"fixed_6",6,3000,1,"ordinary","cate_rank_correlation",0.7843200205648
20,20270830,20290830,"cell_05","dose_response",16,2000,"fixed_6",6,3000,1,"ordinary","sign_reversal",0.432533333333333
20,20270830,20290830,"cell_05","dose_response",16,2000,"fixed_6",6,3000,1,"ordinary","positive_to_negative",0.1901
20,20270830,20290830,"cell_05","dose_response",16,2000,"fixed_6",6,3000,1,"ordinary","negative_to_positive",0.242433333333333
20,20270830,20290830,"cell_05","dose_response",16,2000,"fixed_6",6,3000,1,"ordinary","strong_reversal_010",0.274333333333333
20,20270830,20290830,"cell_05","dose_response",16,2000,"fixed_6",6,3000,1,"ordinary","strong_reversal_025",0.202066666666667
20,20270830,20290830,"cell_05","dose_response",16,2000,"fixed_6",6,3000,1,"ordinary","reversal_given_estimated_margin_010",0.342802399200267
20,20270830,20290830,"cell_05","dose_response",16,2000,"fixed_6",6,3000,1,"ordinary","reversal_given_estimated_margin_025",0.289479967527816
20,20270830,20290830,"cell_05","dose_response",16,2000,"fixed_6",6,3000,1,"ordinary","reversal_given_true_margin_010",0.357706310679612
20,20270830,20290830,"cell_05","dose_response",16,2000,"fixed_6",6,3000,1,"ordinary","reversal_given_true_margin_025",0.253372980649743
20,20270830,20290830,"cell_05","dose_response",16,2000,"fixed_6",6,3000,1,"ordinary","x1_wrong_sign_true_margin_010",0.143203883495146
20,20270830,20290830,"cell_05","dose_response",16,2000,"fixed_6",6,3000,1,"ordinary","x2_wrong_sign_true_margin_010",0.218446601941748
20,20270830,20290830,"cell_05","dose_response",16,2000,"fixed_6",6,3000,1,"ordinary","x1_wrong_sign_true_margin_025",0.000355050594709746
20,20270830,20290830,"cell_05","dose_response",16,2000,"fixed_6",6,3000,1,"ordinary","x2_wrong_sign_true_margin_025",0.253639268595775
20,20270830,20290830,"cell_05","dose_response",16,2000,"fixed_6",6,3000,1,"ordinary","mean_absolute_prediction_change",0.344493692700558
20,20270830,20290830,"cell_06","tree_robustness",8,800,"fixed_6",6,3000,1,"ordinary","cate_correlation",0.766398789238717
20,20270830,20290830,"cell_06","tree_robustness",8,800,"fixed_6",6,3000,1,"ordinary","cate_rank_correlation",0.797934661630594
20,20270830,20290830,"cell_06","tree_robustness",8,800,"fixed_6",6,3000,1,"ordinary","sign_reversal",0.3742
20,20270830,20290830,"cell_06","tree_robustness",8,800,"fixed_6",6,3000,1,"ordinary","positive_to_negative",0.1331
20,20270830,20290830,"cell_06","tree_robustness",8,800,"fixed_6",6,3000,1,"ordinary","negative_to_positive",0.2411
20,20270830,20290830,"cell_06","tree_robustness",8,800,"fixed_6",6,3000,1,"ordinary","strong_reversal_010",0.2501
20,20270830,20290830,"cell_06","tree_robustness",8,800,"fixed_6",6,3000,1,"ordinary","strong_reversal_025",0.1362
20,20270830,20290830,"cell_06","tree_robustness",8,800,"fixed_6",6,3000,1,"ordinary","reversal_given_estimated_margin_010",0.319358133991657
20,20270830,20290830,"cell_06","tree_robustness",8,800,"fixed_6",6,3000,1,"ordinary","reversal_given_estimated_margin_025",0.213546566321731
20,20270830,20290830,"cell_06","tree_robustness",8,800,"fixed_6",6,3000,1,"ordinary","reversal_given_true_margin_010",0.292058555825243
20,20270830,20290830,"cell_06","tree_robustness",8,800,"fixed_6",6,3000,1,"ordinary","reversal_given_true_margin_025",0.177480916030534
20,20270830,20290830,"cell_06","tree_robustness",8,800,"fixed_6",6,3000,1,"ordinary","x1_wrong_sign_true_margin_010",0.142900485436893
20,20270830,20290830,"cell_06","tree_robustness",8,800,"fixed_6",6,3000,1,"ordinary","x2_wrong_sign_true_margin_010",0.154012439320388
20,20270830,20290830,"cell_06","tree_robustness",8,800,"fixed_6",6,3000,1,"ordinary","x1_wrong_sign_true_margin_025",0.000576957216403337
20,20270830,20290830,"cell_06","tree_robustness",8,800,"fixed_6",6,3000,1,"ordinary","x2_wrong_sign_true_margin_025",0.177880347949583
20,20270830,20290830,"cell_06","tree_robustness",8,800,"fixed_6",6,3000,1,"ordinary","mean_absolute_prediction_change",0.309888291695746
20,20270830,20290830,"cell_07","tree_robustness",8,5000,"fixed_6",6,3000,1,"ordinary","cate_correlation",0.769929870206816
20,20270830,20290830,"cell_07","tree_robustness",8,5000,"fixed_6",6,3000,1,"ordinary","cate_rank_correlation",0.805476667369196
20,20270830,20290830,"cell_07","tree_robustness",8,5000,"fixed_6",6,3000,1,"ordinary","sign_reversal",0.362833333333333
20,20270830,20290830,"cell_07","tree_robustness",8,5000,"fixed_6",6,3000,1,"ordinary","positive_to_negative",0.121666666666667
20,20270830,20290830,"cell_07","tree_robustness",8,5000,"fixed_6",6,3000,1,"ordinary","negative_to_positive",0.241166666666667
20,20270830,20290830,"cell_07","tree_robustness",8,5000,"fixed_6",6,3000,1,"ordinary","strong_reversal_010",0.246266666666667
20,20270830,20290830,"cell_07","tree_robustness",8,5000,"fixed_6",6,3000,1,"ordinary","strong_reversal_025",0.1447
20,20270830,20290830,"cell_07","tree_robustness",8,5000,"fixed_6",6,3000,1,"ordinary","reversal_given_estimated_margin_010",0.315847975717156
20,20270830,20290830,"cell_07","tree_robustness",8,5000,"fixed_6",6,3000,1,"ordinary","reversal_given_estimated_margin_025",0.223728289439777
20,20270830,20290830,"cell_07","tree_robustness",8,5000,"fixed_6",6,3000,1,"ordinary","reversal_given_true_margin_010",0.279126213592233
20,20270830,20290830,"cell_07","tree_robustness",8,5000,"fixed_6",6,3000,1,"ordinary","reversal_given_true_margin_025",0.162258121782354
20,20270830,20290830,"cell_07","tree_robustness",8,5000,"fixed_6",6,3000,1,"ordinary","x1_wrong_sign_true_margin_010",0.143165958737864
20,20270830,20290830,"cell_07","tree_robustness",8,5000,"fixed_6",6,3000,1,"ordinary","x2_wrong_sign_true_margin_010",0.141269720873786
20,20270830,20290830,"cell_07","tree_robustness",8,5000,"fixed_6",6,3000,1,"ordinary","x1_wrong_sign_true_margin_025",0.000532575892064619
20,20270830,20290830,"cell_07","tree_robustness",8,5000,"fixed_6",6,3000,1,"ordinary","x2_wrong_sign_true_margin_025",0.162701935025741
20,20270830,20290830,"cell_07","tree_robustness",8,5000,"fixed_6",6,3000,1,"ordinary","mean_absolute_prediction_change",0.307272956328925
20,20270830,20290830,"cell_08","default_mtry",8,2000,"grf_default",27,3000,1,"ordinary","cate_correlation",0.99316072892752
20,20270830,20290830,"cell_08","default_mtry",8,2000,"grf_default",27,3000,1,"ordinary","cate_rank_correlation",0.992130274365478
20,20270830,20290830,"cell_08","default_mtry",8,2000,"grf_default",27,3000,1,"ordinary","sign_reversal",0.0836333333333333
20,20270830,20290830,"cell_08","default_mtry",8,2000,"grf_default",27,3000,1,"ordinary","positive_to_negative",0.0035
20,20270830,20290830,"cell_08","default_mtry",8,2000,"grf_default",27,3000,1,"ordinary","negative_to_positive",0.0801333333333333
20,20270830,20290830,"cell_08","default_mtry",8,2000,"grf_default",27,3000,1,"ordinary","strong_reversal_010",0
20,20270830,20290830,"cell_08","default_mtry",8,2000,"grf_default",27,3000,1,"ordinary","strong_reversal_025",0
20,20270830,20290830,"cell_08","default_mtry",8,2000,"grf_default",27,3000,1,"ordinary","reversal_given_estimated_margin_010",0
20,20270830,20290830,"cell_08","default_mtry",8,2000,"grf_default",27,3000,1,"ordinary","reversal_given_estimated_margin_025",0
20,20270830,20290830,"cell_08","default_mtry",8,2000,"grf_default",27,3000,1,"ordinary","reversal_given_true_margin_010",0.0496055825242718
20,20270830,20290830,"cell_08","default_mtry",8,2000,"grf_default",27,3000,1,"ordinary","reversal_given_true_margin_025",0.00474880170424285
20,20270830,20290830,"cell_08","default_mtry",8,2000,"grf_default",27,3000,1,"ordinary","x1_wrong_sign_true_margin_010",0.143772754854369
20,20270830,20290830,"cell_08","default_mtry",8,2000,"grf_default",27,3000,1,"ordinary","x2_wrong_sign_true_margin_010",0.10228307038835
20,20270830,20290830,"cell_08","default_mtry",8,2000,"grf_default",27,3000,1,"ordinary","x1_wrong_sign_true_margin_025",0.00350612462275874
20,20270830,20290830,"cell_08","default_mtry",8,2000,"grf_default",27,3000,1,"ordinary","x2_wrong_sign_true_margin_025",0.0082549263270016
20,20270830,20290830,"cell_08","default_mtry",8,2000,"grf_default",27,3000,1,"ordinary","mean_absolute_prediction_change",0.0725949186100061
20,20270830,20290830,"cell_09","larger_sample",8,2000,"fixed_6",6,10000,1,"ordinary","cate_correlation",0.875975657093064
20,20270830,20290830,"cell_09","larger_sample",8,2000,"fixed_6",6,10000,1,"ordinary","cate_rank_correlation",0.782411528237791
20,20270830,20290830,"cell_09","larger_sample",8,2000,"fixed_6",6,10000,1,"ordinary","sign_reversal",0.323666666666667
20,20270830,20290830,"cell_09","larger_sample",8,2000,"fixed_6",6,10000,1,"ordinary","positive_to_negative",0.0790333333333333
20,20270830,20290830,"cell_09","larger_sample",8,2000,"fixed_6",6,10000,1,"ordinary","negative_to_positive",0.244633333333333
20,20270830,20290830,"cell_09","larger_sample",8,2000,"fixed_6",6,10000,1,"ordinary","strong_reversal_010",0.2423
20,20270830,20290830,"cell_09","larger_sample",8,2000,"fixed_6",6,10000,1,"ordinary","strong_reversal_025",0.0067
20,20270830,20290830,"cell_09","larger_sample",8,2000,"fixed_6",6,10000,1,"ordinary","reversal_given_estimated_margin_010",0.32335409252669
20,20270830,20290830,"cell_09","larger_sample",8,2000,"fixed_6",6,10000,1,"ordinary","reversal_given_estimated_margin_025",0.0132202052091555
20,20270830,20290830,"cell_09","larger_sample",8,2000,"fixed_6",6,10000,1,"ordinary","reversal_given_true_margin_010",0.232933859223301
20,20270830,20290830,"cell_09","larger_sample",8,2000,"fixed_6",6,10000,1,"ordinary","reversal_given_true_margin_025",0.10527250133144
20,20270830,20290830,"cell_09","larger_sample",8,2000,"fixed_6",6,10000,1,"ordinary","x1_wrong_sign_true_margin_010",0.14354520631068
20,20270830,20290830,"cell_09","larger_sample",8,2000,"fixed_6",6,10000,1,"ordinary","x2_wrong_sign_true_margin_010",0.090526395631068
20,20270830,20290830,"cell_09","larger_sample",8,2000,"fixed_6",6,10000,1,"ordinary","x1_wrong_sign_true_margin_025",0.000133143973016155
20,20270830,20290830,"cell_09","larger_sample",8,2000,"fixed_6",6,10000,1,"ordinary","x2_wrong_sign_true_margin_025",0.105405645304456
20,20270830,20290830,"cell_09","larger_sample",8,2000,"fixed_6",6,10000,1,"ordinary","mean_absolute_prediction_change",0.25155707091124
20,20270830,20290830,"cell_10","noise_robustness",8,2000,"fixed_6",6,3000,0.5,"ordinary","cate_correlation",0.83404947925255
20,20270830,20290830,"cell_10","noise_robustness",8,2000,"fixed_6",6,3000,0.5,"ordinary","cate_rank_correlation",0.790134872251261
20,20270830,20290830,"cell_10","noise_robustness",8,2000,"fixed_6",6,3000,0.5,"ordinary","sign_reversal",0.283
20,20270830,20290830,"cell_10","noise_robustness",8,2000,"fixed_6",6,3000,0.5,"ordinary","positive_to_negative",0.0371
20,20270830,20290830,"cell_10","noise_robustness",8,2000,"fixed_6",6,3000,0.5,"ordinary","negative_to_positive",0.2459
20,20270830,20290830,"cell_10","noise_robustness",8,2000,"fixed_6",6,3000,0.5,"ordinary","strong_reversal_010",0.246066666666667
20,20270830,20290830,"cell_10","noise_robustness",8,2000,"fixed_6",6,3000,0.5,"ordinary","strong_reversal_025",0.0306333333333333
20,20270830,20290830,"cell_10","noise_robustness",8,2000,"fixed_6",6,3000,0.5,"ordinary","reversal_given_estimated_margin_010",0.321138034541262
20,20270830,20290830,"cell_10","noise_robustness",8,2000,"fixed_6",6,3000,0.5,"ordinary","reversal_given_estimated_margin_025",0.0575453976205385
20,20270830,20290830,"cell_10","noise_robustness",8,2000,"fixed_6",6,3000,0.5,"ordinary","reversal_given_true_margin_010",0.186020934466019
20,20270830,20290830,"cell_10","noise_robustness",8,2000,"fixed_6",6,3000,0.5,"ordinary","reversal_given_true_margin_025",0.0494407953133321
20,20270830,20290830,"cell_10","noise_robustness",8,2000,"fixed_6",6,3000,0.5,"ordinary","x1_wrong_sign_true_margin_010",0.144189927184466
20,20270830,20290830,"cell_10","noise_robustness",8,2000,"fixed_6",6,3000,0.5,"ordinary","x2_wrong_sign_true_margin_010",0.0426653519417476
20,20270830,20290830,"cell_10","noise_robustness",8,2000,"fixed_6",6,3000,0.5,"ordinary","x1_wrong_sign_true_margin_025",0.000133143973016155
20,20270830,20290830,"cell_10","noise_robustness",8,2000,"fixed_6",6,3000,0.5,"ordinary","x2_wrong_sign_true_margin_025",0.0495739392863483
20,20270830,20290830,"cell_10","noise_robustness",8,2000,"fixed_6",6,3000,0.5,"ordinary","mean_absolute_prediction_change",0.277008212063265
20,20270830,20290830,"cell_11","noise_robustness",8,2000,"fixed_6",6,3000,2,"ordinary","cate_correlation",0.708561104020163
20,20270830,20290830,"cell_11","noise_robustness",8,2000,"fixed_6",6,3000,2,"ordinary","cate_rank_correlation",0.76137528015975
20,20270830,20290830,"cell_11","noise_robustness",8,2000,"fixed_6",6,3000,2,"ordinary","sign_reversal",0.337466666666667
20,20270830,20290830,"cell_11","noise_robustness",8,2000,"fixed_6",6,3000,2,"ordinary","positive_to_negative",0.109
20,20270830,20290830,"cell_11","noise_robustness",8,2000,"fixed_6",6,3000,2,"ordinary","negative_to_positive",0.228466666666667
20,20270830,20290830,"cell_11","noise_robustness",8,2000,"fixed_6",6,3000,2,"ordinary","strong_reversal_010",0.175533333333333
20,20270830,20290830,"cell_11","noise_robustness",8,2000,"fixed_6",6,3000,2,"ordinary","strong_reversal_025",0.0083
20,20270830,20290830,"cell_11","noise_robustness",8,2000,"fixed_6",6,3000,2,"ordinary","reversal_given_estimated_margin_010",0.237796342289456
20,20270830,20290830,"cell_11","noise_robustness",8,2000,"fixed_6",6,3000,2,"ordinary","reversal_given_estimated_margin_025",0.0174430823117338
20,20270830,20290830,"cell_11","noise_robustness",8,2000,"fixed_6",6,3000,2,"ordinary","reversal_given_true_margin_010",0.258040048543689
20,20270830,20290830,"cell_11","noise_robustness",8,2000,"fixed_6",6,3000,2,"ordinary","reversal_given_true_margin_025",0.146058938398722
20,20270830,20290830,"cell_11","noise_robustness",8,2000,"fixed_6",6,3000,2,"ordinary","x1_wrong_sign_true_margin_010",0.145175970873786
20,20270830,20290830,"cell_11","noise_robustness",8,2000,"fixed_6",6,3000,2,"ordinary","x2_wrong_sign_true_margin_010",0.136149878640777
20,20270830,20290830,"cell_11","noise_robustness",8,2000,"fixed_6",6,3000,2,"ordinary","x1_wrong_sign_true_margin_025",0.00230782886561335
20,20270830,20290830,"cell_11","noise_robustness",8,2000,"fixed_6",6,3000,2,"ordinary","x2_wrong_sign_true_margin_025",0.147656666074916
20,20270830,20290830,"cell_11","noise_robustness",8,2000,"fixed_6",6,3000,2,"ordinary","mean_absolute_prediction_change",0.317838271586368
20,20270830,20290830,"cell_12","invariant_check",16,2000,"fixed_6",6,3000,1,"class_sampled","cate_correlation",1
20,20270830,20290830,"cell_12","invariant_check",16,2000,"fixed_6",6,3000,1,"class_sampled","cate_rank_correlation",1
20,20270830,20290830,"cell_12","invariant_check",16,2000,"fixed_6",6,3000,1,"class_sampled","sign_reversal",0
20,20270830,20290830,"cell_12","invariant_check",16,2000,"fixed_6",6,3000,1,"class_sampled","positive_to_negative",0
20,20270830,20290830,"cell_12","invariant_check",16,2000,"fixed_6",6,3000,1,"class_sampled","negative_to_positive",0
20,20270830,20290830,"cell_12","invariant_check",16,2000,"fixed_6",6,3000,1,"class_sampled","strong_reversal_010",0
20,20270830,20290830,"cell_12","invariant_check",16,2000,"fixed_6",6,3000,1,"class_sampled","strong_reversal_025",0
20,20270830,20290830,"cell_12","invariant_check",16,2000,"fixed_6",6,3000,1,"class_sampled","reversal_given_estimated_margin_010",0
20,20270830,20290830,"cell_12","invariant_check",16,2000,"fixed_6",6,3000,1,"class_sampled","reversal_given_estimated_margin_025",0
20,20270830,20290830,"cell_12","invariant_check",16,2000,"fixed_6",6,3000,1,"class_sampled","reversal_given_true_margin_010",0
20,20270830,20290830,"cell_12","invariant_check",16,2000,"fixed_6",6,3000,1,"class_sampled","reversal_given_true_margin_025",0
20,20270830,20290830,"cell_12","invariant_check",16,2000,"fixed_6",6,3000,1,"class_sampled","x1_wrong_sign_true_margin_010",0.0540807038834951
20,20270830,20290830,"cell_12","invariant_check",16,2000,"fixed_6",6,3000,1,"class_sampled","x2_wrong_sign_true_margin_010",0.0540807038834951
20,20270830,20290830,"cell_12","invariant_check",16,2000,"fixed_6",6,3000,1,"class_sampled","x1_wrong_sign_true_margin_025",0.00501508965027516
20,20270830,20290830,"cell_12","invariant_check",16,2000,"fixed_6",6,3000,1,"class_sampled","x2_wrong_sign_true_margin_025",0.00501508965027516
20,20270830,20290830,"cell_12","invariant_check",16,2000,"fixed_6",6,3000,1,"class_sampled","mean_absolute_prediction_change",0
