"replication","cell_id","panel","multiplicity","trees","mtry_rule","actual_mtry","n_train","noise_sd","method","subgroup","true_mean","x1_mean","x2_mean","sign_reversal","strong_sign_reversal"
1,"cell_01","dose_response",1,2000,"fixed_6",6,3000,1,"ordinary","x1_high__x2_high",0.299884183295092,0.340245185897728,0.0582849266287503,0,0
1,"cell_01","dose_response",1,2000,"fixed_6",6,3000,1,"ordinary","x1_high__x2_low",1.3996371137781,0.9476394478812,0.947244724049881,0,0
1,"cell_01","dose_response",1,2000,"fixed_6",6,3000,1,"ordinary","x1_low__x2_high",-0.999670964259824,-0.539541026443314,-0.549093500893387,0,0
1,"cell_01","dose_response",1,2000,"fixed_6",6,3000,1,"ordinary","x1_low__x2_low",0.0999733935700352,0.0211750357175579,0.300122928304763,0,0
1,"cell_02","dose_response",2,2000,"fixed_6",6,3000,1,"ordinary","x1_high__x2_high",0.299884183295092,0.413015483159097,-0.00447454962682759,1,0
1,"cell_02","dose_response",2,2000,"fixed_6",6,3000,1,"ordinary","x1_high__x2_low",1.3996371137781,0.99305389244424,0.987748774437729,0,0
1,"cell_02","dose_response",2,2000,"fixed_6",6,3000,1,"ordinary","x1_low__x2_high",-0.999670964259824,-0.594531661769043,-0.601607097288932,0,0
1,"cell_02","dose_response",2,2000,"fixed_6",6,3000,1,"ordinary","x1_low__x2_low",0.0999733935700352,-0.0427168939641129,0.375408998860775,1,0
1,"cell_03","dose_response",4,2000,"fixed_6",6,3000,1,"ordinary","x1_high__x2_high",0.299884183295092,0.474800739168724,-0.072602694407706,1,0
1,"cell_03","dose_response",4,2000,"fixed_6",6,3000,1,"ordinary","x1_high__x2_low",1.3996371137781,1.03227007479313,1.03207884582802,0,0
1,"cell_03","dose_response",4,2000,"fixed_6",6,3000,1,"ordinary","x1_low__x2_high",-0.999670964259824,-0.628676236073785,-0.632042393537605,0,0
1,"cell_03","dose_response",4,2000,"fixed_6",6,3000,1,"ordinary","x1_low__x2_low",0.0999733935700352,-0.10714442214479,0.43730062352985,1,1
1,"cell_04","dose_response",8,2000,"fixed_6",6,3000,1,"ordinary","x1_high__x2_high",0.299884183295092,0.516006185854374,-0.121765510868233,1,1
1,"cell_04","dose_response",8,2000,"fixed_6",6,3000,1,"ordinary","x1_high__x2_low",1.3996371137781,1.03894188170966,1.04991878403458,0,0
1,"cell_04","dose_response",8,2000,"fixed_6",6,3000,1,"ordinary","x1_low__x2_high",-0.999670964259824,-0.63900377081003,-0.64641365085758,0,0
1,"cell_04","dose_response",8,2000,"fixed_6",6,3000,1,"ordinary","x1_low__x2_low",0.0999733935700352,-0.15431028909489,0.478487178573586,1,1
1,"cell_05","dose_response",16,2000,"fixed_6",6,3000,1,"ordinary","x1_high__x2_high",0.299884183295092,0.559657364965302,-0.171998187035425,1,1
1,"cell_05","dose_response",16,2000,"fixed_6",6,3000,1,"ordinary","x1_high__x2_low",1.3996371137781,1.02302460832013,1.02794538575487,0,0
1,"cell_05","dose_response",16,2000,"fixed_6",6,3000,1,"ordinary","x1_low__x2_high",-0.999670964259824,-0.622338164532383,-0.626260350613369,0,0
1,"cell_05","dose_response",16,2000,"fixed_6",6,3000,1,"ordinary","x1_low__x2_low",0.0999733935700352,-0.192696398662922,0.529045413320666,1,1
1,"cell_06","tree_robustness",8,800,"fixed_6",6,3000,1,"ordinary","x1_high__x2_high",0.299884183295092,0.508059208480709,-0.132533868962049,1,1
1,"cell_06","tree_robustness",8,800,"fixed_6",6,3000,1,"ordinary","x1_high__x2_low",1.3996371137781,1.04336902772925,1.04898970088839,0,0
1,"cell_06","tree_robustness",8,800,"fixed_6",6,3000,1,"ordinary","x1_low__x2_high",-0.999670964259824,-0.631784654122611,-0.626110482640352,0,0
1,"cell_06","tree_robustness",8,800,"fixed_6",6,3000,1,"ordinary","x1_low__x2_low",0.0999733935700352,-0.150013872691057,0.483657636384778,1,1
1,"cell_07","tree_robustness",8,5000,"fixed_6",6,3000,1,"ordinary","x1_high__x2_high",0.299884183295092,0.524432493077392,-0.11959191351876,1,1
1,"cell_07","tree_robustness",8,5000,"fixed_6",6,3000,1,"ordinary","x1_high__x2_low",1.3996371137781,1.03971746648193,1.03892754260966,0,0
1,"cell_07","tree_robustness",8,5000,"fixed_6",6,3000,1,"ordinary","x1_low__x2_high",-0.999670964259824,-0.638820719172811,-0.647605365270552,0,0
1,"cell_07","tree_robustness",8,5000,"fixed_6",6,3000,1,"ordinary","x1_low__x2_low",0.0999733935700352,-0.154712739700664,0.490086180664059,1,1
1,"cell_08","default_mtry",8,2000,"grf_default",27,3000,1,"ordinary","x1_high__x2_high",0.299884183295092,0.2446270718717,0.125005604302031,0,0
1,"cell_08","default_mtry",8,2000,"grf_default",27,3000,1,"ordinary","x1_high__x2_low",1.3996371137781,1.31863284180259,1.32239608327474,0,0
1,"cell_08","default_mtry",8,2000,"grf_default",27,3000,1,"ordinary","x1_low__x2_high",-0.999670964259824,-0.897039179408212,-0.903829626100123,0,0
1,"cell_08","default_mtry",8,2000,"grf_default",27,3000,1,"ordinary","x1_low__x2_low",0.0999733935700352,0.0945857729447345,0.218301890982681,0,0
1,"cell_09","larger_sample",8,2000,"fixed_6",6,10000,1,"ordinary","x1_high__x2_high",0.299884183295092,0.536017442095108,0.0338320835897335,0,0
1,"cell_09","larger_sample",8,2000,"fixed_6",6,10000,1,"ordinary","x1_high__x2_low",1.3996371137781,1.18471550144632,1.17734233012314,0,0
1,"cell_09","larger_sample",8,2000,"fixed_6",6,10000,1,"ordinary","x1_low__x2_high",-0.999670964259824,-0.739787182131877,-0.743851375648945,0,0
1,"cell_09","larger_sample",8,2000,"fixed_6",6,10000,1,"ordinary","x1_low__x2_low",0.0999733935700352,-0.11384598752794,0.396401863439874,1,1
1,"cell_10","noise_robustness",8,2000,"fixed_6",6,3000,0.5,"ordinary","x1_high__x2_high",0.299884183295092,0.53971341945914,-0.0365267829397943,1,0
1,"cell_10","noise_robustness",8,2000,"fixed_6",6,3000,0.5,"ordinary","x1_high__x2_low",1.3996371137781,1.10538640991746,1.10227812135536,0,0
1,"cell_10","noise_robustness",8,2000,"fixed_6",6,3000,0.5,"ordinary","x1_low__x2_high",-0.999670964259824,-0.700074247332515,-0.707045062192194,0,0
1,"cell_10","noise_robustness",8,2000,"fixed_6",6,3000,0.5,"ordinary","x1_low__x2_low",0.0999733935700352,-0.15405993768981,0.420855463105033,1,1
1,"cell_11","noise_robustness",8,2000,"fixed_6",6,3000,2,"ordinary","x1_high__x2_high",0.299884183295092,0.448398500912033,-0.252369269087112,1,1
1,"cell_11","noise_robustness",8,2000,"fixed_6",6,3000,2,"ordinary","x1_high__x2_low",1.3996371137781,0.849884262771982,0.887039198557088,0,0
1,"cell_11","noise_robustness",8,2000,"fixed_6",6,3000,2,"ordinary","x1_low__x2_high",-0.999670964259824,-0.461139756484419,-0.514783995796643,0,0
1,"cell_11","noise_robustness",8,2000,"fixed_6",6,3000,2,"ordinary","x1_low__x2_low",0.0999733935700352,-0.105427070798468,0.57711445875279,1,1
1,"cell_12","invariant_check",16,2000,"fixed_6",6,3000,1,"class_sampled","x1_high__x2_high",0.299884183295092,0.201000739366158,0.201000739366158,0,0
1,"cell_12","invariant_check",16,2000,"fixed_6",6,3000,1,"class_sampled","x1_high__x2_low",1.3996371137781,0.835905956224992,0.835905956224992,0,0
1,"cell_12","invariant_check",16,2000,"fixed_6",6,3000,1,"class_sampled","x1_low__x2_high",-0.999670964259824,-0.436742187139755,-0.436742187139755,0,0
1,"cell_12","invariant_check",16,2000,"fixed_6",6,3000,1,"class_sampled","x1_low__x2_low",0.0999733935700352,0.164587832671587,0.164587832671587,0,0
2,"cell_01","dose_response",1,2000,"fixed_6",6,3000,1,"ordinary","x1_high__x2_high",0.299999268493499,0.427476625807295,0.12847029774201,0,0
2,"cell_01","dose_response",1,2000,"fixed_6",6,3000,1,"ordinary","x1_high__x2_low",1.39963537702099,0.980498737729417,0.965020608527779,0,0
2,"cell_01","dose_response",1,2000,"fixed_6",6,3000,1,"ordinary","x1_low__x2_high",-0.999923893636031,-0.638732666549712,-0.627790190522466,0,0
2,"cell_01","dose_response",1,2000,"fixed_6",6,3000,1,"ordinary","x1_low__x2_low",0.0999749276437528,-0.0570447800637366,0.234248635963305,1,0
2,"cell_02","dose_response",2,2000,"fixed_6",6,3000,1,"ordinary","x1_high__x2_high",0.299999268493499,0.510317595997429,0.0712919684084101,0,0
2,"cell_02","dose_response",2,2000,"fixed_6",6,3000,1,"ordinary","x1_high__x2_low",1.39963537702099,1.02953061224769,1.01021454977445,0,0
2,"cell_02","dose_response",2,2000,"fixed_6",6,3000,1,"ordinary","x1_low__x2_high",-0.999923893636031,-0.688641925878675,-0.676216448173385,0,0
2,"cell_02","dose_response",2,2000,"fixed_6",6,3000,1,"ordinary","x1_low__x2_low",0.0999749276437528,-0.134130764737234,0.294477635889502,1,1
2,"cell_03","dose_response",4,2000,"fixed_6",6,3000,1,"ordinary","x1_high__x2_high",0.299999268493499,0.57805932287673,0.001887955078573,0,0
2,"cell_03","dose_response",4,2000,"fixed_6",6,3000,1,"ordinary","x1_high__x2_low",1.39963537702099,1.06606229232914,1.0527235243771,0,0
2,"cell_03","dose_response",4,2000,"fixed_6",6,3000,1,"ordinary","x1_low__x2_high",-0.999923893636031,-0.727176425011884,-0.720849587679454,0,0
2,"cell_03","dose_response",4,2000,"fixed_6",6,3000,1,"ordinary","x1_low__x2_low",0.0999749276437528,-0.207520003909267,0.360440849026043,1,1
2,"cell_04","dose_response",8,2000,"fixed_6",6,3000,1,"ordinary","x1_high__x2_high",0.299999268493499,0.62330067473993,-0.0427895631480443,1,0
2,"cell_04","dose_response",8,2000,"fixed_6",6,3000,1,"ordinary","x1_high__x2_low",1.39963537702099,1.08767313415873,1.06200417241234,0,0
2,"cell_04","dose_response",8,2000,"fixed_6",6,3000,1,"ordinary","x1_low__x2_high",-0.999923893636031,-0.737002791955944,-0.735381406626497,0,0
2,"cell_04","dose_response",8,2000,"fixed_6",6,3000,1,"ordinary","x1_low__x2_low",0.0999749276437528,-0.253111904412618,0.404194106328154,1,1
2,"cell_05","dose_response",16,2000,"fixed_6",6,3000,1,"ordinary","x1_high__x2_high",0.299999268493499,0.664769061605858,-0.106003495914992,1,1
2,"cell_05","dose_response",16,2000,"fixed_6",6,3000,1,"ordinary","x1_high__x2_low",1.39963537702099,1.06925087995256,1.04596804943747,0,0
2,"cell_05","dose_response",16,2000,"fixed_6",6,3000,1,"ordinary","x1_low__x2_high",-0.999923893636031,-0.724864710558406,-0.703959516627212,0,0
2,"cell_05","dose_response",16,2000,"fixed_6",6,3000,1,"ordinary","x1_low__x2_low",0.0999749276437528,-0.289348951843246,0.457512072050231,1,1
2,"cell_06","tree_robustness",8,800,"fixed_6",6,3000,1,"ordinary","x1_high__x2_high",0.299999268493499,0.608667465552737,-0.0578128247358642,1,0
2,"cell_06","tree_robustness",8,800,"fixed_6",6,3000,1,"ordinary","x1_high__x2_low",1.39963537702099,1.09347665969291,1.0416665773475,0,0
2,"cell_06","tree_robustness",8,800,"fixed_6",6,3000,1,"ordinary","x1_low__x2_high",-0.999923893636031,-0.746728251664981,-0.72417969550357,0,0
2,"cell_06","tree_robustness",8,800,"fixed_6",6,3000,1,"ordinary","x1_low__x2_low",0.0999749276437528,-0.252427503986711,0.406720101357487,1,1
2,"cell_07","tree_robustness",8,5000,"fixed_6",6,3000,1,"ordinary","x1_high__x2_high",0.299999268493499,0.625124131779971,-0.0537174947129168,1,0
2,"cell_07","tree_robustness",8,5000,"fixed_6",6,3000,1,"ordinary","x1_high__x2_low",1.39963537702099,1.08067175036428,1.05554729165718,0,0
2,"cell_07","tree_robustness",8,5000,"fixed_6",6,3000,1,"ordinary","x1_low__x2_high",-0.999923893636031,-0.739111562182379,-0.727621103756187,0,0
2,"cell_07","tree_robustness",8,5000,"fixed_6",6,3000,1,"ordinary","x1_low__x2_low",0.0999749276437528,-0.254570580399818,0.410536833173466,1,1
2,"cell_08","default_mtry",8,2000,"grf_default",27,3000,1,"ordinary","x1_high__x2_high",0.299999268493499,0.386536885403312,0.259070132952712,0,0
2,"cell_08","default_mtry",8,2000,"grf_default",27,3000,1,"ordinary","x1_high__x2_low",1.39963537702099,1.34385776233423,1.36784220069383,0,0
2,"cell_08","default_mtry",8,2000,"grf_default",27,3000,1,"ordinary","x1_low__x2_high",-0.999923893636031,-1.02125908041097,-1.03966389678335,0,0
2,"cell_08","default_mtry",8,2000,"grf_default",27,3000,1,"ordinary","x1_low__x2_low",0.0999749276437528,0.00722216518039706,0.125331271274655,0,0
2,"cell_09","larger_sample",8,2000,"fixed_6",6,10000,1,"ordinary","x1_high__x2_high",0.299999268493499,0.562997355187122,0.0764106213181824,0,0
2,"cell_09","larger_sample",8,2000,"fixed_6",6,10000,1,"ordinary","x1_high__x2_low",1.39963537702099,1.14070088642609,1.12193961253952,0,0
2,"cell_09","larger_sample",8,2000,"fixed_6",6,10000,1,"ordinary","x1_low__x2_high",-0.999923893636031,-0.780137634446792,-0.775014400151693,0,0
2,"cell_09","larger_sample",8,2000,"fixed_6",6,10000,1,"ordinary","x1_low__x2_low",0.0999749276437528,-0.172108105154834,0.329732081358412,1,1
2,"cell_10","noise_robustness",8,2000,"fixed_6",6,3000,0.5,"ordinary","x1_high__x2_high",0.299999268493499,0.592097654341352,-0.0019757650393451,1,0
2,"cell_10","noise_robustness",8,2000,"fixed_6",6,3000,0.5,"ordinary","x1_high__x2_low",1.39963537702099,1.12347048289472,1.10532683952009,0,0
2,"cell_10","noise_robustness",8,2000,"fixed_6",6,3000,0.5,"ordinary","x1_low__x2_high",-0.999923893636031,-0.753866038786,-0.743185648681506,0,0
2,"cell_10","noise_robustness",8,2000,"fixed_6",6,3000,0.5,"ordinary","x1_low__x2_low",0.0999749276437528,-0.19657674366708,0.377303195659607,1,1
2,"cell_11","noise_robustness",8,2000,"fixed_6",6,3000,2,"ordinary","x1_high__x2_high",0.299999268493499,0.65683726515007,-0.137687317228031,1,1
2,"cell_11","noise_robustness",8,2000,"fixed_6",6,3000,2,"ordinary","x1_high__x2_low",1.39963537702099,0.974843847714216,0.939070453813574,0,0
2,"cell_11","noise_robustness",8,2000,"fixed_6",6,3000,2,"ordinary","x1_low__x2_high",-0.999923893636031,-0.679751106584828,-0.677631294160327,0,0
2,"cell_11","noise_robustness",8,2000,"fixed_6",6,3000,2,"ordinary","x1_low__x2_low",0.0999749276437528,-0.312398038768716,0.46824971461527,1,1
2,"cell_12","invariant_check",16,2000,"fixed_6",6,3000,1,"class_sampled","x1_high__x2_high",0.299999268493499,0.266989081548152,0.266989081548152,0,0
2,"cell_12","invariant_check",16,2000,"fixed_6",6,3000,1,"class_sampled","x1_high__x2_low",1.39963537702099,0.853166246066899,0.853166246066899,0,0
2,"cell_12","invariant_check",16,2000,"fixed_6",6,3000,1,"class_sampled","x1_low__x2_high",-0.999923893636031,-0.518366832131507,-0.518366832131507,0,0
2,"cell_12","invariant_check",16,2000,"fixed_6",6,3000,1,"class_sampled","x1_low__x2_low",0.0999749276437528,0.0926156685129763,0.0926156685129763,0,0
3,"cell_01","dose_response",1,2000,"fixed_6",6,3000,1,"ordinary","x1_high__x2_high",0.299554923186119,0.498976180968325,0.215800199555037,0,0
3,"cell_01","dose_response",1,2000,"fixed_6",6,3000,1,"ordinary","x1_high__x2_low",1.39978757877834,1.00365068717178,0.99743950063719,0,0
3,"cell_01","dose_response",1,2000,"fixed_6",6,3000,1,"ordinary","x1_low__x2_high",-1.00000496650067,-0.502755477744243,-0.494303853818121,0,0
3,"cell_01","dose_response",1,2000,"fixed_6",6,3000,1,"ordinary","x1_low__x2_low",0.0998889462484727,0.0200046748543668,0.305411623418049,0,0
3,"cell_02","dose_response",2,2000,"fixed_6",6,3000,1,"ordinary","x1_high__x2_high",0.299554923186119,0.566639211808963,0.158386444582214,0,0
3,"cell_02","dose_response",2,2000,"fixed_6",6,3000,1,"ordinary","x1_high__x2_low",1.39978757877834,1.0446954344134,1.03423376117781,0,0
3,"cell_02","dose_response",2,2000,"fixed_6",6,3000,1,"ordinary","x1_low__x2_high",-1.00000496650067,-0.555553954657742,-0.543724045596483,0,0
3,"cell_02","dose_response",2,2000,"fixed_6",6,3000,1,"ordinary","x1_low__x2_low",0.0998889462484727,-0.0422836464322916,0.377391881807642,1,0
3,"cell_03","dose_response",4,2000,"fixed_6",6,3000,1,"ordinary","x1_high__x2_high",0.299554923186119,0.635174410722522,0.0896201480317981,0,0
3,"cell_03","dose_response",4,2000,"fixed_6",6,3000,1,"ordinary","x1_high__x2_low",1.39978757877834,1.08221152527201,1.07310268425616,0,0
3,"cell_03","dose_response",4,2000,"fixed_6",6,3000,1,"ordinary","x1_low__x2_high",-1.00000496650067,-0.584190874358137,-0.567738509921094,0,0
3,"cell_03","dose_response",4,2000,"fixed_6",6,3000,1,"ordinary","x1_low__x2_low",0.0998889462484727,-0.115295570403116,0.433753797861319,1,1
3,"cell_04","dose_response",8,2000,"fixed_6",6,3000,1,"ordinary","x1_high__x2_high",0.299554923186119,0.679824080195173,0.037506179238881,0,0
3,"cell_04","dose_response",8,2000,"fixed_6",6,3000,1,"ordinary","x1_high__x2_low",1.39978757877834,1.09706795593515,1.068962909082,0,0
3,"cell_04","dose_response",8,2000,"fixed_6",6,3000,1,"ordinary","x1_low__x2_high",-1.00000496650067,-0.603781389632228,-0.577096388209624,0,0
3,"cell_04","dose_response",8,2000,"fixed_6",6,3000,1,"ordinary","x1_low__x2_low",0.0998889462484727,-0.149541361963939,0.488778431179288,1,1
3,"cell_05","dose_response",16,2000,"fixed_6",6,3000,1,"ordinary","x1_high__x2_high",0.299554923186119,0.705493251806297,-0.00661523861120141,1,0
3,"cell_05","dose_response",16,2000,"fixed_6",6,3000,1,"ordinary","x1_high__x2_low",1.39978757877834,1.08543721946773,1.05788185953869,0,0
3,"cell_05","dose_response",16,2000,"fixed_6",6,3000,1,"ordinary","x1_low__x2_high",-1.00000496650067,-0.595775314403549,-0.55460802546998,0,0
3,"cell_05","dose_response",16,2000,"fixed_6",6,3000,1,"ordinary","x1_low__x2_low",0.0998889462484727,-0.183651815200718,0.528738553231563,1,1
3,"cell_06","tree_robustness",8,800,"fixed_6",6,3000,1,"ordinary","x1_high__x2_high",0.299554923186119,0.681367447308002,0.031653414093909,0,0
3,"cell_06","tree_robustness",8,800,"fixed_6",6,3000,1,"ordinary","x1_high__x2_low",1.39978757877834,1.09606264918456,1.0658403329599,0,0
3,"cell_06","tree_robustness",8,800,"fixed_6",6,3000,1,"ordinary","x1_low__x2_high",-1.00000496650067,-0.602816393060405,-0.577495443225813,0,0
3,"cell_06","tree_robustness",8,800,"fixed_6",6,3000,1,"ordinary","x1_low__x2_low",0.0998889462484727,-0.148821276196131,0.495107045829849,1,1
3,"cell_07","tree_robustness",8,5000,"fixed_6",6,3000,1,"ordinary","x1_high__x2_high",0.299554923186119,0.680669738848046,0.0373804685615048,0,0
3,"cell_07","tree_robustness",8,5000,"fixed_6",6,3000,1,"ordinary","x1_high__x2_low",1.39978757877834,1.09391530315957,1.06953232787136,0,0
3,"cell_07","tree_robustness",8,5000,"fixed_6",6,3000,1,"ordinary","x1_low__x2_high",-1.00000496650067,-0.603384619566923,-0.580048171682804,0,0
3,"cell_07","tree_robustness",8,5000,"fixed_6",6,3000,1,"ordinary","x1_low__x2_low",0.0998889462484727,-0.151799067808047,0.490152610284356,1,1
3,"cell_08","default_mtry",8,2000,"grf_default",27,3000,1,"ordinary","x1_high__x2_high",0.299554923186119,0.456275117176473,0.337338247324497,0,0
3,"cell_08","default_mtry",8,2000,"grf_default",27,3000,1,"ordinary","x1_high__x2_low",1.39978757877834,1.32807126175385,1.35303182301155,0,0
3,"cell_08","default_mtry",8,2000,"grf_default",27,3000,1,"ordinary","x1_low__x2_high",-1.00000496650067,-0.848131092420851,-0.865065588082529,0,0
3,"cell_08","default_mtry",8,2000,"grf_default",27,3000,1,"ordinary","x1_low__x2_low",0.0998889462484727,0.0941040878454565,0.207763491578626,0,0
3,"cell_09","larger_sample",8,2000,"fixed_6",6,10000,1,"ordinary","x1_high__x2_high",0.299554923186119,0.57768688263281,0.0987733219086172,0,0
3,"cell_09","larger_sample",8,2000,"fixed_6",6,10000,1,"ordinary","x1_high__x2_low",1.39978757877834,1.15449024619784,1.13458251618708,0,0
3,"cell_09","larger_sample",8,2000,"fixed_6",6,10000,1,"ordinary","x1_low__x2_high",-1.00000496650067,-0.682889670886135,-0.685872711255795,0,0
3,"cell_09","larger_sample",8,2000,"fixed_6",6,10000,1,"ordinary","x1_low__x2_low",0.0998889462484727,-0.101937388573978,0.388257263276705,1,1
3,"cell_10","noise_robustness",8,2000,"fixed_6",6,3000,0.5,"ordinary","x1_high__x2_high",0.299554923186119,0.622462796163327,0.0498486823392969,0,0
3,"cell_10","noise_robustness",8,2000,"fixed_6",6,3000,0.5,"ordinary","x1_high__x2_low",1.39978757877834,1.13350510922656,1.12606464479331,0,0
3,"cell_10","noise_robustness",8,2000,"fixed_6",6,3000,0.5,"ordinary","x1_low__x2_high",-1.00000496650067,-0.690437187837076,-0.682190383452625,0,0
3,"cell_10","noise_robustness",8,2000,"fixed_6",6,3000,0.5,"ordinary","x1_low__x2_low",0.0998889462484727,-0.160755898116824,0.416228193171806,1,1
3,"cell_11","noise_robustness",8,2000,"fixed_6",6,3000,2,"ordinary","x1_high__x2_high",0.299554923186119,0.743115617907088,0.0419196898044085,0,0
3,"cell_11","noise_robustness",8,2000,"fixed_6",6,3000,2,"ordinary","x1_high__x2_low",1.39978757877834,1.01282102244442,0.980961547349329,0,0
3,"cell_11","noise_robustness",8,2000,"fixed_6",6,3000,2,"ordinary","x1_low__x2_high",-1.00000496650067,-0.396475713183882,-0.344935665143045,0,0
3,"cell_11","noise_robustness",8,2000,"fixed_6",6,3000,2,"ordinary","x1_low__x2_low",0.0998889462484727,-0.120770151870287,0.574638203309424,1,1
3,"cell_12","invariant_check",16,2000,"fixed_6",6,3000,1,"class_sampled","x1_high__x2_high",0.299554923186119,0.346161471733003,0.346161471733003,0,0
3,"cell_12","invariant_check",16,2000,"fixed_6",6,3000,1,"class_sampled","x1_high__x2_low",1.39978757877834,0.873094020077962,0.873094020077962,0,0
3,"cell_12","invariant_check",16,2000,"fixed_6",6,3000,1,"class_sampled","x1_low__x2_high",-1.00000496650067,-0.377545165002997,-0.377545165002997,0,0
3,"cell_12","invariant_check",16,2000,"fixed_6",6,3000,1,"class_sampled","x1_low__x2_low",0.0998889462484727,0.174435183424107,0.174435183424107,0,0
4,"cell_01","dose_response",1,2000,"fixed_6",6,3000,1,"ordinary","x1_high__x2_high",0.300418228065005,0.291853695117951,0.0345498761266424,0,0
4,"cell_01","dose_response",1,2000,"fixed_6",6,3000,1,"ordinary","x1_high__x2_low",1.40006883511127,0.974505277946203,0.985049547875021,0,0
4,"cell_01","dose_response",1,2000,"fixed_6",6,3000,1,"ordinary","x1_low__x2_high",-0.999505847093014,-0.481011948401688,-0.493133501353719,0,0
4,"cell_01","dose_response",1,2000,"fixed_6",6,3000,1,"ordinary","x1_low__x2_low",0.100436738416465,0.0542837278883262,0.32858556691379,0,0
4,"cell_02","dose_response",2,2000,"fixed_6",6,3000,1,"ordinary","x1_high__x2_high",0.300418228065005,0.364843133611228,-0.0298234532368898,1,0
4,"cell_02","dose_response",2,2000,"fixed_6",6,3000,1,"ordinary","x1_high__x2_low",1.40006883511127,1.02331136726445,1.02853901355573,0,0
4,"cell_02","dose_response",2,2000,"fixed_6",6,3000,1,"ordinary","x1_low__x2_high",-0.999505847093014,-0.532096179075803,-0.541791724723585,0,0
4,"cell_02","dose_response",2,2000,"fixed_6",6,3000,1,"ordinary","x1_low__x2_low",0.100436738416465,-0.0191461605816508,0.397366132445349,1,0
4,"cell_03","dose_response",4,2000,"fixed_6",6,3000,1,"ordinary","x1_high__x2_high",0.300418228065005,0.412083894465635,-0.0952610783837157,1,0
4,"cell_03","dose_response",4,2000,"fixed_6",6,3000,1,"ordinary","x1_high__x2_low",1.40006883511127,1.07565132087098,1.06622506264557,0,0
4,"cell_03","dose_response",4,2000,"fixed_6",6,3000,1,"ordinary","x1_low__x2_high",-0.999505847093014,-0.572079453745712,-0.57968577643574,0,0
4,"cell_03","dose_response",4,2000,"fixed_6",6,3000,1,"ordinary","x1_low__x2_low",0.100436738416465,-0.0784321877303063,0.455371941136209,1,0
4,"cell_04","dose_response",8,2000,"fixed_6",6,3000,1,"ordinary","x1_high__x2_high",0.300418228065005,0.475680073808347,-0.140116632509124,1,1
4,"cell_04","dose_response",8,2000,"fixed_6",6,3000,1,"ordinary","x1_high__x2_low",1.40006883511127,1.06945516877084,1.07689581470636,0,0
4,"cell_04","dose_response",8,2000,"fixed_6",6,3000,1,"ordinary","x1_low__x2_high",-0.999505847093014,-0.579056154481714,-0.583343201343812,0,0
4,"cell_04","dose_response",8,2000,"fixed_6",6,3000,1,"ordinary","x1_low__x2_low",0.100436738416465,-0.126294519957475,0.502055948269737,1,1
4,"cell_05","dose_response",16,2000,"fixed_6",6,3000,1,"ordinary","x1_high__x2_high",0.300418228065005,0.508415967201366,-0.177484078085727,1,1
4,"cell_05","dose_response",16,2000,"fixed_6",6,3000,1,"ordinary","x1_high__x2_low",1.40006883511127,1.05297037323413,1.05780236795647,0,0
4,"cell_05","dose_response",16,2000,"fixed_6",6,3000,1,"ordinary","x1_low__x2_high",-0.999505847093014,-0.566281762003102,-0.565100125435964,0,0
4,"cell_05","dose_response",16,2000,"fixed_6",6,3000,1,"ordinary","x1_low__x2_low",0.100436738416465,-0.166306866793423,0.546361020840073,1,1
4,"cell_06","tree_robustness",8,800,"fixed_6",6,3000,1,"ordinary","x1_high__x2_high",0.300418228065005,0.470550453174364,-0.14079331675769,1,1
4,"cell_06","tree_robustness",8,800,"fixed_6",6,3000,1,"ordinary","x1_high__x2_low",1.40006883511127,1.07090728565533,1.06777447961483,0,0
4,"cell_06","tree_robustness",8,800,"fixed_6",6,3000,1,"ordinary","x1_low__x2_high",-0.999505847093014,-0.583709963006183,-0.57073322102832,0,0
4,"cell_06","tree_robustness",8,800,"fixed_6",6,3000,1,"ordinary","x1_low__x2_low",0.100436738416465,-0.12071100695175,0.499827598808354,1,1
4,"cell_07","tree_robustness",8,5000,"fixed_6",6,3000,1,"ordinary","x1_high__x2_high",0.300418228065005,0.473935228866684,-0.141970583683954,1,1
4,"cell_07","tree_robustness",8,5000,"fixed_6",6,3000,1,"ordinary","x1_high__x2_low",1.40006883511127,1.06580064739436,1.0715653849075,0,0
4,"cell_07","tree_robustness",8,5000,"fixed_6",6,3000,1,"ordinary","x1_low__x2_high",-0.999505847093014,-0.579481799063027,-0.584139986162275,0,0
4,"cell_07","tree_robustness",8,5000,"fixed_6",6,3000,1,"ordinary","x1_low__x2_low",0.100436738416465,-0.127579025400807,0.506887248966325,1,1
4,"cell_08","default_mtry",8,2000,"grf_default",27,3000,1,"ordinary","x1_high__x2_high",0.300418228065005,0.183353444277618,0.0773682197138838,0,0
4,"cell_08","default_mtry",8,2000,"grf_default",27,3000,1,"ordinary","x1_high__x2_low",1.40006883511127,1.38088029734275,1.37126876774774,0,0
4,"cell_08","default_mtry",8,2000,"grf_default",27,3000,1,"ordinary","x1_low__x2_high",-0.999505847093014,-0.836126701361403,-0.828794956517337,0,0
4,"cell_08","default_mtry",8,2000,"grf_default",27,3000,1,"ordinary","x1_low__x2_low",0.100436738416465,0.105347902956243,0.221971925175632,0,0
4,"cell_09","larger_sample",8,2000,"fixed_6",6,10000,1,"ordinary","x1_high__x2_high",0.300418228065005,0.468545822288881,-0.0109631300179142,1,0
4,"cell_09","larger_sample",8,2000,"fixed_6",6,10000,1,"ordinary","x1_high__x2_low",1.40006883511127,1.15725399383564,1.15085010905718,0,0
4,"cell_09","larger_sample",8,2000,"fixed_6",6,10000,1,"ordinary","x1_low__x2_high",-0.999505847093014,-0.739224899123812,-0.741500874793251,0,0
4,"cell_09","larger_sample",8,2000,"fixed_6",6,10000,1,"ordinary","x1_low__x2_low",0.100436738416465,-0.107411804014326,0.382281398056548,1,1
4,"cell_10","noise_robustness",8,2000,"fixed_6",6,3000,0.5,"ordinary","x1_high__x2_high",0.300418228065005,0.521742216261382,-0.0328860016031702,1,0
4,"cell_10","noise_robustness",8,2000,"fixed_6",6,3000,0.5,"ordinary","x1_high__x2_low",1.40006883511127,1.10814445566281,1.11805847109128,0,0
4,"cell_10","noise_robustness",8,2000,"fixed_6",6,3000,0.5,"ordinary","x1_low__x2_high",-0.999505847093014,-0.669600160204765,-0.674676912688092,0,0
4,"cell_10","noise_robustness",8,2000,"fixed_6",6,3000,0.5,"ordinary","x1_low__x2_low",0.100436738416465,-0.142485983752257,0.423048042414135,1,1
4,"cell_11","noise_robustness",8,2000,"fixed_6",6,3000,2,"ordinary","x1_high__x2_high",0.300418228065005,0.350092155815664,-0.278224312347097,1,1
4,"cell_11","noise_robustness",8,2000,"fixed_6",6,3000,2,"ordinary","x1_high__x2_low",1.40006883511127,0.912251054832074,0.980978835989833,0,0
4,"cell_11","noise_robustness",8,2000,"fixed_6",6,3000,2,"ordinary","x1_low__x2_high",-0.999505847093014,-0.353816783139439,-0.43160941366865,0,0
4,"cell_11","noise_robustness",8,2000,"fixed_6",6,3000,2,"ordinary","x1_low__x2_low",0.100436738416465,-0.0380965129258161,0.623643434909849,1,0
4,"cell_12","invariant_check",16,2000,"fixed_6",6,3000,1,"class_sampled","x1_high__x2_high",0.300418228065005,0.17482961745794,0.17482961745794,0,0
4,"cell_12","invariant_check",16,2000,"fixed_6",6,3000,1,"class_sampled","x1_high__x2_low",1.40006883511127,0.851435376798392,0.851435376798392,0,0
4,"cell_12","invariant_check",16,2000,"fixed_6",6,3000,1,"class_sampled","x1_low__x2_high",-0.999505847093014,-0.387270832683629,-0.387270832683629,0,0
4,"cell_12","invariant_check",16,2000,"fixed_6",6,3000,1,"class_sampled","x1_low__x2_low",0.100436738416465,0.202257690924248,0.202257690924248,0,0
5,"cell_01","dose_response",1,2000,"fixed_6",6,3000,1,"ordinary","x1_high__x2_high",0.300709288043848,0.449198951214219,0.190939783869557,0,0
5,"cell_01","dose_response",1,2000,"fixed_6",6,3000,1,"ordinary","x1_high__x2_low",1.4001611863239,0.874587328137192,0.841877653672519,0,0
5,"cell_01","dose_response",1,2000,"fixed_6",6,3000,1,"ordinary","x1_low__x2_high",-1.00030007319167,-0.581488669363944,-0.553071659839822,0,0
5,"cell_01","dose_response",1,2000,"fixed_6",6,3000,1,"ordinary","x1_low__x2_low",0.0999148201993965,-0.108084690849152,0.174222907161283,1,1
5,"cell_02","dose_response",2,2000,"fixed_6",6,3000,1,"ordinary","x1_high__x2_high",0.300709288043848,0.506680145885815,0.141191828631575,0,0
5,"cell_02","dose_response",2,2000,"fixed_6",6,3000,1,"ordinary","x1_high__x2_low",1.4001611863239,0.915448336733448,0.887296481167716,0,0
5,"cell_02","dose_response",2,2000,"fixed_6",6,3000,1,"ordinary","x1_low__x2_high",-1.00030007319167,-0.627095875006646,-0.603229004270462,0,0
5,"cell_02","dose_response",2,2000,"fixed_6",6,3000,1,"ordinary","x1_low__x2_low",0.0999148201993965,-0.171798978564805,0.235522384947375,1,1
5,"cell_03","dose_response",4,2000,"fixed_6",6,3000,1,"ordinary","x1_high__x2_high",0.300709288043848,0.580094487303341,0.0788252764676446,0,0
5,"cell_03","dose_response",4,2000,"fixed_6",6,3000,1,"ordinary","x1_high__x2_low",1.4001611863239,0.948704440755101,0.921132953886165,0,0
5,"cell_03","dose_response",4,2000,"fixed_6",6,3000,1,"ordinary","x1_low__x2_high",-1.00030007319167,-0.659546852762676,-0.631372488858377,0,0
5,"cell_03","dose_response",4,2000,"fixed_6",6,3000,1,"ordinary","x1_low__x2_low",0.0999148201993965,-0.237155269079533,0.299309692723367,1,1
5,"cell_04","dose_response",8,2000,"fixed_6",6,3000,1,"ordinary","x1_high__x2_high",0.300709288043848,0.617360357702976,0.021583609320735,0,0
5,"cell_04","dose_response",8,2000,"fixed_6",6,3000,1,"ordinary","x1_high__x2_low",1.4001611863239,0.966843280296412,0.923356159330227,0,0
5,"cell_04","dose_response",8,2000,"fixed_6",6,3000,1,"ordinary","x1_low__x2_high",-1.00030007319167,-0.67362733339274,-0.642621174636353,0,0
5,"cell_04","dose_response",8,2000,"fixed_6",6,3000,1,"ordinary","x1_low__x2_low",0.0999148201993965,-0.288902613478537,0.361658122692945,1,1
5,"cell_05","dose_response",16,2000,"fixed_6",6,3000,1,"ordinary","x1_high__x2_high",0.300709288043848,0.646581842072731,-0.0154209379931722,1,0
5,"cell_05","dose_response",16,2000,"fixed_6",6,3000,1,"ordinary","x1_high__x2_low",1.4001611863239,0.954780498824522,0.920124427853739,0,0
5,"cell_05","dose_response",16,2000,"fixed_6",6,3000,1,"ordinary","x1_low__x2_high",-1.00030007319167,-0.660032336416088,-0.631921961093446,0,0
5,"cell_05","dose_response",16,2000,"fixed_6",6,3000,1,"ordinary","x1_low__x2_low",0.0999148201993965,-0.326663234822696,0.394376087041639,1,1
5,"cell_06","tree_robustness",8,800,"fixed_6",6,3000,1,"ordinary","x1_high__x2_high",0.300709288043848,0.609890763646606,0.0253746102927138,0,0
5,"cell_06","tree_robustness",8,800,"fixed_6",6,3000,1,"ordinary","x1_high__x2_low",1.4001611863239,0.970969554961203,0.91885494233933,0,0
5,"cell_06","tree_robustness",8,800,"fixed_6",6,3000,1,"ordinary","x1_low__x2_high",-1.00030007319167,-0.676756697556663,-0.638464361868786,0,0
5,"cell_06","tree_robustness",8,800,"fixed_6",6,3000,1,"ordinary","x1_low__x2_low",0.0999148201993965,-0.282364510005333,0.366180709682197,1,1
5,"cell_07","tree_robustness",8,5000,"fixed_6",6,3000,1,"ordinary","x1_high__x2_high",0.300709288043848,0.616089566230472,0.0208834797783287,0,0
5,"cell_07","tree_robustness",8,5000,"fixed_6",6,3000,1,"ordinary","x1_high__x2_low",1.4001611863239,0.963941905466457,0.926740395616608,0,0
5,"cell_07","tree_robustness",8,5000,"fixed_6",6,3000,1,"ordinary","x1_low__x2_high",-1.00030007319167,-0.671716947995442,-0.644707646821383,0,0
5,"cell_07","tree_robustness",8,5000,"fixed_6",6,3000,1,"ordinary","x1_low__x2_low",0.0999148201993965,-0.286290743243997,0.359767727776338,1,1
5,"cell_08","default_mtry",8,2000,"grf_default",27,3000,1,"ordinary","x1_high__x2_high",0.300709288043848,0.43280213075247,0.326042293110149,0,0
5,"cell_08","default_mtry",8,2000,"grf_default",27,3000,1,"ordinary","x1_high__x2_low",1.4001611863239,1.1648706455471,1.19052598450224,0,0
5,"cell_08","default_mtry",8,2000,"grf_default",27,3000,1,"ordinary","x1_low__x2_high",-1.00030007319167,-0.902465953350717,-0.948121902226993,0,0
5,"cell_08","default_mtry",8,2000,"grf_default",27,3000,1,"ordinary","x1_low__x2_low",0.0999148201993965,-0.058508808765017,0.0723202535154123,1,0
5,"cell_09","larger_sample",8,2000,"fixed_6",6,10000,1,"ordinary","x1_high__x2_high",0.300709288043848,0.543705966951235,0.0639233109755393,0,0
5,"cell_09","larger_sample",8,2000,"fixed_6",6,10000,1,"ordinary","x1_high__x2_low",1.4001611863239,1.10247002315118,1.09833487054462,0,0
5,"cell_09","larger_sample",8,2000,"fixed_6",6,10000,1,"ordinary","x1_low__x2_high",-1.00030007319167,-0.807864191031479,-0.786984842787676,0,0
5,"cell_09","larger_sample",8,2000,"fixed_6",6,10000,1,"ordinary","x1_low__x2_low",0.0999148201993965,-0.200659126195693,0.293318219411379,1,1
5,"cell_10","noise_robustness",8,2000,"fixed_6",6,3000,0.5,"ordinary","x1_high__x2_high",0.300709288043848,0.589430551299686,0.0427877341284395,0,0
5,"cell_10","noise_robustness",8,2000,"fixed_6",6,3000,0.5,"ordinary","x1_high__x2_low",1.4001611863239,1.06251716575799,1.0471578827767,0,0
5,"cell_10","noise_robustness",8,2000,"fixed_6",6,3000,0.5,"ordinary","x1_low__x2_high",-1.00030007319167,-0.720273514512256,-0.699075674073921,0,0
5,"cell_10","noise_robustness",8,2000,"fixed_6",6,3000,0.5,"ordinary","x1_low__x2_low",0.0999148201993965,-0.232337373092827,0.353488738037064,1,1
5,"cell_11","noise_robustness",8,2000,"fixed_6",6,3000,2,"ordinary","x1_high__x2_high",0.300709288043848,0.622947008058599,0.0223776828355737,0,0
5,"cell_11","noise_robustness",8,2000,"fixed_6",6,3000,2,"ordinary","x1_high__x2_low",1.4001611863239,0.775550048856479,0.685875056302555,0,0
5,"cell_11","noise_robustness",8,2000,"fixed_6",6,3000,2,"ordinary","x1_low__x2_high",-1.00030007319167,-0.56779996352814,-0.48165151550839,0,0
5,"cell_11","noise_robustness",8,2000,"fixed_6",6,3000,2,"ordinary","x1_low__x2_low",0.0999148201993965,-0.378921922965892,0.271734220339311,1,1
5,"cell_12","invariant_check",16,2000,"fixed_6",6,3000,1,"class_sampled","x1_high__x2_high",0.300709288043848,0.296006101432213,0.296006101432213,0,0
5,"cell_12","invariant_check",16,2000,"fixed_6",6,3000,1,"class_sampled","x1_high__x2_low",1.4001611863239,0.754672631564913,0.754672631564913,0,0
5,"cell_12","invariant_check",16,2000,"fixed_6",6,3000,1,"class_sampled","x1_low__x2_high",-1.00030007319167,-0.452400166898385,-0.452400166898385,0,0
5,"cell_12","invariant_check",16,2000,"fixed_6",6,3000,1,"class_sampled","x1_low__x2_low",0.0999148201993965,0.0541659347712081,0.0541659347712081,0,0
6,"cell_01","dose_response",1,2000,"fixed_6",6,3000,1,"ordinary","x1_high__x2_high",0.300550699220505,0.427491953986682,0.178223295651944,0,0
6,"cell_01","dose_response",1,2000,"fixed_6",6,3000,1,"ordinary","x1_high__x2_low",1.3997838686974,0.865609778077251,0.855327628774341,0,0
6,"cell_01","dose_response",1,2000,"fixed_6",6,3000,1,"ordinary","x1_low__x2_high",-1.00008620021339,-0.512300461328218,-0.480709232610123,0,0
6,"cell_01","dose_response",1,2000,"fixed_6",6,3000,1,"ordinary","x1_low__x2_low",0.0999837505136935,-0.0704841208037917,0.190384113947998,1,0
6,"cell_02","dose_response",2,2000,"fixed_6",6,3000,1,"ordinary","x1_high__x2_high",0.300550699220505,0.491211493485229,0.133343842520985,0,0
6,"cell_02","dose_response",2,2000,"fixed_6",6,3000,1,"ordinary","x1_high__x2_low",1.3997838686974,0.924215652436022,0.89633602682455,0,0
6,"cell_02","dose_response",2,2000,"fixed_6",6,3000,1,"ordinary","x1_low__x2_high",-1.00008620021339,-0.565102376260852,-0.532231152158745,0,0
6,"cell_02","dose_response",2,2000,"fixed_6",6,3000,1,"ordinary","x1_low__x2_low",0.0999837505136935,-0.144290019842771,0.252225701040231,1,1
6,"cell_03","dose_response",4,2000,"fixed_6",6,3000,1,"ordinary","x1_high__x2_high",0.300550699220505,0.553887051307178,0.0721427770887166,0,0
6,"cell_03","dose_response",4,2000,"fixed_6",6,3000,1,"ordinary","x1_high__x2_low",1.3997838686974,0.95224598614497,0.93854738869002,0,0
6,"cell_03","dose_response",4,2000,"fixed_6",6,3000,1,"ordinary","x1_low__x2_high",-1.00008620021339,-0.59842654630224,-0.565030182436914,0,0
6,"cell_03","dose_response",4,2000,"fixed_6",6,3000,1,"ordinary","x1_low__x2_low",0.0999837505136935,-0.204352523280383,0.310147964805664,1,1
6,"cell_04","dose_response",8,2000,"fixed_6",6,3000,1,"ordinary","x1_high__x2_high",0.300550699220505,0.596370875669949,0.0300599934288104,0,0
6,"cell_04","dose_response",8,2000,"fixed_6",6,3000,1,"ordinary","x1_high__x2_low",1.3997838686974,0.964359402785706,0.951117519191162,0,0
6,"cell_04","dose_response",8,2000,"fixed_6",6,3000,1,"ordinary","x1_low__x2_high",-1.00008620021339,-0.612658474661633,-0.574628616042032,0,0
6,"cell_04","dose_response",8,2000,"fixed_6",6,3000,1,"ordinary","x1_low__x2_low",0.0999837505136935,-0.250737919132505,0.358199312789715,1,1
6,"cell_05","dose_response",16,2000,"fixed_6",6,3000,1,"ordinary","x1_high__x2_high",0.300550699220505,0.622876206588173,-0.0183211407292418,1,0
6,"cell_05","dose_response",16,2000,"fixed_6",6,3000,1,"ordinary","x1_high__x2_low",1.3997838686974,0.955632682189255,0.937866440141274,0,0
6,"cell_05","dose_response",16,2000,"fixed_6",6,3000,1,"ordinary","x1_low__x2_high",-1.00008620021339,-0.607860365176677,-0.555273656632043,0,0
6,"cell_05","dose_response",16,2000,"fixed_6",6,3000,1,"ordinary","x1_low__x2_low",0.0999837505136935,-0.281362683492172,0.413641721813283,1,1
6,"cell_06","tree_robustness",8,800,"fixed_6",6,3000,1,"ordinary","x1_high__x2_high",0.300550699220505,0.592771472751215,0.0126712011841302,0,0
6,"cell_06","tree_robustness",8,800,"fixed_6",6,3000,1,"ordinary","x1_high__x2_low",1.3997838686974,0.965472886448613,0.938474529424268,0,0
6,"cell_06","tree_robustness",8,800,"fixed_6",6,3000,1,"ordinary","x1_low__x2_high",-1.00008620021339,-0.618320946668264,-0.555857371327371,0,0
6,"cell_06","tree_robustness",8,800,"fixed_6",6,3000,1,"ordinary","x1_low__x2_low",0.0999837505136935,-0.242095835125432,0.364743629234361,1,1
6,"cell_07","tree_robustness",8,5000,"fixed_6",6,3000,1,"ordinary","x1_high__x2_high",0.300550699220505,0.591729157913925,0.0236393650674666,0,0
6,"cell_07","tree_robustness",8,5000,"fixed_6",6,3000,1,"ordinary","x1_high__x2_low",1.3997838686974,0.967679539627214,0.946006338183921,0,0
6,"cell_07","tree_robustness",8,5000,"fixed_6",6,3000,1,"ordinary","x1_low__x2_high",-1.00008620021339,-0.61222655652193,-0.570393356645902,0,0
6,"cell_07","tree_robustness",8,5000,"fixed_6",6,3000,1,"ordinary","x1_low__x2_low",0.0999837505136935,-0.24951167423591,0.364342123299722,1,1
6,"cell_08","default_mtry",8,2000,"grf_default",27,3000,1,"ordinary","x1_high__x2_high",0.300550699220505,0.389709266828247,0.293809406578557,0,0
6,"cell_08","default_mtry",8,2000,"grf_default",27,3000,1,"ordinary","x1_high__x2_low",1.3997838686974,1.2073738814844,1.24039572174121,0,0
6,"cell_08","default_mtry",8,2000,"grf_default",27,3000,1,"ordinary","x1_low__x2_high",-1.00008620021339,-0.822898286861634,-0.854316966503704,0,0
6,"cell_08","default_mtry",8,2000,"grf_default",27,3000,1,"ordinary","x1_low__x2_low",0.0999837505136935,-0.0377541889071398,0.0755677316222532,1,0
6,"cell_09","larger_sample",8,2000,"fixed_6",6,10000,1,"ordinary","x1_high__x2_high",0.300550699220505,0.501938753915368,0.0529472780656535,0,0
6,"cell_09","larger_sample",8,2000,"fixed_6",6,10000,1,"ordinary","x1_high__x2_low",1.3997838686974,1.06690627216524,1.0637983165337,0,0
6,"cell_09","larger_sample",8,2000,"fixed_6",6,10000,1,"ordinary","x1_low__x2_high",-1.00008620021339,-0.716623395688708,-0.712186309928674,0,0
6,"cell_09","larger_sample",8,2000,"fixed_6",6,10000,1,"ordinary","x1_low__x2_low",0.0999837505136935,-0.0962261931984082,0.372225935697957,1,0
6,"cell_10","noise_robustness",8,2000,"fixed_6",6,3000,0.5,"ordinary","x1_high__x2_high",0.300550699220505,0.568191546553759,0.0459934162626345,0,0
6,"cell_10","noise_robustness",8,2000,"fixed_6",6,3000,0.5,"ordinary","x1_high__x2_low",1.3997838686974,1.06744126633331,1.06282675611476,0,0
6,"cell_10","noise_robustness",8,2000,"fixed_6",6,3000,0.5,"ordinary","x1_low__x2_high",-1.00008620021339,-0.692344712317503,-0.672200208754183,0,0
6,"cell_10","noise_robustness",8,2000,"fixed_6",6,3000,0.5,"ordinary","x1_low__x2_low",0.0999837505136935,-0.208192474635037,0.354822693651932,1,1
6,"cell_11","noise_robustness",8,2000,"fixed_6",6,3000,2,"ordinary","x1_high__x2_high",0.300550699220505,0.59333511458331,0.0190845590781391,0,0
6,"cell_11","noise_robustness",8,2000,"fixed_6",6,3000,2,"ordinary","x1_high__x2_low",1.3997838686974,0.779803000363126,0.739059698848616,0,0
6,"cell_11","noise_robustness",8,2000,"fixed_6",6,3000,2,"ordinary","x1_low__x2_high",-1.00008620021339,-0.46564861332546,-0.39114035070191,0,0
6,"cell_11","noise_robustness",8,2000,"fixed_6",6,3000,2,"ordinary","x1_low__x2_low",0.0999837505136935,-0.271053995055936,0.342507752937573,1,1
6,"cell_12","invariant_check",16,2000,"fixed_6",6,3000,1,"class_sampled","x1_high__x2_high",0.300550699220505,0.292207416606124,0.292207416606124,0,0
6,"cell_12","invariant_check",16,2000,"fixed_6",6,3000,1,"class_sampled","x1_high__x2_low",1.3997838686974,0.75746645483916,0.75746645483916,0,0
6,"cell_12","invariant_check",16,2000,"fixed_6",6,3000,1,"class_sampled","x1_low__x2_high",-1.00008620021339,-0.397257882212136,-0.397257882212136,0,0
6,"cell_12","invariant_check",16,2000,"fixed_6",6,3000,1,"class_sampled","x1_low__x2_low",0.0999837505136935,0.0716459609295013,0.0716459609295013,0,0
7,"cell_01","dose_response",1,2000,"fixed_6",6,3000,1,"ordinary","x1_high__x2_high",0.300178928820129,0.43699174326779,0.193809465146581,0,0
7,"cell_01","dose_response",1,2000,"fixed_6",6,3000,1,"ordinary","x1_high__x2_low",1.40046163360296,0.867222890041588,0.835724774015467,0,0
7,"cell_01","dose_response",1,2000,"fixed_6",6,3000,1,"ordinary","x1_low__x2_high",-0.999962526535125,-0.514278676766529,-0.492097060472388,0,0
7,"cell_01","dose_response",1,2000,"fixed_6",6,3000,1,"ordinary","x1_low__x2_low",0.0999878613285055,-0.0568548063878505,0.193287642958213,1,0
7,"cell_02","dose_response",2,2000,"fixed_6",6,3000,1,"ordinary","x1_high__x2_high",0.300178928820129,0.503777318063464,0.156174431864965,0,0
7,"cell_02","dose_response",2,2000,"fixed_6",6,3000,1,"ordinary","x1_high__x2_low",1.40046163360296,0.918900145358775,0.881237453680112,0,0
7,"cell_02","dose_response",2,2000,"fixed_6",6,3000,1,"ordinary","x1_low__x2_high",-0.999962526535125,-0.565966875400984,-0.543454549344012,0,0
7,"cell_02","dose_response",2,2000,"fixed_6",6,3000,1,"ordinary","x1_low__x2_low",0.0999878613285055,-0.122566604150962,0.23834503627183,1,1
7,"cell_03","dose_response",4,2000,"fixed_6",6,3000,1,"ordinary","x1_high__x2_high",0.300178928820129,0.566383895693421,0.0854441155642075,0,0
7,"cell_03","dose_response",4,2000,"fixed_6",6,3000,1,"ordinary","x1_high__x2_low",1.40046163360296,0.951860799503659,0.926102315257287,0,0
7,"cell_03","dose_response",4,2000,"fixed_6",6,3000,1,"ordinary","x1_low__x2_high",-0.999962526535125,-0.59436389811611,-0.578026933890655,0,0
7,"cell_03","dose_response",4,2000,"fixed_6",6,3000,1,"ordinary","x1_low__x2_low",0.0999878613285055,-0.182446256668339,0.301307437374635,1,1
7,"cell_04","dose_response",8,2000,"fixed_6",6,3000,1,"ordinary","x1_high__x2_high",0.300178928820129,0.60646873978299,0.046426260638616,0,0
7,"cell_04","dose_response",8,2000,"fixed_6",6,3000,1,"ordinary","x1_high__x2_low",1.40046163360296,0.961118957806676,0.935741927190572,0,0
7,"cell_04","dose_response",8,2000,"fixed_6",6,3000,1,"ordinary","x1_low__x2_high",-0.999962526535125,-0.600164286981455,-0.589446324787501,0,0
7,"cell_04","dose_response",8,2000,"fixed_6",6,3000,1,"ordinary","x1_low__x2_low",0.0999878613285055,-0.226417225748992,0.351988065924328,1,1
7,"cell_05","dose_response",16,2000,"fixed_6",6,3000,1,"ordinary","x1_high__x2_high",0.300178928820129,0.640199206726912,-0.00682972581688172,1,0
7,"cell_05","dose_response",16,2000,"fixed_6",6,3000,1,"ordinary","x1_high__x2_low",1.40046163360296,0.954586520155306,0.914717302787275,0,0
7,"cell_05","dose_response",16,2000,"fixed_6",6,3000,1,"ordinary","x1_low__x2_high",-0.999962526535125,-0.59312470644126,-0.571599833430206,0,0
7,"cell_05","dose_response",16,2000,"fixed_6",6,3000,1,"ordinary","x1_low__x2_low",0.0999878613285055,-0.25148047788848,0.398196198484214,1,1
7,"cell_06","tree_robustness",8,800,"fixed_6",6,3000,1,"ordinary","x1_high__x2_high",0.300178928820129,0.60702053730827,0.0421893969743167,0,0
7,"cell_06","tree_robustness",8,800,"fixed_6",6,3000,1,"ordinary","x1_high__x2_low",1.40046163360296,0.970775687346244,0.937053562581348,0,0
7,"cell_06","tree_robustness",8,800,"fixed_6",6,3000,1,"ordinary","x1_low__x2_high",-0.999962526535125,-0.597766205551901,-0.589217148801034,0,0
7,"cell_06","tree_robustness",8,800,"fixed_6",6,3000,1,"ordinary","x1_low__x2_low",0.0999878613285055,-0.233464975040557,0.359306439646644,1,1
7,"cell_07","tree_robustness",8,5000,"fixed_6",6,3000,1,"ordinary","x1_high__x2_high",0.300178928820129,0.610461963386688,0.0386604201468411,0,0
7,"cell_07","tree_robustness",8,5000,"fixed_6",6,3000,1,"ordinary","x1_high__x2_low",1.40046163360296,0.962785838929363,0.934842923837214,0,0
7,"cell_07","tree_robustness",8,5000,"fixed_6",6,3000,1,"ordinary","x1_low__x2_high",-0.999962526535125,-0.595271685313833,-0.584258585238639,0,0
7,"cell_07","tree_robustness",8,5000,"fixed_6",6,3000,1,"ordinary","x1_low__x2_low",0.0999878613285055,-0.224702683698475,0.36152579116902,1,1
7,"cell_08","default_mtry",8,2000,"grf_default",27,3000,1,"ordinary","x1_high__x2_high",0.300178928820129,0.420854141815844,0.303306121888652,0,0
7,"cell_08","default_mtry",8,2000,"grf_default",27,3000,1,"ordinary","x1_high__x2_low",1.40046163360296,1.18971055315719,1.22820443897379,0,0
7,"cell_08","default_mtry",8,2000,"grf_default",27,3000,1,"ordinary","x1_low__x2_high",-0.999962526535125,-0.832241476838321,-0.868373490229831,0,0
7,"cell_08","default_mtry",8,2000,"grf_default",27,3000,1,"ordinary","x1_low__x2_low",0.0999878613285055,-0.0213017498755138,0.0936477614175005,1,0
7,"cell_09","larger_sample",8,2000,"fixed_6",6,10000,1,"ordinary","x1_high__x2_high",0.300178928820129,0.571740517863788,0.108655792613427,0,0
7,"cell_09","larger_sample",8,2000,"fixed_6",6,10000,1,"ordinary","x1_high__x2_low",1.40046163360296,1.10894896050288,1.09324581151977,0,0
7,"cell_09","larger_sample",8,2000,"fixed_6",6,10000,1,"ordinary","x1_low__x2_high",-0.999962526535125,-0.718171419813671,-0.726530976600746,0,0
7,"cell_09","larger_sample",8,2000,"fixed_6",6,10000,1,"ordinary","x1_low__x2_low",0.0999878613285055,-0.110065785618648,0.373428084815425,1,1
7,"cell_10","noise_robustness",8,2000,"fixed_6",6,3000,0.5,"ordinary","x1_high__x2_high",0.300178928820129,0.581135350781666,0.0443083944999745,0,0
7,"cell_10","noise_robustness",8,2000,"fixed_6",6,3000,0.5,"ordinary","x1_high__x2_low",1.40046163360296,1.05304260165486,1.03859283804816,0,0
7,"cell_10","noise_robustness",8,2000,"fixed_6",6,3000,0.5,"ordinary","x1_low__x2_high",-0.999962526535125,-0.683314866168732,-0.673395482052339,0,0
7,"cell_10","noise_robustness",8,2000,"fixed_6",6,3000,0.5,"ordinary","x1_low__x2_low",0.0999878613285055,-0.178197119042767,0.35448396442108,1,1
7,"cell_11","noise_robustness",8,2000,"fixed_6",6,3000,2,"ordinary","x1_high__x2_high",0.300178928820129,0.621100941092271,0.0842991277208884,0,0
7,"cell_11","noise_robustness",8,2000,"fixed_6",6,3000,2,"ordinary","x1_high__x2_low",1.40046163360296,0.749443199984383,0.64085178473987,0,0
7,"cell_11","noise_robustness",8,2000,"fixed_6",6,3000,2,"ordinary","x1_low__x2_high",-0.999962526535125,-0.432083097432363,-0.350115806776749,0,0
7,"cell_11","noise_robustness",8,2000,"fixed_6",6,3000,2,"ordinary","x1_low__x2_low",0.0999878613285055,-0.249161074335945,0.305624911065202,1,1
7,"cell_12","invariant_check",16,2000,"fixed_6",6,3000,1,"class_sampled","x1_high__x2_high",0.300178928820129,0.304824300855421,0.304824300855421,0,0
7,"cell_12","invariant_check",16,2000,"fixed_6",6,3000,1,"class_sampled","x1_high__x2_low",1.40046163360296,0.734518568500822,0.734518568500822,0,0
7,"cell_12","invariant_check",16,2000,"fixed_6",6,3000,1,"class_sampled","x1_low__x2_high",-0.999962526535125,-0.386187992192219,-0.386187992192219,0,0
7,"cell_12","invariant_check",16,2000,"fixed_6",6,3000,1,"class_sampled","x1_low__x2_low",0.0999878613285055,0.0677270104125297,0.0677270104125297,0,0
8,"cell_01","dose_response",1,2000,"fixed_6",6,3000,1,"ordinary","x1_high__x2_high",0.299905555780628,0.445738819408329,0.181440549045719,0,0
8,"cell_01","dose_response",1,2000,"fixed_6",6,3000,1,"ordinary","x1_high__x2_low",1.40042480170532,0.957651417801152,0.942377810270384,0,0
8,"cell_01","dose_response",1,2000,"fixed_6",6,3000,1,"ordinary","x1_low__x2_high",-0.999771597194097,-0.518947561925399,-0.506428158766814,0,0
8,"cell_01","dose_response",1,2000,"fixed_6",6,3000,1,"ordinary","x1_low__x2_low",0.100363405242984,0.00948987155961291,0.277233339400298,0,0
8,"cell_02","dose_response",2,2000,"fixed_6",6,3000,1,"ordinary","x1_high__x2_high",0.299905555780628,0.512585572373876,0.119834043113161,0,0
8,"cell_02","dose_response",2,2000,"fixed_6",6,3000,1,"ordinary","x1_high__x2_low",1.40042480170532,1.0099046373976,0.988555318651567,0,0
8,"cell_02","dose_response",2,2000,"fixed_6",6,3000,1,"ordinary","x1_low__x2_high",-0.999771597194097,-0.577020645116419,-0.551604473475599,0,0
8,"cell_02","dose_response",2,2000,"fixed_6",6,3000,1,"ordinary","x1_low__x2_low",0.100363405242984,-0.0582739612870111,0.329177132890896,1,0
8,"cell_03","dose_response",4,2000,"fixed_6",6,3000,1,"ordinary","x1_high__x2_high",0.299905555780628,0.579209489016866,0.0603286811787589,0,0
8,"cell_03","dose_response",4,2000,"fixed_6",6,3000,1,"ordinary","x1_high__x2_low",1.40042480170532,1.04534878768253,1.02488641738176,0,0
8,"cell_03","dose_response",4,2000,"fixed_6",6,3000,1,"ordinary","x1_low__x2_high",-0.999771597194097,-0.607082520814767,-0.588204323207193,0,0
8,"cell_03","dose_response",4,2000,"fixed_6",6,3000,1,"ordinary","x1_low__x2_low",0.100363405242984,-0.129189694756865,0.393409326659982,1,1
8,"cell_04","dose_response",8,2000,"fixed_6",6,3000,1,"ordinary","x1_high__x2_high",0.299905555780628,0.622480231820644,0.0205911713906553,0,0
8,"cell_04","dose_response",8,2000,"fixed_6",6,3000,1,"ordinary","x1_high__x2_low",1.40042480170532,1.05654895865656,1.03903675363669,0,0
8,"cell_04","dose_response",8,2000,"fixed_6",6,3000,1,"ordinary","x1_low__x2_high",-0.999771597194097,-0.628826024039012,-0.602925367541408,0,0
8,"cell_04","dose_response",8,2000,"fixed_6",6,3000,1,"ordinary","x1_low__x2_low",0.100363405242984,-0.163195083823177,0.431637109407303,1,1
8,"cell_05","dose_response",16,2000,"fixed_6",6,3000,1,"ordinary","x1_high__x2_high",0.299905555780628,0.657537404259531,-0.0308064204027479,1,0
8,"cell_05","dose_response",16,2000,"fixed_6",6,3000,1,"ordinary","x1_high__x2_low",1.40042480170532,1.03879273032145,1.01953679641781,0,0
8,"cell_05","dose_response",16,2000,"fixed_6",6,3000,1,"ordinary","x1_low__x2_high",-0.999771597194097,-0.617834386390419,-0.577961083997302,0,0
8,"cell_05","dose_response",16,2000,"fixed_6",6,3000,1,"ordinary","x1_low__x2_low",0.100363405242984,-0.197724097683032,0.478910209735267,1,1
8,"cell_06","tree_robustness",8,800,"fixed_6",6,3000,1,"ordinary","x1_high__x2_high",0.299905555780628,0.614694457769849,0.0125269854170377,0,0
8,"cell_06","tree_robustness",8,800,"fixed_6",6,3000,1,"ordinary","x1_high__x2_low",1.40042480170532,1.05362392335888,1.03262413667318,0,0
8,"cell_06","tree_robustness",8,800,"fixed_6",6,3000,1,"ordinary","x1_low__x2_high",-0.999771597194097,-0.626206540788202,-0.596792970956523,0,0
8,"cell_06","tree_robustness",8,800,"fixed_6",6,3000,1,"ordinary","x1_low__x2_low",0.100363405242984,-0.165821118092239,0.424119727733371,1,1
8,"cell_07","tree_robustness",8,5000,"fixed_6",6,3000,1,"ordinary","x1_high__x2_high",0.299905555780628,0.614871053172551,0.0128007140441012,0,0
8,"cell_07","tree_robustness",8,5000,"fixed_6",6,3000,1,"ordinary","x1_high__x2_low",1.40042480170532,1.05046445568766,1.02779761818649,0,0
8,"cell_07","tree_robustness",8,5000,"fixed_6",6,3000,1,"ordinary","x1_low__x2_high",-0.999771597194097,-0.624703357680896,-0.593566701242828,0,0
8,"cell_07","tree_robustness",8,5000,"fixed_6",6,3000,1,"ordinary","x1_low__x2_low",0.100363405242984,-0.156460733824937,0.440078585300084,1,1
8,"cell_08","default_mtry",8,2000,"grf_default",27,3000,1,"ordinary","x1_high__x2_high",0.299905555780628,0.392801155128941,0.287483695099541,0,0
8,"cell_08","default_mtry",8,2000,"grf_default",27,3000,1,"ordinary","x1_high__x2_low",1.40042480170532,1.31259760273261,1.33008948657271,0,0
8,"cell_08","default_mtry",8,2000,"grf_default",27,3000,1,"ordinary","x1_low__x2_high",-0.999771597194097,-0.907829013430003,-0.921639219893106,0,0
8,"cell_08","default_mtry",8,2000,"grf_default",27,3000,1,"ordinary","x1_low__x2_low",0.100363405242984,0.0665679254491041,0.172904171399925,0,0
8,"cell_09","larger_sample",8,2000,"fixed_6",6,10000,1,"ordinary","x1_high__x2_high",0.299905555780628,0.593475855780458,0.121539993517144,0,0
8,"cell_09","larger_sample",8,2000,"fixed_6",6,10000,1,"ordinary","x1_high__x2_low",1.40042480170532,1.10598718370646,1.07958250333594,0,0
8,"cell_09","larger_sample",8,2000,"fixed_6",6,10000,1,"ordinary","x1_low__x2_high",-0.999771597194097,-0.762125949530163,-0.755075321888663,0,0
8,"cell_09","larger_sample",8,2000,"fixed_6",6,10000,1,"ordinary","x1_low__x2_low",0.100363405242984,-0.14680395669035,0.332879063846397,1,1
8,"cell_10","noise_robustness",8,2000,"fixed_6",6,3000,0.5,"ordinary","x1_high__x2_high",0.299905555780628,0.578913069987421,0.043872386374121,0,0
8,"cell_10","noise_robustness",8,2000,"fixed_6",6,3000,0.5,"ordinary","x1_high__x2_low",1.40042480170532,1.10404236854162,1.10386927410688,0,0
8,"cell_10","noise_robustness",8,2000,"fixed_6",6,3000,0.5,"ordinary","x1_low__x2_high",-0.999771597194097,-0.683930422386207,-0.687739797629712,0,0
8,"cell_10","noise_robustness",8,2000,"fixed_6",6,3000,0.5,"ordinary","x1_low__x2_low",0.100363405242984,-0.149223860737096,0.387627671762054,1,1
8,"cell_11","noise_robustness",8,2000,"fixed_6",6,3000,2,"ordinary","x1_high__x2_high",0.299905555780628,0.638814307855562,-0.0170134140836982,1,0
8,"cell_11","noise_robustness",8,2000,"fixed_6",6,3000,2,"ordinary","x1_high__x2_low",1.40042480170532,0.935491790661873,0.921855687297472,0,0
8,"cell_11","noise_robustness",8,2000,"fixed_6",6,3000,2,"ordinary","x1_low__x2_high",-0.999771597194097,-0.473706314762901,-0.453450431664323,0,0
8,"cell_11","noise_robustness",8,2000,"fixed_6",6,3000,2,"ordinary","x1_low__x2_low",0.100363405242984,-0.125987073725296,0.523023470755558,1,1
8,"cell_12","invariant_check",16,2000,"fixed_6",6,3000,1,"class_sampled","x1_high__x2_high",0.299905555780628,0.308716725622589,0.308716725622589,0,0
8,"cell_12","invariant_check",16,2000,"fixed_6",6,3000,1,"class_sampled","x1_high__x2_low",1.40042480170532,0.841735088300157,0.841735088300157,0,0
8,"cell_12","invariant_check",16,2000,"fixed_6",6,3000,1,"class_sampled","x1_low__x2_high",-0.999771597194097,-0.394837700923997,-0.394837700923997,0,0
8,"cell_12","invariant_check",16,2000,"fixed_6",6,3000,1,"class_sampled","x1_low__x2_low",0.100363405242984,0.154403982744052,0.154403982744052,0,0
9,"cell_01","dose_response",1,2000,"fixed_6",6,3000,1,"ordinary","x1_high__x2_high",0.300077188502294,0.456991584700663,0.17765276650454,0,0
9,"cell_01","dose_response",1,2000,"fixed_6",6,3000,1,"ordinary","x1_high__x2_low",1.39975488174743,0.944362998679312,0.93584607132612,0,0
9,"cell_01","dose_response",1,2000,"fixed_6",6,3000,1,"ordinary","x1_low__x2_high",-0.999940191962716,-0.551040337700996,-0.551553428586495,0,0
9,"cell_01","dose_response",1,2000,"fixed_6",6,3000,1,"ordinary","x1_low__x2_low",0.0997380573530748,-0.0654248607690975,0.196999544783032,1,0
9,"cell_02","dose_response",2,2000,"fixed_6",6,3000,1,"ordinary","x1_high__x2_high",0.300077188502294,0.516422418895926,0.105148024241344,0,0
9,"cell_02","dose_response",2,2000,"fixed_6",6,3000,1,"ordinary","x1_high__x2_low",1.39975488174743,0.998431195623981,0.968058714699071,0,0
9,"cell_02","dose_response",2,2000,"fixed_6",6,3000,1,"ordinary","x1_low__x2_high",-0.999940191962716,-0.60684868957429,-0.58799189167546,0,0
9,"cell_02","dose_response",2,2000,"fixed_6",6,3000,1,"ordinary","x1_low__x2_low",0.0997380573530748,-0.134778825778262,0.270895831910306,1,1
9,"cell_03","dose_response",4,2000,"fixed_6",6,3000,1,"ordinary","x1_high__x2_high",0.300077188502294,0.575197160328188,0.0427259922493531,0,0
9,"cell_03","dose_response",4,2000,"fixed_6",6,3000,1,"ordinary","x1_high__x2_low",1.39975488174743,1.03648406909637,1.00837544360183,0,0
9,"cell_03","dose_response",4,2000,"fixed_6",6,3000,1,"ordinary","x1_low__x2_high",-0.999940191962716,-0.631302796755093,-0.624422338996586,0,0
9,"cell_03","dose_response",4,2000,"fixed_6",6,3000,1,"ordinary","x1_low__x2_low",0.0997380573530748,-0.191124098718064,0.323347057589076,1,1
9,"cell_04","dose_response",8,2000,"fixed_6",6,3000,1,"ordinary","x1_high__x2_high",0.300077188502294,0.62326720459316,0.00224302771052032,0,0
9,"cell_04","dose_response",8,2000,"fixed_6",6,3000,1,"ordinary","x1_high__x2_low",1.39975488174743,1.05101611869827,1.01917925659702,0,0
9,"cell_04","dose_response",8,2000,"fixed_6",6,3000,1,"ordinary","x1_low__x2_high",-0.999940191962716,-0.649648669663264,-0.63637891800203,0,0
9,"cell_04","dose_response",8,2000,"fixed_6",6,3000,1,"ordinary","x1_low__x2_low",0.0997380573530748,-0.230546627968429,0.369890859203962,1,1
9,"cell_05","dose_response",16,2000,"fixed_6",6,3000,1,"ordinary","x1_high__x2_high",0.300077188502294,0.659627536907683,-0.0505502214909726,1,0
9,"cell_05","dose_response",16,2000,"fixed_6",6,3000,1,"ordinary","x1_high__x2_low",1.39975488174743,1.02981283975467,1.00985491844673,0,0
9,"cell_05","dose_response",16,2000,"fixed_6",6,3000,1,"ordinary","x1_low__x2_high",-0.999940191962716,-0.633477010477696,-0.611671581958643,0,0
9,"cell_05","dose_response",16,2000,"fixed_6",6,3000,1,"ordinary","x1_low__x2_low",0.0997380573530748,-0.266690860173998,0.403040755909345,1,1
9,"cell_06","tree_robustness",8,800,"fixed_6",6,3000,1,"ordinary","x1_high__x2_high",0.300077188502294,0.620424684781441,-0.0111135394517163,1,0
9,"cell_06","tree_robustness",8,800,"fixed_6",6,3000,1,"ordinary","x1_high__x2_low",1.39975488174743,1.05781001659306,1.01000743736771,0,0
9,"cell_06","tree_robustness",8,800,"fixed_6",6,3000,1,"ordinary","x1_low__x2_high",-0.999940191962716,-0.653224826602895,-0.630615759299195,0,0
9,"cell_06","tree_robustness",8,800,"fixed_6",6,3000,1,"ordinary","x1_low__x2_low",0.0997380573530748,-0.229466190809163,0.380127531048002,1,1
9,"cell_07","tree_robustness",8,5000,"fixed_6",6,3000,1,"ordinary","x1_high__x2_high",0.300077188502294,0.623588034110652,-0.00797387927977766,1,0
9,"cell_07","tree_robustness",8,5000,"fixed_6",6,3000,1,"ordinary","x1_high__x2_low",1.39975488174743,1.05405710010707,1.0123158935085,0,0
9,"cell_07","tree_robustness",8,5000,"fixed_6",6,3000,1,"ordinary","x1_low__x2_high",-0.999940191962716,-0.650447480766947,-0.630190506680631,0,0
9,"cell_07","tree_robustness",8,5000,"fixed_6",6,3000,1,"ordinary","x1_low__x2_low",0.0997380573530748,-0.231987354326558,0.373442789544453,1,1
9,"cell_08","default_mtry",8,2000,"grf_default",27,3000,1,"ordinary","x1_high__x2_high",0.300077188502294,0.40384565082324,0.286230714504311,0,0
9,"cell_08","default_mtry",8,2000,"grf_default",27,3000,1,"ordinary","x1_high__x2_low",1.39975488174743,1.28544586843134,1.31675736037115,0,0
9,"cell_08","default_mtry",8,2000,"grf_default",27,3000,1,"ordinary","x1_low__x2_high",-0.999940191962716,-0.903528101503768,-0.927847274066564,0,0
9,"cell_08","default_mtry",8,2000,"grf_default",27,3000,1,"ordinary","x1_low__x2_low",0.0997380573530748,-0.0122226827018406,0.0878551554892419,1,0
9,"cell_09","larger_sample",8,2000,"fixed_6",6,10000,1,"ordinary","x1_high__x2_high",0.300077188502294,0.482741049471612,-0.00655875839783797,1,0
9,"cell_09","larger_sample",8,2000,"fixed_6",6,10000,1,"ordinary","x1_high__x2_low",1.39975488174743,1.11089959324494,1.13100516257219,0,0
9,"cell_09","larger_sample",8,2000,"fixed_6",6,10000,1,"ordinary","x1_low__x2_high",-0.999940191962716,-0.752507959897983,-0.750577766849095,0,0
9,"cell_09","larger_sample",8,2000,"fixed_6",6,10000,1,"ordinary","x1_low__x2_low",0.0997380573530748,-0.157321309338239,0.323445238636097,1,1
9,"cell_10","noise_robustness",8,2000,"fixed_6",6,3000,0.5,"ordinary","x1_high__x2_high",0.300077188502294,0.580304566718789,0.0212855494831086,0,0
9,"cell_10","noise_robustness",8,2000,"fixed_6",6,3000,0.5,"ordinary","x1_high__x2_low",1.39975488174743,1.11027877237521,1.08715282198786,0,0
9,"cell_10","noise_robustness",8,2000,"fixed_6",6,3000,0.5,"ordinary","x1_low__x2_high",-0.999940191962716,-0.702966964845399,-0.696395156080765,0,0
9,"cell_10","noise_robustness",8,2000,"fixed_6",6,3000,0.5,"ordinary","x1_low__x2_low",0.0997380573530748,-0.179359037167645,0.35507235807491,1,1
9,"cell_11","noise_robustness",8,2000,"fixed_6",6,3000,2,"ordinary","x1_high__x2_high",0.300077188502294,0.644099399833165,-0.0439757625291876,1,0
9,"cell_11","noise_robustness",8,2000,"fixed_6",6,3000,2,"ordinary","x1_high__x2_low",1.39975488174743,0.902701205834532,0.835693073513007,0,0
9,"cell_11","noise_robustness",8,2000,"fixed_6",6,3000,2,"ordinary","x1_low__x2_high",-0.999940191962716,-0.508914991127081,-0.466965718187593,0,0
9,"cell_11","noise_robustness",8,2000,"fixed_6",6,3000,2,"ordinary","x1_low__x2_low",0.0997380573530748,-0.288361543704858,0.384515124828164,1,1
9,"cell_12","invariant_check",16,2000,"fixed_6",6,3000,1,"class_sampled","x1_high__x2_high",0.300077188502294,0.293732849320862,0.293732849320862,0,0
9,"cell_12","invariant_check",16,2000,"fixed_6",6,3000,1,"class_sampled","x1_high__x2_low",1.39975488174743,0.820316919753907,0.820316919753907,0,0
9,"cell_12","invariant_check",16,2000,"fixed_6",6,3000,1,"class_sampled","x1_low__x2_high",-0.999940191962716,-0.435187080616796,-0.435187080616796,0,0
9,"cell_12","invariant_check",16,2000,"fixed_6",6,3000,1,"class_sampled","x1_low__x2_low",0.0997380573530748,0.0885945813353149,0.0885945813353149,0,0
10,"cell_01","dose_response",1,2000,"fixed_6",6,3000,1,"ordinary","x1_high__x2_high",0.300405756001422,0.373231844624849,0.10553931914875,0,0
10,"cell_01","dose_response",1,2000,"fixed_6",6,3000,1,"ordinary","x1_high__x2_low",1.39990926788833,0.852354340802015,0.842983990136611,0,0
10,"cell_01","dose_response",1,2000,"fixed_6",6,3000,1,"ordinary","x1_low__x2_high",-0.999775039061785,-0.604509218183576,-0.602315850206957,0,0
10,"cell_01","dose_response",1,2000,"fixed_6",6,3000,1,"ordinary","x1_low__x2_low",0.0996809290073087,-0.0337199498654125,0.253128333099912,1,0
10,"cell_02","dose_response",2,2000,"fixed_6",6,3000,1,"ordinary","x1_high__x2_high",0.300405756001422,0.443181661649804,0.0434609243447536,0,0
10,"cell_02","dose_response",2,2000,"fixed_6",6,3000,1,"ordinary","x1_high__x2_low",1.39990926788833,0.899654681613757,0.893953315322846,0,0
10,"cell_02","dose_response",2,2000,"fixed_6",6,3000,1,"ordinary","x1_low__x2_high",-0.999775039061785,-0.661138641622208,-0.656468821875442,0,0
10,"cell_02","dose_response",2,2000,"fixed_6",6,3000,1,"ordinary","x1_low__x2_low",0.0996809290073087,-0.0895491931857068,0.320189609812003,1,0
10,"cell_03","dose_response",4,2000,"fixed_6",6,3000,1,"ordinary","x1_high__x2_high",0.300405756001422,0.506935564233518,-0.0164712490979572,1,0
10,"cell_03","dose_response",4,2000,"fixed_6",6,3000,1,"ordinary","x1_high__x2_low",1.39990926788833,0.93210051517123,0.926951965750936,0,0
10,"cell_03","dose_response",4,2000,"fixed_6",6,3000,1,"ordinary","x1_low__x2_high",-0.999775039061785,-0.683575408257116,-0.695562883306843,0,0
10,"cell_03","dose_response",4,2000,"fixed_6",6,3000,1,"ordinary","x1_low__x2_low",0.0996809290073087,-0.162676656156844,0.383521690030389,1,1
10,"cell_04","dose_response",8,2000,"fixed_6",6,3000,1,"ordinary","x1_high__x2_high",0.300405756001422,0.549330655139465,-0.0688558838582865,1,0
10,"cell_04","dose_response",8,2000,"fixed_6",6,3000,1,"ordinary","x1_high__x2_low",1.39990926788833,0.944396573463606,0.94955488636501,0,0
10,"cell_04","dose_response",8,2000,"fixed_6",6,3000,1,"ordinary","x1_low__x2_high",-0.999775039061785,-0.699859385041444,-0.709018436036565,0,0
10,"cell_04","dose_response",8,2000,"fixed_6",6,3000,1,"ordinary","x1_low__x2_low",0.0996809290073087,-0.199292967495309,0.435926488662543,1,1
10,"cell_05","dose_response",16,2000,"fixed_6",6,3000,1,"ordinary","x1_high__x2_high",0.300405756001422,0.578066542277222,-0.111521345419348,1,1
10,"cell_05","dose_response",16,2000,"fixed_6",6,3000,1,"ordinary","x1_high__x2_low",1.39990926788833,0.939113597032073,0.937977699734175,0,0
10,"cell_05","dose_response",16,2000,"fixed_6",6,3000,1,"ordinary","x1_low__x2_high",-0.999775039061785,-0.683671318558323,-0.689551092621152,0,0
10,"cell_05","dose_response",16,2000,"fixed_6",6,3000,1,"ordinary","x1_low__x2_low",0.0996809290073087,-0.244007755909443,0.473478046434211,1,1
10,"cell_06","tree_robustness",8,800,"fixed_6",6,3000,1,"ordinary","x1_high__x2_high",0.300405756001422,0.552364986685377,-0.0609642840719965,1,0
10,"cell_06","tree_robustness",8,800,"fixed_6",6,3000,1,"ordinary","x1_high__x2_low",1.39990926788833,0.947933444646284,0.945347559151197,0,0
10,"cell_06","tree_robustness",8,800,"fixed_6",6,3000,1,"ordinary","x1_low__x2_high",-0.999775039061785,-0.701957305738216,-0.7087137144306,0,0
10,"cell_06","tree_robustness",8,800,"fixed_6",6,3000,1,"ordinary","x1_low__x2_low",0.0996809290073087,-0.193860335649875,0.435011801723447,1,1
10,"cell_07","tree_robustness",8,5000,"fixed_6",6,3000,1,"ordinary","x1_high__x2_high",0.300405756001422,0.552517633176273,-0.0707148473890177,1,0
10,"cell_07","tree_robustness",8,5000,"fixed_6",6,3000,1,"ordinary","x1_high__x2_low",1.39990926788833,0.94156725642317,0.943629123784257,0,0
10,"cell_07","tree_robustness",8,5000,"fixed_6",6,3000,1,"ordinary","x1_low__x2_high",-0.999775039061785,-0.700898966113859,-0.70544668303143,0,0
10,"cell_07","tree_robustness",8,5000,"fixed_6",6,3000,1,"ordinary","x1_low__x2_low",0.0996809290073087,-0.202250315147523,0.440358678402708,1,1
10,"cell_08","default_mtry",8,2000,"grf_default",27,3000,1,"ordinary","x1_high__x2_high",0.300405756001422,0.340292839182314,0.218452134204193,0,0
10,"cell_08","default_mtry",8,2000,"grf_default",27,3000,1,"ordinary","x1_high__x2_low",1.39990926788833,1.17241113816083,1.19056417492585,0,0
10,"cell_08","default_mtry",8,2000,"grf_default",27,3000,1,"ordinary","x1_low__x2_high",-0.999775039061785,-0.96900640885652,-0.997699405430698,0,0
10,"cell_08","default_mtry",8,2000,"grf_default",27,3000,1,"ordinary","x1_low__x2_low",0.0996809290073087,0.0554840448149563,0.188056799965919,0,0
10,"cell_09","larger_sample",8,2000,"fixed_6",6,10000,1,"ordinary","x1_high__x2_high",0.300405756001422,0.508751352777404,0.0333630446554412,0,0
10,"cell_09","larger_sample",8,2000,"fixed_6",6,10000,1,"ordinary","x1_high__x2_low",1.39990926788833,1.08844782612124,1.08717468635213,0,0
10,"cell_09","larger_sample",8,2000,"fixed_6",6,10000,1,"ordinary","x1_low__x2_high",-0.999775039061785,-0.73874342024055,-0.755171324172485,0,0
10,"cell_09","larger_sample",8,2000,"fixed_6",6,10000,1,"ordinary","x1_low__x2_low",0.0996809290073087,-0.116172785459821,0.380662875155267,1,1
10,"cell_10","noise_robustness",8,2000,"fixed_6",6,3000,0.5,"ordinary","x1_high__x2_high",0.300405756001422,0.546317232304457,-0.0173171798018201,1,0
10,"cell_10","noise_robustness",8,2000,"fixed_6",6,3000,0.5,"ordinary","x1_high__x2_low",1.39990926788833,1.05923328254186,1.06177228801481,0,0
10,"cell_10","noise_robustness",8,2000,"fixed_6",6,3000,0.5,"ordinary","x1_low__x2_high",-0.999775039061785,-0.729498516661777,-0.735737620922906,0,0
10,"cell_10","noise_robustness",8,2000,"fixed_6",6,3000,0.5,"ordinary","x1_low__x2_low",0.0996809290073087,-0.186310676529974,0.392710254294062,1,1
10,"cell_11","noise_robustness",8,2000,"fixed_6",6,3000,2,"ordinary","x1_high__x2_high",0.300405756001422,0.471723812946237,-0.16625844318535,1,1
10,"cell_11","noise_robustness",8,2000,"fixed_6",6,3000,2,"ordinary","x1_high__x2_low",1.39990926788833,0.705163733525868,0.707594577036244,0,0
10,"cell_11","noise_robustness",8,2000,"fixed_6",6,3000,2,"ordinary","x1_low__x2_high",-0.999775039061785,-0.556183706037994,-0.582681604829677,0,0
10,"cell_11","noise_robustness",8,2000,"fixed_6",6,3000,2,"ordinary","x1_low__x2_low",0.0996809290073087,-0.212660267412134,0.43747458324528,1,1
10,"cell_12","invariant_check",16,2000,"fixed_6",6,3000,1,"class_sampled","x1_high__x2_high",0.300405756001422,0.207132759293411,0.207132759293411,0,0
10,"cell_12","invariant_check",16,2000,"fixed_6",6,3000,1,"class_sampled","x1_high__x2_low",1.39990926788833,0.735518432292223,0.735518432292223,0,0
10,"cell_12","invariant_check",16,2000,"fixed_6",6,3000,1,"class_sampled","x1_low__x2_high",-0.999775039061785,-0.476014664185107,-0.476014664185107,0,0
10,"cell_12","invariant_check",16,2000,"fixed_6",6,3000,1,"class_sampled","x1_low__x2_low",0.0996809290073087,0.120390369921627,0.120390369921627,0,0
11,"cell_01","dose_response",1,2000,"fixed_6",6,3000,1,"ordinary","x1_high__x2_high",0.300029668492491,0.510398865013537,0.24779701524324,0,0
11,"cell_01","dose_response",1,2000,"fixed_6",6,3000,1,"ordinary","x1_high__x2_low",1.40023069419036,0.994567290085173,0.971057573857171,0,0
11,"cell_01","dose_response",1,2000,"fixed_6",6,3000,1,"ordinary","x1_low__x2_high",-1.00037051967748,-0.499963856991915,-0.477395397736052,0,0
11,"cell_01","dose_response",1,2000,"fixed_6",6,3000,1,"ordinary","x1_low__x2_low",0.100098230280837,0.0123644781933231,0.290114203726656,0,0
11,"cell_02","dose_response",2,2000,"fixed_6",6,3000,1,"ordinary","x1_high__x2_high",0.300029668492491,0.573062133983153,0.188935556376175,0,0
11,"cell_02","dose_response",2,2000,"fixed_6",6,3000,1,"ordinary","x1_high__x2_low",1.40023069419036,1.0434188618429,1.02803055078995,0,0
11,"cell_02","dose_response",2,2000,"fixed_6",6,3000,1,"ordinary","x1_low__x2_high",-1.00037051967748,-0.554467672111323,-0.527134462861719,0,0
11,"cell_02","dose_response",2,2000,"fixed_6",6,3000,1,"ordinary","x1_low__x2_low",0.100098230280837,-0.0496820504897717,0.355448473415402,1,0
11,"cell_03","dose_response",4,2000,"fixed_6",6,3000,1,"ordinary","x1_high__x2_high",0.300029668492491,0.637353520917205,0.136625462736381,0,0
11,"cell_03","dose_response",4,2000,"fixed_6",6,3000,1,"ordinary","x1_high__x2_low",1.40023069419036,1.07165498300823,1.06195441853891,0,0
11,"cell_03","dose_response",4,2000,"fixed_6",6,3000,1,"ordinary","x1_low__x2_high",-1.00037051967748,-0.580810856474594,-0.56719946113761,0,0
11,"cell_03","dose_response",4,2000,"fixed_6",6,3000,1,"ordinary","x1_low__x2_low",0.100098230280837,-0.112942318821405,0.422504246705619,1,1
11,"cell_04","dose_response",8,2000,"fixed_6",6,3000,1,"ordinary","x1_high__x2_high",0.300029668492491,0.67183632599488,0.0818851702528691,0,0
11,"cell_04","dose_response",8,2000,"fixed_6",6,3000,1,"ordinary","x1_high__x2_low",1.40023069419036,1.07814433441428,1.08337099824611,0,0
11,"cell_04","dose_response",8,2000,"fixed_6",6,3000,1,"ordinary","x1_low__x2_high",-1.00037051967748,-0.584957140863886,-0.576861279844216,0,0
11,"cell_04","dose_response",8,2000,"fixed_6",6,3000,1,"ordinary","x1_low__x2_low",0.100098230280837,-0.157885809141583,0.467023835799907,1,1
11,"cell_05","dose_response",16,2000,"fixed_6",6,3000,1,"ordinary","x1_high__x2_high",0.300029668492491,0.698221398507468,0.0359371532892523,0,0
11,"cell_05","dose_response",16,2000,"fixed_6",6,3000,1,"ordinary","x1_high__x2_low",1.40023069419036,1.0676142461211,1.06792085809919,0,0
11,"cell_05","dose_response",16,2000,"fixed_6",6,3000,1,"ordinary","x1_low__x2_high",-1.00037051967748,-0.583855281868079,-0.555461505274214,0,0
11,"cell_05","dose_response",16,2000,"fixed_6",6,3000,1,"ordinary","x1_low__x2_low",0.100098230280837,-0.188119898581118,0.513485320071914,1,1
11,"cell_06","tree_robustness",8,800,"fixed_6",6,3000,1,"ordinary","x1_high__x2_high",0.300029668492491,0.667341751479847,0.0781965713439296,0,0
11,"cell_06","tree_robustness",8,800,"fixed_6",6,3000,1,"ordinary","x1_high__x2_low",1.40023069419036,1.07985777945054,1.07926402871653,0,0
11,"cell_06","tree_robustness",8,800,"fixed_6",6,3000,1,"ordinary","x1_low__x2_high",-1.00037051967748,-0.585387746311159,-0.568391366267543,0,0
11,"cell_06","tree_robustness",8,800,"fixed_6",6,3000,1,"ordinary","x1_low__x2_low",0.100098230280837,-0.154413574826125,0.470604426502284,1,1
11,"cell_07","tree_robustness",8,5000,"fixed_6",6,3000,1,"ordinary","x1_high__x2_high",0.300029668492491,0.677668667676128,0.0805862392268627,0,0
11,"cell_07","tree_robustness",8,5000,"fixed_6",6,3000,1,"ordinary","x1_high__x2_low",1.40023069419036,1.07958689101507,1.0731673583013,0,0
11,"cell_07","tree_robustness",8,5000,"fixed_6",6,3000,1,"ordinary","x1_low__x2_high",-1.00037051967748,-0.587618115049029,-0.577059725705769,0,0
11,"cell_07","tree_robustness",8,5000,"fixed_6",6,3000,1,"ordinary","x1_low__x2_low",0.100098230280837,-0.158108907891887,0.479504357785101,1,1
11,"cell_08","default_mtry",8,2000,"grf_default",27,3000,1,"ordinary","x1_high__x2_high",0.300029668492491,0.461705145536762,0.356595678359115,0,0
11,"cell_08","default_mtry",8,2000,"grf_default",27,3000,1,"ordinary","x1_high__x2_low",1.40023069419036,1.34640434873129,1.3786280956746,0,0
11,"cell_08","default_mtry",8,2000,"grf_default",27,3000,1,"ordinary","x1_low__x2_high",-1.00037051967748,-0.838106087084565,-0.87404357028051,0,0
11,"cell_08","default_mtry",8,2000,"grf_default",27,3000,1,"ordinary","x1_low__x2_low",0.100098230280837,0.0814186636030194,0.202889390292529,0,0
11,"cell_09","larger_sample",8,2000,"fixed_6",6,10000,1,"ordinary","x1_high__x2_high",0.300029668492491,0.540797844362442,0.0644535405601073,0,0
11,"cell_09","larger_sample",8,2000,"fixed_6",6,10000,1,"ordinary","x1_high__x2_low",1.40023069419036,1.15763280212399,1.16127050778891,0,0
11,"cell_09","larger_sample",8,2000,"fixed_6",6,10000,1,"ordinary","x1_low__x2_high",-1.00037051967748,-0.685534239372283,-0.677588182861973,0,0
11,"cell_09","larger_sample",8,2000,"fixed_6",6,10000,1,"ordinary","x1_low__x2_low",0.100098230280837,-0.140362141769556,0.347493962366675,1,1
11,"cell_10","noise_robustness",8,2000,"fixed_6",6,3000,0.5,"ordinary","x1_high__x2_high",0.300029668492491,0.602063216694632,0.0741351501539614,0,0
11,"cell_10","noise_robustness",8,2000,"fixed_6",6,3000,0.5,"ordinary","x1_high__x2_low",1.40023069419036,1.11914397485556,1.11432576909954,0,0
11,"cell_10","noise_robustness",8,2000,"fixed_6",6,3000,0.5,"ordinary","x1_low__x2_high",-1.00037051967748,-0.679872606342837,-0.674213411610004,0,0
11,"cell_10","noise_robustness",8,2000,"fixed_6",6,3000,0.5,"ordinary","x1_low__x2_low",0.100098230280837,-0.150837983325955,0.41760978724898,1,1
11,"cell_11","noise_robustness",8,2000,"fixed_6",6,3000,2,"ordinary","x1_high__x2_high",0.300029668492491,0.784548747042183,0.157617223037053,0,0
11,"cell_11","noise_robustness",8,2000,"fixed_6",6,3000,2,"ordinary","x1_high__x2_low",1.40023069419036,0.992393988385188,0.935515403906875,0,0
11,"cell_11","noise_robustness",8,2000,"fixed_6",6,3000,2,"ordinary","x1_low__x2_high",-1.00037051967748,-0.385881927958611,-0.32589316069853,0,0
11,"cell_11","noise_robustness",8,2000,"fixed_6",6,3000,2,"ordinary","x1_low__x2_low",0.100098230280837,-0.146091895401725,0.519652028658784,1,1
11,"cell_12","invariant_check",16,2000,"fixed_6",6,3000,1,"class_sampled","x1_high__x2_high",0.300029668492491,0.36364113914762,0.36364113914762,0,0
11,"cell_12","invariant_check",16,2000,"fixed_6",6,3000,1,"class_sampled","x1_high__x2_low",1.40023069419036,0.863017226919696,0.863017226919696,0,0
11,"cell_12","invariant_check",16,2000,"fixed_6",6,3000,1,"class_sampled","x1_low__x2_high",-1.00037051967748,-0.377826159376484,-0.377826159376484,0,0
11,"cell_12","invariant_check",16,2000,"fixed_6",6,3000,1,"class_sampled","x1_low__x2_low",0.100098230280837,0.165716736623863,0.165716736623863,0,0
12,"cell_01","dose_response",1,2000,"fixed_6",6,3000,1,"ordinary","x1_high__x2_high",0.299787012857608,0.434660790770261,0.164054666988844,0,0
12,"cell_01","dose_response",1,2000,"fixed_6",6,3000,1,"ordinary","x1_high__x2_low",1.39975565440025,0.964876687919849,0.944054301600283,0,0
12,"cell_01","dose_response",1,2000,"fixed_6",6,3000,1,"ordinary","x1_low__x2_high",-1.00037349405052,-0.564292935728943,-0.5308143254043,0,0
12,"cell_01","dose_response",1,2000,"fixed_6",6,3000,1,"ordinary","x1_low__x2_low",0.100578364350293,-0.0718947500587475,0.201574118544006,1,0
12,"cell_02","dose_response",2,2000,"fixed_6",6,3000,1,"ordinary","x1_high__x2_high",0.299787012857608,0.500726707130673,0.107162128538214,0,0
12,"cell_02","dose_response",2,2000,"fixed_6",6,3000,1,"ordinary","x1_high__x2_low",1.39975565440025,1.00861054131543,0.994771779798472,0,0
12,"cell_02","dose_response",2,2000,"fixed_6",6,3000,1,"ordinary","x1_low__x2_high",-1.00037349405052,-0.604536140201857,-0.584529731337391,0,0
12,"cell_02","dose_response",2,2000,"fixed_6",6,3000,1,"ordinary","x1_low__x2_low",0.100578364350293,-0.139761871823771,0.26924874291985,1,1
12,"cell_03","dose_response",4,2000,"fixed_6",6,3000,1,"ordinary","x1_high__x2_high",0.299787012857608,0.558171698976907,0.03947442643576,0,0
12,"cell_03","dose_response",4,2000,"fixed_6",6,3000,1,"ordinary","x1_high__x2_low",1.39975565440025,1.04955512108285,1.03624875533506,0,0
12,"cell_03","dose_response",4,2000,"fixed_6",6,3000,1,"ordinary","x1_low__x2_high",-1.00037349405052,-0.642907606171415,-0.60700360193175,0,0
12,"cell_03","dose_response",4,2000,"fixed_6",6,3000,1,"ordinary","x1_low__x2_low",0.100578364350293,-0.198976517314439,0.325287310619712,1,1
12,"cell_04","dose_response",8,2000,"fixed_6",6,3000,1,"ordinary","x1_high__x2_high",0.299787012857608,0.599254271281774,-0.00161379835490685,1,0
12,"cell_04","dose_response",8,2000,"fixed_6",6,3000,1,"ordinary","x1_high__x2_low",1.39975565440025,1.06064697665247,1.04110026038814,0,0
12,"cell_04","dose_response",8,2000,"fixed_6",6,3000,1,"ordinary","x1_low__x2_high",-1.00037349405052,-0.652556386318527,-0.624263963044285,0,0
12,"cell_04","dose_response",8,2000,"fixed_6",6,3000,1,"ordinary","x1_low__x2_low",0.100578364350293,-0.236907979299197,0.382560788534703,1,1
12,"cell_05","dose_response",16,2000,"fixed_6",6,3000,1,"ordinary","x1_high__x2_high",0.299787012857608,0.639945081866842,-0.0471078431378525,1,0
12,"cell_05","dose_response",16,2000,"fixed_6",6,3000,1,"ordinary","x1_high__x2_low",1.39975565440025,1.04538557728159,1.02976712573514,0,0
12,"cell_05","dose_response",16,2000,"fixed_6",6,3000,1,"ordinary","x1_low__x2_high",-1.00037349405052,-0.634909349908927,-0.600731057928185,0,0
12,"cell_05","dose_response",16,2000,"fixed_6",6,3000,1,"ordinary","x1_low__x2_low",0.100578364350293,-0.279411129970549,0.426477469997095,1,1
12,"cell_06","tree_robustness",8,800,"fixed_6",6,3000,1,"ordinary","x1_high__x2_high",0.299787012857608,0.592082065738698,-0.00943553218010016,1,0
12,"cell_06","tree_robustness",8,800,"fixed_6",6,3000,1,"ordinary","x1_high__x2_low",1.39975565440025,1.07206569152987,1.03685723668201,0,0
12,"cell_06","tree_robustness",8,800,"fixed_6",6,3000,1,"ordinary","x1_low__x2_high",-1.00037349405052,-0.66179318916288,-0.619554565541595,0,0
12,"cell_06","tree_robustness",8,800,"fixed_6",6,3000,1,"ordinary","x1_low__x2_low",0.100578364350293,-0.232098805361486,0.381354311060662,1,1
12,"cell_07","tree_robustness",8,5000,"fixed_6",6,3000,1,"ordinary","x1_high__x2_high",0.299787012857608,0.602011508942884,-0.0066268736527859,1,0
12,"cell_07","tree_robustness",8,5000,"fixed_6",6,3000,1,"ordinary","x1_high__x2_low",1.39975565440025,1.05756039050466,1.04208679038,0,0
12,"cell_07","tree_robustness",8,5000,"fixed_6",6,3000,1,"ordinary","x1_low__x2_high",-1.00037349405052,-0.654464036823543,-0.620922419677981,0,0
12,"cell_07","tree_robustness",8,5000,"fixed_6",6,3000,1,"ordinary","x1_low__x2_low",0.100578364350293,-0.239853502551058,0.384584689090363,1,1
12,"cell_08","default_mtry",8,2000,"grf_default",27,3000,1,"ordinary","x1_high__x2_high",0.299787012857608,0.380222624410643,0.280015503418242,0,0
12,"cell_08","default_mtry",8,2000,"grf_default",27,3000,1,"ordinary","x1_high__x2_low",1.39975565440025,1.33987309616895,1.37179080325844,0,0
12,"cell_08","default_mtry",8,2000,"grf_default",27,3000,1,"ordinary","x1_low__x2_high",-1.00037349405052,-0.88464892811792,-0.910861134541566,0,0
12,"cell_08","default_mtry",8,2000,"grf_default",27,3000,1,"ordinary","x1_low__x2_low",0.100578364350293,-0.0213544514772626,0.0909015980337595,1,0
12,"cell_09","larger_sample",8,2000,"fixed_6",6,10000,1,"ordinary","x1_high__x2_high",0.299787012857608,0.56836735266415,0.0801660222708897,0,0
12,"cell_09","larger_sample",8,2000,"fixed_6",6,10000,1,"ordinary","x1_high__x2_low",1.39975565440025,1.14586951310547,1.14706446060174,0,0
12,"cell_09","larger_sample",8,2000,"fixed_6",6,10000,1,"ordinary","x1_low__x2_high",-1.00037349405052,-0.735476754823314,-0.728421277055825,0,0
12,"cell_09","larger_sample",8,2000,"fixed_6",6,10000,1,"ordinary","x1_low__x2_low",0.100578364350293,-0.139752825635491,0.348392379429221,1,1
12,"cell_10","noise_robustness",8,2000,"fixed_6",6,3000,0.5,"ordinary","x1_high__x2_high",0.299787012857608,0.562534515343881,0.0313898705596146,0,0
12,"cell_10","noise_robustness",8,2000,"fixed_6",6,3000,0.5,"ordinary","x1_high__x2_low",1.39975565440025,1.10529680546931,1.09171373403896,0,0
12,"cell_10","noise_robustness",8,2000,"fixed_6",6,3000,0.5,"ordinary","x1_low__x2_high",-1.00037349405052,-0.717276132631885,-0.701730835391909,0,0
12,"cell_10","noise_robustness",8,2000,"fixed_6",6,3000,0.5,"ordinary","x1_low__x2_low",0.100578364350293,-0.198886557124357,0.364662685902295,1,1
12,"cell_11","noise_robustness",8,2000,"fixed_6",6,3000,2,"ordinary","x1_high__x2_high",0.299787012857608,0.615394501590064,-0.0342370174744083,1,0
12,"cell_11","noise_robustness",8,2000,"fixed_6",6,3000,2,"ordinary","x1_high__x2_low",1.39975565440025,0.923122244185328,0.874437358314553,0,0
12,"cell_11","noise_robustness",8,2000,"fixed_6",6,3000,2,"ordinary","x1_low__x2_high",-1.00037349405052,-0.481741955718618,-0.425794199309473,0,0
12,"cell_11","noise_robustness",8,2000,"fixed_6",6,3000,2,"ordinary","x1_low__x2_low",0.100578364350293,-0.260875752283641,0.406030848530307,1,1
12,"cell_12","invariant_check",16,2000,"fixed_6",6,3000,1,"class_sampled","x1_high__x2_high",0.299787012857608,0.26439924910711,0.26439924910711,0,0
12,"cell_12","invariant_check",16,2000,"fixed_6",6,3000,1,"class_sampled","x1_high__x2_low",1.39975565440025,0.814129600610545,0.814129600610545,0,0
12,"cell_12","invariant_check",16,2000,"fixed_6",6,3000,1,"class_sampled","x1_low__x2_high",-1.00037349405052,-0.427088008179094,-0.427088008179094,0,0
12,"cell_12","invariant_check",16,2000,"fixed_6",6,3000,1,"class_sampled","x1_low__x2_low",0.100578364350293,0.097613622515765,0.097613622515765,0,0
13,"cell_01","dose_response",1,2000,"fixed_6",6,3000,1,"ordinary","x1_high__x2_high",0.299467382993979,0.544460512231503,0.249881320539038,0,0
13,"cell_01","dose_response",1,2000,"fixed_6",6,3000,1,"ordinary","x1_high__x2_low",1.40028849179637,0.981124436629962,0.948499538345319,0,0
13,"cell_01","dose_response",1,2000,"fixed_6",6,3000,1,"ordinary","x1_low__x2_high",-1.00016868295427,-0.599861232870497,-0.564131852880552,0,0
13,"cell_01","dose_response",1,2000,"fixed_6",6,3000,1,"ordinary","x1_low__x2_low",0.100148072480382,-0.0505297001497253,0.251510297696665,1,0
13,"cell_02","dose_response",2,2000,"fixed_6",6,3000,1,"ordinary","x1_high__x2_high",0.299467382993979,0.618182053395296,0.196582619443398,0,0
13,"cell_02","dose_response",2,2000,"fixed_6",6,3000,1,"ordinary","x1_high__x2_low",1.40028849179637,1.02797261142391,0.998315671781911,0,0
13,"cell_02","dose_response",2,2000,"fixed_6",6,3000,1,"ordinary","x1_low__x2_high",-1.00016868295427,-0.651705447612056,-0.628354529775746,0,0
13,"cell_02","dose_response",2,2000,"fixed_6",6,3000,1,"ordinary","x1_low__x2_low",0.100148072480382,-0.125954484429509,0.315813806935497,1,1
13,"cell_03","dose_response",4,2000,"fixed_6",6,3000,1,"ordinary","x1_high__x2_high",0.299467382993979,0.683365256570165,0.129544215402227,0,0
13,"cell_03","dose_response",4,2000,"fixed_6",6,3000,1,"ordinary","x1_high__x2_low",1.40028849179637,1.06746177133843,1.03961114805566,0,0
13,"cell_03","dose_response",4,2000,"fixed_6",6,3000,1,"ordinary","x1_low__x2_high",-1.00016868295427,-0.693107759510594,-0.664781214141567,0,0
13,"cell_03","dose_response",4,2000,"fixed_6",6,3000,1,"ordinary","x1_low__x2_low",0.100148072480382,-0.193206104993668,0.382918702733427,1,1
13,"cell_04","dose_response",8,2000,"fixed_6",6,3000,1,"ordinary","x1_high__x2_high",0.299467382993979,0.722210387628366,0.0837992625940273,0,0
13,"cell_04","dose_response",8,2000,"fixed_6",6,3000,1,"ordinary","x1_high__x2_low",1.40028849179637,1.0785968865505,1.05698201003608,0,0
13,"cell_04","dose_response",8,2000,"fixed_6",6,3000,1,"ordinary","x1_low__x2_high",-1.00016868295427,-0.69805029512076,-0.683768138427294,0,0
13,"cell_04","dose_response",8,2000,"fixed_6",6,3000,1,"ordinary","x1_low__x2_low",0.100148072480382,-0.237597646114939,0.42529893640021,1,1
13,"cell_05","dose_response",16,2000,"fixed_6",6,3000,1,"ordinary","x1_high__x2_high",0.299467382993979,0.748707007933288,0.0224684725608148,0,0
13,"cell_05","dose_response",16,2000,"fixed_6",6,3000,1,"ordinary","x1_high__x2_low",1.40028849179637,1.06730855353862,1.0284565216431,0,0
13,"cell_05","dose_response",16,2000,"fixed_6",6,3000,1,"ordinary","x1_low__x2_high",-1.00016868295427,-0.681745217923771,-0.650442025025666,0,0
13,"cell_05","dose_response",16,2000,"fixed_6",6,3000,1,"ordinary","x1_low__x2_low",0.100148072480382,-0.274014481005386,0.481524032474607,1,1
13,"cell_06","tree_robustness",8,800,"fixed_6",6,3000,1,"ordinary","x1_high__x2_high",0.299467382993979,0.715886847880076,0.086745300341039,0,0
13,"cell_06","tree_robustness",8,800,"fixed_6",6,3000,1,"ordinary","x1_high__x2_low",1.40028849179637,1.08879148541212,1.05248933817022,0,0
13,"cell_06","tree_robustness",8,800,"fixed_6",6,3000,1,"ordinary","x1_low__x2_high",-1.00016868295427,-0.69845394287837,-0.677239313173494,0,0
13,"cell_06","tree_robustness",8,800,"fixed_6",6,3000,1,"ordinary","x1_low__x2_low",0.100148072480382,-0.227943634059972,0.43073584572239,1,1
13,"cell_07","tree_robustness",8,5000,"fixed_6",6,3000,1,"ordinary","x1_high__x2_high",0.299467382993979,0.716749896717266,0.0702148633335344,0,0
13,"cell_07","tree_robustness",8,5000,"fixed_6",6,3000,1,"ordinary","x1_high__x2_low",1.40028849179637,1.08091665089876,1.0496312992387,0,0
13,"cell_07","tree_robustness",8,5000,"fixed_6",6,3000,1,"ordinary","x1_low__x2_high",-1.00016868295427,-0.699456633272257,-0.675422900741372,0,0
13,"cell_07","tree_robustness",8,5000,"fixed_6",6,3000,1,"ordinary","x1_low__x2_low",0.100148072480382,-0.238299067739617,0.434098076209081,1,1
13,"cell_08","default_mtry",8,2000,"grf_default",27,3000,1,"ordinary","x1_high__x2_high",0.299467382993979,0.52266549273268,0.402617362205613,0,0
13,"cell_08","default_mtry",8,2000,"grf_default",27,3000,1,"ordinary","x1_high__x2_low",1.40028849179637,1.29708961352054,1.33406962945868,0,0
13,"cell_08","default_mtry",8,2000,"grf_default",27,3000,1,"ordinary","x1_low__x2_high",-1.00016868295427,-0.962252569465298,-1.00345505442487,0,0
13,"cell_08","default_mtry",8,2000,"grf_default",27,3000,1,"ordinary","x1_low__x2_low",0.100148072480382,0.021599853569534,0.144957865788264,0,0
13,"cell_09","larger_sample",8,2000,"fixed_6",6,10000,1,"ordinary","x1_high__x2_high",0.299467382993979,0.578163436811645,0.0793519190343713,0,0
13,"cell_09","larger_sample",8,2000,"fixed_6",6,10000,1,"ordinary","x1_high__x2_low",1.40028849179637,1.17855977316806,1.16872640431603,0,0
13,"cell_09","larger_sample",8,2000,"fixed_6",6,10000,1,"ordinary","x1_low__x2_high",-1.00016868295427,-0.729061133747267,-0.730094197903619,0,0
13,"cell_09","larger_sample",8,2000,"fixed_6",6,10000,1,"ordinary","x1_low__x2_low",0.100148072480382,-0.140556605664486,0.354138336439882,1,1
13,"cell_10","noise_robustness",8,2000,"fixed_6",6,3000,0.5,"ordinary","x1_high__x2_high",0.299467382993979,0.642338914262549,0.0608507283264741,0,0
13,"cell_10","noise_robustness",8,2000,"fixed_6",6,3000,0.5,"ordinary","x1_high__x2_low",1.40028849179637,1.12072019020139,1.10932897394491,0,0
13,"cell_10","noise_robustness",8,2000,"fixed_6",6,3000,0.5,"ordinary","x1_low__x2_high",-1.00016868295427,-0.728942436486981,-0.72167491387243,0,0
13,"cell_10","noise_robustness",8,2000,"fixed_6",6,3000,0.5,"ordinary","x1_low__x2_low",0.100148072480382,-0.198069471379704,0.397704352817951,1,1
13,"cell_11","noise_robustness",8,2000,"fixed_6",6,3000,2,"ordinary","x1_high__x2_high",0.299467382993979,0.836445269265354,0.137656660342622,0,0
13,"cell_11","noise_robustness",8,2000,"fixed_6",6,3000,2,"ordinary","x1_high__x2_low",1.40028849179637,0.999111596743173,0.899092569178621,0,0
13,"cell_11","noise_robustness",8,2000,"fixed_6",6,3000,2,"ordinary","x1_low__x2_high",-1.00016868295427,-0.600395128641136,-0.533739890012129,0,0
13,"cell_11","noise_robustness",8,2000,"fixed_6",6,3000,2,"ordinary","x1_low__x2_low",0.100148072480382,-0.297554165974032,0.466454113905351,1,1
13,"cell_12","invariant_check",16,2000,"fixed_6",6,3000,1,"class_sampled","x1_high__x2_high",0.299467382993979,0.367537777718336,0.367537777718336,0,0
13,"cell_12","invariant_check",16,2000,"fixed_6",6,3000,1,"class_sampled","x1_high__x2_low",1.40028849179637,0.853618764638059,0.853618764638059,0,0
13,"cell_12","invariant_check",16,2000,"fixed_6",6,3000,1,"class_sampled","x1_low__x2_high",-1.00016868295427,-0.456768587383418,-0.456768587383418,0,0
13,"cell_12","invariant_check",16,2000,"fixed_6",6,3000,1,"class_sampled","x1_low__x2_low",0.100148072480382,0.111608231283006,0.111608231283006,0,0
14,"cell_01","dose_response",1,2000,"fixed_6",6,3000,1,"ordinary","x1_high__x2_high",0.30018297069157,0.504109818936855,0.224940476049274,0,0
14,"cell_01","dose_response",1,2000,"fixed_6",6,3000,1,"ordinary","x1_high__x2_low",1.39988567473957,0.971004301601624,0.944303245448186,0,0
14,"cell_01","dose_response",1,2000,"fixed_6",6,3000,1,"ordinary","x1_low__x2_high",-1.00000412025064,-0.560760369949727,-0.545620609515139,0,0
14,"cell_01","dose_response",1,2000,"fixed_6",6,3000,1,"ordinary","x1_low__x2_low",0.10052921311256,-0.069909055513685,0.209037275609391,1,0
14,"cell_02","dose_response",2,2000,"fixed_6",6,3000,1,"ordinary","x1_high__x2_high",0.30018297069157,0.589978813847718,0.15362792479259,0,0
14,"cell_02","dose_response",2,2000,"fixed_6",6,3000,1,"ordinary","x1_high__x2_low",1.39988567473957,1.01457318827955,0.985627030735092,0,0
14,"cell_02","dose_response",2,2000,"fixed_6",6,3000,1,"ordinary","x1_low__x2_high",-1.00000412025064,-0.60967386078136,-0.588109702409404,0,0
14,"cell_02","dose_response",2,2000,"fixed_6",6,3000,1,"ordinary","x1_low__x2_low",0.10052921311256,-0.141147779012608,0.265685538103178,1,1
14,"cell_03","dose_response",4,2000,"fixed_6",6,3000,1,"ordinary","x1_high__x2_high",0.30018297069157,0.651433319678772,0.0957641332428941,0,0
14,"cell_03","dose_response",4,2000,"fixed_6",6,3000,1,"ordinary","x1_high__x2_low",1.39988567473957,1.05876128368603,1.02831060481966,0,0
14,"cell_03","dose_response",4,2000,"fixed_6",6,3000,1,"ordinary","x1_low__x2_high",-1.00000412025064,-0.651606897417596,-0.640305998496915,0,0
14,"cell_03","dose_response",4,2000,"fixed_6",6,3000,1,"ordinary","x1_low__x2_low",0.10052921311256,-0.192005246278387,0.336094134316879,1,1
14,"cell_04","dose_response",8,2000,"fixed_6",6,3000,1,"ordinary","x1_high__x2_high",0.30018297069157,0.688819305395058,0.0438926940190498,0,0
14,"cell_04","dose_response",8,2000,"fixed_6",6,3000,1,"ordinary","x1_high__x2_low",1.39988567473957,1.07144066353581,1.04635912593251,0,0
14,"cell_04","dose_response",8,2000,"fixed_6",6,3000,1,"ordinary","x1_low__x2_high",-1.00000412025064,-0.660882718575706,-0.654492394873558,0,0
14,"cell_04","dose_response",8,2000,"fixed_6",6,3000,1,"ordinary","x1_low__x2_low",0.10052921311256,-0.233535139697782,0.378180880363581,1,1
14,"cell_05","dose_response",16,2000,"fixed_6",6,3000,1,"ordinary","x1_high__x2_high",0.30018297069157,0.727142560851038,-0.00246499212279645,1,0
14,"cell_05","dose_response",16,2000,"fixed_6",6,3000,1,"ordinary","x1_high__x2_low",1.39988567473957,1.05864619457795,1.03150536090446,0,0
14,"cell_05","dose_response",16,2000,"fixed_6",6,3000,1,"ordinary","x1_low__x2_high",-1.00000412025064,-0.659505180769499,-0.639723768617459,0,0
14,"cell_05","dose_response",16,2000,"fixed_6",6,3000,1,"ordinary","x1_low__x2_low",0.10052921311256,-0.258800597520627,0.422888343876533,1,1
14,"cell_06","tree_robustness",8,800,"fixed_6",6,3000,1,"ordinary","x1_high__x2_high",0.30018297069157,0.687720189439281,0.0306804031683934,0,0
14,"cell_06","tree_robustness",8,800,"fixed_6",6,3000,1,"ordinary","x1_high__x2_low",1.39988567473957,1.06704082187726,1.04535602568894,0,0
14,"cell_06","tree_robustness",8,800,"fixed_6",6,3000,1,"ordinary","x1_low__x2_high",-1.00000412025064,-0.660896042422078,-0.646605357216035,0,0
14,"cell_06","tree_robustness",8,800,"fixed_6",6,3000,1,"ordinary","x1_low__x2_low",0.10052921311256,-0.232450535094906,0.377206222794453,1,1
14,"cell_07","tree_robustness",8,5000,"fixed_6",6,3000,1,"ordinary","x1_high__x2_high",0.30018297069157,0.691722672622352,0.0367352652413274,0,0
14,"cell_07","tree_robustness",8,5000,"fixed_6",6,3000,1,"ordinary","x1_high__x2_low",1.39988567473957,1.06544861724378,1.03892751901108,0,0
14,"cell_07","tree_robustness",8,5000,"fixed_6",6,3000,1,"ordinary","x1_low__x2_high",-1.00000412025064,-0.659178475476514,-0.647888835125348,0,0
14,"cell_07","tree_robustness",8,5000,"fixed_6",6,3000,1,"ordinary","x1_low__x2_low",0.10052921311256,-0.236347851741976,0.381071705471212,1,1
14,"cell_08","default_mtry",8,2000,"grf_default",27,3000,1,"ordinary","x1_high__x2_high",0.30018297069157,0.496573056114758,0.362061226625832,0,0
14,"cell_08","default_mtry",8,2000,"grf_default",27,3000,1,"ordinary","x1_high__x2_low",1.39988567473957,1.29063080164436,1.33787787692985,0,0
14,"cell_08","default_mtry",8,2000,"grf_default",27,3000,1,"ordinary","x1_low__x2_high",-1.00000412025064,-0.929795571618563,-0.966490686116051,0,0
14,"cell_08","default_mtry",8,2000,"grf_default",27,3000,1,"ordinary","x1_low__x2_low",0.10052921311256,-0.00494705744266453,0.108925081948469,1,0
14,"cell_09","larger_sample",8,2000,"fixed_6",6,10000,1,"ordinary","x1_high__x2_high",0.30018297069157,0.561916276842355,0.0633160766985478,0,0
14,"cell_09","larger_sample",8,2000,"fixed_6",6,10000,1,"ordinary","x1_high__x2_low",1.39988567473957,1.17767897797778,1.16601111277723,0,0
14,"cell_09","larger_sample",8,2000,"fixed_6",6,10000,1,"ordinary","x1_low__x2_high",-1.00000412025064,-0.743957166288209,-0.741604172772189,0,0
14,"cell_09","larger_sample",8,2000,"fixed_6",6,10000,1,"ordinary","x1_low__x2_low",0.10052921311256,-0.174003414522568,0.341074295658344,1,1
14,"cell_10","noise_robustness",8,2000,"fixed_6",6,3000,0.5,"ordinary","x1_high__x2_high",0.30018297069157,0.618170886591123,0.0410847336710824,0,0
14,"cell_10","noise_robustness",8,2000,"fixed_6",6,3000,0.5,"ordinary","x1_high__x2_low",1.39988567473957,1.11780362295327,1.10322656832922,0,0
14,"cell_10","noise_robustness",8,2000,"fixed_6",6,3000,0.5,"ordinary","x1_low__x2_high",-1.00000412025064,-0.709936504245762,-0.711432451088435,0,0
14,"cell_10","noise_robustness",8,2000,"fixed_6",6,3000,0.5,"ordinary","x1_low__x2_low",0.10052921311256,-0.18622933582297,0.364606355719021,1,1
14,"cell_11","noise_robustness",8,2000,"fixed_6",6,3000,2,"ordinary","x1_high__x2_high",0.30018297069157,0.771737450167545,0.0952914907400361,0,0
14,"cell_11","noise_robustness",8,2000,"fixed_6",6,3000,2,"ordinary","x1_high__x2_low",1.39988567473957,0.97325238700895,0.85105461927766,0,0
14,"cell_11","noise_robustness",8,2000,"fixed_6",6,3000,2,"ordinary","x1_low__x2_high",-1.00000412025064,-0.531262145885529,-0.451030829404211,0,0
14,"cell_11","noise_robustness",8,2000,"fixed_6",6,3000,2,"ordinary","x1_low__x2_low",0.10052921311256,-0.28825542484468,0.365092520226229,1,1
14,"cell_12","invariant_check",16,2000,"fixed_6",6,3000,1,"class_sampled","x1_high__x2_high",0.30018297069157,0.336151427413323,0.336151427413323,0,0
14,"cell_12","invariant_check",16,2000,"fixed_6",6,3000,1,"class_sampled","x1_high__x2_low",1.39988567473957,0.832818673152067,0.832818673152067,0,0
14,"cell_12","invariant_check",16,2000,"fixed_6",6,3000,1,"class_sampled","x1_low__x2_high",-1.00000412025064,-0.432726081967367,-0.432726081967367,0,0
14,"cell_12","invariant_check",16,2000,"fixed_6",6,3000,1,"class_sampled","x1_low__x2_low",0.10052921311256,0.099634236451489,0.099634236451489,0,0
15,"cell_01","dose_response",1,2000,"fixed_6",6,3000,1,"ordinary","x1_high__x2_high",0.299785719268367,0.594572865806685,0.348695250501268,0,0
15,"cell_01","dose_response",1,2000,"fixed_6",6,3000,1,"ordinary","x1_high__x2_low",1.39991814724597,0.919261634748827,0.859375796842305,0,0
15,"cell_01","dose_response",1,2000,"fixed_6",6,3000,1,"ordinary","x1_low__x2_high",-0.999948221174109,-0.488135545583255,-0.427293930660346,0,0
15,"cell_01","dose_response",1,2000,"fixed_6",6,3000,1,"ordinary","x1_low__x2_low",0.0995422709047978,-0.145990098816615,0.0882403206443493,1,0
15,"cell_02","dose_response",2,2000,"fixed_6",6,3000,1,"ordinary","x1_high__x2_high",0.299785719268367,0.664504891242137,0.296327497606575,0,0
15,"cell_02","dose_response",2,2000,"fixed_6",6,3000,1,"ordinary","x1_high__x2_low",1.39991814724597,0.978541450550299,0.903396716012291,0,0
15,"cell_02","dose_response",2,2000,"fixed_6",6,3000,1,"ordinary","x1_low__x2_high",-0.999948221174109,-0.546480180397905,-0.471172977313093,0,0
15,"cell_02","dose_response",2,2000,"fixed_6",6,3000,1,"ordinary","x1_low__x2_low",0.0995422709047978,-0.213731203148047,0.140084736395589,1,1
15,"cell_03","dose_response",4,2000,"fixed_6",6,3000,1,"ordinary","x1_high__x2_high",0.299785719268367,0.72524458993354,0.23768953154646,0,0
15,"cell_03","dose_response",4,2000,"fixed_6",6,3000,1,"ordinary","x1_high__x2_low",1.39991814724597,1.02363987272727,0.934787937731281,0,0
15,"cell_03","dose_response",4,2000,"fixed_6",6,3000,1,"ordinary","x1_low__x2_high",-0.999948221174109,-0.590823903400602,-0.503811665597808,0,0
15,"cell_03","dose_response",4,2000,"fixed_6",6,3000,1,"ordinary","x1_low__x2_low",0.0995422709047978,-0.272152485922184,0.184095998636351,1,1
15,"cell_04","dose_response",8,2000,"fixed_6",6,3000,1,"ordinary","x1_high__x2_high",0.299785719268367,0.764207176055654,0.186074590263344,0,0
15,"cell_04","dose_response",8,2000,"fixed_6",6,3000,1,"ordinary","x1_high__x2_low",1.39991814724597,1.0374249212293,0.937106272207516,0,0
15,"cell_04","dose_response",8,2000,"fixed_6",6,3000,1,"ordinary","x1_low__x2_high",-0.999948221174109,-0.604708864110809,-0.513049506612726,0,0
15,"cell_04","dose_response",8,2000,"fixed_6",6,3000,1,"ordinary","x1_low__x2_low",0.0995422709047978,-0.314564895900632,0.240351724629088,1,1
15,"cell_05","dose_response",16,2000,"fixed_6",6,3000,1,"ordinary","x1_high__x2_high",0.299785719268367,0.783454602368749,0.131514158095177,0,0
15,"cell_05","dose_response",16,2000,"fixed_6",6,3000,1,"ordinary","x1_high__x2_low",1.39991814724597,1.03383409938599,0.923662684924657,0,0
15,"cell_05","dose_response",16,2000,"fixed_6",6,3000,1,"ordinary","x1_low__x2_high",-0.999948221174109,-0.592090863537834,-0.489870589677923,0,0
15,"cell_05","dose_response",16,2000,"fixed_6",6,3000,1,"ordinary","x1_low__x2_low",0.0995422709047978,-0.337614545772805,0.288403534977359,1,1
15,"cell_06","tree_robustness",8,800,"fixed_6",6,3000,1,"ordinary","x1_high__x2_high",0.299785719268367,0.761717126660684,0.177198100524577,0,0
15,"cell_06","tree_robustness",8,800,"fixed_6",6,3000,1,"ordinary","x1_high__x2_low",1.39991814724597,1.03534531370072,0.930145954252976,0,0
15,"cell_06","tree_robustness",8,800,"fixed_6",6,3000,1,"ordinary","x1_low__x2_high",-0.999948221174109,-0.60373790184733,-0.495206270128041,0,0
15,"cell_06","tree_robustness",8,800,"fixed_6",6,3000,1,"ordinary","x1_low__x2_low",0.0995422709047978,-0.320883660932865,0.235247530174776,1,1
15,"cell_07","tree_robustness",8,5000,"fixed_6",6,3000,1,"ordinary","x1_high__x2_high",0.299785719268367,0.767330519674543,0.184488669402731,0,0
15,"cell_07","tree_robustness",8,5000,"fixed_6",6,3000,1,"ordinary","x1_high__x2_low",1.39991814724597,1.03922827723331,0.93404417512157,0,0
15,"cell_07","tree_robustness",8,5000,"fixed_6",6,3000,1,"ordinary","x1_low__x2_high",-0.999948221174109,-0.603434930978801,-0.511063317768508,0,0
15,"cell_07","tree_robustness",8,5000,"fixed_6",6,3000,1,"ordinary","x1_low__x2_low",0.0995422709047978,-0.313117608823812,0.247608209534788,1,1
15,"cell_08","default_mtry",8,2000,"grf_default",27,3000,1,"ordinary","x1_high__x2_high",0.299785719268367,0.614637158081946,0.498448655489005,0,0
15,"cell_08","default_mtry",8,2000,"grf_default",27,3000,1,"ordinary","x1_high__x2_low",1.39991814724597,1.21162048711719,1.25799467285956,0,0
15,"cell_08","default_mtry",8,2000,"grf_default",27,3000,1,"ordinary","x1_low__x2_high",-0.999948221174109,-0.79743247190574,-0.829630581557435,0,0
15,"cell_08","default_mtry",8,2000,"grf_default",27,3000,1,"ordinary","x1_low__x2_low",0.0995422709047978,-0.157695266159673,-0.055473551684834,0,0
15,"cell_09","larger_sample",8,2000,"fixed_6",6,10000,1,"ordinary","x1_high__x2_high",0.299785719268367,0.622895915943422,0.164217861349264,0,0
15,"cell_09","larger_sample",8,2000,"fixed_6",6,10000,1,"ordinary","x1_high__x2_low",1.39991814724597,1.13351594653574,1.09310316449778,0,0
15,"cell_09","larger_sample",8,2000,"fixed_6",6,10000,1,"ordinary","x1_low__x2_high",-0.999948221174109,-0.758843081659377,-0.72212834210543,0,0
15,"cell_09","larger_sample",8,2000,"fixed_6",6,10000,1,"ordinary","x1_low__x2_low",0.0995422709047978,-0.234102308964053,0.242334445600728,1,1
15,"cell_10","noise_robustness",8,2000,"fixed_6",6,3000,0.5,"ordinary","x1_high__x2_high",0.299785719268367,0.653325317762788,0.115532189939672,0,0
15,"cell_10","noise_robustness",8,2000,"fixed_6",6,3000,0.5,"ordinary","x1_high__x2_low",1.39991814724597,1.10034063682504,1.03948963597517,0,0
15,"cell_10","noise_robustness",8,2000,"fixed_6",6,3000,0.5,"ordinary","x1_low__x2_high",-0.999948221174109,-0.679999464432294,-0.639626908245311,0,0
15,"cell_10","noise_robustness",8,2000,"fixed_6",6,3000,0.5,"ordinary","x1_low__x2_low",0.0995422709047978,-0.224963315409567,0.307402261614253,1,1
15,"cell_11","noise_robustness",8,2000,"fixed_6",6,3000,2,"ordinary","x1_high__x2_high",0.299785719268367,0.891143491753767,0.355579613768506,0,0
15,"cell_11","noise_robustness",8,2000,"fixed_6",6,3000,2,"ordinary","x1_high__x2_low",1.39991814724597,0.967943749486674,0.700685135142339,0,0
15,"cell_11","noise_robustness",8,2000,"fixed_6",6,3000,2,"ordinary","x1_low__x2_high",-0.999948221174109,-0.497477239099283,-0.235627876596418,0,0
15,"cell_11","noise_robustness",8,2000,"fixed_6",6,3000,2,"ordinary","x1_low__x2_low",0.0995422709047978,-0.409626908179091,0.103439239964367,1,1
15,"cell_12","invariant_check",16,2000,"fixed_6",6,3000,1,"class_sampled","x1_high__x2_high",0.299785719268367,0.431817649954965,0.431817649954965,0,0
15,"cell_12","invariant_check",16,2000,"fixed_6",6,3000,1,"class_sampled","x1_high__x2_low",1.39991814724597,0.787267321218926,0.787267321218926,0,0
15,"cell_12","invariant_check",16,2000,"fixed_6",6,3000,1,"class_sampled","x1_low__x2_high",-0.999948221174109,-0.356417357711044,-0.356417357711044,0,0
15,"cell_12","invariant_check",16,2000,"fixed_6",6,3000,1,"class_sampled","x1_low__x2_low",0.0995422709047978,0.00297806167820104,0.00297806167820104,0,0
16,"cell_01","dose_response",1,2000,"fixed_6",6,3000,1,"ordinary","x1_high__x2_high",0.299979907587567,0.465606570760985,0.185660734647789,0,0
16,"cell_01","dose_response",1,2000,"fixed_6",6,3000,1,"ordinary","x1_high__x2_low",1.39999373080735,0.93005464678,0.92512996488271,0,0
16,"cell_01","dose_response",1,2000,"fixed_6",6,3000,1,"ordinary","x1_low__x2_high",-1.00032414374839,-0.602351225656665,-0.602921594792912,0,0
16,"cell_01","dose_response",1,2000,"fixed_6",6,3000,1,"ordinary","x1_low__x2_low",0.100136695015344,-0.0727354550500053,0.205947570125414,1,0
16,"cell_02","dose_response",2,2000,"fixed_6",6,3000,1,"ordinary","x1_high__x2_high",0.299979907587567,0.534723272471275,0.110358858134548,0,0
16,"cell_02","dose_response",2,2000,"fixed_6",6,3000,1,"ordinary","x1_high__x2_low",1.39999373080735,0.994695073996671,0.963600449281732,0,0
16,"cell_02","dose_response",2,2000,"fixed_6",6,3000,1,"ordinary","x1_low__x2_high",-1.00032414374839,-0.656080669798147,-0.643332211284778,0,0
16,"cell_02","dose_response",2,2000,"fixed_6",6,3000,1,"ordinary","x1_low__x2_low",0.100136695015344,-0.135995090710182,0.277954723754013,1,1
16,"cell_03","dose_response",4,2000,"fixed_6",6,3000,1,"ordinary","x1_high__x2_high",0.299979907587567,0.60160262016504,0.0467882512746628,0,0
16,"cell_03","dose_response",4,2000,"fixed_6",6,3000,1,"ordinary","x1_high__x2_low",1.39999373080735,1.02748430126607,0.999491164150802,0,0
16,"cell_03","dose_response",4,2000,"fixed_6",6,3000,1,"ordinary","x1_low__x2_high",-1.00032414374839,-0.683528264064453,-0.681601587587296,0,0
16,"cell_03","dose_response",4,2000,"fixed_6",6,3000,1,"ordinary","x1_low__x2_low",0.100136695015344,-0.202266039048191,0.335443138983752,1,1
16,"cell_04","dose_response",8,2000,"fixed_6",6,3000,1,"ordinary","x1_high__x2_high",0.299979907587567,0.639285408387547,-0.00953781581693476,1,0
16,"cell_04","dose_response",8,2000,"fixed_6",6,3000,1,"ordinary","x1_high__x2_low",1.39999373080735,1.03807651718774,1.00825992211251,0,0
16,"cell_04","dose_response",8,2000,"fixed_6",6,3000,1,"ordinary","x1_low__x2_high",-1.00032414374839,-0.690744507839995,-0.690028337676942,0,0
16,"cell_04","dose_response",8,2000,"fixed_6",6,3000,1,"ordinary","x1_low__x2_low",0.100136695015344,-0.249549450591943,0.388704294349068,1,1
16,"cell_05","dose_response",16,2000,"fixed_6",6,3000,1,"ordinary","x1_high__x2_high",0.299979907587567,0.6785546669786,-0.0633166128334354,1,0
16,"cell_05","dose_response",16,2000,"fixed_6",6,3000,1,"ordinary","x1_high__x2_low",1.39999373080735,1.02901624132705,0.984002092794642,0,0
16,"cell_05","dose_response",16,2000,"fixed_6",6,3000,1,"ordinary","x1_low__x2_high",-1.00032414374839,-0.688072640424293,-0.669413599061633,0,0
16,"cell_05","dose_response",16,2000,"fixed_6",6,3000,1,"ordinary","x1_low__x2_low",0.100136695015344,-0.275464636900039,0.437609914925342,1,1
16,"cell_06","tree_robustness",8,800,"fixed_6",6,3000,1,"ordinary","x1_high__x2_high",0.299979907587567,0.639266185851076,-0.00783260868510161,1,0
16,"cell_06","tree_robustness",8,800,"fixed_6",6,3000,1,"ordinary","x1_high__x2_low",1.39999373080735,1.04026995880588,0.996741218105297,0,0
16,"cell_06","tree_robustness",8,800,"fixed_6",6,3000,1,"ordinary","x1_low__x2_high",-1.00032414374839,-0.684180984215226,-0.690325956819923,0,0
16,"cell_06","tree_robustness",8,800,"fixed_6",6,3000,1,"ordinary","x1_low__x2_low",0.100136695015344,-0.259356600610402,0.39883856685116,1,1
16,"cell_07","tree_robustness",8,5000,"fixed_6",6,3000,1,"ordinary","x1_high__x2_high",0.299979907587567,0.640294721410512,-0.0126243160367361,1,0
16,"cell_07","tree_robustness",8,5000,"fixed_6",6,3000,1,"ordinary","x1_high__x2_low",1.39999373080735,1.03533390600469,1.00496819795864,0,0
16,"cell_07","tree_robustness",8,5000,"fixed_6",6,3000,1,"ordinary","x1_low__x2_high",-1.00032414374839,-0.6951381240889,-0.690379687109302,0,0
16,"cell_07","tree_robustness",8,5000,"fixed_6",6,3000,1,"ordinary","x1_low__x2_low",0.100136695015344,-0.248162447803734,0.39268455509075,1,1
16,"cell_08","default_mtry",8,2000,"grf_default",27,3000,1,"ordinary","x1_high__x2_high",0.299979907587567,0.416319961504634,0.306049841552657,0,0
16,"cell_08","default_mtry",8,2000,"grf_default",27,3000,1,"ordinary","x1_high__x2_low",1.39999373080735,1.26230863851563,1.28694539450937,0,0
16,"cell_08","default_mtry",8,2000,"grf_default",27,3000,1,"ordinary","x1_low__x2_high",-1.00032414374839,-0.950383078372167,-0.991593387854443,0,0
16,"cell_08","default_mtry",8,2000,"grf_default",27,3000,1,"ordinary","x1_low__x2_low",0.100136695015344,-0.016350290503695,0.10503362654553,1,0
16,"cell_09","larger_sample",8,2000,"fixed_6",6,10000,1,"ordinary","x1_high__x2_high",0.299979907587567,0.584605736618346,0.0968875912177183,0,0
16,"cell_09","larger_sample",8,2000,"fixed_6",6,10000,1,"ordinary","x1_high__x2_low",1.39999373080735,1.18672116270842,1.18710890346906,0,0
16,"cell_09","larger_sample",8,2000,"fixed_6",6,10000,1,"ordinary","x1_low__x2_high",-1.00032414374839,-0.717634484479795,-0.712695378056091,0,0
16,"cell_09","larger_sample",8,2000,"fixed_6",6,10000,1,"ordinary","x1_low__x2_low",0.100136695015344,-0.120664832513556,0.368114061357058,1,1
16,"cell_10","noise_robustness",8,2000,"fixed_6",6,3000,0.5,"ordinary","x1_high__x2_high",0.299979907587567,0.60467768111784,0.023565146270436,0,0
16,"cell_10","noise_robustness",8,2000,"fixed_6",6,3000,0.5,"ordinary","x1_high__x2_low",1.39999373080735,1.10274373513853,1.08354245372391,0,0
16,"cell_10","noise_robustness",8,2000,"fixed_6",6,3000,0.5,"ordinary","x1_low__x2_high",-1.00032414374839,-0.735920972821932,-0.737690791918969,0,0
16,"cell_10","noise_robustness",8,2000,"fixed_6",6,3000,0.5,"ordinary","x1_low__x2_low",0.100136695015344,-0.1897618802938,0.376145919981856,1,1
16,"cell_11","noise_robustness",8,2000,"fixed_6",6,3000,2,"ordinary","x1_high__x2_high",0.299979907587567,0.695354970492229,-0.00633758468051705,1,0
16,"cell_11","noise_robustness",8,2000,"fixed_6",6,3000,2,"ordinary","x1_high__x2_low",1.39999373080735,0.881615806969886,0.791234621150019,0,0
16,"cell_11","noise_robustness",8,2000,"fixed_6",6,3000,2,"ordinary","x1_low__x2_high",-1.00032414374839,-0.619110251370193,-0.571925416287319,0,0
16,"cell_11","noise_robustness",8,2000,"fixed_6",6,3000,2,"ordinary","x1_low__x2_low",0.100136695015344,-0.314473229837749,0.399790390830502,1,1
16,"cell_12","invariant_check",16,2000,"fixed_6",6,3000,1,"class_sampled","x1_high__x2_high",0.299979907587567,0.29777636815953,0.29777636815953,0,0
16,"cell_12","invariant_check",16,2000,"fixed_6",6,3000,1,"class_sampled","x1_high__x2_low",1.39999373080735,0.81809802280183,0.81809802280183,0,0
16,"cell_12","invariant_check",16,2000,"fixed_6",6,3000,1,"class_sampled","x1_low__x2_high",-1.00032414374839,-0.486192483382102,-0.486192483382102,0,0
16,"cell_12","invariant_check",16,2000,"fixed_6",6,3000,1,"class_sampled","x1_low__x2_low",0.100136695015344,0.0940509860065163,0.0940509860065163,0,0
17,"cell_01","dose_response",1,2000,"fixed_6",6,3000,1,"ordinary","x1_high__x2_high",0.30043146065424,0.441352572317046,0.149842647176755,0,0
17,"cell_01","dose_response",1,2000,"fixed_6",6,3000,1,"ordinary","x1_high__x2_low",1.40016964103771,0.96756937972583,0.958273662091262,0,0
17,"cell_01","dose_response",1,2000,"fixed_6",6,3000,1,"ordinary","x1_low__x2_high",-1.00002083540174,-0.489186517446101,-0.493005618916676,0,0
17,"cell_01","dose_response",1,2000,"fixed_6",6,3000,1,"ordinary","x1_low__x2_low",0.100657873571177,0.0317888237167814,0.311720529730174,0,0
17,"cell_02","dose_response",2,2000,"fixed_6",6,3000,1,"ordinary","x1_high__x2_high",0.30043146065424,0.495386206621154,0.0711666926654298,0,0
17,"cell_02","dose_response",2,2000,"fixed_6",6,3000,1,"ordinary","x1_high__x2_low",1.40016964103771,1.01742479693825,1.0042976748875,0,0
17,"cell_02","dose_response",2,2000,"fixed_6",6,3000,1,"ordinary","x1_low__x2_high",-1.00002083540174,-0.523193454090204,-0.529687262331294,0,0
17,"cell_02","dose_response",2,2000,"fixed_6",6,3000,1,"ordinary","x1_low__x2_low",0.100657873571177,-0.0321265004779281,0.372039410926195,1,0
17,"cell_03","dose_response",4,2000,"fixed_6",6,3000,1,"ordinary","x1_high__x2_high",0.30043146065424,0.567594127154341,0.0075698499316964,0,0
17,"cell_03","dose_response",4,2000,"fixed_6",6,3000,1,"ordinary","x1_high__x2_low",1.40016964103771,1.05517769723663,1.04394537784658,0,0
17,"cell_03","dose_response",4,2000,"fixed_6",6,3000,1,"ordinary","x1_low__x2_high",-1.00002083540174,-0.560295586905175,-0.579406129143808,0,0
17,"cell_03","dose_response",4,2000,"fixed_6",6,3000,1,"ordinary","x1_low__x2_low",0.100657873571177,-0.0951413211719646,0.440949398217883,1,0
17,"cell_04","dose_response",8,2000,"fixed_6",6,3000,1,"ordinary","x1_high__x2_high",0.30043146065424,0.607386232496639,-0.0392019140357402,1,0
17,"cell_04","dose_response",8,2000,"fixed_6",6,3000,1,"ordinary","x1_high__x2_low",1.40016964103771,1.0711841237185,1.06369144513793,0,0
17,"cell_04","dose_response",8,2000,"fixed_6",6,3000,1,"ordinary","x1_low__x2_high",-1.00002083540174,-0.57187589090973,-0.600644333000902,0,0
17,"cell_04","dose_response",8,2000,"fixed_6",6,3000,1,"ordinary","x1_low__x2_low",0.100657873571177,-0.137300848531216,0.483816834662956,1,1
17,"cell_05","dose_response",16,2000,"fixed_6",6,3000,1,"ordinary","x1_high__x2_high",0.30043146065424,0.65188035458061,-0.0860469652938338,1,0
17,"cell_05","dose_response",16,2000,"fixed_6",6,3000,1,"ordinary","x1_high__x2_low",1.40016964103771,1.0561082544576,1.04860416269748,0,0
17,"cell_05","dose_response",16,2000,"fixed_6",6,3000,1,"ordinary","x1_low__x2_high",-1.00002083540174,-0.561134300399996,-0.579202846223998,0,0
17,"cell_05","dose_response",16,2000,"fixed_6",6,3000,1,"ordinary","x1_low__x2_low",0.100657873571177,-0.169160067654179,0.525978239750767,1,1
17,"cell_06","tree_robustness",8,800,"fixed_6",6,3000,1,"ordinary","x1_high__x2_high",0.30043146065424,0.603540103139498,-0.0486602774292658,1,0
17,"cell_06","tree_robustness",8,800,"fixed_6",6,3000,1,"ordinary","x1_high__x2_low",1.40016964103771,1.07229364384973,1.04519909843915,0,0
17,"cell_06","tree_robustness",8,800,"fixed_6",6,3000,1,"ordinary","x1_low__x2_high",-1.00002083540174,-0.578057803532566,-0.589124157528497,0,0
17,"cell_06","tree_robustness",8,800,"fixed_6",6,3000,1,"ordinary","x1_low__x2_low",0.100657873571177,-0.135383533844593,0.488054804436375,1,1
17,"cell_07","tree_robustness",8,5000,"fixed_6",6,3000,1,"ordinary","x1_high__x2_high",0.30043146065424,0.607731040441992,-0.0464337834176464,1,0
17,"cell_07","tree_robustness",8,5000,"fixed_6",6,3000,1,"ordinary","x1_high__x2_low",1.40016964103771,1.06948168911625,1.05868667950997,0,0
17,"cell_07","tree_robustness",8,5000,"fixed_6",6,3000,1,"ordinary","x1_low__x2_high",-1.00002083540174,-0.572772332851741,-0.598929253049908,0,0
17,"cell_07","tree_robustness",8,5000,"fixed_6",6,3000,1,"ordinary","x1_low__x2_low",0.100657873571177,-0.139188729484113,0.487983879999122,1,1
17,"cell_08","default_mtry",8,2000,"grf_default",27,3000,1,"ordinary","x1_high__x2_high",0.30043146065424,0.356283766674904,0.226813520968202,0,0
17,"cell_08","default_mtry",8,2000,"grf_default",27,3000,1,"ordinary","x1_high__x2_low",1.40016964103771,1.33090540455514,1.35233566903664,0,0
17,"cell_08","default_mtry",8,2000,"grf_default",27,3000,1,"ordinary","x1_low__x2_high",-1.00002083540174,-0.814204805745498,-0.839880912342576,0,0
17,"cell_08","default_mtry",8,2000,"grf_default",27,3000,1,"ordinary","x1_low__x2_low",0.100657873571177,0.0992666841609553,0.225006135871556,0,0
17,"cell_09","larger_sample",8,2000,"fixed_6",6,10000,1,"ordinary","x1_high__x2_high",0.30043146065424,0.611109782640973,0.096565442457459,0,0
17,"cell_09","larger_sample",8,2000,"fixed_6",6,10000,1,"ordinary","x1_high__x2_low",1.40016964103771,1.17664356450495,1.17098728951943,0,0
17,"cell_09","larger_sample",8,2000,"fixed_6",6,10000,1,"ordinary","x1_low__x2_high",-1.00002083540174,-0.728409446114576,-0.729648543686204,0,0
17,"cell_09","larger_sample",8,2000,"fixed_6",6,10000,1,"ordinary","x1_low__x2_low",0.100657873571177,-0.138149989249024,0.341874027463025,1,1
17,"cell_10","noise_robustness",8,2000,"fixed_6",6,3000,0.5,"ordinary","x1_high__x2_high",0.30043146065424,0.581796496473019,-0.00503972850359155,1,0
17,"cell_10","noise_robustness",8,2000,"fixed_6",6,3000,0.5,"ordinary","x1_high__x2_low",1.40016964103771,1.12729119934253,1.11711076105701,0,0
17,"cell_10","noise_robustness",8,2000,"fixed_6",6,3000,0.5,"ordinary","x1_low__x2_high",-1.00002083540174,-0.670202675654298,-0.6852785860932,0,0
17,"cell_10","noise_robustness",8,2000,"fixed_6",6,3000,0.5,"ordinary","x1_low__x2_low",0.100657873571177,-0.143478686408349,0.411885868640484,1,1
17,"cell_11","noise_robustness",8,2000,"fixed_6",6,3000,2,"ordinary","x1_high__x2_high",0.30043146065424,0.631052286243355,-0.053071464271914,1,0
17,"cell_11","noise_robustness",8,2000,"fixed_6",6,3000,2,"ordinary","x1_high__x2_low",1.40016964103771,0.917134924876687,0.917606189350764,0,0
17,"cell_11","noise_robustness",8,2000,"fixed_6",6,3000,2,"ordinary","x1_low__x2_high",-1.00002083540174,-0.344266647533889,-0.375547220960986,0,0
17,"cell_11","noise_robustness",8,2000,"fixed_6",6,3000,2,"ordinary","x1_low__x2_low",0.100657873571177,-0.0761140059835537,0.577006808170092,1,0
17,"cell_12","invariant_check",16,2000,"fixed_6",6,3000,1,"class_sampled","x1_high__x2_high",0.30043146065424,0.271730969762477,0.271730969762477,0,0
17,"cell_12","invariant_check",16,2000,"fixed_6",6,3000,1,"class_sampled","x1_high__x2_low",1.40016964103771,0.854893639363883,0.854893639363883,0,0
17,"cell_12","invariant_check",16,2000,"fixed_6",6,3000,1,"class_sampled","x1_low__x2_high",-1.00002083540174,-0.384838340015499,-0.384838340015499,0,0
17,"cell_12","invariant_check",16,2000,"fixed_6",6,3000,1,"class_sampled","x1_low__x2_low",0.100657873571177,0.181930521153072,0.181930521153072,0,0
18,"cell_01","dose_response",1,2000,"fixed_6",6,3000,1,"ordinary","x1_high__x2_high",0.299953532128499,0.451689643589836,0.191806450089666,0,0
18,"cell_01","dose_response",1,2000,"fixed_6",6,3000,1,"ordinary","x1_high__x2_low",1.39980805884833,0.89910520911875,0.874360789350946,0,0
18,"cell_01","dose_response",1,2000,"fixed_6",6,3000,1,"ordinary","x1_low__x2_high",-0.999952997834715,-0.476431624605264,-0.455081834333917,0,0
18,"cell_01","dose_response",1,2000,"fixed_6",6,3000,1,"ordinary","x1_low__x2_low",0.100016066418619,-0.0535986884927189,0.193655194762507,1,0
18,"cell_02","dose_response",2,2000,"fixed_6",6,3000,1,"ordinary","x1_high__x2_high",0.299953532128499,0.506717512486832,0.127634095322771,0,0
18,"cell_02","dose_response",2,2000,"fixed_6",6,3000,1,"ordinary","x1_high__x2_low",1.39980805884833,0.959052214869428,0.926694613162897,0,0
18,"cell_02","dose_response",2,2000,"fixed_6",6,3000,1,"ordinary","x1_low__x2_high",-0.999952997834715,-0.526557725093556,-0.507410180094808,0,0
18,"cell_02","dose_response",2,2000,"fixed_6",6,3000,1,"ordinary","x1_low__x2_low",0.100016066418619,-0.105134883819559,0.258060964637966,1,1
18,"cell_03","dose_response",4,2000,"fixed_6",6,3000,1,"ordinary","x1_high__x2_high",0.299953532128499,0.570519349458816,0.0644627739285774,0,0
18,"cell_03","dose_response",4,2000,"fixed_6",6,3000,1,"ordinary","x1_high__x2_low",1.39980805884833,0.988413205757588,0.971029479501161,0,0
18,"cell_03","dose_response",4,2000,"fixed_6",6,3000,1,"ordinary","x1_low__x2_high",-0.999952997834715,-0.553469655059753,-0.538484781339984,0,0
18,"cell_03","dose_response",4,2000,"fixed_6",6,3000,1,"ordinary","x1_low__x2_low",0.100016066418619,-0.170209988321262,0.30956946620378,1,1
18,"cell_04","dose_response",8,2000,"fixed_6",6,3000,1,"ordinary","x1_high__x2_high",0.299953532128499,0.616326150487039,0.0122873198495019,0,0
18,"cell_04","dose_response",8,2000,"fixed_6",6,3000,1,"ordinary","x1_high__x2_low",1.39980805884833,1.00092571343481,0.9770840637787,0,0
18,"cell_04","dose_response",8,2000,"fixed_6",6,3000,1,"ordinary","x1_low__x2_high",-0.999952997834715,-0.568625273040424,-0.557547643398229,0,0
18,"cell_04","dose_response",8,2000,"fixed_6",6,3000,1,"ordinary","x1_low__x2_low",0.100016066418619,-0.198522193245205,0.363324183393079,1,1
18,"cell_05","dose_response",16,2000,"fixed_6",6,3000,1,"ordinary","x1_high__x2_high",0.299953532128499,0.645710079518102,-0.0288994886648041,1,0
18,"cell_05","dose_response",16,2000,"fixed_6",6,3000,1,"ordinary","x1_high__x2_low",1.39980805884833,0.989804835435111,0.96273308425803,0,0
18,"cell_05","dose_response",16,2000,"fixed_6",6,3000,1,"ordinary","x1_low__x2_high",-0.999952997834715,-0.563595050823858,-0.543129619253267,0,0
18,"cell_05","dose_response",16,2000,"fixed_6",6,3000,1,"ordinary","x1_low__x2_low",0.100016066418619,-0.234603984603036,0.407707783969141,1,1
18,"cell_06","tree_robustness",8,800,"fixed_6",6,3000,1,"ordinary","x1_high__x2_high",0.299953532128499,0.610964255080086,0.00226171606178,0,0
18,"cell_06","tree_robustness",8,800,"fixed_6",6,3000,1,"ordinary","x1_high__x2_low",1.39980805884833,0.998003133242392,0.975874559148598,0,0
18,"cell_06","tree_robustness",8,800,"fixed_6",6,3000,1,"ordinary","x1_low__x2_high",-0.999952997834715,-0.563359361528503,-0.540752976587126,0,0
18,"cell_06","tree_robustness",8,800,"fixed_6",6,3000,1,"ordinary","x1_low__x2_low",0.100016066418619,-0.192555316220292,0.369240133486083,1,1
18,"cell_07","tree_robustness",8,5000,"fixed_6",6,3000,1,"ordinary","x1_high__x2_high",0.299953532128499,0.610718097181673,0.00660723091605418,0,0
18,"cell_07","tree_robustness",8,5000,"fixed_6",6,3000,1,"ordinary","x1_high__x2_low",1.39980805884833,0.999177950922855,0.9754543734,0,0
18,"cell_07","tree_robustness",8,5000,"fixed_6",6,3000,1,"ordinary","x1_low__x2_high",-0.999952997834715,-0.569573214580641,-0.553852338242717,0,0
18,"cell_07","tree_robustness",8,5000,"fixed_6",6,3000,1,"ordinary","x1_low__x2_low",0.100016066418619,-0.198791407769054,0.368731175020029,1,1
18,"cell_08","default_mtry",8,2000,"grf_default",27,3000,1,"ordinary","x1_high__x2_high",0.299953532128499,0.411664007733404,0.293558004411931,0,0
18,"cell_08","default_mtry",8,2000,"grf_default",27,3000,1,"ordinary","x1_high__x2_low",1.39980805884833,1.23094095287232,1.26654015321827,0,0
18,"cell_08","default_mtry",8,2000,"grf_default",27,3000,1,"ordinary","x1_low__x2_high",-0.999952997834715,-0.80532227651729,-0.829080221060593,0,0
18,"cell_08","default_mtry",8,2000,"grf_default",27,3000,1,"ordinary","x1_low__x2_low",0.100016066418619,-0.00293291353015628,0.106968041434917,1,0
18,"cell_09","larger_sample",8,2000,"fixed_6",6,10000,1,"ordinary","x1_high__x2_high",0.299953532128499,0.565622203626143,0.0872947379011109,0,0
18,"cell_09","larger_sample",8,2000,"fixed_6",6,10000,1,"ordinary","x1_high__x2_low",1.39980805884833,1.07297141452386,1.06564189442221,0,0
18,"cell_09","larger_sample",8,2000,"fixed_6",6,10000,1,"ordinary","x1_low__x2_high",-0.999952997834715,-0.775832517095555,-0.7753099297606,0,0
18,"cell_09","larger_sample",8,2000,"fixed_6",6,10000,1,"ordinary","x1_low__x2_low",0.100016066418619,-0.152875778245732,0.334214249139762,1,1
18,"cell_10","noise_robustness",8,2000,"fixed_6",6,3000,0.5,"ordinary","x1_high__x2_high",0.299953532128499,0.585509410746776,0.0340950546834768,0,0
18,"cell_10","noise_robustness",8,2000,"fixed_6",6,3000,0.5,"ordinary","x1_high__x2_low",1.39980805884833,1.07653931337596,1.0675346099277,0,0
18,"cell_10","noise_robustness",8,2000,"fixed_6",6,3000,0.5,"ordinary","x1_low__x2_high",-0.999952997834715,-0.668170323537993,-0.663996721007158,0,0
18,"cell_10","noise_robustness",8,2000,"fixed_6",6,3000,0.5,"ordinary","x1_low__x2_low",0.100016066418619,-0.173988292841611,0.352666729767275,1,1
18,"cell_11","noise_robustness",8,2000,"fixed_6",6,3000,2,"ordinary","x1_high__x2_high",0.299953532128499,0.625852083103448,0.0354044878867579,0,0
18,"cell_11","noise_robustness",8,2000,"fixed_6",6,3000,2,"ordinary","x1_high__x2_low",1.39980805884833,0.833048967683237,0.764270615672893,0,0
18,"cell_11","noise_robustness",8,2000,"fixed_6",6,3000,2,"ordinary","x1_low__x2_high",-0.999952997834715,-0.375255089982614,-0.30629345320924,0,0
18,"cell_11","noise_robustness",8,2000,"fixed_6",6,3000,2,"ordinary","x1_low__x2_low",0.100016066418619,-0.21846214071651,0.326193406909756,1,1
18,"cell_12","invariant_check",16,2000,"fixed_6",6,3000,1,"class_sampled","x1_high__x2_high",0.299953532128499,0.300596980036595,0.300596980036595,0,0
18,"cell_12","invariant_check",16,2000,"fixed_6",6,3000,1,"class_sampled","x1_high__x2_low",1.39980805884833,0.773581246315541,0.773581246315541,0,0
18,"cell_12","invariant_check",16,2000,"fixed_6",6,3000,1,"class_sampled","x1_low__x2_high",-0.999952997834715,-0.35799865528744,-0.35799865528744,0,0
18,"cell_12","invariant_check",16,2000,"fixed_6",6,3000,1,"class_sampled","x1_low__x2_low",0.100016066418619,0.0925101363858666,0.0925101363858666,0,0
19,"cell_01","dose_response",1,2000,"fixed_6",6,3000,1,"ordinary","x1_high__x2_high",0.299847890815329,0.47971852176392,0.225741376454953,0,0
19,"cell_01","dose_response",1,2000,"fixed_6",6,3000,1,"ordinary","x1_high__x2_low",1.40010566985157,0.938188647205385,0.930273822649322,0,0
19,"cell_01","dose_response",1,2000,"fixed_6",6,3000,1,"ordinary","x1_low__x2_high",-1.00001589994704,-0.456990212177422,-0.430052401818035,0,0
19,"cell_01","dose_response",1,2000,"fixed_6",6,3000,1,"ordinary","x1_low__x2_low",0.100331786287416,0.0656529607914658,0.334532900096124,0,0
19,"cell_02","dose_response",2,2000,"fixed_6",6,3000,1,"ordinary","x1_high__x2_high",0.299847890815329,0.548059144618912,0.181081676943892,0,0
19,"cell_02","dose_response",2,2000,"fixed_6",6,3000,1,"ordinary","x1_high__x2_low",1.40010566985157,0.978091242301421,0.973846849753471,0,0
19,"cell_02","dose_response",2,2000,"fixed_6",6,3000,1,"ordinary","x1_low__x2_high",-1.00001589994704,-0.501547336476752,-0.493053969130007,0,0
19,"cell_02","dose_response",2,2000,"fixed_6",6,3000,1,"ordinary","x1_low__x2_low",0.100331786287416,-0.0025764363210812,0.393643595100483,1,0
19,"cell_03","dose_response",4,2000,"fixed_6",6,3000,1,"ordinary","x1_high__x2_high",0.299847890815329,0.601867337753655,0.116711955727809,0,0
19,"cell_03","dose_response",4,2000,"fixed_6",6,3000,1,"ordinary","x1_high__x2_low",1.40010566985157,1.01946004652902,1.00896166796706,0,0
19,"cell_03","dose_response",4,2000,"fixed_6",6,3000,1,"ordinary","x1_low__x2_high",-1.00001589994704,-0.544039521353762,-0.521557358532838,0,0
19,"cell_03","dose_response",4,2000,"fixed_6",6,3000,1,"ordinary","x1_low__x2_low",0.100331786287416,-0.0671925589005784,0.457562294119942,1,0
19,"cell_04","dose_response",8,2000,"fixed_6",6,3000,1,"ordinary","x1_high__x2_high",0.299847890815329,0.642820615096565,0.0735210219413961,0,0
19,"cell_04","dose_response",8,2000,"fixed_6",6,3000,1,"ordinary","x1_high__x2_low",1.40010566985157,1.03472215280751,1.02287519667172,0,0
19,"cell_04","dose_response",8,2000,"fixed_6",6,3000,1,"ordinary","x1_low__x2_high",-1.00001589994704,-0.551936856083353,-0.537301185130703,0,0
19,"cell_04","dose_response",8,2000,"fixed_6",6,3000,1,"ordinary","x1_low__x2_low",0.100331786287416,-0.117311862223717,0.497408379589689,1,1
19,"cell_05","dose_response",16,2000,"fixed_6",6,3000,1,"ordinary","x1_high__x2_high",0.299847890815329,0.669239686987528,0.0307413667558188,0,0
19,"cell_05","dose_response",16,2000,"fixed_6",6,3000,1,"ordinary","x1_high__x2_low",1.40010566985157,1.02235313561968,1.01940351888618,0,0
19,"cell_05","dose_response",16,2000,"fixed_6",6,3000,1,"ordinary","x1_low__x2_high",-1.00001589994704,-0.546664415625446,-0.519327905006162,0,0
19,"cell_05","dose_response",16,2000,"fixed_6",6,3000,1,"ordinary","x1_low__x2_low",0.100331786287416,-0.145979874390798,0.533721291161886,1,1
19,"cell_06","tree_robustness",8,800,"fixed_6",6,3000,1,"ordinary","x1_high__x2_high",0.299847890815329,0.642493778144523,0.066507932893943,0,0
19,"cell_06","tree_robustness",8,800,"fixed_6",6,3000,1,"ordinary","x1_high__x2_low",1.40010566985157,1.03572786390781,1.02197013054105,0,0
19,"cell_06","tree_robustness",8,800,"fixed_6",6,3000,1,"ordinary","x1_low__x2_high",-1.00001589994704,-0.562225907101786,-0.530833275170867,0,0
19,"cell_06","tree_robustness",8,800,"fixed_6",6,3000,1,"ordinary","x1_low__x2_low",0.100331786287416,-0.11707111617221,0.500859378695189,1,1
19,"cell_07","tree_robustness",8,5000,"fixed_6",6,3000,1,"ordinary","x1_high__x2_high",0.299847890815329,0.64114990669294,0.0706812142172733,0,0
19,"cell_07","tree_robustness",8,5000,"fixed_6",6,3000,1,"ordinary","x1_high__x2_low",1.40010566985157,1.03416302883263,1.01992333669574,0,0
19,"cell_07","tree_robustness",8,5000,"fixed_6",6,3000,1,"ordinary","x1_low__x2_high",-1.00001589994704,-0.558492076978262,-0.535226958533967,0,0
19,"cell_07","tree_robustness",8,5000,"fixed_6",6,3000,1,"ordinary","x1_low__x2_low",0.100331786287416,-0.116043671435585,0.504229872079618,1,1
19,"cell_08","default_mtry",8,2000,"grf_default",27,3000,1,"ordinary","x1_high__x2_high",0.299847890815329,0.442720483270233,0.336075368901317,0,0
19,"cell_08","default_mtry",8,2000,"grf_default",27,3000,1,"ordinary","x1_high__x2_low",1.40010566985157,1.25315913372642,1.27151293503783,0,0
19,"cell_08","default_mtry",8,2000,"grf_default",27,3000,1,"ordinary","x1_low__x2_high",-1.00001589994704,-0.81121204911666,-0.828796876666004,0,0
19,"cell_08","default_mtry",8,2000,"grf_default",27,3000,1,"ordinary","x1_low__x2_low",0.100331786287416,0.109393440555628,0.227785389875843,0,0
19,"cell_09","larger_sample",8,2000,"fixed_6",6,10000,1,"ordinary","x1_high__x2_high",0.299847890815329,0.528254021792752,0.0446855585394492,0,0
19,"cell_09","larger_sample",8,2000,"fixed_6",6,10000,1,"ordinary","x1_high__x2_low",1.40010566985157,1.17698502017905,1.17257610811207,0,0
19,"cell_09","larger_sample",8,2000,"fixed_6",6,10000,1,"ordinary","x1_low__x2_high",-1.00001589994704,-0.703431778552363,-0.700015100025171,0,0
19,"cell_09","larger_sample",8,2000,"fixed_6",6,10000,1,"ordinary","x1_low__x2_low",0.100331786287416,-0.123779460111965,0.374357735332173,1,1
19,"cell_10","noise_robustness",8,2000,"fixed_6",6,3000,0.5,"ordinary","x1_high__x2_high",0.299847890815329,0.591173986764179,0.0646777455173147,0,0
19,"cell_10","noise_robustness",8,2000,"fixed_6",6,3000,0.5,"ordinary","x1_high__x2_low",1.40010566985157,1.09752284859061,1.10230030087581,0,0
19,"cell_10","noise_robustness",8,2000,"fixed_6",6,3000,0.5,"ordinary","x1_low__x2_high",-1.00001589994704,-0.652093644491722,-0.648438270136952,0,0
19,"cell_10","noise_robustness",8,2000,"fixed_6",6,3000,0.5,"ordinary","x1_low__x2_low",0.100331786287416,-0.141217724926157,0.426479348656549,1,1
19,"cell_11","noise_robustness",8,2000,"fixed_6",6,3000,2,"ordinary","x1_high__x2_high",0.299847890815329,0.683007067024653,0.099949625921966,0,0
19,"cell_11","noise_robustness",8,2000,"fixed_6",6,3000,2,"ordinary","x1_high__x2_low",1.40010566985157,0.890543716451618,0.879311578378619,0,0
19,"cell_11","noise_robustness",8,2000,"fixed_6",6,3000,2,"ordinary","x1_low__x2_high",-1.00001589994704,-0.363967021744327,-0.316561710020002,0,0
19,"cell_11","noise_robustness",8,2000,"fixed_6",6,3000,2,"ordinary","x1_low__x2_low",0.100331786287416,0.00668403279089568,0.63918932841933,0,0
19,"cell_12","invariant_check",16,2000,"fixed_6",6,3000,1,"class_sampled","x1_high__x2_high",0.299847890815329,0.343451663886704,0.343451663886704,0,0
19,"cell_12","invariant_check",16,2000,"fixed_6",6,3000,1,"class_sampled","x1_high__x2_low",1.40010566985157,0.836201829636165,0.836201829636165,0,0
19,"cell_12","invariant_check",16,2000,"fixed_6",6,3000,1,"class_sampled","x1_low__x2_high",-1.00001589994704,-0.33440281468808,-0.33440281468808,0,0
19,"cell_12","invariant_check",16,2000,"fixed_6",6,3000,1,"class_sampled","x1_low__x2_low",0.100331786287416,0.208844494956452,0.208844494956452,0,0
20,"cell_01","dose_response",1,2000,"fixed_6",6,3000,1,"ordinary","x1_high__x2_high",0.300008085841655,0.406841532238776,0.177303806844744,0,0
20,"cell_01","dose_response",1,2000,"fixed_6",6,3000,1,"ordinary","x1_high__x2_low",1.39958955715372,0.815932104348791,0.789432593639461,0,0
20,"cell_01","dose_response",1,2000,"fixed_6",6,3000,1,"ordinary","x1_low__x2_high",-0.999858731212519,-0.506816057453284,-0.483484600079682,0,0
20,"cell_01","dose_response",1,2000,"fixed_6",6,3000,1,"ordinary","x1_low__x2_low",0.100439875366403,-0.133890715410161,0.108319316934617,1,1
20,"cell_02","dose_response",2,2000,"fixed_6",6,3000,1,"ordinary","x1_high__x2_high",0.300008085841655,0.480291105075516,0.129923070232123,0,0
20,"cell_02","dose_response",2,2000,"fixed_6",6,3000,1,"ordinary","x1_high__x2_low",1.39958955715372,0.861891086429568,0.82189627571771,0,0
20,"cell_02","dose_response",2,2000,"fixed_6",6,3000,1,"ordinary","x1_low__x2_high",-0.999858731212519,-0.556292400267426,-0.515247172783078,0,0
20,"cell_02","dose_response",2,2000,"fixed_6",6,3000,1,"ordinary","x1_low__x2_low",0.100439875366403,-0.205048544769327,0.160917056436515,1,1
20,"cell_03","dose_response",4,2000,"fixed_6",6,3000,1,"ordinary","x1_high__x2_high",0.300008085841655,0.531044338638418,0.0623208248173495,0,0
20,"cell_03","dose_response",4,2000,"fixed_6",6,3000,1,"ordinary","x1_high__x2_low",1.39958955715372,0.900449011547971,0.855578620583907,0,0
20,"cell_03","dose_response",4,2000,"fixed_6",6,3000,1,"ordinary","x1_low__x2_high",-0.999858731212519,-0.594760417876828,-0.541637400658398,0,0
20,"cell_03","dose_response",4,2000,"fixed_6",6,3000,1,"ordinary","x1_low__x2_low",0.100439875366403,-0.258026181753295,0.225793977567738,1,1
20,"cell_04","dose_response",8,2000,"fixed_6",6,3000,1,"ordinary","x1_high__x2_high",0.300008085841655,0.570338692100156,0.0237351568809079,0,0
20,"cell_04","dose_response",8,2000,"fixed_6",6,3000,1,"ordinary","x1_high__x2_low",1.39958955715372,0.911794575277389,0.87126809518582,0,0
20,"cell_04","dose_response",8,2000,"fixed_6",6,3000,1,"ordinary","x1_low__x2_high",-0.999858731212519,-0.61059491738729,-0.559862100553053,0,0
20,"cell_04","dose_response",8,2000,"fixed_6",6,3000,1,"ordinary","x1_low__x2_low",0.100439875366403,-0.293701025164116,0.266724670514158,1,1
20,"cell_05","dose_response",16,2000,"fixed_6",6,3000,1,"ordinary","x1_high__x2_high",0.300008085841655,0.59543855297408,-0.0232926625777902,1,0
20,"cell_05","dose_response",16,2000,"fixed_6",6,3000,1,"ordinary","x1_high__x2_low",1.39958955715372,0.903529966099035,0.861936862309261,0,0
20,"cell_05","dose_response",16,2000,"fixed_6",6,3000,1,"ordinary","x1_low__x2_high",-0.999858731212519,-0.605447223766387,-0.543862348928741,0,0
20,"cell_05","dose_response",16,2000,"fixed_6",6,3000,1,"ordinary","x1_low__x2_low",0.100439875366403,-0.318550042537601,0.306714480773185,1,1
20,"cell_06","tree_robustness",8,800,"fixed_6",6,3000,1,"ordinary","x1_high__x2_high",0.300008085841655,0.567257175142754,0.0155723455726411,0,0
20,"cell_06","tree_robustness",8,800,"fixed_6",6,3000,1,"ordinary","x1_high__x2_low",1.39958955715372,0.906731013917546,0.86742917240141,0,0
20,"cell_06","tree_robustness",8,800,"fixed_6",6,3000,1,"ordinary","x1_low__x2_high",-0.999858731212519,-0.609658245346533,-0.550200248370791,0,0
20,"cell_06","tree_robustness",8,800,"fixed_6",6,3000,1,"ordinary","x1_low__x2_low",0.100439875366403,-0.282718236442686,0.277342863461216,1,1
20,"cell_07","tree_robustness",8,5000,"fixed_6",6,3000,1,"ordinary","x1_high__x2_high",0.300008085841655,0.568669096804363,0.0217039755429206,0,0
20,"cell_07","tree_robustness",8,5000,"fixed_6",6,3000,1,"ordinary","x1_high__x2_low",1.39958955715372,0.916085392850226,0.867671230942844,0,0
20,"cell_07","tree_robustness",8,5000,"fixed_6",6,3000,1,"ordinary","x1_low__x2_high",-0.999858731212519,-0.604671241707957,-0.55491914810358,0,0
20,"cell_07","tree_robustness",8,5000,"fixed_6",6,3000,1,"ordinary","x1_low__x2_low",0.100439875366403,-0.292289591226874,0.271482990096939,1,1
20,"cell_08","default_mtry",8,2000,"grf_default",27,3000,1,"ordinary","x1_high__x2_high",0.300008085841655,0.386466634748614,0.287741376024979,0,0
20,"cell_08","default_mtry",8,2000,"grf_default",27,3000,1,"ordinary","x1_high__x2_low",1.39958955715372,1.13318305197983,1.15808351714877,0,0
20,"cell_08","default_mtry",8,2000,"grf_default",27,3000,1,"ordinary","x1_low__x2_high",-0.999858731212519,-0.796209793705569,-0.833810682897259,0,0
20,"cell_08","default_mtry",8,2000,"grf_default",27,3000,1,"ordinary","x1_low__x2_low",0.100439875366403,-0.12719897506273,-0.0148610437586685,0,0
20,"cell_09","larger_sample",8,2000,"fixed_6",6,10000,1,"ordinary","x1_high__x2_high",0.300008085841655,0.470615895471963,0.0135317509590504,0,0
20,"cell_09","larger_sample",8,2000,"fixed_6",6,10000,1,"ordinary","x1_high__x2_low",1.39958955715372,1.07802804343629,1.06496517537748,0,0
20,"cell_09","larger_sample",8,2000,"fixed_6",6,10000,1,"ordinary","x1_low__x2_high",-0.999858731212519,-0.750672764511024,-0.743863527706838,0,0
20,"cell_09","larger_sample",8,2000,"fixed_6",6,10000,1,"ordinary","x1_low__x2_low",0.100439875366403,-0.17107148272381,0.311264390057318,1,1
20,"cell_10","noise_robustness",8,2000,"fixed_6",6,3000,0.5,"ordinary","x1_high__x2_high",0.300008085841655,0.555061257878024,0.0361197838158141,0,0
20,"cell_10","noise_robustness",8,2000,"fixed_6",6,3000,0.5,"ordinary","x1_high__x2_low",1.39958955715372,1.04048726988813,1.02254482833217,0,0
20,"cell_10","noise_robustness",8,2000,"fixed_6",6,3000,0.5,"ordinary","x1_low__x2_high",-0.999858731212519,-0.684048074397881,-0.656608756335138,0,0
20,"cell_10","noise_robustness",8,2000,"fixed_6",6,3000,0.5,"ordinary","x1_low__x2_low",0.100439875366403,-0.224246119873859,0.304755841176371,1,1
20,"cell_11","noise_robustness",8,2000,"fixed_6",6,3000,2,"ordinary","x1_high__x2_high",0.300008085841655,0.542244272393884,0.0407373036647824,0,0
20,"cell_11","noise_robustness",8,2000,"fixed_6",6,3000,2,"ordinary","x1_high__x2_low",1.39958955715372,0.676044765470321,0.557307748437127,0,0
20,"cell_11","noise_robustness",8,2000,"fixed_6",6,3000,2,"ordinary","x1_low__x2_high",-0.999858731212519,-0.475863463368963,-0.356252929423446,0,0
20,"cell_11","noise_robustness",8,2000,"fixed_6",6,3000,2,"ordinary","x1_low__x2_low",0.100439875366403,-0.374914047691798,0.128680802729737,1,1
20,"cell_12","invariant_check",16,2000,"fixed_6",6,3000,1,"class_sampled","x1_high__x2_high",0.300008085841655,0.270366872803962,0.270366872803962,0,0
20,"cell_12","invariant_check",16,2000,"fixed_6",6,3000,1,"class_sampled","x1_high__x2_low",1.39958955715372,0.709783996018684,0.709783996018684,0,0
20,"cell_12","invariant_check",16,2000,"fixed_6",6,3000,1,"class_sampled","x1_low__x2_high",-0.999858731212519,-0.401256429152007,-0.401256429152007,0,0
20,"cell_12","invariant_check",16,2000,"fixed_6",6,3000,1,"class_sampled","x1_low__x2_low",0.100439875366403,0.0206383877555129,0.0206383877555129,0,0
